"dominio","categoria","entita","n_prompt_entita"
"gender","American_actors","Aaron_Eckhart",1
"gender","American_actors","Aaron_Lazar",1
"gender","American_actors","Aaron_Norris",1
"gender","American_actors","Aaron_Sanders",1
"gender","American_actors","Aaron_Schoenke",2
"gender","American_actors","Aasif_Mandvi",2
"gender","American_actors","Abe_Vigoda",2
"gender","American_actors","Abner_Genece",1
"gender","American_actors","Adam_Baldwin",1
"gender","American_actors","Adam_Carolla",9
"gender","American_actors","Adam_Ferrara",1
"gender","American_actors","Adam_Kantor",1
"gender","American_actors","Adam_Kassen",1
"gender","American_actors","Adam_LaVorgna",1
"gender","American_actors","Adam_Zolotin",1
"gender","American_actors","Adrian_Zaw",1
"gender","American_actors","Ahmed_Ahmed",2
"gender","American_actors","Aidan_Quinn",1
"gender","American_actors","Al_Bandiero",1
"gender","American_actors","Al_Ferguson",1
"gender","American_actors","Al_Israel",1
"gender","American_actors","Al_Jolson",2
"gender","American_actors","Al_Sapienza",1
"gender","American_actors","Alan_Aisenberg",1
"gender","American_actors","Alan_Alda",1
"gender","American_actors","Alan_Carney",4
"gender","American_actors","Alan_Gifford",1
"gender","American_actors","Alan_Ladd",3
"gender","American_actors","Alan_Landers",1
"gender","American_actors","Alan_Oppenheimer",1
"gender","American_actors","Alan_Ormsby",1
"gender","American_actors","Alan_Reed",1
"gender","American_actors","Alan_Sader",1
"gender","American_actors","Alan_Young",2
"gender","American_actors","Alan_Zweibel",1
"gender","American_actors","Albert_MacQuarrie",1
"gender","American_actors","Albert_Macklin",1
"gender","American_actors","Albert_Paulsen",1
"gender","American_actors","Albert_Ray",1
"gender","American_actors","Albert_Salmi",1
"gender","American_actors","Albert_Zugsmith",1
"gender","American_actors","Aldo_Ray",3
"gender","American_actors","Alec_Rayme",1
"gender","American_actors","Alejandro_Patino",1
"gender","American_actors","Alex_Karras",1
"gender","American_actors","Alex_Kendrick",2
"gender","American_actors","Alex_Nicol",1
"gender","American_actors","Alex_Reymundo",1
"gender","American_actors","Alex_Veadov",3
"gender","American_actors","Alexander_Carr",1
"gender","American_actors","Alfred_Zeisler",1
"gender","American_actors","Allen_Danziger",1
"gender","American_actors","Allen_Evangelista",1
"gender","American_actors","Allen_Garfield",1
"gender","American_actors","Allen_Payne",1
"gender","American_actors","Alvin_Epstein",1
"gender","American_actors","Alvin_Ing",1
"gender","American_actors","Amaury_Nolasco",2
"gender","American_actors","Andersen_Gabrych",1
"gender","American_actors","Andras_Jones",1
"gender","American_actors","Andrew_J._Lederer",1
"gender","American_actors","Andrew_Keegan",1
"gender","American_actors","Andrew_Lauer",1
"gender","American_actors","Andrew_Santino",1
"gender","American_actors","Andy_Karl",1
"gender","American_actors","Andy_Kaufman",4
"gender","American_actors","Angel_Oquendo",1
"gender","American_actors","Angus_T._Jones",1
"gender","American_actors","Ansel_Elgort",1
"gender","American_actors","Anthony_Addabbo",1
"gender","American_actors","Anthony_Anderson",1
"gender","American_actors","Anthony_Barrile",1
"gender","American_actors","Anthony_De_La_Torre",1
"gender","American_actors","Anthony_Eisley",1
"gender","American_actors","Anthony_George",1
"gender","American_actors","Anthony_Mackie",1
"gender","American_actors","Anthony_Mann",1
"gender","American_actors","Anthony_Marciona",1
"gender","American_actors","Anthony_Natale",1
"gender","American_actors","Anthony_Peck",1
"gender","American_actors","Anthony_Quinn",1
"gender","American_actors","Anthony_Tyler_Quinn",1
"gender","American_actors","Anthony_Warde",1
"gender","American_actors","Antonio_Macia",1
"gender","American_actors","Antony_Alda",2
"gender","American_actors","Antony_Carbone",1
"gender","American_actors","Arch_Hall_Jr.",1
"gender","American_actors","Aron_Eisenberg",1
"gender","American_actors","Arthur_Edmund_Carewe",1
"gender","American_actors","Arthur_Haggerty",2
"gender","American_actors","Arthur_J._Nascarella",1
"gender","American_actors","Arthur_Kennedy",1
"gender","American_actors","Arthur_L._Jarrett",1
"gender","American_actors","Arthur_Redcloud",1
"gender","American_actors","Arthur_Thalasso",1
"gender","American_actors","Artie_Ortego",1
"gender","American_actors","Arun_Vaidyanathan",1
"gender","American_actors","Arvo_Ojala",1
"gender","American_actors","Ato_Essandoh",1
"gender","American_actors","Austin_Nichols",2
"gender","American_actors","Austin_Tindle",1
"gender","American_actors","Ayad_Akhtar",1
"gender","American_actors","B._Reeves_Eason",1
"gender","American_actors","Balthazar_Getty",1
"gender","American_actors","Bao_Quach",1
"gender","American_actors","Barnet_Kellman",1
"gender","American_actors","Barry_Kelley",1
"gender","American_actors","Barry_Nelson",1
"gender","American_actors","Barry_Newman",2
"gender","American_actors","Barry_Orton",1
"gender","American_actors","Barry_Pearl",1
"gender","American_actors","Barry_Van_Dyke",3
"gender","American_actors","Beau_Weaver",1
"gender","American_actors","Ben_Bard",2
"gender","American_actors","Ben_Easter",1
"gender","American_actors","Ben_Gazzara",1
"gender","American_actors","Ben_Vereen",1
"gender","American_actors","Ben_Warheit",1
"gender","American_actors","Benjamin_Byron_Davis",1
"gender","American_actors","Benjamin_John_Parrillo",1
"gender","American_actors","Benjamin_Kanes",1
"gender","American_actors","Bennett_Joshua_Davlin",2
"gender","American_actors","Benny_Baker",1
"gender","American_actors","Benny_Bartlett",1
"gender","American_actors","Benton_Jennings",1
"gender","American_actors","Bernard_Fein",1
"gender","American_actors","Bernard_Kates",1
"gender","American_actors","Bill_Cable",1
"gender","American_actors","Bill_Hader",1
"gender","American_actors","Bill_Randolph",1
"gender","American_actors","Billy_Bob_Thornton",1
"gender","American_actors","Billy_Daniels",1
"gender","American_actors","Billy_Engle",1
"gender","American_actors","Billy_Gardell",1
"gender","American_actors","Billy_Naylor",1
"gender","American_actors","Billy_Redden",1
"gender","American_actors","Billy_Unger",1
"gender","American_actors","Billy_Warlock",1
"gender","American_actors","Blas_Elias",1
"gender","American_actors","Bob_Elkins",3
"gender","American_actors","Bob_Lazarus",1
"gender","American_actors","Bob_Newhart",3
"gender","American_actors","Bob_Nickman",1
"gender","American_actors","Bob_Nolan",1
"gender","American_actors","Bob_Sarlatte",1
"gender","American_actors","Bob_Tallman",1
"gender","American_actors","Bob_Zmuda",2
"gender","American_actors","Bobby_Alto",1
"gender","American_actors","Bobby_Barber",1
"gender","American_actors","Bobby_Darin",2
"gender","American_actors","Bobs_Watson",1
"gender","American_actors","Brad_Garrett",1
"gender","American_actors","Brad_Savage",1
"gender","American_actors","Bradford_English",1
"gender","American_actors","Brandon_Hammond",1
"gender","American_actors","Brandon_Maggart",1
"gender","American_actors","Brandon_Uranowitz",1
"gender","American_actors","Brennan_Bailey",1
"gender","American_actors","Brent_Barrett",1
"gender","American_actors","Brett_Davern",1
"gender","American_actors","Brett_Halsey",2
"gender","American_actors","Brian_Backer",1
"gender","American_actors","Brian_Hallisay",1
"gender","American_actors","Brian_Keith",2
"gender","American_actors","Brian_Patrick_Wade",1
"gender","American_actors","Brian_Sacca",1
"gender","American_actors","Brian_Webber",2
"gender","American_actors","Britt_Leach",1
"gender","American_actors","Bruce_Altman",1
"gender","American_actors","Bruce_Baron",1
"gender","American_actors","Bruce_Cabot",1
"gender","American_actors","Bruce_Campbell",2
"gender","American_actors","Bruce_Davison",1
"gender","American_actors","Bruce_Jarchow",1
"gender","American_actors","Bruce_Lee",7
"gender","American_actors","Bruce_Mahler",1
"gender","American_actors","Bruce_Marchiano",1
"gender","American_actors","Bruce_Ornstein",1
"gender","American_actors","Bruce_Penhall",2
"gender","American_actors","Bruno_Campos",1
"gender","American_actors","Bryant_Washburn",3
"gender","American_actors","Buck_Jones",4
"gender","American_actors","Budd_Albright",1
"gender","American_actors","Buddy_Ebsen",1
"gender","American_actors","Buddy_Hackett",1
"gender","American_actors","Bug_Hall",1
"gender","American_actors","Burt_Reynolds",1
"gender","American_actors","Burt_Ward",3
"gender","American_actors","Burt_Young",1
"gender","American_actors","Buster_Keaton",10
"gender","American_actors","Butch_Patrick",1
"gender","American_actors","Byron_Mann",1
"gender","American_actors","C._J._Sanders",1
"gender","American_actors","Cameron_Van_Hoy",1
"gender","American_actors","Canada_Lee",1
"gender","American_actors","Carl_Ballantine",2
"gender","American_actors","Carl_Gerard",1
"gender","American_actors","Carl_Harbaugh",1
"gender","American_actors","Carl_Reiner",3
"gender","American_actors","Carlos_Jacott",1
"gender","American_actors","Carmine_Caridi",1
"gender","American_actors","Carrot_Top",8
"gender","American_actors","Carter_MacIntyre",1
"gender","American_actors","Casey_Ellison",1
"gender","American_actors","Casson_Ferguson",1
"gender","American_actors","Chad_Bannon",1
"gender","American_actors","Chad_Ferrin",1
"gender","American_actors","Chad_Villella",1
"gender","American_actors","Charles_B._Fitzsimons",1
"gender","American_actors","Charles_Emmett_Mack",1
"gender","American_actors","Charles_Esten",1
"gender","American_actors","Charles_Farrell",1
"gender","American_actors","Charles_Giblyn",1
"gender","American_actors","Charles_Halton",1
"gender","American_actors","Charles_Kemper",1
"gender","American_actors","Charles_Lampkin",1
"gender","American_actors","Charles_Laughton",4
"gender","American_actors","Charles_Michael_Davis",1
"gender","American_actors","Charles_Nelson_Reilly",1
"gender","American_actors","Charles_P._Thompson",1
"gender","American_actors","Charles_Quinlivan",2
"gender","American_actors","Charles_Reisner",1
"gender","American_actors","Charles_Robert_Carner",1
"gender","American_actors","Charles_Stanton_Ogle",1
"gender","American_actors","Charles_Wagenheim",1
"gender","American_actors","Charles_Waldron",1
"gender","American_actors","Charles_Walters",3
"gender","American_actors","Charlie_Babcock",1
"gender","American_actors","Charlie_Callas",1
"gender","American_actors","Charlie_Finn",1
"gender","American_actors","Charlie_Pecoraro",1
"gender","American_actors","Chase_Wright_Vanek",1
"gender","American_actors","Chester_Gan",1
"gender","American_actors","Cheyenne_Jackson",1
"gender","American_actors","Chris_Elliott",1
"gender","American_actors","Chris_Gethard",2
"gender","American_actors","Chris_Isaak",3
"gender","American_actors","Chris_Northrop",1
"gender","American_actors","Chris_Zylka",1
"gender","American_actors","Christian_Alexander",1
"gender","American_actors","Christian_Camargo",1
"gender","American_actors","Christian_Finnegan",1
"gender","American_actors","Christian_Kane",1
"gender","American_actors","Christian_Payton",2
"gender","American_actors","Christopher_Daniel_Barnes",1
"gender","American_actors","Christopher_Jaymes",1
"gender","American_actors","Christopher_Lambert",1
"gender","American_actors","Christopher_Maher",1
"gender","American_actors","Christopher_Ragland",1
"gender","American_actors","Christopher_Randolph",1
"gender","American_actors","Christopher_Reeve",4
"gender","American_actors","Christopher_Schaap",1
"gender","American_actors","Christy_Cabanne",1
"gender","American_actors","Chuck_Norris",5
"gender","American_actors","Chuck_Patterson",1
"gender","American_actors","Chuck_Wagner",2
"gender","American_actors","Clarence_Barr",1
"gender","American_actors","Clark_James_Gable",1
"gender","American_actors","Clark_Johnson",1
"gender","American_actors","Claude_Akins",1
"gender","American_actors","Claude_Gillingwater",1
"gender","American_actors","Claude_Jarman_Jr.",1
"gender","American_actors","Claude_Payton",1
"gender","American_actors","Claude_Rains",4
"gender","American_actors","Cliff_Osmond",1
"gender","American_actors","Clifton_Davis",1
"gender","American_actors","Clifton_James",1
"gender","American_actors","Clint_Walker",1
"gender","American_actors","Clyde_Fillmore",1
"gender","American_actors","Coit_Albertson",1
"gender","American_actors","Colm_Feore",1
"gender","American_actors","Conan_Lee",1
"gender","American_actors","Conrad_Janis",1
"gender","American_actors","Conrad_Nagel",1
"gender","American_actors","Conrad_Yama",1
"gender","American_actors","Corey_Allen",1
"gender","American_actors","Corey_Reynolds",1
"gender","American_actors","Cory_Danziger",1
"gender","American_actors","Craig_Ferguson",1
"gender","American_actors","Craig_Richard_Nelson",1
"gender","American_actors","Creighton_Hale",1
"gender","American_actors","Cris_Alexander",2
"gender","American_actors","Cutter_Garcia",1
"gender","American_actors","Cyril_Gardner",1
"gender","American_actors","Damien_Dante_Wayans",1
"gender","American_actors","Dan_Amboyer",1
"gender","American_actors","Dan_Bakkedahl",1
"gender","American_actors","Dan_Eberle",1
"gender","American_actors","Dan_Ferro",1
"gender","American_actors","Dan_Finnerty",1
"gender","American_actors","Dan_Resin",1
"gender","American_actors","Dan_Vadis",1
"gender","American_actors","Dan_Yeager",1
"gender","American_actors","Dana_Elcar",1
"gender","American_actors","Dana_Olsen",1
"gender","American_actors","Daniel_Baldwin",1
"gender","American_actors","Daniel_Cartier",1
"gender","American_actors","Daniel_Davis",1
"gender","American_actors","Daniel_Flaherty",1
"gender","American_actors","Daniel_Hugh_Kelly",1
"gender","American_actors","Daniel_Joseph_Schafer",1
"gender","American_actors","Daniel_Tay",1
"gender","American_actors","Daniel_Zovatto",1
"gender","American_actors","Daniel_von_Bargen",1
"gender","American_actors","Danny_Dayton",1
"gender","American_actors","Danny_Kamekona",1
"gender","American_actors","Danny_Kaye",9
"gender","American_actors","Danny_Thomas",4
"gender","American_actors","Darin_De_Paul",1
"gender","American_actors","Darnell_Garcia",1
"gender","American_actors","Dave_Madden",1
"gender","American_actors","Davey_Lee",2
"gender","American_actors","Davi_Santos",1
"gender","American_actors","David_Aaron_Baker",1
"gender","American_actors","David_Alford",1
"gender","American_actors","David_Banner",2
"gender","American_actors","David_Bar_Katz",4
"gender","American_actors","David_Campagna",1
"gender","American_actors","David_Carradine",5
"gender","American_actors","David_Ellison",1
"gender","American_actors","David_Farkas",1
"gender","American_actors","David_Gautreaux",1
"gender","American_actors","David_Glen_Eisley",1
"gender","American_actors","David_Janssen",1
"gender","American_actors","David_Kagen",1
"gender","American_actors","David_Lander",1
"gender","American_actors","David_Landsberg",1
"gender","American_actors","David_Marciano",1
"gender","American_actors","David_Newsom",1
"gender","American_actors","David_Norona",1
"gender","American_actors","David_Pasquesi",1
"gender","American_actors","David_Patrick_Kelly",1
"gender","American_actors","David_Rasche",1
"gender","American_actors","David_Vadim",1
"gender","American_actors","David_Wachs",1
"gender","American_actors","David_Warshofsky",1
"gender","American_actors","David_Wayne",1
"gender","American_actors","Dayton_Callie",1
"gender","American_actors","DeForest_Kelley",1
"gender","American_actors","DeRay_Davis",1
"gender","American_actors","Dean_Cameron",1
"gender","American_actors","Dean_Edwards",1
"gender","American_actors","Dean_Jagger",1
"gender","American_actors","Dee_Jay_Daniels",1
"gender","American_actors","Dee_Lampton",1
"gender","American_actors","Deke_Anderson",1
"gender","American_actors","Delmar_Watson",1
"gender","American_actors","Demetrius_Calip",1
"gender","American_actors","Dennis_Banks",3
"gender","American_actors","Dennis_Farina",1
"gender","American_actors","Dennis_James",2
"gender","American_actors","Dennis_Latos",1
"gender","American_actors","Dennis_Patrick",2
"gender","American_actors","Dennis_Weaver",4
"gender","American_actors","Derek_Lee_Nixon",1
"gender","American_actors","Dian_Bachar",1
"gender","American_actors","Dick_Gilbert",1
"gender","American_actors","Dick_La_Reno",1
"gender","American_actors","Dick_Sargent",1
"gender","American_actors","Dick_Van_Dyke",2
"gender","American_actors","Dick_Warlock",1
"gender","American_actors","Diedrich_Bader",1
"gender","American_actors","Dohn_Norwood",1
"gender","American_actors","Dominic_Scott_Kay",1
"gender","American_actors","Don_Ameche",2
"gender","American_actors","Don_Fellows",1
"gender","American_actors","Don_Gavin",1
"gender","American_actors","Don_Haggerty",2
"gender","American_actors","Don_Johnson",1
"gender","American_actors","Don_Keefer",1
"gender","American_actors","Don_Keith_Opper",1
"gender","American_actors","Don_Oreck",1
"gender","American_actors","Don_Scardino",1
"gender","American_actors","Don_Terry",1
"gender","American_actors","Donal_Gibson",1
"gender","American_actors","Donald_Haines",1
"gender","American_actors","Donnie_Dacus",1
"gender","American_actors","Donny_Osmond",4
"gender","American_actors","Dorian_Harewood",1
"gender","American_actors","Dots_Johnson",1
"gender","American_actors","Dougald_Park",1
"gender","American_actors","Douglas_Barr",1
"gender","American_actors","Douglas_Emerson",1
"gender","American_actors","Douglas_Fairbanks",2
"gender","American_actors","Douglas_Fairbanks_Jr.",1
"gender","American_actors","Douglas_MacLean",1
"gender","American_actors","Drew_Osborne",1
"gender","American_actors","Drew_Tarver",1
"gender","American_actors","Drummond_Erskine",1
"gender","American_actors","Duane_Davis",1
"gender","American_actors","Dudley_Field_Malone",1
"gender","American_actors","Dustin_Nguyen",2
"gender","American_actors","Dustin_Ybarra",1
"gender","American_actors","Dylan_Baker",1
"gender","American_actors","Dylan_Ramsey",1
"gender","American_actors","Earl_Poole_Ball",2
"gender","American_actors","Ed_Amatrudo",1
"gender","American_actors","Ed_Ames",1
"gender","American_actors","Ed_Gardner",1
"gender","American_actors","Ed_Genung",1
"gender","American_actors","Ed_Kemmer",1
"gender","American_actors","Ed_Lauter",1
"gender","American_actors","Ed_Waterstreet",1
"gender","American_actors","Eddie_Albert",5
"gender","American_actors","Eddie_Barth",1
"gender","American_actors","Eddie_Firestone",1
"gender","American_actors","Eddie_Garrett",1
"gender","American_actors","Eddie_Kane",1
"gender","American_actors","Eddie_Kaye_Thomas",1
"gender","American_actors","Eddie_Lawrence",6
"gender","American_actors","Edgar_Barrier",1
"gender","American_actors","Edgar_Kennedy",2
"gender","American_actors","Edgar_Norton",1
"gender","American_actors","Edward_Elkas",1
"gender","American_actors","Edward_Faulkner",1
"gender","American_actors","Edward_Fielding",1
"gender","American_actors","Edward_Gargan",1
"gender","American_actors","Edward_James_Olmos",1
"gender","American_actors","Edward_Mallory",1
"gender","American_actors","Edward_Norris",1
"gender","American_actors","Edward_Van_Sloan",1
"gender","American_actors","Edwin_B._Tilton",1
"gender","American_actors","Edwin_Carewe",1
"gender","American_actors","Edwin_Neal",1
"gender","American_actors","Edwin_San_Juan",1
"gender","American_actors","Edwin_Wallock",1
"gender","American_actors","Efrem_Zimbalist_Jr.",1
"gender","American_actors","Elijah_Kelley",1
"gender","American_actors","Emil_Van_Horn",4
"gender","American_actors","Emmett_C._Hall",1
"gender","American_actors","Emmett_Dalton",3
"gender","American_actors","Emmett_Fitzsimmons",1
"gender","American_actors","Emmett_Vogan",1
"gender","American_actors","Emory_Parnell",1
"gender","American_actors","Enzo_Zelocchi",1
"gender","American_actors","Eric_Chase_Anderson",1
"gender","American_actors","Eric_Christian_Olsen",1
"gender","American_actors","Eric_Da_Re",2
"gender","American_actors","Eric_Edelstein",1
"gender","American_actors","Eric_Emerson",1
"gender","American_actors","Eric_Lange",1
"gender","American_actors","Eric_Nelsen",1
"gender","American_actors","Eric_Schaeffer",1
"gender","American_actors","Eric_Taslitz",1
"gender","American_actors","Erich_Anderson",1
"gender","American_actors","Erik_Estrada",1
"gender","American_actors","Erik_Palladino",1
"gender","American_actors","Erle_C._Kenton",1
"gender","American_actors","Ernest_Van_Pelt",1
"gender","American_actors","Ernie_Reyes_Jr.",2
"gender","American_actors","Erskine_Sanford",1
"gender","American_actors","Ethan_Sandler",1
"gender","American_actors","Eugene_Gordon_Lee",1
"gender","American_actors","Eugene_M._Davis",1
"gender","American_actors","Eugene_Pallette",1
"gender","American_actors","F._Murray_Abraham",1
"gender","American_actors","Fahim_Fazli",1
"gender","American_actors","Faran_Tahir",1
"gender","American_actors","Fayard_Nicholas",1
"gender","American_actors","Forrest_Landis",1
"gender","American_actors","Fox_Harris",1
"gender","American_actors","Francis_L._Urry",1
"gender","American_actors","Francis_Lederer",2
"gender","American_actors","Frank_Alesia",1
"gender","American_actors","Frank_Aletter",1
"gender","American_actors","Frank_Cady",1
"gender","American_actors","Frank_Caliendo",1
"gender","American_actors","Frank_De_Vol",2
"gender","American_actors","Frank_Faylen",1
"gender","American_actors","Frank_Gillmore",2
"gender","American_actors","Frank_Jenks",1
"gender","American_actors","Frank_Jonasson",1
"gender","American_actors","Frank_Lackteen",1
"gender","American_actors","Frank_Lanning",1
"gender","American_actors","Frank_MacQuarrie",1
"gender","American_actors","Frank_Novak",1
"gender","American_actors","Frank_Orth",1
"gender","American_actors","Frank_Renzulli",2
"gender","American_actors","Frank_Tang",1
"gender","American_actors","Frank_Vincent",2
"gender","American_actors","Frank_Zagarino",1
"gender","American_actors","Frankie_Darro",4
"gender","American_actors","Frankie_J._Galasso",1
"gender","American_actors","Franklin_Pangborn",1
"gender","American_actors","Franklyn_Ajaye",1
"gender","American_actors","Franklyn_Farnum",1
"gender","American_actors","Fred_Aldrich",1
"gender","American_actors","Fred_Allen",6
"gender","American_actors","Fred_C._Newmeyer",1
"gender","American_actors","Fred_Esmelton",1
"gender","American_actors","Fred_Mace",1
"gender","American_actors","Fred_Niblo",5
"gender","American_actors","Fred_Norbert_Kelly",1
"gender","American_actors","Fred_Norris",1
"gender","American_actors","Fred_Parker_Jr.",1
"gender","American_actors","Fred_Santley",1
"gender","American_actors","Fred_Thompson",2
"gender","American_actors","Fred_Vogel",1
"gender","American_actors","Fredd_Wayne",3
"gender","American_actors","Fritz_Schade",1
"gender","American_actors","Gabriel_Damon",1
"gender","American_actors","Gabriel_Mann",2
"gender","American_actors","Gailard_Sartain",1
"gender","American_actors","Gale_Hansen",1
"gender","American_actors","Gale_Harold",1
"gender","American_actors","Gary_Jasgur",1
"gender","American_actors","Gary_Vinson",1
"gender","American_actors","Gavin_MacLeod",1
"gender","American_actors","Gene_Anthony_Ray",1
"gender","American_actors","Gene_Barry",1
"gender","American_actors","Gene_Gabriel",1
"gender","American_actors","Gene_Malin",1
"gender","American_actors","Gene_Nelson",1
"gender","American_actors","Gene_Reynolds",1
"gender","American_actors","Geoffrey_Baer",1
"gender","American_actors","George_Alvarez",1
"gender","American_actors","George_Bartenieff",1
"gender","American_actors","George_Carlin",1
"gender","American_actors","George_Eldredge",1
"gender","American_actors","George_Ernest",1
"gender","American_actors","George_Fawcett",1
"gender","American_actors","George_Gaynes",1
"gender","American_actors","George_Gebhardt",1
"gender","American_actors","George_Hackathorne",1
"gender","American_actors","George_Kapetan",1
"gender","American_actors","George_Kennedy",1
"gender","American_actors","George_Larkin",1
"gender","American_actors","George_MacFarlane",1
"gender","American_actors","George_MacQuarrie",1
"gender","American_actors","George_Maharis",1
"gender","American_actors","George_Majeroni",1
"gender","American_actors","George_N._Neise",1
"gender","American_actors","George_Nader",1
"gender","American_actors","George_Ortuzar",1
"gender","American_actors","George_Ovey",1
"gender","American_actors","George_Raft",1
"gender","American_actors","George_S._Irving",1
"gender","American_actors","George_Savalas",1
"gender","American_actors","George_T._Odom",2
"gender","American_actors","George_Waggner",1
"gender","American_actors","George_Walsh",1
"gender","American_actors","Geraint_Wyn_Davies",1
"gender","American_actors","Gerald_Okamura",1
"gender","American_actors","Gerald_Tannebaum",1
"gender","American_actors","Gerard_Malanga",1
"gender","American_actors","Ghazi_Albuliwi",1
"gender","American_actors","Gig_Young",1
"gender","American_actors","Gilbert_Emery",1
"gender","American_actors","Glen_Jensen",1
"gender","American_actors","Glenn_Anders",1
"gender","American_actors","Glenn_Cannon",1
"gender","American_actors","Glenn_Fitzgerald",1
"gender","American_actors","Glenn_Langan",1
"gender","American_actors","Glenn_Taranto",1
"gender","American_actors","Gordon_De_Main",1
"gender","American_actors","Gordon_MacRae",2
"gender","American_actors","Gordon_Oliver",1
"gender","American_actors","Gordon_Parks",19
"gender","American_actors","Greg_Lauren",1
"gender","American_actors","Greg_Salata",1
"gender","American_actors","Gregg_Barton",1
"gender","American_actors","Gregg_Edelman",2
"gender","American_actors","Gregory_Cahill",1
"gender","American_actors","Gregory_Jbara",1
"gender","American_actors","Gregory_Lee_Kenyon",1
"gender","American_actors","Gregory_Peck",4
"gender","American_actors","Gregory_Ratoff",1
"gender","American_actors","Gregory_Walcott",1
"gender","American_actors","Griff_Barnett",1
"gender","American_actors","Griffin_Newman",1
"gender","American_actors","Gus_Saville",1
"gender","American_actors","Guy_Kent",1
"gender","American_actors","Guy_Madison",1
"gender","American_actors","Guy_Oliver",1
"gender","American_actors","Guy_Usher",2
"gender","American_actors","Haing_S._Ngor",1
"gender","American_actors","Hal_Le_Roy",1
"gender","American_actors","Hal_Scardino",1
"gender","American_actors","Hamilton_Camp",2
"gender","American_actors","Hamilton_MacFadden",1
"gender","American_actors","Hank_Garrett",1
"gender","American_actors","Hank_Harris",1
"gender","American_actors","Hank_Mann",1
"gender","American_actors","Hank_Patterson",2
"gender","American_actors","Hans_Schumm",2
"gender","American_actors","Harlan_Warde",1
"gender","American_actors","Harold_Sakata",1
"gender","American_actors","Harris_Yulin",1
"gender","American_actors","Harrison_Page",1
"gender","American_actors","Harry_Bannister",1
"gender","American_actors","Harry_Bartell",1
"gender","American_actors","Harry_Basch",1
"gender","American_actors","Harry_De_Vere",1
"gender","American_actors","Harry_Northrup",1
"gender","American_actors","Harry_Northup",2
"gender","American_actors","Harry_Schumm",1
"gender","American_actors","Harry_Tenbrook",1
"gender","American_actors","Harry_Waters_Jr.",1
"gender","American_actors","Harry_von_Meter",1
"gender","American_actors","Hartley_Sawyer",1
"gender","American_actors","Harvey_Sid_Fisher",1
"gender","American_actors","Hawthorne_James",1
"gender","American_actors","Hayes_MacArthur",1
"gender","American_actors","Henny_Youngman",2
"gender","American_actors","Henry_Darrow",2
"gender","American_actors","Henry_E._Taylor_III",1
"gender","American_actors","Henry_Gibson",2
"gender","American_actors","Henry_Judd_Baker",1
"gender","American_actors","Herb_Jeffries",1
"gender","American_actors","Herbert_Anderson",1
"gender","American_actors","Herbert_Jefferson_Jr.",1
"gender","American_actors","Herbie_Faye",1
"gender","American_actors","Hill_Harper",2
"gender","American_actors","Hiram_Keller",1
"gender","American_actors","Hoagy_Carmichael",5
"gender","American_actors","Holmes_Osborne",1
"gender","American_actors","Hoon_Lee",1
"gender","American_actors","Horace_B._Carpenter",1
"gender","American_actors","Howard_Caine",1
"gender","American_actors","Howard_Da_Silva",1
"gender","American_actors","Howard_Mann",1
"gender","American_actors","Hugh_Gillin",1
"gender","American_actors","Hughie_Mack",1
"gender","American_actors","Hunter_Carson",2
"gender","American_actors","Hunter_Parrish",1
"gender","American_actors","Ian_Keith",1
"gender","American_actors","Ian_Sander",1
"gender","American_actors","Ike_Eisenmann",1
"gender","American_actors","Ilunga_Adell",1
"gender","American_actors","Irving_Bacon",1
"gender","American_actors","J._Kenneth_Campbell",1
"gender","American_actors","J._Larose",2
"gender","American_actors","J._Lee",1
"gender","American_actors","J._T._Walsh",1
"gender","American_actors","J._Trevor_Edmond",1
"gender","American_actors","J._W._Johnston",3
"gender","American_actors","Jack_Drumier",1
"gender","American_actors","Jack_Eagle",1
"gender","American_actors","Jack_Elam",1
"gender","American_actors","Jack_Garner",2
"gender","American_actors","Jack_Gilford",1
"gender","American_actors","Jack_Haley",2
"gender","American_actors","Jack_Kehoe",1
"gender","American_actors","Jack_Kenny",1
"gender","American_actors","Jack_La_Rue",1
"gender","American_actors","Jack_Laird",1
"gender","American_actors","Jack_Nicholson",1
"gender","American_actors","Jack_Norton",2
"gender","American_actors","Jack_Oakie",4
"gender","American_actors","Jack_Ong",1
"gender","American_actors","Jack_Sahakian",2
"gender","American_actors","Jack_Salvatore_Jr.",1
"gender","American_actors","Jack_Thibeau",1
"gender","American_actors","Jack_Webb",1
"gender","American_actors","Jackson_Nicoll",1
"gender","American_actors","Jackson_Rathbone",2
"gender","American_actors","Jacob_Zachar",1
"gender","American_actors","Jade_Yorker",1
"gender","American_actors","Jake_Johnson",1
"gender","American_actors","Jake_Thomas",1
"gender","American_actors","Jamar_Malachi_Neighbors",1
"gender","American_actors","James_Adomian",1
"gender","American_actors","James_Arnold_Taylor",1
"gender","American_actors","James_Bartholet",2
"gender","American_actors","James_Cagney",1
"gender","American_actors","James_Daughton",2
"gender","American_actors","James_Gaines",1
"gender","American_actors","James_Garner",1
"gender","American_actors","James_Hanlon",1
"gender","American_actors","James_Harvey_Ward",1
"gender","American_actors","James_Iglehart",1
"gender","American_actors","James_Karen",1
"gender","American_actors","James_Keach",1
"gender","American_actors","James_Lecesne",1
"gender","American_actors","James_Madio",1
"gender","American_actors","James_Naughton",1
"gender","American_actors","James_Parrott",2
"gender","American_actors","James_Rado",1
"gender","American_actors","James_V._Kern",1
"gender","American_actors","James_Vallo",1
"gender","American_actors","James_Vincent",1
"gender","American_actors","James_Waterston",1
"gender","American_actors","James_Yaegashi",1
"gender","American_actors","Jameson_Parker",1
"gender","American_actors","Jamie_Farr",1
"gender","American_actors","Jamie_Kaler",1
"gender","American_actors","Jamie_Walters",1
"gender","American_actors","Jango_Edwards",1
"gender","American_actors","Jarrad_Paul",1
"gender","American_actors","Jarrett_Maier",1
"gender","American_actors","Jason_Alexander",2
"gender","American_actors","Jason_Corder",1
"gender","American_actors","Jason_Faunt",1
"gender","American_actors","Jason_Mantzoukas",1
"gender","American_actors","Jason_Manuel_Olazabal",2
"gender","American_actors","Jason_Nash",2
"gender","American_actors","Jason_Paige",1
"gender","American_actors","Jason_Patric",1
"gender","American_actors","Jason_Raize",1
"gender","American_actors","Jason_Ralph",1
"gender","American_actors","Jason_Scott_Lee",1
"gender","American_actors","Jay_Adler",1
"gender","American_actors","Jay_Armstrong_Johnson",1
"gender","American_actors","Jay_Johnston",2
"gender","American_actors","Jay_Karnes",1
"gender","American_actors","Jay_Marchant",1
"gender","American_actors","Jay_Novello",1
"gender","American_actors","Jay_Park",9
"gender","American_actors","Jay_Tavare",1
"gender","American_actors","Jay_Thomas",1
"gender","American_actors","Jay_Underwood",1
"gender","American_actors","Jay_W._Jensen",1
"gender","American_actors","Jaye_Davidson",1
"gender","American_actors","Jed_Allan",1
"gender","American_actors","Jef_Johnson",2
"gender","American_actors","Jeff_Altman",2
"gender","American_actors","Jeff_B._Harmon",1
"gender","American_actors","Jeff_Fahey",1
"gender","American_actors","Jeff_Imada",4
"gender","American_actors","Jeff_Kaake",1
"gender","American_actors","Jeff_Langton",2
"gender","American_actors","Jeff_Osterhage",1
"gender","American_actors","Jeff_York",1
"gender","American_actors","Jefferson_Osborne",1
"gender","American_actors","Jeffrey_D._Erb",1
"gender","American_actors","Jeffrey_Falcon",1
"gender","American_actors","Jeffrey_Uhlmann",1
"gender","American_actors","Jeffrey_Vincent_Parise",1
"gender","American_actors","Jeremy_Davies",1
"gender","American_actors","Jeremy_Ray_Valdez",1
"gender","American_actors","Jeremy_Renner",1
"gender","American_actors","Jeremy_Tardy",1
"gender","American_actors","Jerome_Patrick",1
"gender","American_actors","Jerry_Adler",1
"gender","American_actors","Jerry_Farber",1
"gender","American_actors","Jerry_Ito",1
"gender","American_actors","Jerry_Orbach",3
"gender","American_actors","Jerry_Penacoli",1
"gender","American_actors","Jerry_Reed",2
"gender","American_actors","Jerry_Van_Dyke",1
"gender","American_actors","Jerry_Wasserman",1
"gender","American_actors","Jess_Barker",1
"gender","American_actors","Jesse_De_Vorska",1
"gender","American_actors","Jester_Hairston",1
"gender","American_actors","Jihmi_Kennedy",1
"gender","American_actors","Jim_Bannon",1
"gender","American_actors","Jim_Dale",1
"gender","American_actors","Jim_Gaffigan",1
"gender","American_actors","Jim_Ishida",1
"gender","American_actors","Jim_Nabors",3
"gender","American_actors","Jim_Parrack",1
"gender","American_actors","Jim_Thorpe",4
"gender","American_actors","Jim_Zulevic",1
"gender","American_actors","Jimmy_Baron",1
"gender","American_actors","Jimmy_Noel",1
"gender","American_actors","Jimmy_Savo",2
"gender","American_actors","Jimmy_Tingle",3
"gender","American_actors","Jimmy_Wakely",1
"gender","American_actors","Joaquin_Garay",2
"gender","American_actors","Joe_Don_Baker",1
"gender","American_actors","Joe_Egender",1
"gender","American_actors","Joe_Estevez",2
"gender","American_actors","Joe_Farago",1
"gender","American_actors","Joe_Jonas",1
"gender","American_actors","Joe_Keaton",1
"gender","American_actors","Joe_Mantell",1
"gender","American_actors","Joe_Regalbuto",1
"gender","American_actors","Joe_Santos",1
"gender","American_actors","Joel_Fabiani",1
"gender","American_actors","Joel_de_la_Fuente",1
"gender","American_actors","Joey_Camen",1
"gender","American_actors","Joey_D._Vieira",1
"gender","American_actors","Joey_Zimmerman",1
"gender","American_actors","Johann_Urb",1
"gender","American_actors","John_Ales",1
"gender","American_actors","John_Allen_Nelson",1
"gender","American_actors","John_Amplas",1
"gender","American_actors","John_Banner",1
"gender","American_actors","John_Baragrey",1
"gender","American_actors","John_Barrymore",2
"gender","American_actors","John_Blyth_Barrymore",1
"gender","American_actors","John_Carradine",3
"gender","American_actors","John_Darrow",1
"gender","American_actors","John_Enos_III",1
"gender","American_actors","John_F._Hamilton",1
"gender","American_actors","John_Fedevich",1
"gender","American_actors","John_Fink",1
"gender","American_actors","John_Garfield",2
"gender","American_actors","John_Gatins",1
"gender","American_actors","John_Gavin",2
"gender","American_actors","John_Gegenhuber",1
"gender","American_actors","John_Gemberling",1
"gender","American_actors","John_Karlen",1
"gender","American_actors","John_LaZar",1
"gender","American_actors","John_Larch",1
"gender","American_actors","John_Larroquette",2
"gender","American_actors","John_Lester_Johnson",1
"gender","American_actors","John_Magaro",2
"gender","American_actors","John_Malkovich",1
"gender","American_actors","John_Mariano",1
"gender","American_actors","John_Newland",1
"gender","American_actors","John_Ortiz",1
"gender","American_actors","John_P._Navin_Jr.",1
"gender","American_actors","John_Pappas",1
"gender","American_actors","John_Patrick_Amedori",1
"gender","American_actors","John_Paul_Reynolds",1
"gender","American_actors","John_Phillip_Law",1
"gender","American_actors","John_Qualen",1
"gender","American_actors","John_Raitt",1
"gender","American_actors","John_Salley",3
"gender","American_actors","John_Saxon",2
"gender","American_actors","John_Schuck",1
"gender","American_actors","John_Vivyan",1
"gender","American_actors","John_War_Eagle",1
"gender","American_actors","John_Wayne",4
"gender","American_actors","John_Yuan",1
"gender","American_actors","John_Zaremba",1
"gender","American_actors","John_Zenda",1
"gender","American_actors","John_Zibell",1
"gender","American_actors","John_de_Lancie",1
"gender","American_actors","Johnathon_Schaech",1
"gender","American_actors","Johnnie_Ray",2
"gender","American_actors","Johnny_Cannizzaro",1
"gender","American_actors","Johnny_Carpenter",1
"gender","American_actors","Johnny_Indrisano",1
"gender","American_actors","Johnny_Kascier",1
"gender","American_actors","Johnny_Kastl",1
"gender","American_actors","Johnny_Kemper",1
"gender","American_actors","Johnny_Pacar",1
"gender","American_actors","Johnny_Rapid",1
"gender","American_actors","Johnny_Sands",1
"gender","American_actors","Johnny_Tammaro",1
"gender","American_actors","Johnny_Yune",1
"gender","American_actors","Jon_Gabrus",1
"gender","American_actors","Jon_Manfrellotti",1
"gender","American_actors","Jon_Reep",1
"gender","American_actors","Jon_Robin_Baitz",1
"gender","American_actors","Jon_Voight",1
"gender","American_actors","Jon_Walmsley",1
"gender","American_actors","Jonathan_Farwell",1
"gender","American_actors","Jonathan_Harris",1
"gender","American_actors","Jonathan_Schmock",1
"gender","American_actors","Jonathan_Taylor_Thomas",1
"gender","American_actors","Jonathan_Terry",1
"gender","American_actors","Jonathan_Tiersten",1
"gender","American_actors","Jordan_Nagai",1
"gender","American_actors","Joseph_Badalucco_Jr.",1
"gender","American_actors","Joseph_Cali",1
"gender","American_actors","Joseph_De_Stefani",1
"gender","American_actors","Joseph_Feury",1
"gender","American_actors","Joseph_Kaufman",1
"gender","American_actors","Joseph_Maher",1
"gender","American_actors","Joseph_R._Gannascoli",1
"gender","American_actors","Joseph_Santley",4
"gender","American_actors","Joseph_Steven_Yang",1
"gender","American_actors","Joseph_Vassallo",1
"gender","American_actors","Josh_Barnett",2
"gender","American_actors","Josh_Carpenter",1
"gender","American_actors","Josh_Peck",1
"gender","American_actors","Joshua_Jackson",1
"gender","American_actors","Joshua_Taylor",1
"gender","American_actors","Juan_Escobedo",1
"gender","American_actors","Julian_Adams",1
"gender","American_actors","Justin_Lazard",1
"gender","American_actors","Kadeem_Hardison",1
"gender","American_actors","Kalla_Pasha",1
"gender","American_actors","Kam_Yuen",1
"gender","American_actors","Kamar_de_los_Reyes",1
"gender","American_actors","Kareem_Ferguson",2
"gender","American_actors","Kario_Salem",1
"gender","American_actors","Karl_Dane",2
"gender","American_actors","Kato_Kaelin",1
"gender","American_actors","Keean_Johnson",1
"gender","American_actors","Keith_David",2
"gender","American_actors","Keith_Larsen",1
"gender","American_actors","Keith_Nobbs",1
"gender","American_actors","Keith_Reddin",1
"gender","American_actors","Keith_Wayne",1
"gender","American_actors","Kelvin_Han_Yee",1
"gender","American_actors","Ken_Davitian",1
"gender","American_actors","Ken_Jenkins",1
"gender","American_actors","Ken_Kercheval",1
"gender","American_actors","Ken_Niles",1
"gender","American_actors","Ken_Norton",3
"gender","American_actors","Ken_Ober",1
"gender","American_actors","Ken_Olandt",1
"gender","American_actors","Ken_Olfson",1
"gender","American_actors","Ken_Thorley",1
"gender","American_actors","Ken_Wahl",2
"gender","American_actors","Kenan_Thompson",1
"gender","American_actors","Kenneth_Davenport",1
"gender","American_actors","Kenneth_Jezek",1
"gender","American_actors","Kenneth_MacKenna",1
"gender","American_actors","Kenneth_Tigar",1
"gender","American_actors","Kent_Faulcon",1
"gender","American_actors","Kent_Taylor",2
"gender","American_actors","Kevin_Allison",1
"gender","American_actors","Kevin_Farley",1
"gender","American_actors","Kevin_Geer",1
"gender","American_actors","Kevin_Hagen",1
"gender","American_actors","Kevin_James",1
"gender","American_actors","Kevin_Jonas",1
"gender","American_actors","Kevin_Kash",2
"gender","American_actors","Kevin_Mangold",1
"gender","American_actors","Kevin_Nealon",1
"gender","American_actors","Kevin_Peter_Hall",1
"gender","American_actors","Kevin_Rahm",1
"gender","American_actors","Kevin_Schon",1
"gender","American_actors","Kevin_Thoms",1
"gender","American_actors","Kevin_Tighe",1
"gender","American_actors","Khalil_Kain",1
"gender","American_actors","Khary_Payton",1
"gender","American_actors","Khleo_Thomas",1
"gender","American_actors","Kim_Kahana",1
"gender","American_actors","King_Bach",1
"gender","American_actors","King_Baggot",4
"gender","American_actors","Kipp_Marcus",1
"gender","American_actors","Kirk_Alyn",1
"gender","American_actors","Kirk_Harris",1
"gender","American_actors","Knowl_Johnson",1
"gender","American_actors","Kris_Kamm",1
"gender","American_actors","Kurt_Kasznar",3
"gender","American_actors","Kurt_Naebig",2
"gender","American_actors","Kurt_Paul",1
"gender","American_actors","Kurt_Yaeger",1
"gender","American_actors","Kurt_Yaghjian",1
"gender","American_actors","Kyle_Newman",1
"gender","American_actors","L._M._Kit_Carson",1
"gender","American_actors","LaMarcus_Tinker",1
"gender","American_actors","LaMonica_Garrett",1
"gender","American_actors","LaVan_Davis",1
"gender","American_actors","Lamont_Johnson",1
"gender","American_actors","Lance_Barber",1
"gender","American_actors","Lance_E._Nichols",1
"gender","American_actors","Lance_Norris",1
"gender","American_actors","Lance_Reddick",1
"gender","American_actors","Lane_Janger",1
"gender","American_actors","Lang_Jeffries",1
"gender","American_actors","Lanny_Flaherty",1
"gender","American_actors","Larry_Bagby",1
"gender","American_actors","Larry_Gelman",1
"gender","American_actors","Larry_Keating",1
"gender","American_actors","Larry_Parks",2
"gender","American_actors","Larry_Wade_Carrell",1
"gender","American_actors","Latham_Gaines",1
"gender","American_actors","Lawrence_Adisa",1
"gender","American_actors","Lawrence_Gilliard_Jr.",1
"gender","American_actors","Lawrence_Kao",1
"gender","American_actors","Lawrence_Taylor",1
"gender","American_actors","Lawson_Harris",1
"gender","American_actors","Le_Tari",1
"gender","American_actors","Lee_Farr",1
"gender","American_actors","Lee_Majors",2
"gender","American_actors","Lee_Payant",1
"gender","American_actors","Lee_Van_Atta",1
"gender","American_actors","Lee_Weaver",1
"gender","American_actors","Lee_de_Broux",1
"gender","American_actors","Leif_Garrett",1
"gender","American_actors","Lenny_Schultz",1
"gender","American_actors","Lenny_Venito",1
"gender","American_actors","Lenny_Von_Dohlen",2
"gender","American_actors","Leo_D._Maloney",1
"gender","American_actors","Leo_Fitzpatrick",1
"gender","American_actors","Leon_Errol",3
"gender","American_actors","Leon_Janney",1
"gender","American_actors","Leonard_Barr",1
"gender","American_actors","Leonard_Nimoy",1
"gender","American_actors","Leonard_Termo",1
"gender","American_actors","Leslie_Barrett",3
"gender","American_actors","Lester_Allen",1
"gender","American_actors","Lew_Fields",2
"gender","American_actors","Lewis_Van_Bergen",1
"gender","American_actors","Liev_Schreiber",1
"gender","American_actors","Lloyd_B._Carleton",1
"gender","American_actors","Lou_Nova",2
"gender","American_actors","Lou_Tellegen",1
"gender","American_actors","Louis_Giambalvo",1
"gender","American_actors","Louis_Mann",1
"gender","American_actors","Louis_Payne",1
"gender","American_actors","Louis_Quinn",1
"gender","American_actors","Louis_Waldon",1
"gender","American_actors","Luciano_Giancarlo",2
"gender","American_actors","Luis_Alberni",1
"gender","American_actors","Luis_Antonio_Ramos",1
"gender","American_actors","Luke_Barnett",1
"gender","American_actors","Luther_Adler",2
"gender","American_actors","MC_Eiht",4
"gender","American_actors","Mac_Davis",3
"gender","American_actors","Macdonald_Carey",1
"gender","American_actors","Mahershala_Ali",1
"gender","American_actors","Malcolm_Danare",2
"gender","American_actors","Malik_Yoba",1
"gender","American_actors","Mandela_Van_Peebles",1
"gender","American_actors","Manuel_Padilla_Jr.",1
"gender","American_actors","Marc_Evan_Jackson",1
"gender","American_actors","Marc_Handler",1
"gender","American_actors","Marc_Lawrence",1
"gender","American_actors","Marco_Sanchez",1
"gender","American_actors","Marcus_T._Paulk",1
"gender","American_actors","Marilyn_Manson",1
"gender","American_actors","Mario_Cantone",1
"gender","American_actors","Mario_Majeroni",1
"gender","American_actors","Mario_Yedidia",2
"gender","American_actors","Maris_Valainis",1
"gender","American_actors","Mark_Christopher_Lawrence",1
"gender","American_actors","Mark_Damon",1
"gender","American_actors","Mark_Famiglietti",2
"gender","American_actors","Mark_Fauser",1
"gender","American_actors","Mark_Fenton",1
"gender","American_actors","Mark_Feuerstein",1
"gender","American_actors","Mark_Hapka",1
"gender","American_actors","Mark_Harmon",1
"gender","American_actors","Mark_Indelicato",2
"gender","American_actors","Mark_Kassen",1
"gender","American_actors","Mark_Lamos",1
"gender","American_actors","Mark_Patton",1
"gender","American_actors","Mark_Wahlberg",1
"gender","American_actors","Marklen_Kennedy",1
"gender","American_actors","Markus_Redmond",2
"gender","American_actors","Marlon_Young",1
"gender","American_actors","Marshall_Efron",1
"gender","American_actors","Marshall_Thompson",1
"gender","American_actors","Mason_Adams",1
"gender","American_actors","Matt_Damon",3
"gender","American_actors","Matt_Hannon",1
"gender","American_actors","Matt_Kane",1
"gender","American_actors","Matt_Keeslar",1
"gender","American_actors","Matt_Malloy",1
"gender","American_actors","Matt_Salinger",1
"gender","American_actors","Matthew_Faber",1
"gender","American_actors","Matthew_Laurance",1
"gender","American_actors","Matthew_Yuan",1
"gender","American_actors","Maurice_Manson",1
"gender","American_actors","Maurice_Schwartz",1
"gender","American_actors","Max_Ehrich",1
"gender","American_actors","Max_Jenkins",1
"gender","American_actors","Max_Terhune",1
"gender","American_actors","Max_Wagner",1
"gender","American_actors","Mel_Ferrer",2
"gender","American_actors","Mel_Gibson",2
"gender","American_actors","Mel_Novak",1
"gender","American_actors","Merlin_Santana",1
"gender","American_actors","Merrell_Jackson",1
"gender","American_actors","Merritt_David_Janes",1
"gender","American_actors","Michael_Allinson",1
"gender","American_actors","Michael_Bacall",1
"gender","American_actors","Michael_Callan",1
"gender","American_actors","Michael_Damian",1
"gender","American_actors","Michael_Dante",1
"gender","American_actors","Michael_Ealy",1
"gender","American_actors","Michael_Emerson",2
"gender","American_actors","Michael_Ensign",1
"gender","American_actors","Michael_Fairman",1
"gender","American_actors","Michael_Genet",1
"gender","American_actors","Michael_Grant_Terry",1
"gender","American_actors","Michael_Imperioli",1
"gender","American_actors","Michael_Jeffrey_Joiner",1
"gender","American_actors","Michael_Jeter",1
"gender","American_actors","Michael_Kenworthy",1
"gender","American_actors","Michael_Landon",2
"gender","American_actors","Michael_Maize",1
"gender","American_actors","Michael_Manasseri",1
"gender","American_actors","Michael_Mantenuto",1
"gender","American_actors","Michael_Marisi_Ornstein",1
"gender","American_actors","Michael_Nesmith",2
"gender","American_actors","Michael_Nouri",1
"gender","American_actors","Michael_Panes",1
"gender","American_actors","Michael_Papajohn",1
"gender","American_actors","Michael_Parks",1
"gender","American_actors","Michael_Pataki",1
"gender","American_actors","Michael_Patrick_Jann",1
"gender","American_actors","Michael_Raffetto",1
"gender","American_actors","Michael_Rapaport",1
"gender","American_actors","Michael_Sacks",1
"gender","American_actors","Michael_Vale",1
"gender","American_actors","Michael_Wager",1
"gender","American_actors","Michael_Waltman",1
"gender","American_actors","Michael_Yama",1
"gender","American_actors","Michael_Yebba",1
"gender","American_actors","Michael_Zarnock",1
"gender","American_actors","Michael_Zorek",1
"gender","American_actors","Mickey_Carroll",1
"gender","American_actors","Mickey_Daniels",1
"gender","American_actors","Mickey_Hargitay",1
"gender","American_actors","Mike_Epps",1
"gender","American_actors","Mike_Erwin",1
"gender","American_actors","Mike_MacRae",1
"gender","American_actors","Mike_Ragan",1
"gender","American_actors","Mikhail_Baryshnikov",1
"gender","American_actors","Miles_Fisher",1
"gender","American_actors","Mills_Watson",1
"gender","American_actors","Milo_Gibson",1
"gender","American_actors","Milt_Kamen",1
"gender","American_actors","Milton_Quon",1
"gender","American_actors","Misha_Gabriel",1
"gender","American_actors","Monroe_Salisbury",1
"gender","American_actors","Monte_Rawlins",1
"gender","American_actors","Mordecai_Lawner",1
"gender","American_actors","Morocco_Omari",1
"gender","American_actors","Moroni_Olsen",1
"gender","American_actors","Morris_Carnovsky",1
"gender","American_actors","Moultrie_Patten",1
"gender","American_actors","Murphy_Jensen",2
"gender","American_actors","Murray_Hamilton",1
"gender","American_actors","Murray_Valeriano",1
"gender","American_actors","Muse_Watson",1
"gender","American_actors","Mushond_Lee",1
"gender","American_actors","Myk_Watford",3
"gender","American_actors","Mykel_Shannon_Jenkins",1
"gender","American_actors","Nat_Carr",1
"gender","American_actors","Nathan_Lane",1
"gender","American_actors","Ned_Eisenberg",1
"gender","American_actors","Ned_Schmidtke",1
"gender","American_actors","Ned_Vaughn",1
"gender","American_actors","Nedrick_Young",1
"gender","American_actors","Neil_Nephew",1
"gender","American_actors","Neil_Patrick_Harris",1
"gender","American_actors","Neill_Barry",1
"gender","American_actors","Nelsan_Ellis",2
"gender","American_actors","Nelson_Eddy",4
"gender","American_actors","Nelson_Olmsted",1
"gender","American_actors","Nephew_Tommy",1
"gender","American_actors","Nicholas_Georgiade",1
"gender","American_actors","Nicholas_Hammond",1
"gender","American_actors","Nicholas_Kadi",1
"gender","American_actors","Nick_Afanasiev",1
"gender","American_actors","Nick_Cannon",3
"gender","American_actors","Nick_Damici",1
"gender","American_actors","Nick_Karner",1
"gender","American_actors","Nick_Sandow",1
"gender","American_actors","Nick_Vallelonga",1
"gender","American_actors","Niko_Nicotera",1
"gender","American_actors","Nino_Tempo",3
"gender","American_actors","Noah_Keen",1
"gender","American_actors","Noble_Johnson",1
"gender","American_actors","Noel_Madison",1
"gender","American_actors","Norman_Alden",1
"gender","American_actors","Norman_Fell",1
"gender","American_actors","Norman_Kerry",1
"gender","American_actors","Oliver_Hardy",1
"gender","American_actors","Oscar_Isaac",1
"gender","American_actors","Otto_Felix",3
"gender","American_actors","Otto_Sanchez",1
"gender","American_actors","Otto_Waldis",1
"gender","American_actors","Otto_Yamaoka",1
"gender","American_actors","Ozzie_Nelson",2
"gender","American_actors","P._J._Ochlan",1
"gender","American_actors","Page_Kennedy",2
"gender","American_actors","Pasquale_Cajano",2
"gender","American_actors","Pat_E._Johnson",1
"gender","American_actors","Pat_Renella",1
"gender","American_actors","Patrick_Adiarte",1
"gender","American_actors","Patrick_Fabian",1
"gender","American_actors","Patrick_Page",1
"gender","American_actors","Patrick_Renna",1
"gender","American_actors","Patrick_Sarniak",1
"gender","American_actors","Patrick_Warburton",1
"gender","American_actors","Patrick_Wayne",1
"gender","American_actors","Paul_Adelstein",1
"gender","American_actors","Paul_America",1
"gender","American_actors","Paul_Barresi",1
"gender","American_actors","Paul_Bartel",1
"gender","American_actors","Paul_Carafotes",1
"gender","American_actors","Paul_De_Rolf",1
"gender","American_actors","Paul_Eiding",1
"gender","American_actors","Paul_Fix",2
"gender","American_actors","Paul_Hampton",1
"gender","American_actors","Paul_Kandel",1
"gender","American_actors","Paul_Land",2
"gender","American_actors","Paul_Langton",1
"gender","American_actors","Paul_Leder",3
"gender","American_actors","Paul_Malvern",1
"gender","American_actors","Paul_Mantee",1
"gender","American_actors","Paul_Marcarelli",1
"gender","American_actors","Paul_Marco",2
"gender","American_actors","Paul_Nakauchi",1
"gender","American_actors","Paul_Newman",3
"gender","American_actors","Paul_Pape",1
"gender","American_actors","Paul_Rae",1
"gender","American_actors","Paul_Reiser",1
"gender","American_actors","Paul_Sand",1
"gender","American_actors","Paul_Satterfield",1
"gender","American_actors","Paul_Scardon",1
"gender","American_actors","Paul_Schoeffler",1
"gender","American_actors","Paul_Valentine",1
"gender","American_actors","Penn_Badgley",2
"gender","American_actors","Penn_Jillette",2
"gender","American_actors","Perry_Lang",1
"gender","American_actors","Perry_N._Vekroff",1
"gender","American_actors","Pete_Davidson",1
"gender","American_actors","Peter_Cambor",2
"gender","American_actors","Peter_Facinelli",1
"gender","American_actors","Peter_Francis_James",1
"gender","American_actors","Peter_Hackes",1
"gender","American_actors","Peter_Jessop",1
"gender","American_actors","Peter_Lawford",1
"gender","American_actors","Peter_MacNicol",1
"gender","American_actors","Peter_Mamakos",1
"gender","American_actors","Peter_Ostrum",1
"gender","American_actors","Peter_Paige",1
"gender","American_actors","Peter_Parros",1
"gender","American_actors","Peter_Sarsgaard",1
"gender","American_actors","Philip_Ahn",2
"gender","American_actors","Philip_Baker_Hall",1
"gender","American_actors","Philip_Charles_MacKenzie",1
"gender","American_actors","Philip_Ettinger",1
"gender","American_actors","Philip_Michael_Thomas",1
"gender","American_actors","Philip_Ng",2
"gender","American_actors","Philipp_Karner",1
"gender","American_actors","Philippe_De_Lacy",1
"gender","American_actors","Phillip_Alford",1
"gender","American_actors","Phillip_Edward_Van_Lear",1
"gender","American_actors","Phillip_Terry",2
"gender","American_actors","Phillip_Van_Dyke",1
"gender","American_actors","Pooch_Hall",2
"gender","American_actors","Preston_Bailey",1
"gender","American_actors","Quentin_Tarantino",2
"gender","American_actors","R._J._Adams",1
"gender","American_actors","R._Kelly",10
"gender","American_actors","Ralph_Faulkner",1
"gender","American_actors","Ralph_Garman",1
"gender","American_actors","Ralph_Ince",2
"gender","American_actors","Ralph_Kellard",1
"gender","American_actors","Ralph_Manza",1
"gender","American_actors","Ralph_Nelson",1
"gender","American_actors","Ralph_Peduto",1
"gender","American_actors","Ralph_Taeger",1
"gender","American_actors","Ralph_Waite",1
"gender","American_actors","Rami_Malek",1
"gender","American_actors","Ramon_Novarro",2
"gender","American_actors","Randall_Park",1
"gender","American_actors","Randolph_Mantooth",3
"gender","American_actors","Randy_Gambill",1
"gender","American_actors","Randy_Quaid",2
"gender","American_actors","Randy_Vasquez",1
"gender","American_actors","Raoul_Walsh",2
"gender","American_actors","Raphael_Sbarge",1
"gender","American_actors","Ray_Arthur_Wang",1
"gender","American_actors","Ray_Danton",1
"gender","American_actors","Ray_Eberle",2
"gender","American_actors","Ray_Gallagher",1
"gender","American_actors","Ray_Hallor",1
"gender","American_actors","Ray_J",19
"gender","American_actors","Ray_Mala",3
"gender","American_actors","Raymond_Edward_Johnson",1
"gender","American_actors","Raymond_Hackett",1
"gender","American_actors","Raymond_St._Jacques",1
"gender","American_actors","Raymond_Walburn",1
"gender","American_actors","Reed_De_Rouen",1
"gender","American_actors","Reginald_VelJohnson",1
"gender","American_actors","Reni_Santoni",1
"gender","American_actors","Rex_Allen",3
"gender","American_actors","Rex_De_Rosselli",1
"gender","American_actors","Rex_Everhart",1
"gender","American_actors","Reynaldo_Rey",1
"gender","American_actors","Reza_Sixo_Safai",1
"gender","American_actors","Rhodes_Reason",1
"gender","American_actors","Richard_Bakalyan",1
"gender","American_actors","Richard_Barthelmess",1
"gender","American_actors","Richard_Carle",1
"gender","American_actors","Richard_Carlyle",1
"gender","American_actors","Richard_Davalos",1
"gender","American_actors","Richard_Dawson",1
"gender","American_actors","Richard_Eastham",1
"gender","American_actors","Richard_Edson",1
"gender","American_actors","Richard_Emory",5
"gender","American_actors","Richard_Erdman",1
"gender","American_actors","Richard_Fancy",1
"gender","American_actors","Richard_Farnsworth",1
"gender","American_actors","Richard_Garrick",1
"gender","American_actors","Richard_Gilliland",1
"gender","American_actors","Richard_Hale",1
"gender","American_actors","Richard_John_Walters",1
"gender","American_actors","Richard_Joseph_Paul",1
"gender","American_actors","Richard_Karn",1
"gender","American_actors","Richard_Lee_Jackson",1
"gender","American_actors","Richard_MacPherson",1
"gender","American_actors","Richard_Marcus",1
"gender","American_actors","Richard_Neill",1
"gender","American_actors","Richard_Oldfield",1
"gender","American_actors","Richard_Quine",1
"gender","American_actors","Richard_Schiff",1
"gender","American_actors","Richard_Talmadge",1
"gender","American_actors","Richard_Tanne",1
"gender","American_actors","Rick_Fitts",1
"gender","American_actors","Rick_Jason",1
"gender","American_actors","Rick_Malambri",1
"gender","American_actors","Rick_Parets",1
"gender","American_actors","Rick_Vallin",1
"gender","American_actors","Rick_Yune",1
"gender","American_actors","Ricky_Harris",1
"gender","American_actors","Ricky_Jay",2
"gender","American_actors","Ricky_Nelson",2
"gender","American_actors","Ricky_Schroder",1
"gender","American_actors","Rik_Van_Nutter",1
"gender","American_actors","Rob_Campbell",1
"gender","American_actors","Rob_Niter",1
"gender","American_actors","Rob_Paulsen",2
"gender","American_actors","Rob_Van_Dam",5
"gender","American_actors","Robert_Agnew",1
"gender","American_actors","Robert_Alda",1
"gender","American_actors","Robert_Ben_Garant",1
"gender","American_actors","Robert_D._Raiford",1
"gender","American_actors","Robert_Davi",1
"gender","American_actors","Robert_David_Hall",1
"gender","American_actors","Robert_Edeson",1
"gender","American_actors","Robert_Emhardt",1
"gender","American_actors","Robert_Emmett_Keane",1
"gender","American_actors","Robert_Emmett_Tansey",1
"gender","American_actors","Robert_G._Vignola",1
"gender","American_actors","Robert_Gaillard",1
"gender","American_actors","Robert_Gerringer",1
"gender","American_actors","Robert_H._Harris",3
"gender","American_actors","Robert_Jayne",1
"gender","American_actors","Robert_Karvelas",1
"gender","American_actors","Robert_Kellard",2
"gender","American_actors","Robert_La_Tourneaux",1
"gender","American_actors","Robert_Osborne",1
"gender","American_actors","Robert_P._Kerr",1
"gender","American_actors","Robert_Paige",2
"gender","American_actors","Robert_Redford",1
"gender","American_actors","Robert_Scheerer",1
"gender","American_actors","Robert_Schwartzman",1
"gender","American_actors","Robert_Scott_Field",1
"gender","American_actors","Robert_Thornby",1
"gender","American_actors","Robert_V._Barron",1
"gender","American_actors","Robert_Wagner",1
"gender","American_actors","Robert_Walden",1
"gender","American_actors","Robert_Wall",1
"gender","American_actors","Robert_Warwick",2
"gender","American_actors","Robin_Lord_Taylor",1
"gender","American_actors","Robin_Thicke",3
"gender","American_actors","Robin_Thomas",1
"gender","American_actors","Rod_Dana",1
"gender","American_actors","Rod_Webber",1
"gender","American_actors","Roger_Bart",1
"gender","American_actors","Roger_Fan",2
"gender","American_actors","Roger_Imhof",1
"gender","American_actors","Rohn_Thomas",1
"gender","American_actors","Roland_Varno",1
"gender","American_actors","Rolf_Saxon",1
"gender","American_actors","Ron_Balicki",6
"gender","American_actors","Ron_Fassler",1
"gender","American_actors","Ron_Nummi",1
"gender","American_actors","Ron_Randell",2
"gender","American_actors","Ron_Vawter",1
"gender","American_actors","Ron_van_Clief",4
"gender","American_actors","Ronald_Reagan",3
"gender","American_actors","Ronald_Tavel",1
"gender","American_actors","Ronan_Carter",1
"gender","American_actors","Ronn_Carroll",1
"gender","American_actors","Ronnie_Kerr",1
"gender","American_actors","Ronnie_Warner",1
"gender","American_actors","Rory_Calhoun",1
"gender","American_actors","Rory_Mallinson",1
"gender","American_actors","Roscoe_Karns",1
"gender","American_actors","Roscoe_Orman",1
"gender","American_actors","Roshon_Fegan",1
"gender","American_actors","Ross_Alexander",1
"gender","American_actors","Ross_Bagdasarian",1
"gender","American_actors","Ross_Bagley",1
"gender","American_actors","Ross_Hagen",1
"gender","American_actors","Ross_Partridge",1
"gender","American_actors","Ross_Patterson",2
"gender","American_actors","Roy_Barcroft",1
"gender","American_actors","Roy_Engel",1
"gender","American_actors","Roy_Fegan",1
"gender","American_actors","Roy_Thinnes",1
"gender","American_actors","Rudolph_Schildkraut",1
"gender","American_actors","Rudy_De_Luca",1
"gender","American_actors","Rudy_Ramos",1
"gender","American_actors","Russ_Marin",1
"gender","American_actors","Russ_Parr",1
"gender","American_actors","Russell_Sams",1
"gender","American_actors","Russell_Thaw",1
"gender","American_actors","Russell_Thorson",1
"gender","American_actors","Rusty_Jacobs",1
"gender","American_actors","Ryan_Malaty",1
"gender","American_actors","Ryan_Ochoa",1
"gender","American_actors","S._John_Launer",1
"gender","American_actors","Sabu_Dastagir",1
"gender","American_actors","Sal_Jenco",1
"gender","American_actors","Sam_Elliott",1
"gender","American_actors","Sam_Gifaldi",1
"gender","American_actors","Sam_Hargrave",1
"gender","American_actors","Sam_Maccarone",1
"gender","American_actors","Sam_Pancake",1
"gender","American_actors","Sam_Peckinpah",2
"gender","American_actors","Sammy_Blum",1
"gender","American_actors","Sammy_Davis_Jr.",2
"gender","American_actors","Sammy_Jackson",2
"gender","American_actors","Samuel_L._Jackson",2
"gender","American_actors","Sasha_Jenson",1
"gender","American_actors","Sawyer_Barth",1
"gender","American_actors","Scott_Adsit",1
"gender","American_actors","Scott_Bakula",1
"gender","American_actors","Scott_Eastwood",1
"gender","American_actors","Scott_Lawrence",1
"gender","American_actors","Scott_MacArthur",1
"gender","American_actors","Scott_Michael_Campbell",1
"gender","American_actors","Scott_Paulin",1
"gender","American_actors","Scott_Pembroke",1
"gender","American_actors","Scott_Reeves",1
"gender","American_actors","Scott_Takeda",1
"gender","American_actors","Sean_Carrigan",1
"gender","American_actors","Sean_Garrison",1
"gender","American_actors","Sean_Giambrone",1
"gender","American_actors","Sean_Hampton",1
"gender","American_actors","Sean_Kanan",2
"gender","American_actors","Sean_Patrick_Flanery",1
"gender","American_actors","Sean_Patrick_Thomas",1
"gender","American_actors","Sebastian_Maniscalco",1
"gender","American_actors","Sergio_Carlo",2
"gender","American_actors","Seth_Gandrud",1
"gender","American_actors","Seth_Landau",1
"gender","American_actors","Seth_MacFarlane",2
"gender","American_actors","Seth_Numrich",1
"gender","American_actors","Shakiem_Evans",1
"gender","American_actors","Shane_Van_Dyke",1
"gender","American_actors","Shawn_Wayans",1
"gender","American_actors","Shea_Kerry",2
"gender","American_actors","Sheldon_Allman",1
"gender","American_actors","Shug_Fisher",1
"gender","American_actors","Sid_Davis",4
"gender","American_actors","Simon_Oakland",2
"gender","American_actors","Simon_Rex",1
"gender","American_actors","Slim_Gaut",1
"gender","American_actors","Spottiswoode_Aitken",1
"gender","American_actors","Stacy_Harris",1
"gender","American_actors","Stanley_Kamel",1
"gender","American_actors","Stefan_Gierasch",1
"gender","American_actors","Stelio_Savante",1
"gender","American_actors","Stephen_Lang",1
"gender","American_actors","Stephen_Nichols",1
"gender","American_actors","Stephen_Rannazzisi",1
"gender","American_actors","Stephen_Yoakam",1
"gender","American_actors","Steve_Agee",1
"gender","American_actors","Steve_Bannos",1
"gender","American_actors","Steve_Barton",2
"gender","American_actors","Steve_Calvert",1
"gender","American_actors","Steve_Cardenas",1
"gender","American_actors","Steve_Daskewisz",1
"gender","American_actors","Steve_J._Palmer",1
"gender","American_actors","Steve_Kahan",1
"gender","American_actors","Steve_Pendleton",1
"gender","American_actors","Steve_Raines",1
"gender","American_actors","Steve_Reeves",4
"gender","American_actors","Steve_Reevis",1
"gender","American_actors","Steve_Sandor",1
"gender","American_actors","Steve_Talley",1
"gender","American_actors","Steve_Van_Wormer",1
"gender","American_actors","Steve_Zissis",1
"gender","American_actors","Steven_Barr",1
"gender","American_actors","Steven_Christopher_Parker",1
"gender","American_actors","Steven_Geray",1
"gender","American_actors","Steven_Keats",1
"gender","American_actors","Steven_Michael_Quezada",1
"gender","American_actors","Steven_Pasquale",1
"gender","American_actors","Stoney_Jackson",1
"gender","American_actors","Stuart_Allan",1
"gender","American_actors","Stuart_Erwin",1
"gender","American_actors","Stuart_Margolin",1
"gender","American_actors","Stuart_Nisbet",1
"gender","American_actors","Stuart_Pankin",1
"gender","American_actors","Stubby_Kaye",1
"gender","American_actors","Sullivan_Walker",1
"gender","American_actors","Sunset_Carson",1
"gender","American_actors","Sydney_Lassick",1
"gender","American_actors","Sydney_Walker",1
"gender","American_actors","Tammany_Young",1
"gender","American_actors","Taylor_Nichols",1
"gender","American_actors","Ted_Danson",1
"gender","American_actors","Ted_Mapes",1
"gender","American_actors","Ted_North",1
"gender","American_actors","Ted_Thurston",1
"gender","American_actors","Teddy_Infuhr",1
"gender","American_actors","Tefft_Johnson",1
"gender","American_actors","Tehran_Von_Ghasri",1
"gender","American_actors","Terrance_Zdunich",1
"gender","American_actors","Terrell_Tilford",1
"gender","American_actors","Terry_Carter",2
"gender","American_actors","Terry_Notary",1
"gender","American_actors","Theodore_von_Eltz",1
"gender","American_actors","Thomas_G._Waites",1
"gender","American_actors","Thomas_Ian_Nicholas",1
"gender","American_actors","Thomas_J._Hageboeck",1
"gender","American_actors","Thomas_Sadoski",2
"gender","American_actors","Thomas_Vincent_Kelly",1
"gender","American_actors","Thurston_Hall",1
"gender","American_actors","Tim_Jo",1
"gender","American_actors","Tim_Maculan",1
"gender","American_actors","Tim_Talman",1
"gender","American_actors","Timmy_Everett",1
"gender","American_actors","Timothy_Britten_Parker",1
"gender","American_actors","Timothy_E._Day",1
"gender","American_actors","Timothy_Farrell",1
"gender","American_actors","Timothy_L._Raynor",1
"gender","American_actors","Tito_Vuolo",2
"gender","American_actors","Todd_Alcott",1
"gender","American_actors","Todd_Barry",2
"gender","American_actors","Todd_Field",1
"gender","American_actors","Tom_Aldredge",1
"gender","American_actors","Tom_Everett",1
"gender","American_actors","Tom_Fadden",1
"gender","American_actors","Tom_Nagel",1
"gender","American_actors","Tom_Noonan",1
"gender","American_actors","Tom_Patchett",1
"gender","American_actors","Tom_Patricola",1
"gender","American_actors","Tom_Pedi",1
"gender","American_actors","Tom_Verica",1
"gender","American_actors","Tom_Villard",1
"gender","American_actors","Tommy_Farrell",1
"gender","American_actors","Tommy_Noonan",1
"gender","American_actors","Tommy_Reamon",3
"gender","American_actors","Tony_Danza",1
"gender","American_actors","Tony_Papenfuss",1
"gender","American_actors","Tony_Sancho",2
"gender","American_actors","Tony_Tarantino",5
"gender","American_actors","Travis_Van_Winkle",1
"gender","American_actors","Troy_Gentile",1
"gender","American_actors","Tyrese_Gibson",1
"gender","American_actors","Val_Paul",1
"gender","American_actors","Valia_Valentinoff",1
"gender","American_actors","Victor_Aaron",1
"gender","American_actors","Victor_Adamson",1
"gender","American_actors","Victor_Sen_Yung",2
"gender","American_actors","Victor_Varconi",1
"gender","American_actors","Viktor_Manoel",2
"gender","American_actors","Vince_Neil",2
"gender","American_actors","Vincent_Gallo",1
"gender","American_actors","Vincent_M._Ward",1
"gender","American_actors","Vincent_Van_Patten",1
"gender","American_actors","W._C._Fields",1
"gender","American_actors","Wadsworth_Harris",1
"gender","American_actors","Walter_Abel",1
"gender","American_actors","Walter_Cartier",2
"gender","American_actors","Walter_Hampden",2
"gender","American_actors","Walter_Olkewicz",1
"gender","American_actors","Walter_Sande",1
"gender","American_actors","Wang_Leehom",1
"gender","American_actors","Warren_Finnerty",1
"gender","American_actors","Warren_Keith",1
"gender","American_actors","Warren_Oates",1
"gender","American_actors","Warren_Vanders",2
"gender","American_actors","Waylon_Payne",3
"gender","American_actors","Wayne_Federman",1
"gender","American_actors","Webster_Campbell",1
"gender","American_actors","Wedgwood_Nowell",1
"gender","American_actors","Wendell_B._Harris_Jr.",1
"gender","American_actors","Wesley_Barry",1
"gender","American_actors","Wesley_Jonathan",1
"gender","American_actors","Whitford_Kane",4
"gender","American_actors","Wild_Bill_Elliott",2
"gender","American_actors","Will_Sampson",1
"gender","American_actors","Willard_Mack",3
"gender","American_actors","Willard_Parker",1
"gender","American_actors","Willem_Dafoe",1
"gender","American_actors","William_Alland",1
"gender","American_actors","William_B._Davidson",1
"gender","American_actors","William_B._Mack",1
"gender","American_actors","William_Bakewell",1
"gender","American_actors","William_De_Vaull",1
"gender","American_actors","William_Elmer",1
"gender","American_actors","William_Engesser",1
"gender","American_actors","William_Farnum",1
"gender","American_actors","William_G._Schilling",1
"gender","American_actors","William_Gaxton",1
"gender","American_actors","William_Haines",1
"gender","American_actors","William_Hall_Jr.",1
"gender","American_actors","William_Harrigan",1
"gender","American_actors","William_Ragsdale",1
"gender","American_actors","William_Sanderson",1
"gender","American_actors","William_T._Kent",1
"gender","American_actors","William_Tannen",1
"gender","American_actors","William_Tepper",1
"gender","American_actors","William_V._Ranous",1
"gender","American_actors","William_Youmans",1
"gender","American_actors","Willie_Aames",1
"gender","American_actors","Willie_C._Carpenter",1
"gender","American_actors","Wilton_Lackaye",2
"gender","American_actors","Wolfgang_Zilzer",2
"gender","American_actors","Woodrow_Parfrey",1
"gender","American_actors","Yuri_Lane",1
"gender","American_actors","Yusuf_Gatewood",1
"gender","American_actors","Zach_Villa",1
"gender","American_actors","Zachary_Laoutides",1
"gender","American_actors","Zander_Schloss",1
"gender","American_actresses","Adele_Mara",1
"gender","American_actresses","Adrienne_King",1
"gender","American_actresses","Adrienne_Shelly",2
"gender","American_actresses","Aileen_Quinn",2
"gender","American_actresses","Alexandra_Hedison",1
"gender","American_actresses","Alexie_Gilmore",1
"gender","American_actresses","Alexis_Arquette",1
"gender","American_actresses","Alexis_Bledel",1
"gender","American_actresses","Alfre_Woodard",1
"gender","American_actresses","Alice_Brady",1
"gender","American_actresses","Alice_Playten",1
"gender","American_actresses","Alicia_Rhett",2
"gender","American_actresses","Alison_LaPlaca",1
"gender","American_actresses","Allie_DeBerry",2
"gender","American_actresses","Allison_Hayes",1
"gender","American_actresses","Allison_Scagliotti",1
"gender","American_actresses","Aloma_Wright",1
"gender","American_actresses","Amanda_Bearse",1
"gender","American_actresses","Amanda_Peterson",1
"gender","American_actresses","Amy_Jo_Johnson",1
"gender","American_actresses","Amy_Poehler",1
"gender","American_actresses","Amy_Schumer",4
"gender","American_actresses","Ana_Ortiz",1
"gender","American_actresses","Andrea_Anders",1
"gender","American_actresses","Andrea_Leeds",1
"gender","American_actresses","Angela_Lansbury",1
"gender","American_actresses","Angelina_Jolie",1
"gender","American_actresses","Anika_Noni_Rose",1
"gender","American_actresses","Anissa_Jones",1
"gender","American_actresses","Anita_Louise",1
"gender","American_actresses","Anita_Page",1
"gender","American_actresses","Anitra_Ford",1
"gender","American_actresses","Anjelica_Huston",1
"gender","American_actresses","Ann_Dvorak",1
"gender","American_actresses","Ann_Flood",1
"gender","American_actresses","Ann_Harding",1
"gender","American_actresses","Ann_Magnuson",1
"gender","American_actresses","Ann_Morgan_Guilbert",1
"gender","American_actresses","Ann_Robinson",2
"gender","American_actresses","Ann_Sothern",1
"gender","American_actresses","AnnaLynne_McCord",1
"gender","American_actresses","Anne_Baxter",1
"gender","American_actresses","Anne_Francis",1
"gender","American_actresses","Anne_Heche",1
"gender","American_actresses","Anne_Meara",1
"gender","American_actresses","Anne_Revere",1
"gender","American_actresses","Annette_Charles",1
"gender","American_actresses","Annette_Funicello",2
"gender","American_actresses","Ariana_Grande",1
"gender","American_actresses","Ariel_Winter",1
"gender","American_actresses","Ashley_Argota",1
"gender","American_actresses","Ashley_Hinshaw",1
"gender","American_actresses","Ashley_Judd",4
"gender","American_actresses","Ashley_Laurence",1
"gender","American_actresses","Ashlynn_Yennie",1
"gender","American_actresses","Audra_McDonald",2
"gender","American_actresses","Audrey_Hepburn",9
"gender","American_actresses","Audrey_Landers",1
"gender","American_actresses","Aunjanue_Ellis",1
"gender","American_actresses","Ava_Gardner",5
"gender","American_actresses","Awkwafina",5
"gender","American_actresses","Bai_Ling",4
"gender","American_actresses","Barbara_Bach",1
"gender","American_actresses","Barbara_Bain",1
"gender","American_actresses","Barbara_Barrie",1
"gender","American_actresses","Barbara_Bel_Geddes",1
"gender","American_actresses","Barbara_Billingsley",1
"gender","American_actresses","Barbara_Bouchet",1
"gender","American_actresses","Barbara_Carrera",1
"gender","American_actresses","Barbara_Eden",2
"gender","American_actresses","Barbara_Hancock",1
"gender","American_actresses","Barbara_Hershey",1
"gender","American_actresses","Barbara_Kent",1
"gender","American_actresses","Barbara_Lawrence",1
"gender","American_actresses","Barbara_Rhoades",1
"gender","American_actresses","Barbara_Stanwyck",1
"gender","American_actresses","Barbara_Stock",1
"gender","American_actresses","Barbara_Tarbuck",1
"gender","American_actresses","Beatrice_Arthur",6
"gender","American_actresses","Bebe_Daniels",1
"gender","American_actresses","Bella_Jarrett",1
"gender","American_actresses","Bernadette_Peters",6
"gender","American_actresses","Beth_Grant",1
"gender","American_actresses","Beth_Maitland",1
"gender","American_actresses","Beth_Ostrosky",1
"gender","American_actresses","Bethany_Joy_Lenz",1
"gender","American_actresses","Betsy_Blair",1
"gender","American_actresses","Betsy_Palmer",2
"gender","American_actresses","Bette_Midler",2
"gender","American_actresses","Betty_Compson",3
"gender","American_actresses","Betty_Garrett",3
"gender","American_actresses","Betty_Thomas",1
"gender","American_actresses","Betty_White",1
"gender","American_actresses","Beverly_Archer",1
"gender","American_actresses","Billie_Burke",4
"gender","American_actresses","Billie_Dove",2
"gender","American_actresses","Blair_Brown",1
"gender","American_actresses","Blanche_Baker",1
"gender","American_actresses","Bonnie_Bartlett",1
"gender","American_actresses","Bonnie_Franklin",1
"gender","American_actresses","Bonnie_Hunt",3
"gender","American_actresses","Bonnie_Somerville",1
"gender","American_actresses","Bridget_Everett",3
"gender","American_actresses","Bridget_Moynahan",1
"gender","American_actresses","Brooke_Hogan",1
"gender","American_actresses","Bryce_Dallas_Howard",1
"gender","American_actresses","Camille_Winbush",1
"gender","American_actresses","Candace_Cameron_Bure",1
"gender","American_actresses","Candice_Bergen",2
"gender","American_actresses","Cara_Williams",1
"gender","American_actresses","Carey_Lowell",1
"gender","American_actresses","Carlin_Glynn",1
"gender","American_actresses","Carol_Burnett",7
"gender","American_actresses","Carol_Channing",2
"gender","American_actresses","Carol_Dempster",1
"gender","American_actresses","Carole_Cook",1
"gender","American_actresses","Carolyn_Jones",1
"gender","American_actresses","Carrie_Preston",1
"gender","American_actresses","Carrie_Underwood",1
"gender","American_actresses","Carroll_Baker",1
"gender","American_actresses","Casey_Wilson",1
"gender","American_actresses","Cassandra_Lee_Morris",1
"gender","American_actresses","Cassandra_Peterson",1
"gender","American_actresses","Catherine_Burns",1
"gender","American_actresses","Catherine_Oxenberg",1
"gender","American_actresses","Cathy_Lee_Crosby",1
"gender","American_actresses","Cathy_Moriarty",1
"gender","American_actresses","Cathy_Podewell",1
"gender","American_actresses","Charlotte_Rae",1
"gender","American_actresses","Chelsea_Kane",2
"gender","American_actresses","Cherami_Leigh",1
"gender","American_actresses","Cherry_Jones",1
"gender","American_actresses","Cheryl_Ladd",1
"gender","American_actresses","China_Anne_McClain",1
"gender","American_actresses","Chloe_Bridges",1
"gender","American_actresses","Chloe_Webb",1
"gender","American_actresses","Christina_Aguilera",2
"gender","American_actresses","Christina_Bennett_Lind",1
"gender","American_actresses","Christina_Ricci",1
"gender","American_actresses","Christine_Ebersole",1
"gender","American_actresses","Chyler_Leigh",1
"gender","American_actresses","Cloris_Leachman",1
"gender","American_actresses","Connie_Hines",1
"gender","American_actresses","Connie_Sellecca",1
"gender","American_actresses","Connie_Stevens",1
"gender","American_actresses","Constance_Bennett",2
"gender","American_actresses","Constance_Marie",1
"gender","American_actresses","Constance_McCashin",1
"gender","American_actresses","Corinne_Griffith",1
"gender","American_actresses","Cristin_Milioti",1
"gender","American_actresses","Cynthia_Gibb",1
"gender","American_actresses","Cynthia_Rhodes",1
"gender","American_actresses","Dana_Barron",1
"gender","American_actresses","Dana_Davis",1
"gender","American_actresses","Dana_Delany",1
"gender","American_actresses","Daniela_Melchior",1
"gender","American_actresses","Daniela_Sea",1
"gender","American_actresses","Darla_Hood",1
"gender","American_actresses","Debbie_Allen",2
"gender","American_actresses","Debbie_Gibson",1
"gender","American_actresses","Debbie_Reynolds",2
"gender","American_actresses","Deborah_Yates",1
"gender","American_actresses","Debra_Jo_Rupp",1
"gender","American_actresses","Debralee_Scott",1
"gender","American_actresses","Demi_Lovato",1
"gender","American_actresses","Denise_Richards",1
"gender","American_actresses","Diahann_Carroll",3
"gender","American_actresses","Diahnne_Abbott",1
"gender","American_actresses","Diana_Ross",6
"gender","American_actresses","Diane_Franklin",1
"gender","American_actresses","Diane_Keaton",3
"gender","American_actresses","Diane_Lane",1
"gender","American_actresses","Diane_McBain",1
"gender","American_actresses","Dinah_Shore",5
"gender","American_actresses","Dixie_Carter",2
"gender","American_actresses","Dolores_Moran",1
"gender","American_actresses","Donna_Murphy",1
"gender","American_actresses","Donna_Pescow",1
"gender","American_actresses","Donna_Reed",3
"gender","American_actresses","Doris_Belack",1
"gender","American_actresses","Doris_Day",6
"gender","American_actresses","Doris_Dowling",1
"gender","American_actresses","Doris_Roberts",1
"gender","American_actresses","Dorothy_Dandridge",3
"gender","American_actresses","Dorothy_Gish",1
"gender","American_actresses","Dorothy_Lamour",1
"gender","American_actresses","Dorothy_Lyman",1
"gender","American_actresses","Dorothy_Mackaill",1
"gender","American_actresses","Dorothy_Malone",1
"gender","American_actresses","Drew_Sidora",5
"gender","American_actresses","Dyan_Cannon",1
"gender","American_actresses","Eartha_Kitt",3
"gender","American_actresses","Eden_Sher",1
"gender","American_actresses","Edie_Adams",1
"gender","American_actresses","Edie_McClurg",1
"gender","American_actresses","Eileen_Davidson",1
"gender","American_actresses","Eileen_Heckart",2
"gender","American_actresses","Elaine_Hendrix",1
"gender","American_actresses","Elaine_Stewart",1
"gender","American_actresses","Eleanor_Boardman",1
"gender","American_actresses","Eleanor_Parker",2
"gender","American_actresses","Elena_Kampouris",2
"gender","American_actresses","Elisa_Donovan",1
"gender","American_actresses","Elizabeth_Banks",1
"gender","American_actresses","Elizabeth_Berkley",1
"gender","American_actresses","Elizabeth_Hartman",1
"gender","American_actresses","Elizabeth_Montgomery",1
"gender","American_actresses","Elizabeth_Taylor",1
"gender","American_actresses","Ella_Jay_Basco",1
"gender","American_actresses","Ellen_Greene",1
"gender","American_actresses","Emily_Meade",1
"gender","American_actresses","Emma_Caulfield",1
"gender","American_actresses","Emma_Fuhrmann",1
"gender","American_actresses","Erica_Gavin",1
"gender","American_actresses","Erica_Mendez",1
"gender","American_actresses","Erin_Chambers",1
"gender","American_actresses","Erin_Gray",1
"gender","American_actresses","Erykah_Badu",2
"gender","American_actresses","Estelle_Getty",1
"gender","American_actresses","Ethel_Barrymore",5
"gender","American_actresses","Ethel_Merman",2
"gender","American_actresses","Ethel_Waters",3
"gender","American_actresses","Eva_Gabor",1
"gender","American_actresses","Eva_Longoria",1
"gender","American_actresses","Evan_Rachel_Wood",1
"gender","American_actresses","Fairuza_Balk",1
"gender","American_actresses","Fay_Wray",1
"gender","American_actresses","Fiona_Dourif",1
"gender","American_actresses","Frances_Farmer",1
"gender","American_actresses","Gail_Russell",1
"gender","American_actresses","Gayle_Hunnicutt",1
"gender","American_actresses","Gene_Tierney",1
"gender","American_actresses","Gia_Scala",2
"gender","American_actresses","Gina_Gallego",1
"gender","American_actresses","Gina_Tognoni",1
"gender","American_actresses","Gina_Torres",1
"gender","American_actresses","Ginger_Rogers",3
"gender","American_actresses","Gladys_George",1
"gender","American_actresses","Gladys_Knight",6
"gender","American_actresses","Glenda_Farrell",3
"gender","American_actresses","Glenn_Close",1
"gender","American_actresses","Gloria_Grahame",1
"gender","American_actresses","Gloria_Swanson",2
"gender","American_actresses","Gloria_Votsis",1
"gender","American_actresses","Grace_Kelly",2
"gender","American_actresses","Grace_Lee_Whitney",1
"gender","American_actresses","Grace_Moore",4
"gender","American_actresses","Grace_Van_Patten",1
"gender","American_actresses","Greer_Garson",1
"gender","American_actresses","Greer_Grammer",1
"gender","American_actresses","Gretchen_Mol",1
"gender","American_actresses","Gwen_Lee",1
"gender","American_actresses","Gwyneth_Paltrow",1
"gender","American_actresses","Hailee_Steinfeld",1
"gender","American_actresses","Hallie_Todd",1
"gender","American_actresses","Harriet_Nelson",1
"gender","American_actresses","Harriet_Sansom_Harris",1
"gender","American_actresses","Hattie_McDaniel",3
"gender","American_actresses","Hayley_Kiyoko",1
"gender","American_actresses","Hazel_Shermet",1
"gender","American_actresses","Heather_Burns",1
"gender","American_actresses","Hedda_Hopper",3
"gender","American_actresses","Hedy_Lamarr",5
"gender","American_actresses","Helen_Hayes",5
"gender","American_actresses","Helen_Slater",2
"gender","American_actresses","Hilarie_Burton",1
"gender","American_actresses","Hilary_Duff",2
"gender","American_actresses","Holly_Hunter",1
"gender","American_actresses","Holly_Marie_Combs",1
"gender","American_actresses","Hudson_Leick",2
"gender","American_actresses","Hunter_Tylo",1
"gender","American_actresses","Ida_Lupino",2
"gender","American_actresses","Ilene_Kristen",1
"gender","American_actresses","Irene_Cara",3
"gender","American_actresses","Irene_Ryan",1
"gender","American_actresses","Isabel_Sanford",1
"gender","American_actresses","Jacqueline_Gadsden",1
"gender","American_actresses","Jaime_King",1
"gender","American_actresses","Jamie_Lee_Curtis",3
"gender","American_actresses","Jan_Sterling",1
"gender","American_actresses","Jane_Alexander",1
"gender","American_actresses","Jane_Badler",1
"gender","American_actresses","Jane_Cowl",3
"gender","American_actresses","Jane_Darwell",1
"gender","American_actresses","Jane_Elliot",1
"gender","American_actresses","Jane_Fonda",5
"gender","American_actresses","Jane_Kean",2
"gender","American_actresses","Jane_Krakowski",1
"gender","American_actresses","Jane_Powell",1
"gender","American_actresses","Jane_Russell",1
"gender","American_actresses","Jane_Wyatt",1
"gender","American_actresses","Jane_Wyman",2
"gender","American_actresses","Janet_Gaynor",2
"gender","American_actresses","Janet_Jackson",3
"gender","American_actresses","Janet_Leigh",2
"gender","American_actresses","Janet_Margolin",1
"gender","American_actresses","Janine_Turner",2
"gender","American_actresses","Janis_Paige",1
"gender","American_actresses","Jasmine_Cephas_Jones",1
"gender","American_actresses","Jasmine_Guy",1
"gender","American_actresses","Jayne_Bentzen",1
"gender","American_actresses","Jayne_Brook",1
"gender","American_actresses","Jayne_Mansfield",7
"gender","American_actresses","Jean_Acker",1
"gender","American_actresses","Jean_Arthur",3
"gender","American_actresses","Jean_Byron",1
"gender","American_actresses","Jean_Hagen",1
"gender","American_actresses","Jean_Harlow",3
"gender","American_actresses","Jean_Stapleton",1
"gender","American_actresses","Jeanne_Carmen",1
"gender","American_actresses","Jeanne_Cooper",2
"gender","American_actresses","Jeanne_Crain",1
"gender","American_actresses","Jeanne_Eagels",2
"gender","American_actresses","Jeannie_Berlin",2
"gender","American_actresses","Jena_Engstrom",1
"gender","American_actresses","Jennifer_Beals",1
"gender","American_actresses","Jennifer_Coolidge",3
"gender","American_actresses","Jennifer_Dundas",1
"gender","American_actresses","Jennifer_Esposito",1
"gender","American_actresses","Jennifer_Flavin",1
"gender","American_actresses","Jennifer_Gareis",1
"gender","American_actresses","Jennifer_Hudson",3
"gender","American_actresses","Jennifer_Jason_Leigh",1
"gender","American_actresses","Jennifer_Lawrence",1
"gender","American_actresses","Jennifer_Lopez",3
"gender","American_actresses","Jennifer_Love_Hewitt",1
"gender","American_actresses","Jennifer_Rhodes",1
"gender","American_actresses","Jennifer_Tilly",1
"gender","American_actresses","Jennifer_Warren",1
"gender","American_actresses","Jensen_Buchanan",1
"gender","American_actresses","Jeri_Ryan",1
"gender","American_actresses","Jess_Walton",1
"gender","American_actresses","Jessica_Cauffiel",1
"gender","American_actresses","Jessica_Harper",1
"gender","American_actresses","Jessica_Hecht",1
"gender","American_actresses","Jessica_Lange",2
"gender","American_actresses","Jessica_Leccia",1
"gender","American_actresses","Jessica_Simpson",1
"gender","American_actresses","Jessica_Tuck",1
"gender","American_actresses","Jill_Clayburgh",2
"gender","American_actresses","Jill_Marie_Jones",1
"gender","American_actresses","Jill_Scott",2
"gender","American_actresses","Jillian_Armenante",1
"gender","American_actresses","JoBeth_Williams",1
"gender","American_actresses","Joan_Caulfield",1
"gender","American_actresses","Joan_Collins",3
"gender","American_actresses","Joan_Crawford",6
"gender","American_actresses","Joan_Leslie",1
"gender","American_actresses","Joan_Lorring",2
"gender","American_actresses","Joan_Van_Ark",1
"gender","American_actresses","Joanna_Barnes",1
"gender","American_actresses","Joanna_Kerns",2
"gender","American_actresses","Joanna_Moore",1
"gender","American_actresses","Joanne_Dru",2
"gender","American_actresses","Jocelin_Donahue",1
"gender","American_actresses","Jodie_Foster",2
"gender","American_actresses","Jodie_Markell",1
"gender","American_actresses","Joey_Lauren_Adams",1
"gender","American_actresses","Jolene_Anderson",1
"gender","American_actresses","Jolene_Blalock",1
"gender","American_actresses","Jordana_Brewster",1
"gender","American_actresses","Jorja_Fox",1
"gender","American_actresses","Josephine_Hull",1
"gender","American_actresses","Josie_Loren",1
"gender","American_actresses","Juanita_Moore",1
"gender","American_actresses","Judith_Chapman",1
"gender","American_actresses","Judy_Garland",5
"gender","American_actresses","Judy_Gold",2
"gender","American_actresses","Judy_Holliday",1
"gender","American_actresses","Judy_Landers",1
"gender","American_actresses","Judy_Reyes",1
"gender","American_actresses","Julianne_Moore",2
"gender","American_actresses","Julianne_Phillips",1
"gender","American_actresses","Julie_Adams",1
"gender","American_actresses","Julie_Bowen",1
"gender","American_actresses","Julie_Carmen",1
"gender","American_actresses","Julie_Delpy",2
"gender","American_actresses","Julie_Marie_Berman",1
"gender","American_actresses","Justine_Bateman",1
"gender","American_actresses","Kaki_Hunter",1
"gender","American_actresses","Kali_Hawk",1
"gender","American_actresses","Karen_Black",2
"gender","American_actresses","Karen_Kopins",1
"gender","American_actresses","Karen_Malina_White",1
"gender","American_actresses","Karen_Steele",1
"gender","American_actresses","Karina_Lombard",1
"gender","American_actresses","Kate_Jackson",1
"gender","American_actresses","Kate_Linder",2
"gender","American_actresses","Kate_Mara",1
"gender","American_actresses","Katelyn_Tarver",1
"gender","American_actresses","Katharine_Hepburn",2
"gender","American_actresses","Katherine_Bailess",1
"gender","American_actresses","Kathleen_Beller",1
"gender","American_actresses","Kathleen_Freeman",2
"gender","American_actresses","Kathleen_Robertson",1
"gender","American_actresses","Kathleen_Turner",1
"gender","American_actresses","Kathryn_Hahn",1
"gender","American_actresses","Kathryn_Harrold",1
"gender","American_actresses","Kathryn_McGuire",1
"gender","American_actresses","Kathy_Griffin",3
"gender","American_actresses","Kathy_Ireland",4
"gender","American_actresses","Katie_Holmes",1
"gender","American_actresses","Katrina_Bowden",1
"gender","American_actresses","Kay_Francis",2
"gender","American_actresses","Kay_Medford",1
"gender","American_actresses","Kay_Panabaker",1
"gender","American_actresses","Kaye_Ballard",1
"gender","American_actresses","Keke_Palmer",1
"gender","American_actresses","Kelli_Giddish",1
"gender","American_actresses","Kellita_Smith",1
"gender","American_actresses","Kelly_Hu",1
"gender","American_actresses","Kelly_Jo_Minter",1
"gender","American_actresses","Kelly_Lynch",1
"gender","American_actresses","Kelly_McGillis",1
"gender","American_actresses","Khandi_Alexander",1
"gender","American_actresses","Kim_Delaney",1
"gender","American_actresses","Kim_Hunter",2
"gender","American_actresses","Kim_Kardashian",2
"gender","American_actresses","Kim_Raver",1
"gender","American_actresses","Kim_Stanley",1
"gender","American_actresses","Kimberly_Beck",1
"gender","American_actresses","Kimberly_Foster",1
"gender","American_actresses","Kira_Buckland",1
"gender","American_actresses","Krista_Allen",1
"gender","American_actresses","Kristanna_Loken",1
"gender","American_actresses","Kristin_Nelson",1
"gender","American_actresses","Kristine_Sutherland",1
"gender","American_actresses","L._Scott_Caldwell",1
"gender","American_actresses","LaTanya_Richardson",1
"gender","American_actresses","Lady_Gaga",4
"gender","American_actresses","Lainie_Kazan",1
"gender","American_actresses","Lara_Flynn_Boyle",1
"gender","American_actresses","Lara_Parker",1
"gender","American_actresses","Larisa_Oleynik",1
"gender","American_actresses","Laura_Kightlinger",1
"gender","American_actresses","Laura_Marano",1
"gender","American_actresses","Laura_Post",1
"gender","American_actresses","Laura_Ramsey",1
"gender","American_actresses","Laura_Slade_Wiggins",1
"gender","American_actresses","Lauren_Bacall",3
"gender","American_actresses","Lauren_Tom",1
"gender","American_actresses","Laurie_Holden",1
"gender","American_actresses","Laverne_Cox",1
"gender","American_actresses","Lea_Michele",1
"gender","American_actresses","Lee_Grant",1
"gender","American_actresses","Leisha_Hailey",1
"gender","American_actresses","Lela_Rochon",1
"gender","American_actresses","Lena_Dunham",1
"gender","American_actresses","Lena_Horne",1
"gender","American_actresses","Lesley_Ann_Warren",1
"gender","American_actresses","Leslie_Browne",1
"gender","American_actresses","Leslie_Charleson",1
"gender","American_actresses","Leslie_Parrish",1
"gender","American_actresses","Leslie_Silva",1
"gender","American_actresses","Lillian_Adams",1
"gender","American_actresses","Lillian_Roth",1
"gender","American_actresses","Lily_Collins",1
"gender","American_actresses","Lilyan_Tashman",1
"gender","American_actresses","Linda_Blair",1
"gender","American_actresses","Linda_Darnell",1
"gender","American_actresses","Linda_Evans",2
"gender","American_actresses","Linda_Lavin",2
"gender","American_actresses","Linda_Manz",1
"gender","American_actresses","Linda_Park",1
"gender","American_actresses","Lisa_Ann_Walter",1
"gender","American_actresses","Lisa_Edelstein",1
"gender","American_actresses","Lisa_Hartman",2
"gender","American_actresses","Lisa_Hartman_Black",1
"gender","American_actresses","Lisa_LoCicero",1
"gender","American_actresses","Lisa_Rinna",1
"gender","American_actresses","Lisa_Zane",1
"gender","American_actresses","Liv_Tyler",3
"gender","American_actresses","Liza_Minnelli",1
"gender","American_actresses","Lizabeth_Scott",2
"gender","American_actresses","Lola_Falana",14
"gender","American_actresses","Loretta_Devine",1
"gender","American_actresses","Loretta_Young",1
"gender","American_actresses","Lori_Beth_Denberg",1
"gender","American_actresses","Lori_Petty",1
"gender","American_actresses","Lorna_Luft",2
"gender","American_actresses","Louise_Brooks",3
"gender","American_actresses","Louise_Dresser",1
"gender","American_actresses","Louise_Lasser",1
"gender","American_actresses","Louise_Latham",1
"gender","American_actresses","Lourdes_Benedicto",1
"gender","American_actresses","Lucille_Ball",5
"gender","American_actresses","Lucille_Bremer",1
"gender","American_actresses","Lucy_Liu",1
"gender","American_actresses","Lynda_Day_George",2
"gender","American_actresses","Lynn_Carlin",1
"gender","American_actresses","Lynn_Whitfield",1
"gender","American_actresses","Lynne_Thigpen",1
"gender","American_actresses","Mabel_Normand",4
"gender","American_actresses","Mackenzie_Phillips",1
"gender","American_actresses","Madeline_Kahn",1
"gender","American_actresses","Madelyn_Deutch",1
"gender","American_actresses","Maeve_McGuire",1
"gender","American_actresses","Maeve_Quinlan",1
"gender","American_actresses","Maggie_Q",2
"gender","American_actresses","Maidie_Norman",1
"gender","American_actresses","Majel_Barrett",2
"gender","American_actresses","Mamie_Van_Doren",1
"gender","American_actresses","Mara_Corday",1
"gender","American_actresses","Marcia_Haufrecht",2
"gender","American_actresses","Marcia_Mae_Jones",4
"gender","American_actresses","Margaret_Avery",1
"gender","American_actresses","Margaret_Cho",2
"gender","American_actresses","Margaret_Lindsay",1
"gender","American_actresses","Margaret_Qualley",1
"gender","American_actresses","Margo_Martindale",1
"gender","American_actresses","Margot_Kidder",1
"gender","American_actresses","Margot_Rose",1
"gender","American_actresses","Marguerite_Churchill",1
"gender","American_actresses","Maria_Ford",2
"gender","American_actresses","Maria_Menounos",1
"gender","American_actresses","Maria_Pitillo",1
"gender","American_actresses","Mariah_Carey",3
"gender","American_actresses","Mariann_Aalda",1
"gender","American_actresses","Marianna_Hill",1
"gender","American_actresses","Marie_Dressler",5
"gender","American_actresses","Mariel_Hemingway",1
"gender","American_actresses","Mariette_Hartley",1
"gender","American_actresses","Marilyn_Maxwell",1
"gender","American_actresses","Marilyn_Monroe",2
"gender","American_actresses","Marjorie_Main",4
"gender","American_actresses","Marla_Gibbs",1
"gender","American_actresses","Marlene_Dietrich",2
"gender","American_actresses","Martha_Raye",5
"gender","American_actresses","Martine_Beswick",1
"gender","American_actresses","Mary_Astor",3
"gender","American_actresses","Mary_Badham",1
"gender","American_actresses","Mary_Beth_Evans",1
"gender","American_actresses","Mary_Beth_Hurt",1
"gender","American_actresses","Mary_Beth_Peil",1
"gender","American_actresses","Mary_Boland",1
"gender","American_actresses","Mary_Eaton",2
"gender","American_actresses","Mary_Elizabeth_Mastrantonio",2
"gender","American_actresses","Mary_Elizabeth_Winstead",2
"gender","American_actresses","Mary_Kay_Place",1
"gender","American_actresses","Mary_Louise_Wilson",1
"gender","American_actresses","Mary_Lynn_Rajskub",1
"gender","American_actresses","Mary_Pickford",5
"gender","American_actresses","Mary_Sinclair",1
"gender","American_actresses","Mary_Tyler_Moore",6
"gender","American_actresses","Mary_Wickes",1
"gender","American_actresses","Masiela_Lusha",1
"gender","American_actresses","Maureen_Stapleton",1
"gender","American_actresses","Meaghan_Jette_Martin",1
"gender","American_actresses","Meg_Ryan",1
"gender","American_actresses","Megan_Dodds",2
"gender","American_actresses","Megan_Mullally",1
"gender","American_actresses","Melissa_Claire_Egan",1
"gender","American_actresses","Melissa_Fumero",1
"gender","American_actresses","Melissa_Joan_Hart",1
"gender","American_actresses","Melissa_Rauch",1
"gender","American_actresses","Melody_Anderson",1
"gender","American_actresses","Melody_Thomas_Scott",1
"gender","American_actresses","Melonie_Diaz",1
"gender","American_actresses","Melora_Hardin",1
"gender","American_actresses","Meredith_Monroe",1
"gender","American_actresses","Meredith_Scott_Lynn",1
"gender","American_actresses","Meryl_Streep",3
"gender","American_actresses","Mia_Dillon",1
"gender","American_actresses","Mia_Farrow",1
"gender","American_actresses","Mia_Sara",1
"gender","American_actresses","Michael_Learned",1
"gender","American_actresses","Michaela_Conlin",1
"gender","American_actresses","Michele_Lee",1
"gender","American_actresses","Michelle_Pfeiffer",1
"gender","American_actresses","Michelle_Phillips",1
"gender","American_actresses","Michelle_Stafford",1
"gender","American_actresses","Mila_Kunis",1
"gender","American_actresses","Miley_Cyrus",3
"gender","American_actresses","Millie_Perkins",2
"gender","American_actresses","Mindy_Cohn",1
"gender","American_actresses","Miriam_Hopkins",1
"gender","American_actresses","Mischa_Barton",1
"gender","American_actresses","Mitzi_Gaynor",2
"gender","American_actresses","Mitzi_Kapture",1
"gender","American_actresses","Monique_Coleman",3
"gender","American_actresses","Monique_Van_Vooren",1
"gender","American_actresses","Moon_Bloodgood",1
"gender","American_actresses","Morena_Baccarin",1
"gender","American_actresses","Nana_Visitor",2
"gender","American_actresses","Nancy_Davis_Reagan",1
"gender","American_actresses","Nancy_Kelly",1
"gender","American_actresses","Nancy_Kovack",2
"gender","American_actresses","Nancy_Kwan",1
"gender","American_actresses","Nancy_Lee_Grahn",1
"gender","American_actresses","Nancy_Sinatra",2
"gender","American_actresses","Nancy_Walker",3
"gender","American_actresses","Nancy_Walters",1
"gender","American_actresses","Nanette_Fabray",1
"gender","American_actresses","Natalie_Hall",1
"gender","American_actresses","Natalie_Martinez",1
"gender","American_actresses","Natalie_Moorhead",1
"gender","American_actresses","Natalie_Portman",1
"gender","American_actresses","Natalie_Schafer",1
"gender","American_actresses","Natalie_Talmadge",1
"gender","American_actresses","Natalie_Wood",1
"gender","American_actresses","Natalie_Zea",1
"gender","American_actresses","Nichelle_Nichols",1
"gender","American_actresses","Nicki_Minaj",2
"gender","American_actresses","Nicole_Ari_Parker",1
"gender","American_actresses","Nicole_Beharie",1
"gender","American_actresses","Nina_Arvesen",2
"gender","American_actresses","Nina_Foch",1
"gender","American_actresses","Nina_Mae_McKinney",3
"gender","American_actresses","Nita_Naldi",1
"gender","American_actresses","Norma_Crane",1
"gender","American_actresses","Norma_Talmadge",1
"gender","American_actresses","Olivia_Luccardi",1
"gender","American_actresses","Olympia_Dukakis",1
"gender","American_actresses","Oona_Laurence",1
"gender","American_actresses","Oprah_Winfrey",8
"gender","American_actresses","Pamela_Anderson",1
"gender","American_actresses","Pamela_Bellwood",1
"gender","American_actresses","Patricia_Blair",1
"gender","American_actresses","Patricia_Collinge",2
"gender","American_actresses","Patricia_Elliott",1
"gender","American_actresses","Patricia_Neal",1
"gender","American_actresses","Patti_LuPone",2
"gender","American_actresses","Patty_Duke",3
"gender","American_actresses","Paula_Marshall",1
"gender","American_actresses","Paula_Prentiss",2
"gender","American_actresses","Pauley_Perrette",1
"gender","American_actresses","Pearl_Bailey",1
"gender","American_actresses","Peggie_Castle",1
"gender","American_actresses","Peggy_Ann_Garner",1
"gender","American_actresses","Peggy_Feury",1
"gender","American_actresses","Peggy_Lee",1
"gender","American_actresses","Peggy_Moran",1
"gender","American_actresses","Penelope_Ann_Miller",1
"gender","American_actresses","Penelope_Milford",1
"gender","American_actresses","Penny_Marshall",1
"gender","American_actresses","Phyllis_Diller",4
"gender","American_actresses","Pia_Zadora",1
"gender","American_actresses","Piper_Laurie",1
"gender","American_actresses","Priscilla_Dean",1
"gender","American_actresses","Priscilla_Lane",2
"gender","American_actresses","Priscilla_Presley",1
"gender","American_actresses","Queen_Latifah",8
"gender","American_actresses","Rachael_Leigh_Cook",1
"gender","American_actresses","Raquel_Welch",5
"gender","American_actresses","Rashida_Jones",1
"gender","American_actresses","Rebecca_De_Mornay",1
"gender","American_actresses","Rebecca_Gayheart",1
"gender","American_actresses","Rena_Sofer",1
"gender","American_actresses","Rhonda_Fleming",1
"gender","American_actresses","Ricki_Noel_Lander",1
"gender","American_actresses","Rita_Gam",1
"gender","American_actresses","Rita_Hayworth",5
"gender","American_actresses","Rita_Moreno",3
"gender","American_actresses","Rita_Wilson",2
"gender","American_actresses","Robin_Strasser",1
"gender","American_actresses","Robinne_Lee",1
"gender","American_actresses","Rochelle_Aytes",1
"gender","American_actresses","Roma_Downey",1
"gender","American_actresses","Rooney_Mara",1
"gender","American_actresses","Rosalind_Russell",2
"gender","American_actresses","Rose_Marie",2
"gender","American_actresses","Rose_McGowan",1
"gender","American_actresses","Rosemary_Clooney",3
"gender","American_actresses","Rosemary_Murphy",1
"gender","American_actresses","Rue_McClanahan",1
"gender","American_actresses","Ruth_Chatterton",1
"gender","American_actresses","Ruth_Gordon",1
"gender","American_actresses","Ruth_Roman",1
"gender","American_actresses","Sadie_Calvano",1
"gender","American_actresses","Sally_Forrest",2
"gender","American_actresses","Sally_Kellerman",1
"gender","American_actresses","Sally_Kirkland",1
"gender","American_actresses","Salma_Hayek",2
"gender","American_actresses","Sami_Gayle",1
"gender","American_actresses","Sandra_Dee",2
"gender","American_actresses","Sandra_Giles",1
"gender","American_actresses","Sandy_Johnson",1
"gender","American_actresses","Sara_Gilbert",1
"gender","American_actresses","Sara_Haden",2
"gender","American_actresses","Sara_Michael_Foster",1
"gender","American_actresses","Sara_Paxton",1
"gender","American_actresses","Sara_Ramirez",2
"gender","American_actresses","Sarah_Chalke",1
"gender","American_actresses","Sarah_Clarke",1
"gender","American_actresses","Sarah_Jessica_Parker",2
"gender","American_actresses","Sarah_Silverman",1
"gender","American_actresses","Sarah_Sokolovic",1
"gender","American_actresses","Scarlett_Johansson",1
"gender","American_actresses","Sean_Young",1
"gender","American_actresses","Season_Hubley",1
"gender","American_actresses","Selena_Gomez",2
"gender","American_actresses","Shannon_Elizabeth",1
"gender","American_actresses","Shari_Headley",1
"gender","American_actresses","Sharon_Case",1
"gender","American_actresses","Sharon_Farrell",2
"gender","American_actresses","Sharon_Stone",1
"gender","American_actresses","Shelley_Hack",1
"gender","American_actresses","Shelley_Morrison",1
"gender","American_actresses","Shelley_Winters",2
"gender","American_actresses","Shera_Danese",1
"gender","American_actresses","Sherilyn_Fenn",2
"gender","American_actresses","Sheryl_Lee",1
"gender","American_actresses","Shirley_Booth",1
"gender","American_actresses","Shirley_Knight",1
"gender","American_actresses","Shirley_MacLaine",1
"gender","American_actresses","Shirley_Temple",4
"gender","American_actresses","Simenona_Martinez",1
"gender","American_actresses","Sissy_Spacek",1
"gender","American_actresses","Soleil_Moon_Frye",1
"gender","American_actresses","Sonja_Sohn",1
"gender","American_actresses","Sophia_Takal",1
"gender","American_actresses","Staci_Keanan",1
"gender","American_actresses","Stana_Katic",1
"gender","American_actresses","Stella_Stevens",1
"gender","American_actresses","Stephanie_Courtney",1
"gender","American_actresses","Stephanie_Niznik",1
"gender","American_actresses","Stephanie_Zimbalist",1
"gender","American_actresses","Storm_Reid",1
"gender","American_actresses","Sue_Carol",5
"gender","American_actresses","Susan_Flannery",1
"gender","American_actresses","Susan_Hayward",2
"gender","American_actresses","Susan_Oliver",2
"gender","American_actresses","Susan_Peters",1
"gender","American_actresses","Susan_Saint_James",1
"gender","American_actresses","Susan_Seaforth_Hayes",1
"gender","American_actresses","Susan_Ward",1
"gender","American_actresses","Sutton_Foster",1
"gender","American_actresses","Suzanne_Pleshette",2
"gender","American_actresses","Suzanne_Rogers",1
"gender","American_actresses","Suzanne_Somers",1
"gender","American_actresses","Suzanne_Whang",1
"gender","American_actresses","Suzy_Parker",3
"gender","American_actresses","Sydney_Tamiia_Poitier",1
"gender","American_actresses","Sylvia_Sidney",1
"gender","American_actresses","Takayo_Fischer",1
"gender","American_actresses","Talia_Balsam",1
"gender","American_actresses","Tara_Buck",1
"gender","American_actresses","Tara_Reid",1
"gender","American_actresses","Tarantula_Ghoul",4
"gender","American_actresses","Tasha_Smith",1
"gender","American_actresses","Tawny_Cypress",2
"gender","American_actresses","Taylor_Cole",1
"gender","American_actresses","Thelma_Carpenter",1
"gender","American_actresses","Theresa_Merritt",1
"gender","American_actresses","Thora_Birch",1
"gender","American_actresses","Tiffany_Dupont",1
"gender","American_actresses","Tina_Turner",5
"gender","American_actresses","Tonya_Lee_Williams",1
"gender","American_actresses","Tura_Satana",3
"gender","American_actresses","Uma_Thurman",3
"gender","American_actresses","Valarie_Pettiford",1
"gender","American_actresses","Vanessa_Bell_Calloway",1
"gender","American_actresses","Vanessa_Brown",1
"gender","American_actresses","Vanessa_Lee_Chester",1
"gender","American_actresses","Veronica_Hamel",1
"gender","American_actresses","Vicki_Lewis",1
"gender","American_actresses","Victoria_Dillard",1
"gender","American_actresses","Victoria_Jackson",1
"gender","American_actresses","Victoria_Vetri",1
"gender","American_actresses","Viola_Davis",1
"gender","American_actresses","Virginia_Grey",1
"gender","American_actresses","Virginia_Mayo",1
"gender","American_actresses","Virginia_Weidler",1
"gender","American_actresses","Wanda_Hawley",1
"gender","American_actresses","Wanda_Sykes",1
"gender","American_actresses","Whitney_Houston",6
"gender","American_actresses","Whoopi_Goldberg",2
"gender","American_actresses","Yeardley_Smith",1
"gender","American_actresses","Yvette_Freeman",1
"gender","American_actresses","Yvette_Nicole_Brown",1
"gender","American_actresses","Yvette_Vickers",1
"gender","American_actresses","Yvonne_De_Carlo",3
"gender","American_actresses","Zasu_Pitts",1
"gender","American_actresses","Zoe_Saldana",1
"gender","American_actresses","Zsa_Zsa_Gabor",1
"gender","American_actresses","Zulay_Henao",1
"political","anarchism","Anarchism",30
"political","anarchism","Anarchism_and_Other_Essays",1
"political","anarchism","Anarchism_and_education",2
"political","anarchism","Anarchism_and_nationalism",1
"political","anarchism","Anarchism_and_violence",1
"political","anarchism","Anarchism_in_Africa",1
"political","anarchism","Anarchism_in_Algeria",1
"political","anarchism","Anarchism_in_Argentina",1
"political","anarchism","Anarchism_in_Australia",1
"political","anarchism","Anarchism_in_Belarus",1
"political","anarchism","Anarchism_in_Bolivia",1
"political","anarchism","Anarchism_in_Canada",1
"political","anarchism","Anarchism_in_China",1
"political","anarchism","Anarchism_in_Ecuador",1
"political","anarchism","Anarchism_in_Egypt",1
"political","anarchism","Anarchism_in_France",2
"political","anarchism","Anarchism_in_French_Guiana",1
"political","anarchism","Anarchism_in_Germany",2
"political","anarchism","Anarchism_in_Greece",2
"political","anarchism","Anarchism_in_India",1
"political","anarchism","Anarchism_in_Japan",3
"political","anarchism","Anarchism_in_Korea",1
"political","anarchism","Anarchism_in_Mexico",2
"political","anarchism","Anarchism_in_New_Zealand",2
"political","anarchism","Anarchism_in_Poland",1
"political","anarchism","Anarchism_in_Romania",1
"political","anarchism","Anarchism_in_Russia",1
"political","anarchism","Anarchism_in_South_Africa",1
"political","anarchism","Anarchism_in_Spain",3
"political","anarchism","Anarchism_in_Turkey",1
"political","anarchism","Anarchism_in_Venezuela",1
"political","anarchism","Anarchism_in_the_Czech_Republic",1
"political","anarchism","Anarchism_in_the_United_States",3
"political","anarchism","Anarchism_without_adjectives",2
"political","anarchism","Anarchy",9
"political","anarchism","Black_anarchism",3
"political","anarchism","Christian_anarchism",1
"political","anarchism","Collectivist_anarchism",5
"political","anarchism","Contemporary_anarchism",4
"political","anarchism","Criticism_of_anarchism",1
"political","anarchism","Egoist_anarchism",1
"political","anarchism","Epistemological_anarchism",1
"political","anarchism","Expropriative_anarchism",1
"political","anarchism","Free-market_anarchism",2
"political","anarchism","Green_anarchism",2
"political","anarchism","History_of_anarchism",1
"political","anarchism","Independence_anarchism",2
"political","anarchism","Individualist_anarchism",18
"political","anarchism","Individualist_anarchism_in_Europe",1
"political","anarchism","Individualist_anarchism_in_France",1
"political","anarchism","Individualist_anarchism_in_the_United_States",2
"political","anarchism","Insurrectionary_anarchism",1
"political","anarchism","Jewish_anarchism",1
"political","anarchism","Left-wing_market_anarchism",1
"political","anarchism","Philosophical_anarchism",5
"political","anarchism","Post-Scarcity_Anarchism",1
"political","anarchism","Post-colonial_anarchism",4
"political","anarchism","Post-left_anarchy",3
"political","anarchism","Queer_anarchism",1
"political","anarchism","Religious_anarchism",1
"political","anarchism","Social_anarchism",8
"political","anarchism","Synthesis_anarchism",1
"political","capitalism","Black_capitalism",6
"political","capitalism","Capitalism",31
"political","capitalism","Criticism_of_capitalism",2
"political","capitalism","Democratic_capitalism",6
"political","capitalism","East_Asian_model_of_capitalism",2
"political","capitalism","Heroic_capitalism",1
"political","capitalism","History_of_capitalism",2
"political","capitalism","Laissez-faire_capitalism",1
"political","capitalism","Pink_capitalism",2
"political","capitalism","Regulatory_capitalism",2
"political","capitalism","Rhine_capitalism",1
"political","capitalism","State_capitalism",12
"political","capitalism","Sustainable_capitalism",7
"political","capitalism","Welfare_capitalism",13
"political","communism","Anarchist_communism",6
"political","communism","Barracks_communism",1
"political","communism","Christian_communism",3
"political","communism","Communism",37
"political","communism","Communism_in_Colombia",1
"political","communism","Communism_in_India",1
"political","communism","Communism_in_Kerala",1
"political","communism","Communism_in_Nepal",1
"political","communism","Communism_in_Poland",1
"political","communism","Communism_in_Quebec",1
"political","communism","Communism_in_Sumatra",1
"political","communism","Communism_in_Vietnam",1
"political","communism","Communism_in_the_Philippines",1
"political","communism","Communist_society",5
"political","communism","Communist_state",23
"political","communism","Council_communism",14
"political","communism","History_of_communism",5
"political","communism","Left_communism",4
"political","communism","Libertarian_communism",3
"political","communism","National_Communism_in_Romania",1
"political","communism","National_communism",3
"political","communism","Nihilist_communism",1
"political","communism","Pre-Marxist_communism",1
"political","communism","Primitive_communism",1
"political","communism","Religious_communism",3
"political","communism","Scientific_communism",2
"political","communism","War_communism",4
"political","communism","World_communism",5
"political","conservatism","Black_conservatism",2
"political","conservatism","Black_conservatism_in_the_United_States",1
"political","conservatism","Civic_conservatism",4
"political","conservatism","Compassionate_conservatism",2
"political","conservatism","Conservatism",25
"political","conservatism","Conservatism_in_Australia",2
"political","conservatism","Conservatism_in_Canada",2
"political","conservatism","Conservatism_in_Germany",1
"political","conservatism","Conservatism_in_Hong_Kong",1
"political","conservatism","Conservatism_in_India",1
"political","conservatism","Conservatism_in_Latin_America",1
"political","conservatism","Conservatism_in_North_America",1
"political","conservatism","Conservatism_in_Pakistan",2
"political","conservatism","Conservatism_in_Russia",1
"political","conservatism","Conservatism_in_South_Korea",1
"political","conservatism","Conservatism_in_Turkey",1
"political","conservatism","Conservatism_in_the_United_Kingdom",1
"political","conservatism","Cultural_conservatism",3
"political","conservatism","Fiscal_conservatism",5
"political","conservatism","Green_conservatism",3
"political","conservatism","LGBT_conservatism",1
"political","conservatism","Liberal_conservatism",8
"political","conservatism","Liberalism_and_conservatism_in_Latin_America",1
"political","conservatism","Libertarian_conservatism",4
"political","conservatism","National_conservatism",3
"political","conservatism","One-nation_conservatism",2
"political","conservatism","Paternalistic_conservatism",1
"political","conservatism","Progressive_conservatism",1
"political","conservatism","Social_conservatism",6
"political","conservatism","Social_conservatism_in_the_United_States",1
"political","conservatism","Traditionalist_conservatism",3
"political","conservatism","Traditionalist_conservatism_in_the_United_States",1
"political","democracy","Alliance_for_Direct_Democracy_in_Europe",1
"political","democracy","Anticipatory_democracy",1
"political","democracy","Associative_democracy",2
"political","democracy","Athenian_democracy",7
"political","democracy","Authoritarian_democracy",6
"political","democracy","Belarusian_Christian_Democracy",1
"political","democracy","Bourgeois_democracy",1
"political","democracy","Buddhism_and_democracy",2
"political","democracy","China_Association_for_Promoting_Democracy",1
"political","democracy","Christian_democracy",6
"political","democracy","Christian_democracy_in_the_Netherlands",3
"political","democracy","Committees_of_Correspondence_for_Democracy_and_Socialism",1
"political","democracy","Consensus_democracy",2
"political","democracy","Conservative_democracy",1
"political","democracy","Cosmopolitan_democracy",4
"political","democracy","Criticism_of_democracy",2
"political","democracy","Defensive_democracy",2
"political","democracy","Delegative_democracy",6
"political","democracy","Deliberative_democracy",12
"political","democracy","Democracy_and_economic_growth",1
"political","democracy","Democracy_in_Bangladesh",1
"political","democracy","Democracy_in_Pakistan",1
"political","democracy","Democracy_promotion",4
"political","democracy","Direct_democracy",15
"political","democracy","Economic_democracy",20
"political","democracy","Empowered_democracy",2
"political","democracy","Ethnic_democracy",3
"political","democracy","For_Social_Democracy",1
"political","democracy","Freedom_and_Direct_Democracy",2
"political","democracy","Grassroots_democracy",1
"political","democracy","Guided_democracy",1
"political","democracy","Herrenvolk_democracy",1
"political","democracy","Illiberal_democracy",2
"political","democracy","Inclusive_Democracy",16
"political","democracy","Inclusive_democracy",16
"political","democracy","Industrial_democracy",5
"political","democracy","Interactive_democracy",4
"political","democracy","Islam_and_democracy",1
"political","democracy","Islamic_democracy",1
"political","democracy","Jacksonian_democracy",3
"political","democracy","Jeffersonian_democracy",6
"political","democracy","Liberal_democracy",7
"political","democracy","Liquid_democracy",12
"political","democracy","Media_democracy",10
"political","democracy","Movement_for_Social_Democracy",1
"political","democracy","National_Democracy",4
"political","democracy","National_League_for_Democracy",2
"political","democracy","New_Democracy",6
"political","democracy","New_Gibraltar_Democracy",1
"political","democracy","Parliamentary_democracy",1
"political","democracy","Participatory_democracy",9
"political","democracy","Pluralist_democracy",2
"political","democracy","Popular_democracy",2
"political","democracy","Procedural_democracy",2
"political","democracy","Racial_democracy",3
"political","democracy","Radical_democracy",16
"political","democracy","Religious_democracy",1
"political","democracy","Representative_democracy",2
"political","democracy","Semi-direct_democracy",3
"political","democracy","Social_Democracy_and_Progress",1
"political","democracy","Social_Democracy_of_America",3
"political","democracy","Social_Democracy_of_Poland",1
"political","democracy","Social_democracy",50
"political","democracy","Sovereign_democracy",7
"political","democracy","Soviet_democracy",9
"political","democracy","Substantive_democracy",4
"political","democracy","Totalitarian_democracy",4
"political","democracy","Types_of_democracy",4
"political","democracy","Waves_of_democracy",1
"political","democracy","Workplace_democracy",6
"political","fascism","British_Fascism",5
"political","fascism","British_fascism",5
"political","fascism","Classical_Fascism",1
"political","fascism","Clerical_fascism",2
"political","fascism","Fascism",49
"political","fascism","Fascism_in_Africa",1
"political","fascism","Fascism_in_Asia",1
"political","fascism","Fascism_in_Canada",1
"political","fascism","Fascism_in_Europe",3
"political","fascism","Fascism_in_New_Zealand",1
"political","fascism","Fascism_in_North_America",1
"political","fascism","Fascism_in_South_America",1
"political","fascism","Feudal_fascism",2
"political","fascism","Grand_Council_of_Fascism",1
"political","fascism","Italian_Fascism",13
"political","fascism","Italy_under_fascism",1
"political","fascism","Japanese_fascism",1
"political","fascism","Left-wing_fascism",2
"political","fascism","Refuse_Fascism",14
"political","fascism","Social_fascism",3
"political","fascism","The_Doctrine_of_Fascism",5
"political","fascism","Tropical_fascism",1
"political","fascism","Unite_Against_Fascism",1
"political","left-wing","American_Left",4
"political","left-wing","Anti-Stalinist_left",2
"political","left-wing","Centre-left_politics",2
"political","left-wing","Chinese_New_Left",3
"political","left-wing","Christian_left",7
"political","left-wing","Democratic_Left_Alliance",1
"political","left-wing","Evangelical_left",4
"political","left-wing","Far-left_politics",2
"political","left-wing","Far-left_politics_in_the_United_Kingdom",1
"political","left-wing","French_Left",1
"political","left-wing","Historical_Far_Left",1
"political","left-wing","Historical_Left",1
"political","left-wing","Italian_Left",1
"political","left-wing","Jewish_left",2
"political","left-wing","Left-wing_fascism",2
"political","left-wing","Left-wing_market_anarchism",1
"political","left-wing","Left-wing_nationalism",5
"political","left-wing","Left-wing_politics",1
"political","left-wing","Left-wing_populism",1
"political","left-wing","Left-wing_terrorism",6
"political","left-wing","Left-wing_uprisings_against_the_Bolsheviks",1
"political","left-wing","Left_Bloc",2
"political","left-wing","Left_Opposition",5
"political","left-wing","Left_Shachtmanism",1
"political","left-wing","Left_Socialist-Revolutionaries",1
"political","left-wing","Left_communism",4
"political","left-wing","List_of_left-wing_rebel_groups",1
"political","left-wing","New_Left",38
"political","left-wing","New_Left_in_China",1
"political","left-wing","New_Left_in_Japan",1
"political","left-wing","Old_Left",3
"political","left-wing","Party_of_the_European_Left",1
"political","left-wing","Regressive_left",4
"political","left-wing","Spiritual_left",2
"political","liberalism","Agonistic_liberalism",1
"political","liberalism","Classical_liberalism",6
"political","liberalism","Conservative_liberalism",4
"political","liberalism","Constitutional_liberalism",2
"political","liberalism","Cultural_liberalism",1
"political","liberalism","Democratic_liberalism",2
"political","liberalism","Economic_liberalism",8
"political","liberalism","Gladstonian_liberalism",3
"political","liberalism","Green_liberalism",5
"political","liberalism","Liberalism",21
"political","liberalism","Liberalism_and_conservatism_in_Latin_America",1
"political","liberalism","Liberalism_and_progressivism_within_Islam",1
"political","liberalism","Liberalism_and_radicalism_in_France",1
"political","liberalism","Liberalism_in_Australia",1
"political","liberalism","Liberalism_in_Austria",1
"political","liberalism","Liberalism_in_China",1
"political","liberalism","Liberalism_in_Egypt",1
"political","liberalism","Liberalism_in_Germany",2
"political","liberalism","Liberalism_in_Honduras",1
"political","liberalism","Liberalism_in_Iran",1
"political","liberalism","Liberalism_in_Mexico",1
"political","liberalism","Liberalism_in_Nigeria",1
"political","liberalism","Liberalism_in_Poland",1
"political","liberalism","Liberalism_in_Portugal",1
"political","liberalism","Liberalism_in_Serbia",1
"political","liberalism","Liberalism_in_South_Africa",1
"political","liberalism","Liberalism_in_Tunisia",1
"political","liberalism","Liberalism_in_Uruguay",1
"political","liberalism","Liberalism_in_the_Netherlands",2
"political","liberalism","Liberalism_in_the_United_States",1
"political","liberalism","Modern_liberalism_in_the_United_States",1
"political","liberalism","Muscular_liberalism",1
"political","liberalism","National_liberalism",3
"political","liberalism","Neoclassical_liberalism",1
"political","liberalism","Religious_liberalism",3
"political","liberalism","Secular_liberalism",2
"political","liberalism","Social_liberalism",6
"political","nationalism","African_nationalism",8
"political","nationalism","Afrikaner_nationalism",2
"political","nationalism","Albanian_nationalism",15
"political","nationalism","Algerian_nationalism",1
"political","nationalism","American_nationalism",2
"political","nationalism","Anarchism_and_nationalism",1
"political","nationalism","Arab_nationalism",10
"political","nationalism","Argentine_nationalism",1
"political","nationalism","Armenian_nationalism",4
"political","nationalism","Assyrian_nationalism",1
"political","nationalism","Australian_nationalism",2
"political","nationalism","Austrian_nationalism",2
"political","nationalism","Azerbaijani_nationalism",2
"political","nationalism","Banal_nationalism",5
"political","nationalism","Basque_nationalism",4
"political","nationalism","Bavarian_nationalism",2
"political","nationalism","Belgian_nationalism",2
"political","nationalism","Bengali_nationalism",2
"political","nationalism","Black_nationalism",9
"political","nationalism","Blind_nationalism",1
"political","nationalism","Bourgeois_nationalism",1
"political","nationalism","Brazilian_nationalism",1
"political","nationalism","Breton_nationalism",4
"political","nationalism","British_nationalism",4
"political","nationalism","Business_nationalism",2
"political","nationalism","Canadian_nationalism",5
"political","nationalism","Canarian_nationalism",1
"political","nationalism","Catalan_nationalism",5
"political","nationalism","Chinese_nationalism",22
"political","nationalism","Christian_nationalism",11
"political","nationalism","Circassian_nationalism",2
"political","nationalism","Civic_nationalism",2
"political","nationalism","Cornish_nationalism",1
"political","nationalism","Corporate_nationalism",2
"political","nationalism","Corsican_nationalism",3
"political","nationalism","Croatian_nationalism",5
"political","nationalism","Cultural_nationalism",2
"political","nationalism","Cypriot_nationalism",3
"political","nationalism","Czech_nationalism",3
"political","nationalism","Dravidian_nationalism",3
"political","nationalism","Economic_nationalism",1
"political","nationalism","English_nationalism",3
"political","nationalism","Estonian_nationalism",1
"political","nationalism","Ethiopian_nationalism",2
"political","nationalism","Ethnic_nationalism",5
"political","nationalism","Expansionist_nationalism",2
"political","nationalism","Filipino_nationalism",1
"political","nationalism","French_nationalism",6
"political","nationalism","Galician_nationalism",2
"political","nationalism","Georgian_nationalism",3
"political","nationalism","German_nationalism",9
"political","nationalism","Golus_nationalism",1
"political","nationalism","Greek_nationalism",3
"political","nationalism","Hindu_nationalism",2
"political","nationalism","Hungarian_nationalism",1
"political","nationalism","Indian_nationalism",4
"political","nationalism","Integral_nationalism",3
"political","nationalism","Iranian_nationalism",5
"political","nationalism","Irish_nationalism",6
"political","nationalism","Italian_nationalism",15
"political","nationalism","Japanese_nationalism",1
"political","nationalism","Khmer_nationalism",1
"political","nationalism","Korean_ethnic_nationalism",1
"political","nationalism","Korean_nationalism",4
"political","nationalism","Kurdish_nationalism",3
"political","nationalism","Lebanese_nationalism",2
"political","nationalism","Left-wing_nationalism",5
"political","nationalism","Liberal_nationalism",1
"political","nationalism","Macedonian_nationalism",4
"political","nationalism","Montenegrin_nationalism",4
"political","nationalism","Musical_nationalism",9
"political","nationalism","Muslim_nationalism_in_South_Asia",1
"political","nationalism","Nationalism",62
"political","nationalism","Nationalism_and_gender",3
"political","nationalism","Nationalism_studies",1
"political","nationalism","Nigerian_nationalism",3
"political","nationalism","Norwegian_romantic_nationalism",1
"political","nationalism","Occitan_nationalism",3
"political","nationalism","Padanian_nationalism",1
"political","nationalism","Pakistani_nationalism",4
"political","nationalism","Palestinian_nationalism",2
"political","nationalism","Polish_nationalism",4
"political","nationalism","Punjabi_nationalism",3
"political","nationalism","Quebec_nationalism",8
"political","nationalism","Queer_nationalism",2
"political","nationalism","Racial_nationalism",1
"political","nationalism","Radical_nationalism",2
"political","nationalism","Religious_nationalism",4
"political","nationalism","Resource_nationalism",4
"political","nationalism","Revolutionary_nationalism",3
"political","nationalism","Romantic_nationalism",7
"political","nationalism","Russian_nationalism",7
"political","nationalism","Sardinian_nationalism",2
"political","nationalism","Scottish_nationalism",1
"political","nationalism","Serbian_nationalism",5
"political","nationalism","Sinhalese_Buddhist_nationalism",1
"political","nationalism","Slovak_nationalism",2
"political","nationalism","Somali_nationalism",1
"political","nationalism","South_Island_nationalism",1
"political","nationalism","Soviet_nationalism",1
"political","nationalism","Spanish_nationalism",7
"political","nationalism","Taiwanese_nationalism",2
"political","nationalism","Tamil_nationalism",2
"political","nationalism","Technological_nationalism",3
"political","nationalism","Territorial_nationalism",4
"political","nationalism","Tibetan_nationalism",1
"political","nationalism","Turkish_nationalism",1
"political","nationalism","Types_of_nationalism",1
"political","nationalism","Ukrainian_nationalism",4
"political","nationalism","Ulster_nationalism",4
"political","nationalism","Uyghur_nationalism",5
"political","nationalism","Valencian_nationalism",1
"political","nationalism","Vietnamese_nationalism",3
"political","nationalism","Welsh_nationalism",2
"political","nationalism","White_nationalism",5
"political","populism","Black_populism",5
"political","populism","Left-wing_populism",1
"political","populism","Market_populism",1
"political","populism","National_populism",1
"political","populism","Penal_populism",4
"political","populism","Populism",38
"political","populism","Populism_in_Canada",1
"political","populism","Populism_in_Latin_America",2
"political","populism","Right-wing_populism",6
"political","right-wing","Centre-right_politics",2
"political","right-wing","Christian_right",28
"political","right-wing","Congress_of_the_New_Right",6
"political","right-wing","Far-right_politics",1
"political","right-wing","Far-right_social_centres",1
"political","right-wing","Far-right_subcultures",1
"political","right-wing","Far-right_terrorism",1
"political","right-wing","Historical_Right",2
"political","right-wing","New_Right",16
"political","right-wing","Right-wing_authoritarianism",3
"political","right-wing","Right-wing_dictatorship",2
"political","right-wing","Right-wing_politics",1
"political","right-wing","Right-wing_populism",6
"political","right-wing","Right-wing_terrorism",4
"political","right-wing","Right_Opposition",5
"political","right-wing","Right_realism",3
"political","socialism","African_socialism",2
"political","socialism","Agrarian_socialism",1
"political","socialism","Arab_socialism",6
"political","socialism","Austrian_National_Socialism",1
"political","socialism","Authoritarian_socialism",4
"political","socialism","Bourgeois_socialism",1
"political","socialism","Buddhist_socialism",1
"political","socialism","Burmese_Way_to_Socialism",5
"political","socialism","Christian_socialism",2
"political","socialism","Committees_of_Correspondence_for_Democracy_and_Socialism",1
"political","socialism","Conservative_socialism",2
"political","socialism","Criticism_of_socialism",1
"political","socialism","Democratic_socialism",29
"political","socialism","Ethical_socialism",5
"political","socialism","Freedom_and_Socialism_Party",1
"political","socialism","Gandhian_socialism",5
"political","socialism","Guild_socialism",3
"political","socialism","History_of_socialism",1
"political","socialism","Islamic_socialism",2
"political","socialism","Liberal_socialism",8
"political","socialism","Libertarian_socialism",11
"political","socialism","Market_socialism",15
"political","socialism","Melanesian_socialism",3
"political","socialism","Municipal_socialism",4
"political","socialism","National_Socialism_Association",1
"political","socialism","Party_for_Socialism_and_Liberation",1
"political","socialism","Popular_socialism",1
"political","socialism","Prussian_socialism",2
"political","socialism","Real_socialism",5
"political","socialism","Religious_socialism",1
"political","socialism","Revolutionary_socialism",6
"political","socialism","Ricardian_socialism",1
"political","socialism","Scientific_socialism",2
"political","socialism","Socialism",48
"political","socialism","Socialism_in_Australia",2
"political","socialism","Socialism_in_Bangladesh",1
"political","socialism","Socialism_in_Canada",1
"political","socialism","Socialism_in_Hong_Kong",1
"political","socialism","Socialism_in_India",1
"political","socialism","Socialism_in_Iran",1
"political","socialism","Socialism_in_New_Zealand",6
"political","socialism","Socialism_in_One_Country",8
"political","socialism","Socialism_in_Pakistan",1
"political","socialism","Socialism_in_Sri_Lanka",1
"political","socialism","Socialism_in_Tunisia",1
"political","socialism","Socialism_in_one_country",8
"political","socialism","Socialism_of_the_21st_century",3
"political","socialism","Socialism_with_Chinese_characteristics",2
"political","socialism","Socialism_with_a_human_face",1
"political","socialism","Socialist_patriotism",9
"political","socialism","Socialist_state",7
"political","socialism","State_socialism",9
"political","socialism","Third_World_socialism",2
"political","socialism","Tory_socialism",1
"political","socialism","Types_of_socialism",1
"political","socialism","Utopian_socialism",3
"political","socialism","Voluntary_Socialism",2
"political","socialism","Yellow_socialism",5
"profession","artistic_occupations","Animator",4
"profession","artistic_occupations","Architect",31
"profession","artistic_occupations","Art",91
"profession","artistic_occupations","Artisan",7
"profession","artistic_occupations","Arts_administration",9
"profession","artistic_occupations","Baker",18
"profession","artistic_occupations","Chief_creative_officer",2
"profession","artistic_occupations","Colorist",6
"profession","artistic_occupations","Concept_Artist",8
"profession","artistic_occupations","Curator",21
"profession","artistic_occupations","Dancer",9
"profession","artistic_occupations","Design_director",5
"profession","artistic_occupations","Essayist",2
"profession","artistic_occupations","Graphic_designer",11
"profession","artistic_occupations","Hairstylist",2
"profession","artistic_occupations","Illustrator",5
"profession","artistic_occupations","Interior_designer",14
"profession","artistic_occupations","Lyricist",4
"profession","artistic_occupations","Musician",6
"profession","artistic_occupations","Penciller",4
"profession","artistic_occupations","Photographer",7
"profession","artistic_occupations","Photojournalist",8
"profession","artistic_occupations","Pottery",42
"profession","artistic_occupations","Production_designer",5
"profession","artistic_occupations","Sculptor",12
"profession","artistic_occupations","Set_decorator",7
"profession","artistic_occupations","Set_dresser",5
"profession","artistic_occupations","Singer",24
"profession","artistic_occupations","Tattoo_artist",2
"profession","artistic_occupations","Web_designer",6
"profession","artistic_occupations","Wedding_planner",2
"profession","artistic_occupations","Writer",54
"profession","computer_occupations","A/B_testing",7
"profession","computer_occupations","Application_analyst",5
"profession","computer_occupations","Business_analyst",4
"profession","computer_occupations","Computer_operator",5
"profession","computer_occupations","Computer_repair_technician",5
"profession","computer_occupations","Computer_scientist",5
"profession","computer_occupations","Data_entry_clerk",4
"profession","computer_occupations","Data_scientist",8
"profession","computer_occupations","Data_visualization",13
"profession","computer_occupations","Database_administrator",1
"profession","computer_occupations","Information_systems_technician",10
"profession","computer_occupations","Network_administrator",5
"profession","computer_occupations","Product_manager",13
"profession","computer_occupations","Programmer",22
"profession","computer_occupations","Scrum_master",6
"profession","computer_occupations","Security_engineer",6
"profession","computer_occupations","Software_analyst",1
"profession","computer_occupations","Software_architect",5
"profession","computer_occupations","Software_design",5
"profession","computer_occupations","Software_engineer",13
"profession","computer_occupations","Software_project_management",6
"profession","computer_occupations","Software_testing",10
"profession","computer_occupations","Solution_architecture",10
"profession","computer_occupations","System_administrator",6
"profession","computer_occupations","Systems_analyst",8
"profession","computer_occupations","Technical_support",9
"profession","computer_occupations","User_experience_design",6
"profession","computer_occupations","User_research",4
"profession","computer_occupations","Video_Game_Developer",2
"profession","computer_occupations","Visual_design_elements_and_principles",1
"profession","computer_occupations","Web_developer",4
"profession","corporate_titles","Chief_Administrative_Officer",2
"profession","corporate_titles","Chief_Analytics_Officer",1
"profession","corporate_titles","Chief_Brand_Officer",1
"profession","corporate_titles","Chief_Business_Development_Officer",1
"profession","corporate_titles","Chief_Business_Officer",6
"profession","corporate_titles","Chief_Commercial_Officer",1
"profession","corporate_titles","Chief_Compliance_Officer",1
"profession","corporate_titles","Chief_Content_Officer",2
"profession","corporate_titles","Chief_Creative_Officer",2
"profession","corporate_titles","Chief_Customer_Officer",7
"profession","corporate_titles","Chief_Data_Officer",2
"profession","corporate_titles","Chief_Design_Officer",1
"profession","corporate_titles","Chief_Digital_Officer",1
"profession","corporate_titles","Chief_Executive_Officer",1
"profession","corporate_titles","Chief_Experience_Officer",1
"profession","corporate_titles","Chief_Financial_Officer",2
"profession","corporate_titles","Chief_Gaming_Officer",2
"profession","corporate_titles","Chief_Genealogical_Officer",1
"profession","corporate_titles","Chief_Human_Resources_Officer",1
"profession","corporate_titles","Chief_Information_Officer",2
"profession","corporate_titles","Chief_Information_Security_Officer",1
"profession","corporate_titles","Chief_Innovation_Officer",2
"profession","corporate_titles","Chief_Investment_Officer",4
"profession","corporate_titles","Chief_Knowledge_Officer",1
"profession","corporate_titles","Chief_Learning_Officer",1
"profession","corporate_titles","Chief_Marketing_Officer",1
"profession","corporate_titles","Chief_Medical_Officer",2
"profession","corporate_titles","Chief_Operating_Officer",2
"profession","corporate_titles","Chief_Privacy_Officer",3
"profession","corporate_titles","Chief_Process_Officer",1
"profession","corporate_titles","Chief_Product_Officer",1
"profession","corporate_titles","Chief_Research_Officer",1
"profession","corporate_titles","Chief_Restructuring_Officer",1
"profession","corporate_titles","Chief_Revenue_Officer",1
"profession","corporate_titles","Chief_Risk_Officer",7
"profession","corporate_titles","Chief_Security_Officer",2
"profession","corporate_titles","Chief_Services_Officer",1
"profession","corporate_titles","Chief_Strategy_Officer",1
"profession","corporate_titles","Chief_Sustainability_Officer",1
"profession","corporate_titles","Chief_Technology_Officer",1
"profession","corporate_titles","Chief_Visibility_Officer",1
"profession","corporate_titles","Chief_Visionary_Officer",1
"profession","corporate_titles","Chief_Web_Officer",1
"profession","corporate_titles","Corporate_title",2
"profession","corporate_titles","General_counsel",7
"profession","corporate_titles","Human_resources",4
"profession","corporate_titles","Public_relations_officer",1
"profession","corporate_titles","Supply-chain_management",9
"profession","dance_occupations","Acro_dance",6
"profession","dance_occupations","African-American_dance",4
"profession","dance_occupations","African_dance",4
"profession","dance_occupations","Armenian_dance",1
"profession","dance_occupations","Assyrian_folk_dance",2
"profession","dance_occupations","Backup_dancer",4
"profession","dance_occupations","Ballet",32
"profession","dance_occupations","Ballet_dancer",11
"profession","dance_occupations","Ballet_master",38
"profession","dance_occupations","Ballet_technique",5
"profession","dance_occupations","Ballroom_dance",6
"profession","dance_occupations","Belly_dance",15
"profession","dance_occupations","Breakdancing",20
"profession","dance_occupations","Bulgarian_dances",2
"profession","dance_occupations","Burmese_dance",1
"profession","dance_occupations","Ceremonial_dance",1
"profession","dance_occupations","Choreographer",1
"profession","dance_occupations","Circle_dance",6
"profession","dance_occupations","Close_embrace",2
"profession","dance_occupations","Closed_position",3
"profession","dance_occupations","Competitive_dance",4
"profession","dance_occupations","Concert_dance",1
"profession","dance_occupations","Contemporary_dance",4
"profession","dance_occupations","Contra_dance",22
"profession","dance_occupations","Corps_de_ballet",2
"profession","dance_occupations","Dance",63
"profession","dance_occupations","Dance_and_health",1
"profession","dance_occupations","Dance_costume",3
"profession","dance_occupations","Dance_etiquette",2
"profession","dance_occupations","Dance_in_Cambodia",1
"profession","dance_occupations","Dance_in_China",1
"profession","dance_occupations","Dance_in_India",1
"profession","dance_occupations","Dance_in_Indonesia",1
"profession","dance_occupations","Dance_in_Thailand",1
"profession","dance_occupations","Dance_in_the_United_States",1
"profession","dance_occupations","Dance_move",4
"profession","dance_occupations","Dance_notation",8
"profession","dance_occupations","Dance_research",1
"profession","dance_occupations","Dance_science",5
"profession","dance_occupations","Dance_technology",1
"profession","dance_occupations","Dance_theory",2
"profession","dance_occupations","Dance_therapy",10
"profession","dance_occupations","Dance_troupe",4
"profession","dance_occupations","Dancer",9
"profession","dance_occupations","Dancing_mania",14
"profession","dance_occupations","Danish_folk_dance",3
"profession","dance_occupations","Demi-soloist",2
"profession","dance_occupations","Dutch_folk_dance",1
"profession","dance_occupations","Ecstatic_dance",11
"profession","dance_occupations","Erotic_dance",5
"profession","dance_occupations","European_dances",2
"profession","dance_occupations","Exotic_dancer",1
"profession","dance_occupations","Faroese_dance",1
"profession","dance_occupations","Folk_dance",10
"profession","dance_occupations","Folk_dance_of_Mexico",1
"profession","dance_occupations","Formation_dance",2
"profession","dance_occupations","Georgian_dance",2
"profession","dance_occupations","Graham_technique",5
"profession","dance_occupations","Greek_dances",1
"profession","dance_occupations","Group_dance",1
"profession","dance_occupations","Hip-hop_dance",18
"profession","dance_occupations","History_of_ballet",2
"profession","dance_occupations","History_of_dance",1
"profession","dance_occupations","Irish_dance",10
"profession","dance_occupations","Israeli_folk_dancing",2
"profession","dance_occupations","Italian_folk_dance",1
"profession","dance_occupations","Japanese_traditional_dance",1
"profession","dance_occupations","Jazz_dance",7
"profession","dance_occupations","Korean_dance",3
"profession","dance_occupations","Kurdish_dance",1
"profession","dance_occupations","Latin_dance",4
"profession","dance_occupations","Lead_and_follow",1
"profession","dance_occupations","Line_dance",11
"profession","dance_occupations","List_of_dances",1
"profession","dance_occupations","Lyrical_dance",5
"profession","dance_occupations","Modern_dance",15
"profession","dance_occupations","Novelty_and_fad_dances",1
"profession","dance_occupations","Open_position",1
"profession","dance_occupations","Partner_dance",5
"profession","dance_occupations","Persian_dance",4
"profession","dance_occupations","Peruvian_dances",1
"profession","dance_occupations","Philippine_dance",2
"profession","dance_occupations","Physically_integrated_dance",1
"profession","dance_occupations","Pointe_technique",2
"profession","dance_occupations","Pole_dance",11
"profession","dance_occupations","Polish_folk_dances",1
"profession","dance_occupations","Postmodern_dance",11
"profession","dance_occupations","Principal_dancer",4
"profession","dance_occupations","Round_dance",3
"profession","dance_occupations","Russian_folk_dance",4
"profession","dance_occupations","Sacred_dance",7
"profession","dance_occupations","Sequence_dance",3
"profession","dance_occupations","Showgirl",5
"profession","dance_occupations","Slow_dance",1
"profession","dance_occupations","Social_dance",6
"profession","dance_occupations","Solo_dance",3
"profession","dance_occupations","Square_dance",29
"profession","dance_occupations","Street_dance",3
"profession","dance_occupations","Tap_dance",11
"profession","dance_occupations","Taxi_dancer",8
"profession","dance_occupations","Traditional_Vietnamese_dance",1
"profession","dance_occupations","Turkish_dance",1
"profession","dance_occupations","Ukrainian_dance",10
"profession","dance_occupations","Waltz",24
"profession","dance_occupations","War_dance",1
"profession","dance_occupations","Women_in_dance",1
"profession","engineering_branches","Acoustical_engineering",4
"profession","engineering_branches","Aeronautics",6
"profession","engineering_branches","Aerospace_engineering",6
"profession","engineering_branches","Agricultural_engineering",3
"profession","engineering_branches","Air_conditioning",23
"profession","engineering_branches","Air_traffic_control",13
"profession","engineering_branches","Airplane",8
"profession","engineering_branches","Alarm_system",4
"profession","engineering_branches","Architectural_engineering",5
"profession","engineering_branches","Artificial_heart_valve",2
"profession","engineering_branches","Artificial_intelligence",21
"profession","engineering_branches","Artificial_kidney",5
"profession","engineering_branches","Astronautics",3
"profession","engineering_branches","Audio_engineer",18
"profession","engineering_branches","Automation",23
"profession","engineering_branches","Automotive_engineering",4
"profession","engineering_branches","Autonomous_robotics",1
"profession","engineering_branches","Avionics",7
"profession","engineering_branches","Bioacoustics",7
"profession","engineering_branches","Biochemical_engineering",3
"profession","engineering_branches","Bioinformatics",24
"profession","engineering_branches","Bioinstrumentation",8
"profession","engineering_branches","Biological_engineering",5
"profession","engineering_branches","Biomaterial",13
"profession","engineering_branches","Biomaterials",8
"profession","engineering_branches","Biomechanical_engineering",1
"profession","engineering_branches","Biomechanics",7
"profession","engineering_branches","Biomechatronics",1
"profession","engineering_branches","Biomedical_engineering",8
"profession","engineering_branches","Biomolecular_engineering",12
"profession","engineering_branches","Biomolecules",3
"profession","engineering_branches","Bioprocess_engineering",3
"profession","engineering_branches","Bioreactor",12
"profession","engineering_branches","Bioresource_engineering",5
"profession","engineering_branches","Biosensors",21
"profession","engineering_branches","Biosignal",3
"profession","engineering_branches","Biosystems_engineering",5
"profession","engineering_branches","Biotechnology",33
"profession","engineering_branches","Building_services_engineering",6
"profession","engineering_branches","Built_environment",6
"profession","engineering_branches","Ceramic_engineering",2
"profession","engineering_branches","Ceramic_materials",8
"profession","engineering_branches","Chemical_engineering",10
"profession","engineering_branches","Chemical_reaction_engineering",3
"profession","engineering_branches","Civil_engineering",11
"profession","engineering_branches","Clinical_engineering",11
"profession","engineering_branches","Coastal_engineering",4
"profession","engineering_branches","Combat_engineer",14
"profession","engineering_branches","Communication_channel",4
"profession","engineering_branches","Component_engineering",3
"profession","engineering_branches","Computer_engineering",7
"profession","engineering_branches","Computer_network",8
"profession","engineering_branches","Computer_program",17
"profession","engineering_branches","Computer_science",13
"profession","engineering_branches","Computer_vision",38
"profession","engineering_branches","Construction",27
"profession","engineering_branches","Construction_engineering",2
"profession","engineering_branches","Control_engineering",8
"profession","engineering_branches","Control_system",12
"profession","engineering_branches","Control_theory",12
"profession","engineering_branches","Corrosion_engineering",5
"profession","engineering_branches","Crystal_engineering",2
"profession","engineering_branches","Dam",106
"profession","engineering_branches","Data",26
"profession","engineering_branches","Data_science",7
"profession","engineering_branches","Digital_electronics",1
"profession","engineering_branches","Digital_image_processing",5
"profession","engineering_branches","Digital_signal_processing",3
"profession","engineering_branches","Distribution_board",7
"profession","engineering_branches","Drainage",15
"profession","engineering_branches","Drilling_engineering",1
"profession","engineering_branches","Drug_delivery",3
"profession","engineering_branches","Earthquake_engineering",6
"profession","engineering_branches","Ecological_engineering",18
"profession","engineering_branches","Electric_generators",1
"profession","engineering_branches","Electric_motors",17
"profession","engineering_branches","Electrical_engineering",9
"profession","engineering_branches","Electricity",21
"profession","engineering_branches","Electroencephalography",3
"profession","engineering_branches","Electromagnetism",6
"profession","engineering_branches","Electromechanics",3
"profession","engineering_branches","Electronic_engineering",1
"profession","engineering_branches","Elevator",141
"profession","engineering_branches","Embedded_systems",17
"profession","engineering_branches","Empirical_evidence",3
"profession","engineering_branches","Energy",64
"profession","engineering_branches","Energy_engineering",4
"profession","engineering_branches","Engineering",32
"profession","engineering_branches","Engineering_mathematics",2
"profession","engineering_branches","Engineering_mechanics",3
"profession","engineering_branches","Engineering_physics",2
"profession","engineering_branches","Environmental_engineering",8
"profession","engineering_branches","Escalator",43
"profession","engineering_branches","Financial_engineering",6
"profession","engineering_branches","Fire",2
"profession","engineering_branches","Fire_protection_engineering",6
"profession","engineering_branches","Food_and_biological_process_engineering",1
"profession","engineering_branches","Food_engineering",3
"profession","engineering_branches","Gas",52
"profession","engineering_branches","Genetic_engineering",10
"profession","engineering_branches","Geotechnical_engineering",10
"profession","engineering_branches","Glossaries",1
"profession","engineering_branches","Glossary_of_aerospace_engineering",1
"profession","engineering_branches","Glossary_of_civil_engineering",1
"profession","engineering_branches","Glossary_of_electrical_and_electronics_engineering",1
"profession","engineering_branches","Glossary_of_engineering",1
"profession","engineering_branches","Glossary_of_mechanical_engineering",1
"profession","engineering_branches","Glossary_of_structural_engineering",1
"profession","engineering_branches","Graphics",23
"profession","engineering_branches","Groundwater_engineering",2
"profession","engineering_branches","Heating",26
"profession","engineering_branches","Helicopter",57
"profession","engineering_branches","Highway_engineering",5
"profession","engineering_branches","Hip_replacement",9
"profession","engineering_branches","Hydraulic_engineering",6
"profession","engineering_branches","Image_processing",12
"profession","engineering_branches","Immunology",5
"profession","engineering_branches","Industrial_engineering",11
"profession","engineering_branches","Information",30
"profession","engineering_branches","Information_technology_engineering",5
"profession","engineering_branches","Information_theory",17
"profession","engineering_branches","Instrumentation_and_control_engineering",1
"profession","engineering_branches","Instrumentation_engineering",1
"profession","engineering_branches","Interdisciplinarity",18
"profession","engineering_branches","Irrigation",36
"profession","engineering_branches","Knowledge",21
"profession","engineering_branches","Laser",104
"profession","engineering_branches","Lightning",73
"profession","engineering_branches","Logistics",53
"profession","engineering_branches","Low_voltage",3
"profession","engineering_branches","Machine_learning",20
"profession","engineering_branches","Maglev",54
"profession","engineering_branches","Magnetic_resonance_imaging",2
"profession","engineering_branches","Management_engineering",2
"profession","engineering_branches","Manufacturing",13
"profession","engineering_branches","Manufacturing_engineering",8
"profession","engineering_branches","Marine_engineering",1
"profession","engineering_branches","Materials_engineering",1
"profession","engineering_branches","Materials_science",27
"profession","engineering_branches","Mathematical_model",18
"profession","engineering_branches","Measuring_instrument",4
"profession","engineering_branches","Mechanical_engineering",14
"profession","engineering_branches","Mechatronics",12
"profession","engineering_branches","Medical_image_computing",1
"profession","engineering_branches","Medical_imaging",13
"profession","engineering_branches","Medical_physics",7
"profession","engineering_branches","Metal",97
"profession","engineering_branches","Metallurgy",12
"profession","engineering_branches","Microelectronics",3
"profession","engineering_branches","Microwave_engineering",2
"profession","engineering_branches","Military_engineering",14
"profession","engineering_branches","Mining_engineering",7
"profession","engineering_branches","Mobile_robotics",1
"profession","engineering_branches","Molecular_engineering",5
"profession","engineering_branches","Molecule",16
"profession","engineering_branches","Municipal_or_urban_engineering",1
"profession","engineering_branches","Nanoelectronics",5
"profession","engineering_branches","Nanoengineering",3
"profession","engineering_branches","Nanomaterials",11
"profession","engineering_branches","Nanomedicine",8
"profession","engineering_branches","Nanosensors",19
"profession","engineering_branches","Nanotechnology",20
"profession","engineering_branches","Natural_language_processing",5
"profession","engineering_branches","Natural_resources_engineering",2
"profession","engineering_branches","Naval_architecture",3
"profession","engineering_branches","Neural_engineering",6
"profession","engineering_branches","Neurochip",3
"profession","engineering_branches","Neurorobotics",5
"profession","engineering_branches","Nuclear_engineering",2
"profession","engineering_branches","Nuclear_fuel",8
"profession","engineering_branches","Offshore_construction",4
"profession","engineering_branches","Optical_engineering",4
"profession","engineering_branches","Optical_fibers",10
"profession","engineering_branches","Optical_instrument",1
"profession","engineering_branches","Optics",17
"profession","engineering_branches","Optomechatronics",2
"profession","engineering_branches","Orbital_mechanics",4
"profession","engineering_branches","Oxford_University_Press",5
"profession","engineering_branches","Paper_engineering",2
"profession","engineering_branches","Partial_discharge",18
"profession","engineering_branches","Petroleum_engineering",7
"profession","engineering_branches","Petroleum_product",1
"profession","engineering_branches","Pharmaceutical_engineering",1
"profession","engineering_branches","Photonics",10
"profession","engineering_branches","Plastics_engineering",3
"profession","engineering_branches","Plumbing",12
"profession","engineering_branches","Polymer",84
"profession","engineering_branches","Polymer_engineering",2
"profession","engineering_branches","Positron_emission_tomography",1
"profession","engineering_branches","Power_engineering",2
"profession","engineering_branches","Power_plant",2
"profession","engineering_branches","Power_plant_engineering",1
"profession","engineering_branches","Power_system_protection",1
"profession","engineering_branches","Pricing",34
"profession","engineering_branches","Privacy_engineering",5
"profession","engineering_branches","Process_engineering",5
"profession","engineering_branches","Project_engineering",1
"profession","engineering_branches","Protein_engineering",1
"profession","engineering_branches","RNA",52
"profession","engineering_branches","Radiation_protection",5
"profession","engineering_branches","Radio-frequency_engineering",1
"profession","engineering_branches","Railway_engineering",1
"profession","engineering_branches","Railway_systems_engineering",1
"profession","engineering_branches","Refrigeration",41
"profession","engineering_branches","Rehabilitation_engineering",3
"profession","engineering_branches","Reliability_engineering",26
"profession","engineering_branches","Renewable_energy",24
"profession","engineering_branches","Reservoir_engineering",4
"profession","engineering_branches","River_engineering",6
"profession","engineering_branches","Robotics",14
"profession","engineering_branches","Safety_engineering",2
"profession","engineering_branches","Sanitary_engineering",3
"profession","engineering_branches","Scientific",15
"profession","engineering_branches","Security",16
"profession","engineering_branches","Security_engineering",6
"profession","engineering_branches","Seismic_loading",2
"profession","engineering_branches","Signal_processing",7
"profession","engineering_branches","Software_engineering",16
"profession","engineering_branches","Solar_power_plants",4
"profession","engineering_branches","Spacecraft",28
"profession","engineering_branches","Speech_recognition",29
"profession","engineering_branches","Sports_engineering",4
"profession","engineering_branches","Structural_engineering",7
"profession","engineering_branches","Structural_load",3
"profession","engineering_branches","Subsurface_utility_engineering",1
"profession","engineering_branches","Supply_chain_engineering",2
"profession","engineering_branches","Supply_chains",1
"profession","engineering_branches","Switchgear",13
"profession","engineering_branches","Synthetic_biology",16
"profession","engineering_branches","Systems_biology",12
"profession","engineering_branches","Systems_engineering",38
"profession","engineering_branches","Telecommunication",11
"profession","engineering_branches","Telecommunications",2
"profession","engineering_branches","Telecommunications_engineering",2
"profession","engineering_branches","Telescope",23
"profession","engineering_branches","Teletraffic_engineering",1
"profession","engineering_branches","Thermal_engineering",2
"profession","engineering_branches","Tissue_engineering",10
"profession","engineering_branches","Transport_engineering",1
"profession","engineering_branches","Transportation_engineering",4
"profession","engineering_branches","Unmanned_aerial_vehicle",1
"profession","engineering_branches","Wayback_Machine",11
"profession","engineering_branches","Web_engineering",8
"profession","engineering_branches","Wind",121
"profession","engineering_branches","Wind_engineering",6
"profession","engineering_branches","Wind_farm",27
"profession","engineering_branches","Wind_turbine",26
"profession","engineering_branches","Yarn_engineering",2
"profession","entertainer_occupations","Actor",32
"profession","entertainer_occupations","Archimime",3
"profession","entertainer_occupations","Beatboxer",1
"profession","entertainer_occupations","Benshi",13
"profession","entertainer_occupations","Bouffon",2
"profession","entertainer_occupations","Comedian",13
"profession","entertainer_occupations","Dancer",9
"profession","entertainer_occupations","Drag_King",6
"profession","entertainer_occupations","Drag_Queen",19
"profession","entertainer_occupations","Entertainment",37
"profession","entertainer_occupations","Filmmaker",3
"profession","entertainer_occupations","Flag_throwing",4
"profession","entertainer_occupations","Flair_bartending",7
"profession","entertainer_occupations","Flatulist",1
"profession","entertainer_occupations","Geisha",75
"profession","entertainer_occupations","Harlequin",9
"profession","entertainer_occupations","Illusionist",4
"profession","entertainer_occupations","Itinerant_poet",2
"profession","entertainer_occupations","Kobzar",5
"profession","entertainer_occupations","Lirnyk",4
"profession","entertainer_occupations","Master_of_ceremonies",6
"profession","entertainer_occupations","Mime",17
"profession","entertainer_occupations","Minstrel",15
"profession","entertainer_occupations","Monologist",1
"profession","entertainer_occupations","Musician",6
"profession","entertainer_occupations","Painter",6
"profession","entertainer_occupations","Performing_arts",6
"profession","entertainer_occupations","Photographer",7
"profession","entertainer_occupations","Pornographic_actor",2
"profession","entertainer_occupations","Promotional_model",6
"profession","entertainer_occupations","Rhapsode",5
"profession","entertainer_occupations","Ring_girl",8
"profession","entertainer_occupations","Shamakhi_dancers",3
"profession","entertainer_occupations","Showgirl",5
"profession","entertainer_occupations","Showrunner",7
"profession","entertainer_occupations","Singer",24
"profession","entertainer_occupations","Skomorokh",6
"profession","entertainer_occupations","Stunt_performer",5
"profession","entertainer_occupations","Theatre_practitioner",4
"profession","entertainer_occupations","Writer",54
"profession","film_and_television_occupations","Actor",32
"profession","film_and_television_occupations","Animator",4
"profession","film_and_television_occupations","Audition",72
"profession","film_and_television_occupations","Cartoon",22
"profession","film_and_television_occupations","Cartoonist",8
"profession","film_and_television_occupations","Casting_director",10
"profession","film_and_television_occupations","Cinematographer",16
"profession","film_and_television_occupations","Costume_designer",4
"profession","film_and_television_occupations","Executive_producer",7
"profession","film_and_television_occupations","Film_crew",3
"profession","film_and_television_occupations","Film_director",7
"profession","film_and_television_occupations","Film_producer",1
"profession","film_and_television_occupations","Lighting_technician",9
"profession","film_and_television_occupations","Lists_of_occupations",1
"profession","film_and_television_occupations","News_presenter",2
"profession","film_and_television_occupations","News_program",4
"profession","film_and_television_occupations","Remote_broadcast",1
"profession","film_and_television_occupations","Screenwriter",9
"profession","film_and_television_occupations","Stunt",15
"profession","film_and_television_occupations","Stunt_performer",5
"profession","film_and_television_occupations","Technical_crew",2
"profession","film_and_television_occupations","Television_presenter",1
"profession","film_and_television_occupations","Tweening",2
"profession","film_and_television_occupations","Video_editor",5
"profession","film_and_television_occupations","Weather_forecaster",2
"profession","film_and_television_occupations","Weather_forecasting",1
"profession","healthcare_occupations","Anesthesiologist",10
"profession","healthcare_occupations","Anesthesiologist_Assistant",12
"profession","healthcare_occupations","Athletic_trainer",5
"profession","healthcare_occupations","Cardiologist",9
"profession","healthcare_occupations","Cardiothoracic_surgeon",1
"profession","healthcare_occupations","Certified_Respiratory_Therapist",1
"profession","healthcare_occupations","Chiropractor",37
"profession","healthcare_occupations","Dermatologist",7
"profession","healthcare_occupations","Emergency_Medical_Technician",4
"profession","healthcare_occupations","Emergency_physician",4
"profession","healthcare_occupations","Endocrinologist",5
"profession","healthcare_occupations","Family_Nurse_Practitioner",1
"profession","healthcare_occupations","Flight_Nurse",2
"profession","healthcare_occupations","Gastroenterologist",2
"profession","healthcare_occupations","General_practitioner",15
"profession","healthcare_occupations","Geriatrician",6
"profession","healthcare_occupations","Gynaecologist",6
"profession","healthcare_occupations","Intensivist",3
"profession","healthcare_occupations","Lactation_consultant",5
"profession","healthcare_occupations","Mental_Health_Counselor",7
"profession","healthcare_occupations","Mental_Health_Nurse_Practitioner",1
"profession","healthcare_occupations","Midwife",50
"profession","healthcare_occupations","Neonatal_Nurse_Practitioner",2
"profession","healthcare_occupations","Neonatologist",4
"profession","healthcare_occupations","Neonatology",1
"profession","healthcare_occupations","Nephrologist",9
"profession","healthcare_occupations","Neurologist",16
"profession","healthcare_occupations","Neurosurgeon",6
"profession","healthcare_occupations","Occupational_Therapist",36
"profession","healthcare_occupations","Oncologist",1
"profession","healthcare_occupations","Ophthalmologist",13
"profession","healthcare_occupations","Optometrist",35
"profession","healthcare_occupations","Otolaryngologist",1
"profession","healthcare_occupations","Pediatric_Nurse_Practitioner",2
"profession","healthcare_occupations","Pediatrician",5
"profession","healthcare_occupations","Pharmacist",48
"profession","healthcare_occupations","Phlebotomist",3
"profession","healthcare_occupations","Physical_Therapist",16
"profession","healthcare_occupations","Physician_Assistant",13
"profession","healthcare_occupations","Physician_assistant",13
"profession","healthcare_occupations","Podiatrist",19
"profession","healthcare_occupations","Psychiatrist",11
"profession","healthcare_occupations","Psychologist",22
"profession","healthcare_occupations","Pulmonologist",4
"profession","healthcare_occupations","Radiographer",28
"profession","healthcare_occupations","Radiologist",8
"profession","healthcare_occupations","Registered_Nurse",10
"profession","healthcare_occupations","Social_Worker",9
"profession","healthcare_occupations","Urologist",3
"profession","industrial_occupations","Arborist",20
"profession","industrial_occupations","Auto_mechanic",3
"profession","industrial_occupations","Bartender",15
"profession","industrial_occupations","Bobbin_boy",2
"profession","industrial_occupations","Cashier",6
"profession","industrial_occupations","Construction_foreman",1
"profession","industrial_occupations","Construction_worker",3
"profession","industrial_occupations","Felling",1
"profession","industrial_occupations","Filling_station_attendant",2
"profession","industrial_occupations","List_of_industrial_occupations",1
"profession","industrial_occupations","Maintenance_engineering",4
"profession","industrial_occupations","Mechanic",4
"profession","industrial_occupations","Miller",9
"profession","industrial_occupations","Moldmaker",1
"profession","industrial_occupations","Panel_beater",4
"profession","industrial_occupations","Patternmaker",4
"profession","industrial_occupations","Plant_operator",1
"profession","industrial_occupations","Plumber",2
"profession","industrial_occupations","Shop_foreman",1
"profession","industrial_occupations","Stationary_engineer",9
"profession","industrial_occupations","Welder",8
"profession","industrial_occupations","Wheelwright",5
"profession","industrial_occupations","Woodworkers",1
"profession","mental_health_occupations","Chaplain",61
"profession","mental_health_occupations","Licensed_behavior_analyst",2
"profession","mental_health_occupations","Licensed_professional_counselor",4
"profession","mental_health_occupations","List_of_mental_health_occupations",1
"profession","mental_health_occupations","Mental_health_professional",12
"profession","mental_health_occupations","Occupational_therapist",36
"profession","mental_health_occupations","Psychiatric_nurse",12
"profession","mental_health_occupations","Psychiatrist",11
"profession","mental_health_occupations","Psychologist",22
"profession","mental_health_occupations","Psychotherapist",8
"profession","mental_health_occupations","School_counselor",167
"profession","mental_health_occupations","Sex_therapist",4
"profession","mental_health_occupations","Social_worker",9
"profession","metalworking_occupations","Automation",23
"profession","metalworking_occupations","Blacksmith",25
"profession","metalworking_occupations","Boilermaker",5
"profession","metalworking_occupations","CNC",15
"profession","metalworking_occupations","Chemical_engineering",10
"profession","metalworking_occupations","Engineering_drawing",11
"profession","metalworking_occupations","Farrier",11
"profession","metalworking_occupations","Forklift_truck",4
"profession","metalworking_occupations","Foundry",2
"profession","metalworking_occupations","Furniture",27
"profession","metalworking_occupations","Geometric_dimensioning_and_tolerancing",1
"profession","metalworking_occupations","Gunsmith",24
"profession","metalworking_occupations","Heavy_equipment_operator",1
"profession","metalworking_occupations","Height_gauge",2
"profession","metalworking_occupations","Industrial_engineering",11
"profession","metalworking_occupations","Inspection",20
"profession","metalworking_occupations","Jewellery",59
"profession","metalworking_occupations","Laborer",11
"profession","metalworking_occupations","Machine_tool",23
"profession","metalworking_occupations","Machinist",12
"profession","metalworking_occupations","Management",41
"profession","metalworking_occupations","Marquetry",19
"profession","metalworking_occupations","Materials_science",27
"profession","metalworking_occupations","Mechanical_engineering",14
"profession","metalworking_occupations","Metallurgy",12
"profession","metalworking_occupations","Metalsmith",2
"profession","metalworking_occupations","Micrometer",30
"profession","metalworking_occupations","Miner",6
"profession","metalworking_occupations","Model-based_definition",5
"profession","metalworking_occupations","Moldmaker",1
"profession","metalworking_occupations","Pipefitter",6
"profession","metalworking_occupations","Polishing",3
"profession","metalworking_occupations","Quality_assurance",7
"profession","metalworking_occupations","Quality_management_system",3
"profession","metalworking_occupations","Scrap",18
"profession","metalworking_occupations","Silversmith",9
"profession","metalworking_occupations","Statistics",37
"profession","metalworking_occupations","Surface_plate",10
"profession","metalworking_occupations","Tool_and_die_maker",6
"profession","metalworking_occupations","Trade_union",43
"profession","metalworking_occupations","Truck_driver",20
"profession","metalworking_occupations","Weld_quality_assurance",1
"profession","metalworking_occupations","Welder",8
"profession","nursing_specialties","Adult-gerontology_nurse_practitioner",1
"profession","nursing_specialties","Advanced_practice_nurse",1
"profession","nursing_specialties","Ambulatory_care_nursing",4
"profession","nursing_specialties","Associate_of_Science_in_Nursing",3
"profession","nursing_specialties","Board_of_nursing",1
"profession","nursing_specialties","Cardiac_nursing",1
"profession","nursing_specialties","Clinical_nurse_leader",1
"profession","nursing_specialties","Clinical_nurse_specialist",4
"profession","nursing_specialties","Correctional_nursing",1
"profession","nursing_specialties","Critical_care_nursing",1
"profession","nursing_specialties","Diploma_in_Nursing",2
"profession","nursing_specialties","Doctor_of_Nursing_Practice",1
"profession","nursing_specialties","Emergency_nursing",1
"profession","nursing_specialties","Faith_community_nursing",6
"profession","nursing_specialties","Family_nurse_practitioner",1
"profession","nursing_specialties","Flight_nurse",2
"profession","nursing_specialties","Forensic_nursing",5
"profession","nursing_specialties","Genetics_nursing",1
"profession","nursing_specialties","Geriatric_nursing",2
"profession","nursing_specialties","Graduate_nurse",3
"profession","nursing_specialties","Health_visitor",5
"profession","nursing_specialties","History_of_Nursing_in_the_United_Kingdom",1
"profession","nursing_specialties","History_of_nursing_in_the_United_States",1
"profession","nursing_specialties","Holistic_nursing",3
"profession","nursing_specialties","Home_health_nursing",2
"profession","nursing_specialties","Hyperbaric_nursing",2
"profession","nursing_specialties","International_Nurses_Day",2
"profession","nursing_specialties","Legal_nurse_consultant",7
"profession","nursing_specialties","Licensed_practical_nurse",2
"profession","nursing_specialties","Master_of_Science_in_Nursing",1
"profession","nursing_specialties","Matron",8
"profession","nursing_specialties","Medical-surgical_nursing",4
"profession","nursing_specialties","Medical_case_management",3
"profession","nursing_specialties","Military_nurse",1
"profession","nursing_specialties","National_Council_Licensure_Examination",1
"profession","nursing_specialties","Neonatal_nurse_practitioner",2
"profession","nursing_specialties","Neonatal_nursing",2
"profession","nursing_specialties","Nightingale_Pledge",1
"profession","nursing_specialties","Nurse_Licensure_Compact",1
"profession","nursing_specialties","Nurse_anesthetist",5
"profession","nursing_specialties","Nurse_attorney",2
"profession","nursing_specialties","Nurse_education",6
"profession","nursing_specialties","Nurse_educator",11
"profession","nursing_specialties","Nurse_licensure",3
"profession","nursing_specialties","Nurse_midwife",2
"profession","nursing_specialties","Nurse_practitioner",3
"profession","nursing_specialties","Nurse_registry",1
"profession","nursing_specialties","Nursing",54
"profession","nursing_specialties","Nursing_Interventions_Classification",1
"profession","nursing_specialties","Nursing_Minimum_Data_Set",2
"profession","nursing_specialties","Nursing_Outcomes_Classification",1
"profession","nursing_specialties","Nursing_assessment",7
"profession","nursing_specialties","Nursing_care_plan",9
"profession","nursing_specialties","Nursing_credentials_and_certifications",1
"profession","nursing_specialties","Nursing_diagnosis",4
"profession","nursing_specialties","Nursing_in_Australia",1
"profession","nursing_specialties","Nursing_in_Germany",1
"profession","nursing_specialties","Nursing_in_Hong_Kong",1
"profession","nursing_specialties","Nursing_in_India",3
"profession","nursing_specialties","Nursing_in_Japan",1
"profession","nursing_specialties","Nursing_in_Kenya",2
"profession","nursing_specialties","Nursing_in_the_Philippines",3
"profession","nursing_specialties","Nursing_in_the_United_Kingdom",2
"profession","nursing_specialties","Nursing_management",1
"profession","nursing_specialties","Nursing_process",4
"profession","nursing_specialties","Nursing_research",3
"profession","nursing_specialties","Nursing_school",4
"profession","nursing_specialties","Nursing_theory",2
"profession","nursing_specialties","Obstetrical_nursing",1
"profession","nursing_specialties","Occupational_health_nursing",1
"profession","nursing_specialties","Oncology_nursing",4
"profession","nursing_specialties","Orthopaedic_nursing",1
"profession","nursing_specialties","Pediatric_nurse_practitioner",2
"profession","nursing_specialties","Pediatric_nursing",2
"profession","nursing_specialties","Perianesthesia_nursing",2
"profession","nursing_specialties","Perioperative_nursing",1
"profession","nursing_specialties","Private_duty_nursing",3
"profession","nursing_specialties","Psychiatric-mental_health_nurse_practitioner",1
"profession","nursing_specialties","Psychiatric_nursing",3
"profession","nursing_specialties","Public_health_nursing",3
"profession","nursing_specialties","Quality_improvement",2
"profession","nursing_specialties","Registered_Dental_Nurse",2
"profession","nursing_specialties","Registered_nurse",10
"profession","nursing_specialties","Space_nursing",1
"profession","nursing_specialties","Student_nurse",1
"profession","nursing_specialties","Telenursing",8
"profession","nursing_specialties","Test_of_Essential_Academic_Skills",1
"profession","nursing_specialties","Travel_health_nursing",3
"profession","nursing_specialties","Travel_nursing",4
"profession","nursing_specialties","Utilization_management",1
"profession","nursing_specialties","Wound,_ostomy,_and_continence_nursing",1
"profession","nursing_specialties","Wound_care",4
"profession","professional_driver_types","Bus_driver",9
"profession","professional_driver_types","Chauffeur",6
"profession","professional_driver_types","Pay_driver",10
"profession","professional_driver_types","Taxicab",16
"profession","professional_driver_types","Test_driver",1
"profession","professional_driver_types","Truck_driver",20
"profession","railway_industry_occupations","Brakeman",5
"profession","railway_industry_occupations","Bridge_tender",2
"profession","railway_industry_occupations","Carmen",35
"profession","railway_industry_occupations","Chief_Mechanical_Engineer",1
"profession","railway_industry_occupations","Dispatcher",32
"profession","railway_industry_occupations","Freight_Conductor",6
"profession","railway_industry_occupations","Gandy_dancer",8
"profession","railway_industry_occupations","List_of_railway_industry_occupations",1
"profession","railway_industry_occupations","Locomotive_builder",2
"profession","railway_industry_occupations","Navvy",9
"profession","railway_industry_occupations","Platelayer",5
"profession","railway_industry_occupations","Rail_transport",7
"profession","railway_industry_occupations","Revenue_Protection_Inspector",1
"profession","railway_industry_occupations","Road_foreman_of_engines",1
"profession","railway_industry_occupations","Secondman",1
"profession","railway_industry_occupations","Station_master",5
"profession","railway_industry_occupations","Switchman",2
"profession","railway_industry_occupations","Ticket_inspector",1
"profession","railway_industry_occupations","Train_dispatcher",10
"profession","railway_industry_occupations","Traquero",3
"profession","scientific_occupations","Aeronautical_engineer",1
"profession","scientific_occupations","Anthropologist",15
"profession","scientific_occupations","Archaeologist",21
"profession","scientific_occupations","Astronaut",13
"profession","scientific_occupations","Astronomer",11
"profession","scientific_occupations","Biochemist",18
"profession","scientific_occupations","Biologist",20
"profession","scientific_occupations","Biomedical_engineering",8
"profession","scientific_occupations","Biomedical_scientist",9
"profession","scientific_occupations","Botanist",4
"profession","scientific_occupations","Bruce_McCandless_II",1
"profession","scientific_occupations","Calculus",29
"profession","scientific_occupations","Chemical_engineer",6
"profession","scientific_occupations","Chemist",37
"profession","scientific_occupations","Clinical_pharmaceutical_scientist",11
"profession","scientific_occupations","Computational_scientist",3
"profession","scientific_occupations","Data",26
"profession","scientific_occupations","Demographic_marketer",1
"profession","scientific_occupations","Diplomatic_mission",12
"profession","scientific_occupations","Ecologist",11
"profession","scientific_occupations","Economist",10
"profession","scientific_occupations","Educational_technologist",2
"profession","scientific_occupations","Electrical_engineering",9
"profession","scientific_occupations","Embassy",7
"profession","scientific_occupations","Engineering_technician",11
"profession","scientific_occupations","Engineering_technologist",18
"profession","scientific_occupations","Forensic_scientist",3
"profession","scientific_occupations","Gentleman_scientist",1
"profession","scientific_occupations","Geographer",11
"profession","scientific_occupations","Geologist",9
"profession","scientific_occupations","Geoprofessions",1
"profession","scientific_occupations","Government_scientist",2
"profession","scientific_occupations","Historian",15
"profession","scientific_occupations","Hobby",16
"profession","scientific_occupations","I._Bernard_Cohen",1
"profession","scientific_occupations","Inventor",2
"profession","scientific_occupations","Isaac_Newton",5
"profession","scientific_occupations","Lists_of_occupations",1
"profession","scientific_occupations","Manned_Maneuvering_Unit",2
"profession","scientific_occupations","Mathematician",13
"profession","scientific_occupations","Mathematics",33
"profession","scientific_occupations","Mechanical_engineering",14
"profession","scientific_occupations","Medical_laboratory_scientist",11
"profession","scientific_occupations","Microbiologist",11
"profession","scientific_occupations","National_Institutes_of_Health",1
"profession","scientific_occupations","Natural_philosophy",9
"profession","scientific_occupations","Neuroscientist",20
"profession","scientific_occupations","Number",63
"profession","scientific_occupations","Oceanographer",1
"profession","scientific_occupations","Paleontologist",3
"profession","scientific_occupations","Pathology",31
"profession","scientific_occupations","Petrochemical",10
"profession","scientific_occupations","Petroleum_geologist",4
"profession","scientific_occupations","Physicist",4
"profession","scientific_occupations","Political_scientist",9
"profession","scientific_occupations","Private_income",1
"profession","scientific_occupations","Psychologist",22
"profession","scientific_occupations","Quantity",8
"profession","scientific_occupations","Research_fellow",10
"profession","scientific_occupations","Science",37
"profession","scientific_occupations","Scientist",13
"profession","scientific_occupations","Sociologist",18
"profession","scientific_occupations","Space",34
"profession","scientific_occupations","Space_Shuttle",19
"profession","scientific_occupations","Space_Shuttle_Challenger",1
"profession","scientific_occupations","Statistician",2
"profession","scientific_occupations","Structure",22
"profession","scientific_occupations","University_of_California_Press",4
"profession","scientific_occupations","Urban_planner",13
"profession","sewing_occupations","Backstitch",3
"profession","sewing_occupations","Bar_tack",5
"profession","sewing_occupations","Bernina_International",1
"profession","sewing_occupations","Bias_tape",5
"profession","sewing_occupations","Blanket_stitch",2
"profession","sewing_occupations","Blind_stitch",4
"profession","sewing_occupations","Bobbin",11
"profession","sewing_occupations","Bookbinding",12
"profession","sewing_occupations","Brother_Industries",2
"profession","sewing_occupations","Buckle",22
"profession","sewing_occupations","Burda_Style",1
"profession","sewing_occupations","Butterick_Publishing_Company",1
"profession","sewing_occupations","Buttonhole",11
"profession","sewing_occupations","Buttonhole_stitch",5
"profession","sewing_occupations","Chain_stitch",7
"profession","sewing_occupations","Cloth_merchant",3
"profession","sewing_occupations","Clothkits",2
"profession","sewing_occupations","Collar_stay",4
"profession","sewing_occupations","Cordwainer",7
"profession","sewing_occupations","Corset",56
"profession","sewing_occupations","Cross-stitch",22
"profession","sewing_occupations","Darning",12
"profession","sewing_occupations","Dress_form",8
"profession","sewing_occupations","Dressmaker",4
"profession","sewing_occupations","Elias_Howe",3
"profession","sewing_occupations","Embellishment",1
"profession","sewing_occupations","Embroidery",22
"profession","sewing_occupations","Embroidery_stitch",3
"profession","sewing_occupations","Fabric_tube_turning",1
"profession","sewing_occupations","Felled_seam",2
"profession","sewing_occupations","Floating_canvas",4
"profession","sewing_occupations","Galloon",3
"profession","sewing_occupations","Glove",58
"profession","sewing_occupations","Grommet",10
"profession","sewing_occupations","Gusset",8
"profession","sewing_occupations","Haberdasher",4
"profession","sewing_occupations","Hatter",1
"profession","sewing_occupations","Heirloom_sewing",2
"profession","sewing_occupations","Hemstitch",4
"profession","sewing_occupations","Hook-and-eye_closure",1
"profession","sewing_occupations","Hook-and-loop_fastener",2
"profession","sewing_occupations","Interfacing",6
"profession","sewing_occupations","Janome",3
"profession","sewing_occupations","Jones_Sewing_Machine_Company",1
"profession","sewing_occupations","Juki",4
"profession","sewing_occupations","Leather_crafting",1
"profession","sewing_occupations","Lockstitch",7
"profession","sewing_occupations","Mercery",1
"profession","sewing_occupations","Merrow_Sewing_Machine_Company",1
"profession","sewing_occupations","Neckline",9
"profession","sewing_occupations","Needle_threader",2
"profession","sewing_occupations","Needlecase",9
"profession","sewing_occupations","Overlock",10
"profession","sewing_occupations","Pad_stitch",4
"profession","sewing_occupations","Parachute_rigger",12
"profession","sewing_occupations","Passementerie",1
"profession","sewing_occupations","Pattern_notcher",1
"profession","sewing_occupations","Pfaff",5
"profession","sewing_occupations","Pick_stitch",5
"profession","sewing_occupations","Pin",8
"profession","sewing_occupations","Pincushion",5
"profession","sewing_occupations","Pinking_shears",3
"profession","sewing_occupations","Quilting",30
"profession","sewing_occupations","Rantering",3
"profession","sewing_occupations","Rickrack",5
"profession","sewing_occupations","Ruffle",4
"profession","sewing_occupations","Running_stitch",6
"profession","sewing_occupations","Sailmaker",7
"profession","sewing_occupations","Sashiko",6
"profession","sewing_occupations","Scissors",28
"profession","sewing_occupations","Seam_allowance",2
"profession","sewing_occupations","Seam_ripper",1
"profession","sewing_occupations","Self-fabric",2
"profession","sewing_occupations","Selvage",26
"profession","sewing_occupations","Sewing",20
"profession","sewing_occupations","Sewing_gauge",1
"profession","sewing_occupations","Sewing_machine",22
"profession","sewing_occupations","Sewing_needle",5
"profession","sewing_occupations","Sewmor",1
"profession","sewing_occupations","Shirring",1
"profession","sewing_occupations","Shoemaking",4
"profession","sewing_occupations","Simplicity_Pattern",2
"profession","sewing_occupations","Singer_Corporation",1
"profession","sewing_occupations","Snap_fastener",3
"profession","sewing_occupations","Soutache",5
"profession","sewing_occupations","Stitching_awl",2
"profession","sewing_occupations","Style_line",1
"profession","sewing_occupations","Tailor",20
"profession","sewing_occupations","Tape_edge_machine",1
"profession","sewing_occupations","Tape_measure",15
"profession","sewing_occupations","Taxidermy",17
"profession","sewing_occupations","Textile",20
"profession","sewing_occupations","Thimble",27
"profession","sewing_occupations","Topstitch",4
"profession","sewing_occupations","Tracing_paper",5
"profession","sewing_occupations","Tracing_wheel",2
"profession","sewing_occupations","Twill_tape",2
"profession","sewing_occupations","Upholstery",5
"profession","sewing_occupations","VSM_Group",3
"profession","sewing_occupations","White_Sewing_Machine_Company",2
"profession","sewing_occupations","William_L._Grout",2
"profession","sewing_occupations","Yarn",28
"profession","sewing_occupations","Zigzag_stitch",2
"profession","sewing_occupations","Zipper",50
"profession","theatre_personnel","Actor",32
"profession","theatre_personnel","Artistic_director",14
"profession","theatre_personnel","Audio_engineer",18
"profession","theatre_personnel","Augustan_drama",3
"profession","theatre_personnel","Ballet",32
"profession","theatre_personnel","Character_actor",15
"profession","theatre_personnel","Charge_artist",4
"profession","theatre_personnel","Chinese_opera",4
"profession","theatre_personnel","Choreographer",1
"profession","theatre_personnel","Company_management",1
"profession","theatre_personnel","Composer",40
"profession","theatre_personnel","Costume_Designer",4
"profession","theatre_personnel","Costume_designer",4
"profession","theatre_personnel","Curtain_Call",2
"profession","theatre_personnel","Dancer",9
"profession","theatre_personnel","Director_of_development",3
"profession","theatre_personnel","Drama",18
"profession","theatre_personnel","Dramaturge",3
"profession","theatre_personnel","English_Renaissance_theatre",2
"profession","theatre_personnel","Fly_crew",2
"profession","theatre_personnel","Front_of_house",5
"profession","theatre_personnel","History_of_theatre",2
"profession","theatre_personnel","House_management",3
"profession","theatre_personnel","Improvisational_theatre",5
"profession","theatre_personnel","Janitor",4
"profession","theatre_personnel","Light_board_operator",6
"profession","theatre_personnel","Lighting_design",5
"profession","theatre_personnel","Lighting_designer",8
"profession","theatre_personnel","Lighting_technician",9
"profession","theatre_personnel","Master_electrician",2
"profession","theatre_personnel","Medieval_theatre",3
"profession","theatre_personnel","Melodrama",35
"profession","theatre_personnel","Modernism",28
"profession","theatre_personnel","Movement_director",8
"profession","theatre_personnel","Music_director",7
"profession","theatre_personnel","Musical_ensemble",1
"profession","theatre_personnel","Musical_theatre",10
"profession","theatre_personnel","Musician",6
"profession","theatre_personnel","Neoclassicism",13
"profession","theatre_personnel","Nineteenth-century_theatre",1
"profession","theatre_personnel","Opera",98
"profession","theatre_personnel","Orchestra",63
"profession","theatre_personnel","Pantomime_dame",4
"profession","theatre_personnel","Performance",15
"profession","theatre_personnel","Persian_theatre",1
"profession","theatre_personnel","Playwright",5
"profession","theatre_personnel","Postmodern_theatre",3
"profession","theatre_personnel","Property_master",5
"profession","theatre_personnel","Publicist",24
"profession","theatre_personnel","Pyrotechnician",5
"profession","theatre_personnel","Ramakien",5
"profession","theatre_personnel","Rehearsal",24
"profession","theatre_personnel","Restoration_comedy",3
"profession","theatre_personnel","Romanticism",33
"profession","theatre_personnel","Running_crew",2
"profession","theatre_personnel","Scenic_design",6
"profession","theatre_personnel","Scenic_designer",5
"profession","theatre_personnel","Scenographer",2
"profession","theatre_personnel","Scenography",7
"profession","theatre_personnel","Set_construction",2
"profession","theatre_personnel","Sound_Designer",12
"profession","theatre_personnel","Sound_design",21
"profession","theatre_personnel","Spotlight_operator",1
"profession","theatre_personnel","Stage_management",6
"profession","theatre_personnel","Stage_manager",10
"profession","theatre_personnel","Stagecraft",5
"profession","theatre_personnel","Stagehand",10
"profession","theatre_personnel","Technical_crew",2
"profession","theatre_personnel","Technical_director",7
"profession","theatre_personnel","Technical_rehearsal",1
"profession","theatre_personnel","Technical_week",2
"profession","theatre_personnel","Theater_manager",1
"profession","theatre_personnel","Theatre",26
"profession","theatre_personnel","Theatre_director",4
"profession","theatre_personnel","Theatre_in_India",4
"profession","theatre_personnel","Theatre_of_ancient_Rome",1
"profession","theatre_personnel","Theatrical_Technician",3
"profession","theatre_personnel","Theatrical_constraints",1
"profession","theatre_personnel","Theatrical_producer",1
"profession","theatre_personnel","Theatrical_superstitions",1
"profession","theatre_personnel","Theatrical_technician",3
"profession","theatre_personnel","Tragedy",18
"profession","theatre_personnel","Twentieth-century_theatre",1
"profession","theatre_personnel","Video_design",5
"profession","theatre_personnel","Wardrobe_supervisor",9
"profession","theatre_personnel","Weimar_Classicism",3
"profession","writing_occupations","Author",20
"profession","writing_occupations","Blog",86
"profession","writing_occupations","Commissioning_editor",5
"profession","writing_occupations","Copy_editor",23
"profession","writing_occupations","Creative_consultant",3
"profession","writing_occupations","Dog_writer",1
"profession","writing_occupations","Freelancer",11
"profession","writing_occupations","Ghostwriter",23
"profession","writing_occupations","Hack_writer",4
"profession","writing_occupations","Infopreneur",11
"profession","writing_occupations","Journalist",6
"profession","writing_occupations","List_of_writing_occupations",1
"profession","writing_occupations","Literary_editor",2
"profession","writing_occupations","Manuscript_format",2
"profession","writing_occupations","Medical_writing",6
"profession","writing_occupations","Novelist",20
"profession","writing_occupations","Review",30
"profession","writing_occupations","Screenwriter",9
"profession","writing_occupations","Scribe",25
"profession","writing_occupations","Script_coordinator",7
"profession","writing_occupations","Script_doctor",3
"profession","writing_occupations","Scrivener",5
"profession","writing_occupations","Songwriter",15
"profession","writing_occupations","Speechwriter",15
"profession","writing_occupations","Staff_writer",2
"profession","writing_occupations","Technical_writer",30
"profession","writing_occupations","Website_content_writer",2
"profession","writing_occupations","Writer",54
"race","African_Americans","A._Philip_Randolph",11
"race","African_Americans","Aaron_Hicks",1
"race","African_Americans","Aaron_Pryor",1
"race","African_Americans","Adam_Clayton_Powell_Jr.",2
"race","African_Americans","Ajiona_Alexus",1
"race","African_Americans","Al_Bumbry",1
"race","African_Americans","Al_Green",2
"race","African_Americans","Al_Haymon",1
"race","African_Americans","Al_Joyner",1
"race","African_Americans","Al_Sharpton",2
"race","African_Americans","Al_Young",1
"race","African_Americans","Albert_Collins",1
"race","African_Americans","Albert_King",1
"race","African_Americans","Alex_Haley",3
"race","African_Americans","Alexander_Crummell",5
"race","African_Americans","Alfre_Woodard",1
"race","African_Americans","Alice_Coltrane",5
"race","African_Americans","Alice_Walker",4
"race","African_Americans","Allen_Payne",1
"race","African_Americans","Alma_Thomas",4
"race","African_Americans","Althea_Gibson",4
"race","African_Americans","Alton_Abraham",1
"race","African_Americans","Alvin_Childress",1
"race","African_Americans","Alvin_Harrison",2
"race","African_Americans","Amelia_Boynton_Robinson",2
"race","African_Americans","Amiri_Baraka",1
"race","African_Americans","Amzie_Moore",1
"race","African_Americans","Andre_Cason",1
"race","African_Americans","Andre_Williams",3
"race","African_Americans","Andrew_Young",5
"race","African_Americans","Angela_Davis",6
"race","African_Americans","Angela_Rye",1
"race","African_Americans","Anika_Noni_Rose",1
"race","African_Americans","Anita_Baker",1
"race","African_Americans","Anita_Hill",5
"race","African_Americans","Anne_Moody",2
"race","African_Americans","Anthony_Anderson",1
"race","African_Americans","Anthony_Mackie",1
"race","African_Americans","Archie_Moore",6
"race","African_Americans","Archie_Williams",1
"race","African_Americans","Arna_Bontemps",1
"race","African_Americans","Arthur_Ashe",7
"race","African_Americans","Arthur_Jafa",3
"race","African_Americans","Artur_Davis",1
"race","African_Americans","Augustus_Tolton",3
"race","African_Americans","B._Kwaku_Duren",1
"race","African_Americans","Baby_Dodds",5
"race","African_Americans","Baltimore_Ravens",3
"race","African_Americans","Barbara_Jordan",3
"race","African_Americans","Barbara_Lynn",1
"race","African_Americans","Barry_Jenkins",2
"race","African_Americans","Barry_Larkin",2
"race","African_Americans","Barry_Sanders",3
"race","African_Americans","Barry_White",2
"race","African_Americans","Bayard_Rustin",10
"race","African_Americans","Beau_Jack",1
"race","African_Americans","Ben_Vereen",1
"race","African_Americans","Benjamin_Hooks",1
"race","African_Americans","Benny_Golson",1
"race","African_Americans","Bernard_Lafayette",4
"race","African_Americans","Berry_Gordy",7
"race","African_Americans","Bessie_Smith",10
"race","African_Americans","Betty_Carter",4
"race","African_Americans","Betty_Everett",1
"race","African_Americans","Betty_McGlown",2
"race","African_Americans","Betty_Shabazz",6
"race","African_Americans","Bettye_LaVette",2
"race","African_Americans","Bill_Robinson",3
"race","African_Americans","Bill_Russell",5
"race","African_Americans","Billie_Holiday",4
"race","African_Americans","Billy_Eckstine",2
"race","African_Americans","Billy_Knight",1
"race","African_Americans","Billy_Paul",7
"race","African_Americans","Billy_Strayhorn",1
"race","African_Americans","Billy_Taylor",2
"race","African_Americans","Black_Hebrew_Israelites",4
"race","African_Americans","Blind_Blake",1
"race","African_Americans","Bob_Beamon",1
"race","African_Americans","Bobby_Bland",1
"race","African_Americans","Bobby_Bonds",1
"race","African_Americans","Bobby_Hutton",1
"race","African_Americans","Bobby_Short",1
"race","African_Americans","Bobby_Womack",3
"race","African_Americans","Bootsy_Collins",1
"race","African_Americans","Brian_Michael_Smith",1
"race","African_Americans","Bruce_Brown_Jr.",1
"race","African_Americans","Bruce_Darnell",1
"race","African_Americans","Bryan_Shelton",1
"race","African_Americans","Bryan_Stevenson",1
"race","African_Americans","Buddy_Bolden",5
"race","African_Americans","Bunchy_Carter",1
"race","African_Americans","Butch_Beard",1
"race","African_Americans","Butch_Reynolds",1
"race","African_Americans","C._L._Franklin",2
"race","African_Americans","C._T._Vivian",2
"race","African_Americans","Cab_Calloway",5
"race","African_Americans","Caleb_Swanigan",1
"race","African_Americans","Candace_Owens",1
"race","African_Americans","Carey_Bell",1
"race","African_Americans","Carl_Crawford",1
"race","African_Americans","Carl_Lewis",1
"race","African_Americans","Carl_Weathersby",1
"race","African_Americans","Carmelo_Anthony",2
"race","African_Americans","Chanda_Rubin",1
"race","African_Americans","Charles_Evers",1
"race","African_Americans","Charles_Kenzie_Steele",1
"race","African_Americans","Charles_Michael_Davis",1
"race","African_Americans","Charles_Oakley",1
"race","African_Americans","Charles_Sherrod",9
"race","African_Americans","Charles_Steele_Jr.",1
"race","African_Americans","Charlie_Christian",5
"race","African_Americans","Charlie_Murphy",1
"race","African_Americans","Charlie_Parker",5
"race","African_Americans","Charlotte_Hornets",2
"race","African_Americans","Cheryl_Lynn",1
"race","African_Americans","China_Anne_McClain",1
"race","African_Americans","Chris_Brown",2
"race","African_Americans","Chris_Rock",2
"race","African_Americans","Chris_Webber",2
"race","African_Americans","Christian_Coleman",1
"race","African_Americans","Christiana_Carteaux_Bannister",4
"race","African_Americans","Chubby_Checker",4
"race","African_Americans","Chuck_Brown",2
"race","African_Americans","Chuck_Jackson",2
"race","African_Americans","Cito_Gaston",1
"race","African_Americans","Clarence_Thomas",2
"race","African_Americans","Clark_Terry",8
"race","African_Americans","Claudette_Colvin",5
"race","African_Americans","Cliff_Alexander",1
"race","African_Americans","Clifford_Brown",6
"race","African_Americans","Clifton_Powell",1
"race","African_Americans","Cocoa_Brown",1
"race","African_Americans","Coleman_Hawkins",1
"race","African_Americans","Collin_Sexton",1
"race","African_Americans","Conrad_Lynn",2
"race","African_Americans","Cora_Ann_Pair_Thomas",1
"race","African_Americans","Coretta_Scott_King",5
"race","African_Americans","Corey_Reynolds",1
"race","African_Americans","Curt_Flood",3
"race","African_Americans","Curt_Menefee",1
"race","African_Americans","Curtis_W._Harris",1
"race","African_Americans","Cyrus_Chestnut",1
"race","African_Americans","Damon_Harris",2
"race","African_Americans","Daniel_Cormier",2
"race","African_Americans","Danny_Glover",1
"race","African_Americans","Danny_Harris",1
"race","African_Americans","Darryl_M._Bell",1
"race","African_Americans","Daryl_Coley",3
"race","African_Americans","Dave_Henderson",1
"race","African_Americans","David_Alan_Grier",2
"race","African_Americans","David_Fagen",1
"race","African_Americans","David_Ruffin",2
"race","African_Americans","David_Swerdlick",1
"race","African_Americans","DeAndre_Jordan",1
"race","African_Americans","Debbie_Allen",2
"race","African_Americans","Dee_Dee_Bridgewater",1
"race","African_Americans","Deitrick_Haddon",1
"race","African_Americans","Dej_Loaf",1
"race","African_Americans","Denise_Nicholas",1
"race","African_Americans","Denmark_Vesey",10
"race","African_Americans","Dennis_Edwards",1
"race","African_Americans","Dennis_Haysbert",1
"race","African_Americans","Deon_Cole",1
"race","African_Americans","Deshaun_Watson",1
"race","African_Americans","Deshauna_Barber",1
"race","African_Americans","Deval_Patrick",1
"race","African_Americans","Devon_Alexander",3
"race","African_Americans","Deyonta_Davis",1
"race","African_Americans","Diahann_Carroll",3
"race","African_Americans","Diana_Ross",6
"race","African_Americans","Diane_Nash",1
"race","African_Americans","Dianne_Reeves",1
"race","African_Americans","Dick_Allen",5
"race","African_Americans","Dick_Gregory",4
"race","African_Americans","Dinah_Washington",1
"race","African_Americans","Dionne_Warwick",2
"race","African_Americans","Dizzy_Gillespie",1
"race","African_Americans","Don_Buford",3
"race","African_Americans","Donald_Byrd",1
"race","African_Americans","Donna_Summer",2
"race","African_Americans","Donny_Hathaway",2
"race","African_Americans","Dorian_Harewood",1
"race","African_Americans","Dorothy_Cotton",1
"race","African_Americans","Dorothy_Height",3
"race","African_Americans","Dorothy_West",4
"race","African_Americans","Doug_Glanville",2
"race","African_Americans","Douglas_Wilder",3
"race","African_Americans","Dr._Dre",48
"race","African_Americans","Draya_Michele",1
"race","African_Americans","Duke_Ellington",5
"race","African_Americans","Dustin_Byfuglien",1
"race","African_Americans","Dwayne_Bacon",2
"race","African_Americans","Dwayne_Haskins",1
"race","African_Americans","E._D._Nixon",1
"race","African_Americans","Earl_Hines",9
"race","African_Americans","Earl_Monroe",2
"race","African_Americans","Eartha_Kitt",3
"race","African_Americans","Ed_Bradley",1
"race","African_Americans","Eddie_Floyd",2
"race","African_Americans","Eddie_Kendricks",2
"race","African_Americans","Eddie_Levert",2
"race","African_Americans","Eddie_Murphy",2
"race","African_Americans","Eddie_Tolan",1
"race","African_Americans","Edmond_Hall",3
"race","African_Americans","Edwin_Moses",1
"race","African_Americans","Elbert_Howard",1
"race","African_Americans","Elizabeth_Freeman",2
"race","African_Americans","Ella_Baker",7
"race","African_Americans","Ella_Fitzgerald",4
"race","African_Americans","Emmett_Till",17
"race","African_Americans","Eric_Bledsoe",1
"race","African_Americans","Eric_Holder",2
"race","African_Americans","Eric_Snow",1
"race","African_Americans","Erica_Campbell",1
"race","African_Americans","Erica_Hunt",1
"race","African_Americans","Erik_Kynard",1
"race","African_Americans","Ernie_Hudson",2
"race","African_Americans","Erykah_Badu",2
"race","African_Americans","Etta_James",2
"race","African_Americans","Evelyn_Simpson_Curenton",1
"race","African_Americans","Fannie_Lee_Chaney",1
"race","African_Americans","Fannie_Lou_Hamer",10
"race","African_Americans","Flip_Wilson",2
"race","African_Americans","Flo_Rida",19
"race","African_Americans","Florynce_Kennedy",2
"race","African_Americans","Floyd_Mayweather_Jr.",2
"race","African_Americans","Floyd_McKissick",1
"race","African_Americans","Floyd_Patterson",2
"race","African_Americans","Fox_NFL_Sunday",6
"race","African_Americans","Frances_Harper",1
"race","African_Americans","Frank_Marshall_Davis",3
"race","African_Americans","Frank_Ocean",5
"race","African_Americans","Frank_Robinson",1
"race","African_Americans","Frankie_Beverly",1
"race","African_Americans","Frankie_Muse_Freeman",1
"race","African_Americans","Franklin_McCain",1
"race","African_Americans","Fred_Hampton",11
"race","African_Americans","Fred_Shuttlesworth",2
"race","African_Americans","Frederick_Douglass",34
"race","African_Americans","Fredricka_Whitfield",1
"race","African_Americans","Gabriel_Prosser",1
"race","African_Americans","Gary_Anthony_Williams",2
"race","African_Americans","Gary_Payton",2
"race","African_Americans","Gene_Anthony_Ray",1
"race","African_Americans","Gene_Baker",1
"race","African_Americans","George_Foreman",7
"race","African_Americans","George_Gervin",2
"race","African_Americans","George_Raymond",1
"race","African_Americans","George_Taliaferro",1
"race","African_Americans","George_Washington_Carver",14
"race","African_Americans","Gerald_Coleman",2
"race","African_Americans","Gladys_Knight",6
"race","African_Americans","Glenn_Braggs",1
"race","African_Americans","Gloria_Blackwell",2
"race","African_Americans","Gloria_Richardson",8
"race","African_Americans","Golden_Brooks",1
"race","African_Americans","Gordon_Davis",2
"race","African_Americans","Grant_Hill",1
"race","African_Americans","Gregory_Hines",1
"race","African_Americans","Grover_Washington_Jr.",2
"race","African_Americans","Gucci_Mane",43
"race","African_Americans","Gwendolyn_B._Bennett",1
"race","African_Americans","Gwendolyn_Brooks",1
"race","African_Americans","Hank_Aaron",7
"race","African_Americans","Hank_Jones",3
"race","African_Americans","Harlem_Renaissance",17
"race","African_Americans","Harold_Baines",1
"race","African_Americans","Harold_Varner_III",1
"race","African_Americans","Harriet_Tubman",4
"race","African_Americans","Harriette_Moore",1
"race","African_Americans","Harry_T._Moore",3
"race","African_Americans","Helen_Elsie_Austin",1
"race","African_Americans","Henriette_DeLille",1
"race","African_Americans","Henry_Carr",3
"race","African_Americans","Henry_Highland_Garnet",2
"race","African_Americans","Herschel_Walker",1
"race","African_Americans","Hill_Harper",2
"race","African_Americans","Horace_Silver",1
"race","African_Americans","Hosea_Williams",2
"race","African_Americans","Howard_Rollins",1
"race","African_Americans","Ida_B._Wells",3
"race","African_Americans","Ike_Turner",4
"race","African_Americans","Ira_Aldridge",8
"race","African_Americans","Isaac_Hayes",4
"race","African_Americans","Isabel_Sanford",1
"race","African_Americans","Isaiah_Canaan",1
"race","African_Americans","Ishmael_Reed",12
"race","African_Americans","Ivan_Dixon",1
"race","African_Americans","Ivie_Anderson",1
"race","African_Americans","J._Cole",4
"race","African_Americans","Jackie_Bradley_Jr.",1
"race","African_Americans","Jackie_Robinson",4
"race","African_Americans","Jacob_Lawrence",5
"race","African_Americans","Jalen_Rose",1
"race","African_Americans","Jamaal_Wilkes",3
"race","African_Americans","James_Baldwin",3
"race","African_Americans","James_Baskett",1
"race","African_Americans","James_Bevel",1
"race","African_Americans","James_Blackmon_Jr.",1
"race","African_Americans","James_Brown",15
"race","African_Americans","James_Chaney",1
"race","African_Americans","James_Cleveland",2
"race","African_Americans","James_Cotton",3
"race","African_Americans","James_E._Hinton",2
"race","African_Americans","James_Farmer",3
"race","African_Americans","James_Forman",2
"race","African_Americans","James_Ingram",1
"race","African_Americans","James_Meredith",2
"race","African_Americans","James_Weldon_Johnson",6
"race","African_Americans","Jamie_Foxx",2
"race","African_Americans","Janet_Jackson",3
"race","African_Americans","Janks_Morton",1
"race","African_Americans","Jaren_Jackson",1
"race","African_Americans","Jarmere_Jenkins",1
"race","African_Americans","Jarrett_Allen",1
"race","African_Americans","Jarrett_Culver",1
"race","African_Americans","Jasmine_Guy",1
"race","African_Americans","Jason_Heyward",1
"race","African_Americans","Jay_Rock",6
"race","African_Americans","Jean_Terrell",1
"race","African_Americans","Jennifer_Beals",1
"race","African_Americans","Jennifer_Hudson",3
"race","African_Americans","Jermaine_Jackson",2
"race","African_Americans","Jerry_Butler",2
"race","African_Americans","Jerry_Reese",1
"race","African_Americans","Jerry_Rice",1
"race","African_Americans","Jesse_Jackson",5
"race","African_Americans","Jesse_Owens",4
"race","African_Americans","Jevon_Carter",1
"race","African_Americans","Jhene_Aiko",1
"race","African_Americans","Jim_Brown",2
"race","African_Americans","Jim_Gilliam",2
"race","African_Americans","Jimi_Hendrix",5
"race","African_Americans","Jimmy_Butler",1
"race","African_Americans","Jimmy_Hamilton",1
"race","African_Americans","Jimmy_Reed",1
"race","African_Americans","Jimmy_Scott",2
"race","African_Americans","Jo_Ann_Robinson",3
"race","African_Americans","Jo_Marie_Payton",2
"race","African_Americans","Joe_Black",1
"race","African_Americans","Joe_Budden",2
"race","African_Americans","Joe_Frazier",4
"race","African_Americans","Joe_Louis",4
"race","African_Americans","Joe_McPhee",1
"race","African_Americans","John_Coltrane",4
"race","African_Americans","John_David_Washington",1
"race","African_Americans","John_Edgar_Wideman",9
"race","African_Americans","John_Henry_Lewis",1
"race","African_Americans","John_Lee_Hooker",1
"race","African_Americans","John_Legend",5
"race","African_Americans","John_Salley",3
"race","African_Americans","John_Singleton",1
"race","African_Americans","Johnnie_Cochran",2
"race","African_Americans","Johnny_Ace",2
"race","African_Americans","Johnny_Dodds",1
"race","African_Americans","Johnny_Griffin",1
"race","African_Americans","Johnny_Mathis",3
"race","African_Americans","Jon_Hendricks",1
"race","African_Americans","Jordan_Emanuel",1
"race","African_Americans","Jordan_Greenway",1
"race","African_Americans","Josephine_St._Pierre_Ruffin",2
"race","African_Americans","Juanita_Moore",1
"race","African_Americans","Julius_Lester",1
"race","African_Americans","Junior_Wells",1
"race","African_Americans","Jussie_Smollett",1
"race","African_Americans","Justin_Bailey",1
"race","African_Americans","Justin_Gatlin",1
"race","African_Americans","Justin_Morrison",1
"race","African_Americans","K._C._Jones",1
"race","African_Americans","Kadeem_Hardison",1
"race","African_Americans","Kam_Franklin",1
"race","African_Americans","Karl_Malone",3
"race","African_Americans","Kathleen_Cleaver",1
"race","African_Americans","Katrina_Adams",1
"race","African_Americans","Kehinde_Wiley",2
"race","African_Americans","Keith_David",2
"race","African_Americans","Keke_Palmer",1
"race","African_Americans","Kellie_Shanygne_Williams",1
"race","African_Americans","Ken_Foree",2
"race","African_Americans","Ken_Griffey_Jr.",1
"race","African_Americans","Ken_Norton",3
"race","African_Americans","Kenan_Thompson",1
"race","African_Americans","Kendrick_Lamar",2
"race","African_Americans","Kenny_Smith",1
"race","African_Americans","Kerry_S._Harris",1
"race","African_Americans","Kevin_Michael_Richardson",1
"race","African_Americans","Kevin_Powell",2
"race","African_Americans","Keyshia_Cole",2
"race","African_Americans","Khandi_Alexander",1
"race","African_Americans","Khary_Payton",1
"race","African_Americans","Khris_Middleton",1
"race","African_Americans","Kim_Burrell",1
"race","African_Americans","Kimberly_Clarice_Aiken",1
"race","African_Americans","Kimora_Lee_Simmons",4
"race","African_Americans","King_Booker",6
"race","African_Americans","Kirk_Franklin",4
"race","African_Americans","Koby_Altman",1
"race","African_Americans","Koryn_Hawthorne",3
"race","African_Americans","Kristen_Welker",1
"race","African_Americans","L._Scott_Caldwell",1
"race","African_Americans","LaShawn_Merritt",1
"race","African_Americans","LaTanya_Richardson",1
"race","African_Americans","LaVan_Davis",1
"race","African_Americans","LaWanda_Page",2
"race","African_Americans","La_Toya_Jackson",6
"race","African_Americans","Lakita_Garth",1
"race","African_Americans","Lamar_Jackson",1
"race","African_Americans","Lamon_Brewster",1
"race","African_Americans","Lance_Reddick",1
"race","African_Americans","Lance_Stephenson",1
"race","African_Americans","Langston_Hughes",11
"race","African_Americans","Larry_Doby",3
"race","African_Americans","Larry_Holmes",1
"race","African_Americans","Laura_Coates",1
"race","African_Americans","Lauren_Ridloff",1
"race","African_Americans","Lauryn_Hill",5
"race","African_Americans","Lavern_Baker",2
"race","African_Americans","Laverne_Cox",1
"race","African_Americans","Lavoy_Allen",1
"race","African_Americans","Lawrence_Gilliard_Jr.",1
"race","African_Americans","Lee_May",1
"race","African_Americans","Lee_Morgan",1
"race","African_Americans","Lena_Horne",1
"race","African_Americans","Lenny_Kravitz",3
"race","African_Americans","Leon_Everitt",1
"race","African_Americans","Leon_Spinks",4
"race","African_Americans","Leonard_C._Bailey",1
"race","African_Americans","Lil_Baby",4
"race","African_Americans","Lil_Gotit",4
"race","African_Americans","Lil_Nas_X",3
"race","African_Americans","Lil_Reese",6
"race","African_Americans","Lil_Uzi_Vert",3
"race","African_Americans","Lil_Wayne",12
"race","African_Americans","Lil_Yachty",2
"race","African_Americans","Lincoln_Ragsdale",1
"race","African_Americans","Lionel_Hampton",2
"race","African_Americans","Lionel_Richie",4
"race","African_Americans","Little_Willie_John",1
"race","African_Americans","Loni_Love",1
"race","African_Americans","Loretta_Devine",1
"race","African_Americans","Lorraine_Hansberry",2
"race","African_Americans","Lou_Williams",1
"race","African_Americans","Louis_Armstrong",9
"race","African_Americans","Louis_Farrakhan",1
"race","African_Americans","Louis_Gossett_Jr.",1
"race","African_Americans","Louis_Jordan",1
"race","African_Americans","Lucille_Bogan",1
"race","African_Americans","Lucille_Clifton",4
"race","African_Americans","Lynda_Laurence",1
"race","African_Americans","Lynn_Whitfield",1
"race","African_Americans","Lynne_Thigpen",1
"race","African_Americans","MC_Hammer",2
"race","African_Americans","Ma_Rainey",2
"race","African_Americans","Madam_C._J._Walker",3
"race","African_Americans","Madeline_Bell",1
"race","African_Americans","Madison_Keys",1
"race","African_Americans","Mae_Jemison",2
"race","African_Americans","Magic_Sam",6
"race","African_Americans","Magic_Slim",3
"race","African_Americans","Mahalia_Jackson",6
"race","African_Americans","Mahershala_Ali",1
"race","African_Americans","Maidie_Norman",1
"race","African_Americans","Malcolm_David_Kelley",1
"race","African_Americans","Malik_Hassan_Sayeed",1
"race","African_Americans","Marc_Lamont_Hill",1
"race","African_Americans","Margaret_Avery",1
"race","African_Americans","Margaret_Walker",2
"race","African_Americans","Mariah_Carey",3
"race","African_Americans","Marian_Wright_Edelman",1
"race","African_Americans","Marilyn_Nelson",1
"race","African_Americans","Marion_Motley",1
"race","African_Americans","Mark_Henry",4
"race","African_Americans","Markieff_Morris",1
"race","African_Americans","Marla_Gibbs",1
"race","African_Americans","Marques_Houston",1
"race","African_Americans","Marsai_Martin",1
"race","African_Americans","Marshall_Bridges",1
"race","African_Americans","Martha_Reeves",1
"race","African_Americans","Martin_Luther_King_III",2
"race","African_Americans","Martin_Luther_King_Jr.",6
"race","African_Americans","Marvel_Cooke",2
"race","African_Americans","Marvelous_Marvin_Hagler",1
"race","African_Americans","Marvin_Bagley",1
"race","African_Americans","Marvin_Gaye",3
"race","African_Americans","Mary_Ellen_Pleasant",3
"race","African_Americans","Mary_J._Blige",1
"race","African_Americans","Mashona_Washington",2
"race","African_Americans","Maurice_White",2
"race","African_Americans","Mavis_Staples",1
"race","African_Americans","Max_Roach",3
"race","African_Americans","Maya_Angelou",2
"race","African_Americans","McCoy_Tyner",1
"race","African_Americans","Melvin_Van_Peebles",2
"race","African_Americans","Memphis_Slim",4
"race","African_Americans","Mia_Yim",1
"race","African_Americans","Miami_Herald",2
"race","African_Americans","Michael_Clarke_Duncan",1
"race","African_Americans","Michael_Dorn",1
"race","African_Americans","Michael_Ealy",1
"race","African_Americans","Michael_Henderson",1
"race","African_Americans","Michael_Irvin",1
"race","African_Americans","Michael_Jackson",1
"race","African_Americans","Michael_Jordan",7
"race","African_Americans","Michael_Spinks",2
"race","African_Americans","Michelle_Miller",2
"race","African_Americans","Michelle_Obama",4
"race","African_Americans","Mike_Cameron",1
"race","African_Americans","Mike_Epps",1
"race","African_Americans","Mike_Tyson",4
"race","African_Americans","Miles_Davis",5
"race","African_Americans","Milt_Jackson",1
"race","African_Americans","Misty_Stone",1
"race","African_Americans","Monique_Coleman",3
"race","African_Americans","Monte_Irvin",1
"race","African_Americans","Montez_Ford",1
"race","African_Americans","Morgan_Freeman",2
"race","African_Americans","Morris_Chestnut",2
"race","African_Americans","Mos_Def",31
"race","African_Americans","Moses_Gunn",1
"race","African_Americans","Muddy_Waters",8
"race","African_Americans","Muhammad_Ali",10
"race","African_Americans","Musiq_Soulchild",2
"race","African_Americans","Mykki_Blanco",1
"race","African_Americans","Nana_Meriwether",1
"race","African_Americans","Nat_King_Cole",3
"race","African_Americans","Natalie_Cole",1
"race","African_Americans","Natasha_Trethewey",1
"race","African_Americans","Nelsan_Ellis",2
"race","African_Americans","Nichelle_Nichols",1
"race","African_Americans","Nicholas_Monroe",1
"race","African_Americans","Nick_Cannon",3
"race","African_Americans","Nicole_Ari_Parker",1
"race","African_Americans","Nikki_Giovanni",5
"race","African_Americans","Nina_Simone",5
"race","African_Americans","Norman_Parish",1
"race","African_Americans","O._J._Simpson",1
"race","African_Americans","Oliver_Nelson",2
"race","African_Americans","Omar_Gooding",1
"race","African_Americans","Omari_Spellman",1
"race","African_Americans","Oprah_Winfrey",8
"race","African_Americans","Orlando_Jones",1
"race","African_Americans","Ornette_Coleman",1
"race","African_Americans","Oscar_Robertson",1
"race","African_Americans","Otis_Davis",1
"race","African_Americans","Otis_Harris",1
"race","African_Americans","Pat_Parker",5
"race","African_Americans","Patrick_Beverley",1
"race","African_Americans","Paul_Benjamin",1
"race","African_Americans","Paul_Chambers",1
"race","African_Americans","Paul_Laurence_Dunbar",3
"race","African_Americans","Pauli_Murray",3
"race","African_Americans","Peabo_Bryson",3
"race","African_Americans","Pearl_Bailey",1
"race","African_Americans","Pernell_Whitaker",1
"race","African_Americans","Perry_B._Jackson",1
"race","African_Americans","Phyllis_Hyman",3
"race","African_Americans","Pierre_Toussaint",3
"race","African_Americans","Pooch_Hall",2
"race","African_Americans","Prince_Harry",1
"race","African_Americans","Quiana_Grant",1
"race","African_Americans","Quincy_Jones",3
"race","African_Americans","R._Kelly",10
"race","African_Americans","Rafer_Johnson",2
"race","African_Americans","Rahman_Ali",1
"race","African_Americans","Ralph_Abernathy",3
"race","African_Americans","Ralph_Bunche",8
"race","African_Americans","Ralph_Ellison",4
"race","African_Americans","Ralph_Metcalfe",1
"race","African_Americans","Raphael_Saadiq",1
"race","African_Americans","Rashida_Jones",1
"race","African_Americans","Rasual_Butler",1
"race","African_Americans","Ravi_Coltrane",1
"race","African_Americans","Ray_Allen",1
"race","African_Americans","Ray_Charles",4
"race","African_Americans","Ray_Durham",2
"race","African_Americans","Ray_J",19
"race","African_Americans","Ray_Lewis",2
"race","African_Americans","Ray_Parker_Jr.",1
"race","African_Americans","Raymond_Pace_Alexander",1
"race","African_Americans","Raymond_St._Jacques",1
"race","African_Americans","Reggie_Evans",1
"race","African_Americans","Reggie_Miller",1
"race","African_Americans","Reginald_Lewis",1
"race","African_Americans","Remy_Ma",3
"race","African_Americans","Rich_Boy",2
"race","African_Americans","Rich_Homie_Quan",4
"race","African_Americans","Richard_Roundtree",1
"race","African_Americans","Rick_Ross",8
"race","African_Americans","Rickey_Henderson",1
"race","African_Americans","Robert_Cray",2
"race","African_Americans","Robert_F._Williams",4
"race","African_Americans","Robert_Guillaume",1
"race","African_Americans","Robert_Hayden",2
"race","African_Americans","Robert_Henry_Lawrence_Jr.",1
"race","African_Americans","Robert_Hooks",1
"race","African_Americans","Robert_Johnson",5
"race","African_Americans","Robert_Sengstacke_Abbott",1
"race","African_Americans","Rochelle_Aytes",1
"race","African_Americans","Rod_Milburn",1
"race","African_Americans","Roger_Aaron_Brown",2
"race","African_Americans","Roger_Kingdom",1
"race","African_Americans","Roger_Mayweather",2
"race","African_Americans","Roland_Burris",1
"race","African_Americans","Ron_Lyle",1
"race","African_Americans","Ronald_Isley",1
"race","African_Americans","Ronald_McNair",3
"race","African_Americans","Rosa_Parks",12
"race","African_Americans","Roscoe_Lee_Browne",3
"race","African_Americans","Rosetta_DeBerardinis",1
"race","African_Americans","Roxie_Roker",1
"race","African_Americans","Roy_Campanella",1
"race","African_Americans","Roy_Eldridge",5
"race","African_Americans","Roy_Glenn",2
"race","African_Americans","Roy_Wilkins",2
"race","African_Americans","Ruby_Bridges",2
"race","African_Americans","Russell_Westbrook",1
"race","African_Americans","Sadie_Tanner_Mossell_Alexander",2
"race","African_Americans","Sam_Gilliam",4
"race","African_Americans","Sammy_Davis_Jr.",2
"race","African_Americans","Samuel_L._Jackson",2
"race","African_Americans","Samuel_R._Delany",5
"race","African_Americans","Samuel_Wilbert_Tucker",1
"race","African_Americans","Sarah_Mae_Flemming",2
"race","African_Americans","Sarah_Vaughan",3
"race","African_Americans","Scherrie_Payne",1
"race","African_Americans","Scott_Joplin",4
"race","African_Americans","Scott_Lawrence",1
"race","African_Americans","Serena_Williams",4
"race","African_Americans","Shane_Mosley",2
"race","African_Americans","Shawn_Crawford",1
"race","African_Americans","Shawn_Stockman",1
"race","African_Americans","Shawn_Wayans",1
"race","African_Americans","Shawn_Wheeler",1
"race","African_Americans","Shelton_Benjamin",1
"race","African_Americans","Shirley_Chisholm",2
"race","African_Americans","Sly_Stone",5
"race","African_Americans","Smokey_Robinson",3
"race","African_Americans","Snoop_Dogg",23
"race","African_Americans","Solomon_Burke",1
"race","African_Americans","Sonja_Sohn",1
"race","African_Americans","Sonny_Liston",5
"race","African_Americans","Sonny_Rollins",5
"race","African_Americans","Soulja_Boy",5
"race","African_Americans","Spike_Lee",1
"race","African_Americans","Stephen_A._Smith",1
"race","African_Americans","Steve_Harvey",3
"race","African_Americans","Sugar_Ray_Robinson",2
"race","African_Americans","Sway_Calloway",1
"race","African_Americans","Swizz_Beatz",5
"race","African_Americans","Sylvia_Robinson",4
"race","African_Americans","Tamar_Braxton",2
"race","African_Americans","Tamela_Mann",1
"race","African_Americans","Tasha_Schwikert",4
"race","African_Americans","Teala_Dunn",1
"race","African_Americans","Tequan_Richmond",1
"race","African_Americans","Teresa_Graves",1
"race","African_Americans","Terrell_Brandon",1
"race","African_Americans","Terrence_Jenkins",1
"race","African_Americans","Terry_Rozier",1
"race","African_Americans","Thelma_Houston",4
"race","African_Americans","Thomas_Mikal_Ford",1
"race","African_Americans","Thurgood_Marshall",5
"race","African_Americans","Thurgood_Marshall_Jr.",2
"race","African_Americans","Tim_Witherspoon",1
"race","African_Americans","Timmie_Rogers",1
"race","African_Americans","Tina_Lifford",1
"race","African_Americans","Tina_Turner",5
"race","African_Americans","Tito_Jackson",1
"race","African_Americans","Tommy_Davis",1
"race","African_Americans","Tommy_Harper",1
"race","African_Americans","Toni_Braxton",3
"race","African_Americans","Toni_Morrison",3
"race","African_Americans","Tony_Darden",1
"race","African_Americans","Tony_Gwynn",1
"race","African_Americans","Tony_McQuay",1
"race","African_Americans","Traci_Braxton",2
"race","African_Americans","Tracy_Chapman",1
"race","African_Americans","Tracy_K._Smith",2
"race","African_Americans","Trey_Burke",1
"race","African_Americans","Trey_Songz",4
"race","African_Americans","Tyler_James_Williams",1
"race","African_Americans","Tyrese_Gibson",1
"race","African_Americans","Tyson_Gay",2
"race","African_Americans","Valerie_Jarrett",1
"race","African_Americans","Valerie_June",1
"race","African_Americans","Van_Jones",1
"race","African_Americans","Vanessa_Bell_Calloway",1
"race","African_Americans","Victor_Blackwell",1
"race","African_Americans","Vincent_Harding",1
"race","African_Americans","Vincent_M._Ward",1
"race","African_Americans","Viola_Davis",1
"race","African_Americans","Walter_Dean_Myers",2
"race","African_Americans","Walter_Fauntroy",1
"race","African_Americans","Walter_Mosley",4
"race","African_Americans","Walter_P._Lomax_Jr.",1
"race","African_Americans","Walter_Payton",5
"race","African_Americans","Wanda_Sykes",1
"race","African_Americans","Warith_Deen_Mohammed",2
"race","African_Americans","Wayne_Shorter",1
"race","African_Americans","Wesley_Willis",2
"race","African_Americans","Whitney_Houston",6
"race","African_Americans","Whoopi_Goldberg",2
"race","African_Americans","William_Calvin_Chase",1
"race","African_Americans","William_Jackson_Harper",1
"race","African_Americans","William_Thaddeus_Coleman_Jr.",1
"race","African_Americans","Willie_Crawford",1
"race","African_Americans","Willie_Dixon",1
"race","African_Americans","Willie_Harris",3
"race","African_Americans","Willie_Mays",1
"race","African_Americans","Willie_McCovey",1
"race","African_Americans","Willis_Reed",1
"race","African_Americans","Wilma_Rudolph",10
"race","African_Americans","Wilson_Pickett",4
"race","African_Americans","Wyatt_Tee_Walker",1
"race","African_Americans","Xernona_Clayton",1
"race","African_Americans","Yona_Harvey",1
"race","African_Americans","Young_Scooter",2
"race","African_Americans","Yvette_Nicole_Brown",1
"race","African_Americans","Zerlina_Maxwell",1
"race","African_Americans","Zina_Garrison",1
"race","African_Americans","Zoe_Saldana",1
"race","Asian_Americans","A._R._Rahman",6
"race","Asian_Americans","Aasif_Mandvi",2
"race","Asian_Americans","Abraham_Verghese",1
"race","Asian_Americans","Aimee_Nezhukumatathil",1
"race","Asian_Americans","Albert_Chao",3
"race","Asian_Americans","Albert_Saijo",1
"race","Asian_Americans","Alex_Shibutani",3
"race","Asian_Americans","Alex_Van_Halen",1
"race","Asian_Americans","Alexander_Massialas",1
"race","Asian_Americans","Ali_Velshi",3
"race","Asian_Americans","Alice_K._Kurashige",1
"race","Asian_Americans","Amar_Bose",1
"race","Asian_Americans","Amartya_Sen",3
"race","Asian_Americans","Amos_Yong",2
"race","Asian_Americans","Amy_Tan",1
"race","Asian_Americans","Andrea_Jung",1
"race","Asian_Americans","Andrea_Wong",1
"race","Asian_Americans","Andrew_Cherng",2
"race","Asian_Americans","Andrew_Kim",1
"race","Asian_Americans","Aneesh_Raman",1
"race","Asian_Americans","Ang_Lee",3
"race","Asian_Americans","Angel_Chang",3
"race","Asian_Americans","Angelin_Chang",1
"race","Asian_Americans","Ann_Curry",1
"race","Asian_Americans","Anna_May_Wong",3
"race","Asian_Americans","Anna_Sui",10
"race","Asian_Americans","Anthony_Yuen",1
"race","Asian_Americans","Apex_Digital",1
"race","Asian_Americans","Apolo_Anton_Ohno",1
"race","Asian_Americans","Aruna_Miller",1
"race","Asian_Americans","Ashley_Argota",1
"race","Asian_Americans","Avon_Products",1
"race","Asian_Americans","Awkwafina",5
"race","Asian_Americans","Aziz_Ansari",4
"race","Asian_Americans","Bai_Ling",4
"race","Asian_Americans","Belle_Knox",1
"race","Asian_Americans","Ben_Fee",1
"race","Asian_Americans","Ben_Kuroki",2
"race","Asian_Americans","Ben_Silbermann",1
"race","Asian_Americans","Benigno_G._Tabora",1
"race","Asian_Americans","Bette_Bao_Lord",5
"race","Asian_Americans","Bhagat_Singh_Thind",1
"race","Asian_Americans","Bill_Clinton",3
"race","Asian_Americans","Bing_Yeh",1
"race","Asian_Americans","Boston_Marathon",7
"race","Asian_Americans","Brandon_Chillar",1
"race","Asian_Americans","Bruce_Lee",6
"race","Asian_Americans","Bruce_Yamashita",1
"race","Asian_Americans","Bruno_Mars",2
"race","Asian_Americans","Bryan_Clay",1
"race","Asian_Americans","Bryan_Thao_Worra",7
"race","Asian_Americans","Buffalo_Bills",1
"race","Asian_Americans","Carlos_Bulosan",1
"race","Asian_Americans","Carol_Lim",1
"race","Asian_Americans","Carol_Lin",1
"race","Asian_Americans","Carrie_Ann_Inaba",1
"race","Asian_Americans","Catalina_Yue",1
"race","Asian_Americans","Catherine_Lowe",1
"race","Asian_Americans","Charles_B._Wang",1
"race","Asian_Americans","Charles_Mingus",6
"race","Asian_Americans","Chen_Ning_Yang",1
"race","Asian_Americans","Cher_Calvin",1
"race","Asian_Americans","Cher_Wang",1
"race","Asian_Americans","Chloe_Bennet",1
"race","Asian_Americans","Chris_Chan_Lee",1
"race","Asian_Americans","Christina_Chang",1
"race","Asian_Americans","Christine_Ha",2
"race","Asian_Americans","Chuti_Tiu",1
"race","Asian_Americans","Clarence_Jey",2
"race","Asian_Americans","Colleen_Hanabusa",1
"race","Asian_Americans","Connie_Chung",1
"race","Asian_Americans","Cynthia_Gouw",1
"race","Asian_Americans","Dale_Minami",1
"race","Asian_Americans","Dalip_Singh_Saund",1
"race","Asian_Americans","Dan_Choi",2
"race","Asian_Americans","Daniel_Dae_Kim",1
"race","Asian_Americans","Daniel_Inouye",1
"race","Asian_Americans","Daniel_M._Tani",1
"race","Asian_Americans","Daniel_Tsui",1
"race","Asian_Americans","Daniel_Wu",1
"race","Asian_Americans","Dat_Nguyen",1
"race","Asian_Americans","Dat_Phan",2
"race","Asian_Americans","Dave_Shoji",1
"race","Asian_Americans","David_Chang",1
"race","Asian_Americans","David_Choe",1
"race","Asian_Americans","David_Henry_Hwang",2
"race","Asian_Americans","David_Ige",1
"race","Asian_Americans","David_S._C._Chu",1
"race","Asian_Americans","David_T._Hon",1
"race","Asian_Americans","David_Wong_Louie",2
"race","Asian_Americans","David_Wu",1
"race","Asian_Americans","Debra_Wong_Yang",1
"race","Asian_Americans","Denizen_Kane",1
"race","Asian_Americans","Derek_Lam",2
"race","Asian_Americans","Desert_Eagle",6
"race","Asian_Americans","Dia_Frampton",1
"race","Asian_Americans","Diana_Eng",3
"race","Asian_Americans","Doris_Matsui",1
"race","Asian_Americans","Doug_Chiang",1
"race","Asian_Americans","Dr._Sanjay_Gupta",1
"race","Asian_Americans","Dustin_Nguyen",2
"race","Asian_Americans","Ed_Lu",1
"race","Asian_Americans","Eddie_Van_Halen",1
"race","Asian_Americans","Edward_Soriano",3
"race","Asian_Americans","Ehren_Watada",2
"race","Asian_Americans","Eileen_Chang",2
"race","Asian_Americans","Elmelindo_Rodrigues_Smith",1
"race","Asian_Americans","Eric_Byler",1
"race","Asian_Americans","Eric_Nam",3
"race","Asian_Americans","Eric_S._Yuan",1
"race","Asian_Americans","Ernie_Chan",1
"race","Asian_Americans","Ernie_Reyes_Jr.",2
"race","Asian_Americans","Euna_Lee",1
"race","Asian_Americans","Eva_Chen",1
"race","Asian_Americans","Faran_Tahir",1
"race","Asian_Americans","Fareed_Zakaria",1
"race","Asian_Americans","Fareed_Zakaria_GPS",1
"race","Asian_Americans","Fort_Minor",6
"race","Asian_Americans","Foung_Hawj",1
"race","Asian_Americans","Francis_Chan",1
"race","Asian_Americans","Frank_Chin",3
"race","Asian_Americans","Frank_H._Ono",1
"race","Asian_Americans","Frank_H._Wu",4
"race","Asian_Americans","Fred_Korematsu",2
"race","Asian_Americans","Gary_R._Mar",1
"race","Asian_Americans","George_Ariyoshi",1
"race","Asian_Americans","George_W._Bush",1
"race","Asian_Americans","Gish_Jen",1
"race","Asian_Americans","Gobind_Behari_Lal",1
"race","Asian_Americans","Guitar_Hero",54
"race","Asian_Americans","Guy_Aoki",1
"race","Asian_Americans","Haing_Ngor",1
"race","Asian_Americans","Han_Ong",1
"race","Asian_Americans","Harold_Hongju_Koh",1
"race","Asian_Americans","Harold_Sakata",1
"race","Asian_Americans","Harry_Shum_Jr.",1
"race","Asian_Americans","Hayley_Kiyoko",1
"race","Asian_Americans","Hazel_Ying_Lee",2
"race","Asian_Americans","Hikaru_Nakamura",1
"race","Asian_Americans","Hiroaki_Aoki",1
"race","Asian_Americans","Hiroshi_Miyamura",1
"race","Asian_Americans","Hoang_Kieu",1
"race","Asian_Americans","Hubert_Vo",1
"race","Asian_Americans","Hung_Huynh",1
"race","Asian_Americans","Iron_Chef_America",10
"race","Asian_Americans","Isabel_Preysler",1
"race","Asian_Americans","Jacksonville_Jaguars",1
"race","Asian_Americans","Jade_Snow_Wong",4
"race","Asian_Americans","Jaegwon_Kim",2
"race","Asian_Americans","James_Chu",1
"race","Asian_Americans","James_Hong",2
"race","Asian_Americans","James_K._Okubo",2
"race","Asian_Americans","James_Sun",1
"race","Asian_Americans","James_Wong_Howe",1
"race","Asian_Americans","James_Yee",1
"race","Asian_Americans","Jane_Ng",1
"race","Asian_Americans","Janel_Parrish",1
"race","Asian_Americans","Janie_Tsao",1
"race","Asian_Americans","Jasmine_Trias",1
"race","Asian_Americans","Jason_Scott_Lee",1
"race","Asian_Americans","Jason_Tom",1
"race","Asian_Americans","Jason_Wu",2
"race","Asian_Americans","Jawed_Karim",1
"race","Asian_Americans","Jay_Manuel",4
"race","Asian_Americans","Jay_Park",12
"race","Asian_Americans","Jean_Kwok",2
"race","Asian_Americans","Jeff_Kashiwa",2
"race","Asian_Americans","Jeff_Yang",1
"race","Asian_Americans","Jen_Kao",1
"race","Asian_Americans","Jennie_Kwan",1
"race","Asian_Americans","Jennifer_Tilly",1
"race","Asian_Americans","Jennifer_Yee",1
"race","Asian_Americans","Jessica_Jung",1
"race","Asian_Americans","Jhumpa_Lahiri",2
"race","Asian_Americans","Jimmy_Meng",1
"race","Asian_Americans","Joan_Chen",8
"race","Asian_Americans","Joanna_Wang",1
"race","Asian_Americans","Jocelyn_Enriquez",1
"race","Asian_Americans","Joe_Allen_Hong",1
"race","Asian_Americans","Joe_M._Nishimoto",1
"race","Asian_Americans","Joe_Roche",1
"race","Asian_Americans","John_C._Young",2
"race","Asian_Americans","John_Cho",1
"race","Asian_Americans","John_Fugh",1
"race","Asian_Americans","John_J._Sie",1
"race","Asian_Americans","John_S._Chen",3
"race","Asian_Americans","John_Tu",1
"race","Asian_Americans","Johnny_Damon",1
"race","Asian_Americans","Johnny_Kan",6
"race","Asian_Americans","Johnny_Tsunami",2
"race","Asian_Americans","Johnny_Yong_Bosch",1
"race","Asian_Americans","Jon_Jang",1
"race","Asian_Americans","Jonah_Hex",18
"race","Asian_Americans","Jose_Calugas",1
"race","Asian_Americans","Joseph_Caravalho",1
"race","Asian_Americans","Joseph_Hahn",1
"race","Asian_Americans","Joseph_Heco",1
"race","Asian_Americans","Josie_Natori",1
"race","Asian_Americans","Judy_Yung",4
"race","Asian_Americans","Julia_Ling",1
"race","Asian_Americans","Justin_Kan",1
"race","Asian_Americans","Justin_Lin",3
"race","Asian_Americans","Kahr_Arms",5
"race","Asian_Americans","Kalei_Mau",1
"race","Asian_Americans","Kalpana_Chawla",6
"race","Asian_Americans","Kamila_Shamsie",1
"race","Asian_Americans","Karin_Anna_Cheung",1
"race","Asian_Americans","Kawika_Shoji",1
"race","Asian_Americans","Kazuo_Otani",1
"race","Asian_Americans","Kelly_Hu",1
"race","Asian_Americans","Kelly_Vitz",1
"race","Asian_Americans","Kelsey_Chow",1
"race","Asian_Americans","Kelvin_Yu",1
"race","Asian_Americans","Ken_Leung",1
"race","Asian_Americans","Kenn_Navarro",1
"race","Asian_Americans","Kenneth_P._Moritsugu",2
"race","Asian_Americans","Kent_Ninomiya",2
"race","Asian_Americans","Kerenina_Sunny_Halim",1
"race","Asian_Americans","Kevin_Woo",1
"race","Asian_Americans","Kimberly_Yee",1
"race","Asian_Americans","Kimora_Lee_Simmons",4
"race","Asian_Americans","Kiyoshi_K._Muranaga",1
"race","Asian_Americans","Kristen_Kish",1
"race","Asian_Americans","Lan_Samantha_Chang",1
"race","Asian_Americans","Lance_Krall",2
"race","Asian_Americans","Larry_Asera",1
"race","Asian_Americans","Larry_Ramos",1
"race","Asian_Americans","Lauren_Tom",1
"race","Asian_Americans","Leandro_Aragoncillo",1
"race","Asian_Americans","Lee_Tung_Foo",1
"race","Asian_Americans","Leehom_Wang",3
"race","Asian_Americans","Lena_Park",3
"race","Asian_Americans","Leroy_Chiao",1
"race","Asian_Americans","Linda_Park",1
"race","Asian_Americans","Linda_Sue_Park",2
"race","Asian_Americans","Lisa_Furukawa",1
"race","Asian_Americans","Lisa_Onodera",1
"race","Asian_Americans","Lisa_Su",1
"race","Asian_Americans","Lizzie_McGuire",3
"race","Asian_Americans","Lou_Diamond_Phillips",1
"race","Asian_Americans","Louvre_Pyramid",2
"race","Asian_Americans","Lucy_Liu",1
"race","Asian_Americans","Lynda_Barry",2
"race","Asian_Americans","Lynn_Chen",1
"race","Asian_Americans","Ma_Hongkui",11
"race","Asian_Americans","Maggie_Q",2
"race","Asian_Americans","Malan_Breton",6
"race","Asian_Americans","Margaret_Cho",2
"race","Asian_Americans","Martin_Yan",3
"race","Asian_Americans","Mary_Ping",1
"race","Asian_Americans","Masato_Nakae",1
"race","Asian_Americans","Maxine_Hong_Kingston",1
"race","Asian_Americans","Michael_Chang",1
"race","Asian_Americans","Michael_Copon",2
"race","Asian_Americans","Michael_K._Nagata",1
"race","Asian_Americans","Michael_Yamashita",1
"race","Asian_Americans","Michelle_Kwan",1
"race","Asian_Americans","Michelle_Malkin",1
"race","Asian_Americans","Michelle_Wu",2
"race","Asian_Americans","Michiko_Kakutani",2
"race","Asian_Americans","Mike_Park",1
"race","Asian_Americans","Mike_Relm",1
"race","Asian_Americans","Miki_Gorman",1
"race","Asian_Americans","Mikio_Hasemoto",1
"race","Asian_Americans","Ming_Chang",1
"race","Asian_Americans","Ming_Freeman",1
"race","Asian_Americans","Ming_Hsieh",3
"race","Asian_Americans","Ming_Tsai",1
"race","Asian_Americans","Minoru_Yamasaki",1
"race","Asian_Americans","Monika_Chiang",1
"race","Asian_Americans","Moon_Bloodgood",1
"race","Asian_Americans","Mun_Charn_Wong",3
"race","Asian_Americans","Nancy_Drew",26
"race","Asian_Americans","Nancy_Kwan",1
"race","Asian_Americans","Nargis_Fakhri",1
"race","Asian_Americans","Nathan_Chen",2
"race","Asian_Americans","Neiman_Marcus",21
"race","Asian_Americans","Ngo_Quang_Truong",1
"race","Asian_Americans","Nick_Manabat",1
"race","Asian_Americans","Nicole_Scherzinger",1
"race","Asian_Americans","Nobu_McCarthy",1
"race","Asian_Americans","Noel_Francisco",1
"race","Asian_Americans","Norah_Jones",1
"race","Asian_Americans","Oscar_Hilman",1
"race","Asian_Americans","Padma_Kuppa",3
"race","Asian_Americans","Paeng_Nepomuceno",1
"race","Asian_Americans","Paolo_Montalban",1
"race","Asian_Americans","Pat_Morita",1
"race","Asian_Americans","Pat_Suzuki",1
"race","Asian_Americans","Peggy_Cherng",2
"race","Asian_Americans","Perry_Chen",1
"race","Asian_Americans","Peter_Bacho",2
"race","Asian_Americans","Peter_C._Phan",1
"race","Asian_Americans","Peter_Chung",2
"race","Asian_Americans","Peter_Som",3
"race","Asian_Americans","Philip_Jaisohn",3
"race","Asian_Americans","Phillip_Lim",1
"race","Asian_Americans","Prabal_Gurung",3
"race","Asian_Americans","Preeta_D._Bansal",1
"race","Asian_Americans","Qualcomm_Atheros",12
"race","Asian_Americans","Quest_Crew",10
"race","Asian_Americans","Rafael_Kayanan",2
"race","Asian_Americans","Rajeev_Ram",1
"race","Asian_Americans","Ramani_Ayer",1
"race","Asian_Americans","Ramon_S._Subejano",2
"race","Asian_Americans","Randall_Duk_Kim",1
"race","Asian_Americans","Randall_Park",1
"race","Asian_Americans","Randolph_Roque_Calvo",1
"race","Asian_Americans","Ravi_Kapoor",1
"race","Asian_Americans","Ravi_Shankar",2
"race","Asian_Americans","Relic_Hunter",2
"race","Asian_Americans","Rena_Inoue",1
"race","Asian_Americans","Rene_Gube",2
"race","Asian_Americans","Richard_Chew",2
"race","Asian_Americans","Richard_Lui",1
"race","Asian_Americans","Rick_Yune",1
"race","Asian_Americans","Rina_Banerjee",1
"race","Asian_Americans","Robert_Ito",1
"race","Asian_Americans","Robert_T._Huang",1
"race","Asian_Americans","Roger_Fan",2
"race","Asian_Americans","Roger_Y._Tsien",1
"race","Asian_Americans","Romeo_Tanghal",1
"race","Asian_Americans","Romesh_T._Wadhwani",1
"race","Asian_Americans","Ronald_Reagan",3
"race","Asian_Americans","Roy_Choi",1
"race","Asian_Americans","Ryan_Higa",1
"race","Asian_Americans","S._R._Srinivasa_Varadhan",1
"race","Asian_Americans","Sada_Cumber",1
"race","Asian_Americans","Sadao_Munemori",2
"race","Asian_Americans","Salma_Arastu",2
"race","Asian_Americans","Sam_Chang",1
"race","Asian_Americans","Sang_Hyun_Lee",1
"race","Asian_Americans","Sanjay_Mehrotra",1
"race","Asian_Americans","Sanjaya_Malakar",2
"race","Asian_Americans","Seong_Moy",1
"race","Asian_Americans","Seyoon_Kim",1
"race","Asian_Americans","Shanghai_Kiss",1
"race","Asian_Americans","Shantanu_Narayen",1
"race","Asian_Americans","Sharon_Tay",1
"race","Asian_Americans","Shelly_Hwang",1
"race","Asian_Americans","Shin_Koyamada",1
"race","Asian_Americans","Shin_Lim",1
"race","Asian_Americans","Shizuya_Hayashi",2
"race","Asian_Americans","Shuji_Nakamura",1
"race","Asian_Americans","Sichan_Siv",1
"race","Asian_Americans","Simon_Cho",4
"race","Asian_Americans","Sonja_Sohn",1
"race","Asian_Americans","Sono_Osato",2
"race","Asian_Americans","Sonya_Thomas",1
"race","Asian_Americans","Spark_Matsunaga",1
"race","Asian_Americans","Stephanie_Trong",1
"race","Asian_Americans","Steve_Nguyen",1
"race","Asian_Americans","Steve_Sanghi",1
"race","Asian_Americans","Steven_Chu",3
"race","Asian_Americans","Subrahmanyan_Chandrasekhar",2
"race","Asian_Americans","Sue_Mi_Terry",1
"race","Asian_Americans","Sundar_Pichai",1
"race","Asian_Americans","Susan_Ahn_Cuddy",2
"race","Asian_Americans","Susan_K._Mashiko",1
"race","Asian_Americans","T._K._Seung",1
"race","Asian_Americans","Tammy_Duckworth",1
"race","Asian_Americans","Tan_Hock_Eng",1
"race","Asian_Americans","Tanuja_Desai_Hidier",1
"race","Asian_Americans","Tao_Lin",3
"race","Asian_Americans","Ted_Lieu",1
"race","Asian_Americans","Teen_Wolf",4
"race","Asian_Americans","Teresa_H._Meng",10
"race","Asian_Americans","Terry_Teruo_Kawamura",1
"race","Asian_Americans","Thai_Lee",1
"race","Asian_Americans","Thelma_Buchholdt",1
"race","Asian_Americans","Thomas_Zacharia",1
"race","Asian_Americans","Tiffany_Ann_Hsu",1
"race","Asian_Americans","Tiffany_Chin",1
"race","Asian_Americans","Tiffany_Limos",1
"race","Asian_Americans","Tim_Cone",2
"race","Asian_Americans","Timothy_C._Wong",1
"race","Asian_Americans","Tina_Chen",1
"race","Asian_Americans","Tina_Huang",1
"race","Asian_Americans","Todd_Kim",1
"race","Asian_Americans","Tony_Award",16
"race","Asian_Americans","Tony_DeZuniga",1
"race","Asian_Americans","Tony_Hsieh",2
"race","Asian_Americans","Toshiko_Akiyoshi",5
"race","Asian_Americans","Trend_Micro",25
"race","Asian_Americans","Vang_Pao",4
"race","Asian_Americans","Vanness_Wu",1
"race","Asian_Americans","Vera_Wang",4
"race","Asian_Americans","Vern_Yip",1
"race","Asian_Americans","Veronica_De_La_Cruz",1
"race","Asian_Americans","Victor_Tsao",1
"race","Asian_Americans","Viet_D._Dinh",1
"race","Asian_Americans","Vikram_Pandit",1
"race","Asian_Americans","Vivienne_Tam",2
"race","Asian_Americans","Wah_Kau_Kong",3
"race","Asian_Americans","Wayne_Wang",1
"race","Asian_Americans","Wenlan_Chia",1
"race","Asian_Americans","William_F._Lee",1
"race","Asian_Americans","William_Hung",3
"race","Asian_Americans","William_Wang",1
"race","Asian_Americans","Wolf_Prize",2
"race","Asian_Americans","Yatin_Patel",1
"race","Asian_Americans","Yeiki_Kobashigawa",1
"race","Asian_Americans","Yishan_Wong",1
"race","Asian_Americans","Yoichiro_Nambu",2
"race","Asian_Americans","Yoshinobu_Oyakawa",1
"race","Asian_Americans","Yul_Kwon",1
"race","Asian_Americans","Zain_Verjee",3
"race","Asian_Americans","Zubin_Mehta",3
"race","European_Americans","A._Bartlett_Giamatti",1
"race","European_Americans","Aaron_Eckhart",1
"race","European_Americans","Aaron_Hohlbein",1
"race","European_Americans","Aaron_Ogden",4
"race","European_Americans","Aaron_Spelling",2
"race","European_Americans","Abbott_Handerson_Thayer",1
"race","European_Americans","Abigail_Fillmore",2
"race","European_Americans","Abner_Doubleday",1
"race","European_Americans","Abner_Nash",2
"race","European_Americans","Abraham_Lincoln",4
"race","European_Americans","Abraham_Marchant",1
"race","European_Americans","Abraham_Whipple",3
"race","European_Americans","Adam_Dutkiewicz",1
"race","European_Americans","Adam_Makowicz",1
"race","European_Americans","Adam_Przeworski",2
"race","European_Americans","Adam_Rosen",1
"race","European_Americans","Adam_Steltzner",1
"race","European_Americans","Adam_Ulam",1
"race","European_Americans","Adam_Vinatieri",1
"race","European_Americans","Adam_Worth",1
"race","European_Americans","Adolf_Cluss",2
"race","European_Americans","Adolph_Luetgert",3
"race","European_Americans","Adolph_Ochs",1
"race","European_Americans","Adolph_Rupp",1
"race","European_Americans","Adolph_Strauch",1
"race","European_Americans","Adolphus_Busch",1
"race","European_Americans","Adolphus_Busch_III",1
"race","European_Americans","Adrian_Wojnarowski",1
"race","European_Americans","Adriana_Trigiani",2
"race","European_Americans","Agnes_Newton_Keith",3
"race","European_Americans","Al_Capone",11
"race","European_Americans","Al_Giordano",1
"race","European_Americans","Al_Pearce",1
"race","European_Americans","Al_Smith",4
"race","European_Americans","Alan_Dugan",2
"race","European_Americans","Alan_Greenspan",1
"race","European_Americans","Alan_Hamlyn",1
"race","European_Americans","Alan_Krashesky",1
"race","European_Americans","Alan_Kulwicki",1
"race","European_Americans","Alan_Ladd",3
"race","European_Americans","Alan_Shepard",1
"race","European_Americans","Alben_W._Barkley",3
"race","European_Americans","Albert_Abraham_Michelson",1
"race","European_Americans","Albert_Bierstadt",6
"race","European_Americans","Albert_Einstein",1
"race","European_Americans","Albert_Ghiorso",1
"race","European_Americans","Albert_Gregory_Meyer",1
"race","European_Americans","Albert_Sabin",3
"race","European_Americans","Albert_Warner",1
"race","European_Americans","Albert_Wohlstetter",2
"race","European_Americans","Aldona_Wos",1
"race","European_Americans","Aleda_E._Lutz",1
"race","European_Americans","Aleksander_Wolszczan",1
"race","European_Americans","Alex_Gaskarth",3
"race","European_Americans","Alexander_Contee_Hanson",1
"race","European_Americans","Alexander_Mack",1
"race","European_Americans","Alexander_Schimmelfennig",1
"race","European_Americans","Alexis_Bledel",1
"race","European_Americans","Alexis_Texas",2
"race","European_Americans","Alfred_D._Crimi",1
"race","European_Americans","Alfred_Eisenstaedt",1
"race","European_Americans","Alfred_H._Colquitt",2
"race","European_Americans","Alfred_Hitchcock",2
"race","European_Americans","Alfred_Korzybski",2
"race","European_Americans","Alfred_Lion",1
"race","European_Americans","Alfred_Louis_Kroeber",1
"race","European_Americans","Alfred_Stieglitz",7
"race","European_Americans","Alfred_Tarski",5
"race","European_Americans","Alfred_Thayer_Mahan",4
"race","European_Americans","Alice_Cooper",14
"race","European_Americans","Alice_Fulton",11
"race","European_Americans","Alice_McDermott",1
"race","European_Americans","Alicia_Menendez",1
"race","European_Americans","Alison_Krauss",1
"race","European_Americans","Alkaline_Trio",5
"race","European_Americans","Ally_McBeal",2
"race","European_Americans","Alton_Brown",2
"race","European_Americans","Alvan_Clark",1
"race","European_Americans","Amelia_Edith_Huddleston_Barr",1
"race","European_Americans","Amy_Poehler",1
"race","European_Americans","Anderson_Cooper",1
"race","European_Americans","Andre_Agassi",5
"race","European_Americans","Andrew_Anglin",2
"race","European_Americans","Andrew_Berardini",1
"race","European_Americans","Andrew_Bryniarski",1
"race","European_Americans","Andrew_Butler",1
"race","European_Americans","Andrew_Jackson",5
"race","European_Americans","Andrew_Jackson_Centre",1
"race","European_Americans","Andrew_Johnson",5
"race","European_Americans","Andrew_Nagorski",1
"race","European_Americans","Andrew_R._Ciesla",1
"race","European_Americans","Andrew_Rothenberg",1
"race","European_Americans","Andrew_Viterbi",1
"race","European_Americans","Andrew_Wiedeman",1
"race","European_Americans","Andrew_Wyeth",2
"race","European_Americans","Andrzej_Beck",1
"race","European_Americans","Andrzej_Ehrenfeucht",6
"race","European_Americans","Andy_Roddick",1
"race","European_Americans","Angela_Bowie",1
"race","European_Americans","Angela_Carlozzi_Rossi",1
"race","European_Americans","Angela_Lansbury",1
"race","European_Americans","Angelina_Jolie",1
"race","European_Americans","Angelo_Dundee",1
"race","European_Americans","Angelo_F._Coniglio",1
"race","European_Americans","Angelo_Joseph_Rossi",1
"race","European_Americans","Anja_Rubik",2
"race","European_Americans","Anjelica_Huston",1
"race","European_Americans","Ann_Dunham",3
"race","European_Americans","Ann_Glover",2
"race","European_Americans","Anna_Anka",3
"race","European_Americans","Anna_Balmer_Myers",1
"race","European_Americans","Anna_Harrison",1
"race","European_Americans","Anna_Howard_Shaw",6
"race","European_Americans","Anna_Maria_Anders",2
"race","European_Americans","Anna_Mary_Robertson_Moses",1
"race","European_Americans","Anna_Sokolow",4
"race","European_Americans","Anne_Hutchinson",13
"race","European_Americans","Anne_Rice",2
"race","European_Americans","Annie_Oakley",4
"race","European_Americans","Ansel_Elgort",1
"race","European_Americans","Anthony_Casamento",1
"race","European_Americans","Anthony_Cumia",1
"race","European_Americans","Anthony_Eickhoff",1
"race","European_Americans","Anthony_Fantano",1
"race","European_Americans","Anthony_Flamini",1
"race","European_Americans","Anthony_Joseph_Bevilacqua",1
"race","European_Americans","Anthony_Kennedy",3
"race","European_Americans","Anthony_Kiedis",1
"race","European_Americans","Anthony_Levandowski",1
"race","European_Americans","Anthony_M._Masiello",1
"race","European_Americans","Anthony_Mann",1
"race","European_Americans","Anthony_Perkins",1
"race","European_Americans","Anthony_Schlegel",1
"race","European_Americans","Anthony_Swofford",1
"race","European_Americans","Anthony_Wayne",1
"race","European_Americans","Anthony_Zinni",1
"race","European_Americans","Antonio_Meucci",6
"race","European_Americans","Armistead_Thomson_Mason",1
"race","European_Americans","Arnold_Schoenberg",5
"race","European_Americans","Arthur_Crooks",1
"race","European_Americans","Arthur_Curtiss_James",2
"race","European_Americans","Arthur_Hays_Sulzberger",1
"race","European_Americans","Arthur_M._Schlesinger_Jr.",1
"race","European_Americans","Arthur_Rense_Prize",1
"race","European_Americans","Arthur_Shawcross",1
"race","European_Americans","Arthur_Szyk",13
"race","European_Americans","Ashley_Judd",4
"race","European_Americans","Ashton_Kutcher",2
"race","European_Americans","Austin_Czarnik",1
"race","European_Americans","Ava_Gardner",5
"race","European_Americans","Babe_Ruth",6
"race","European_Americans","Baby_Bash",1
"race","European_Americans","Baltimore_Orioles",1
"race","European_Americans","Barbara_Bush",9
"race","European_Americans","Barbara_Grizzuti_Harrison",2
"race","European_Americans","Barbara_Heck",1
"race","European_Americans","Barbara_Heinemann_Landmann",3
"race","European_Americans","Barbara_Hoffman",1
"race","European_Americans","Barbara_Walters",1
"race","European_Americans","Barney_McCosky",1
"race","European_Americans","Barry_Goldwater",3
"race","European_Americans","Barry_Mahy",1
"race","European_Americans","Bart_Stupak",1
"race","European_Americans","Barton_St_David",1
"race","European_Americans","Belle_Starr",14
"race","European_Americans","Ben_Hogan",8
"race","European_Americans","Ben_Stiller",2
"race","European_Americans","Ben_Zobrist",1
"race","European_Americans","Benedict_Arnold",1
"race","European_Americans","Benjamin_Franklin",38
"race","European_Americans","Benjamin_Harrison",4
"race","European_Americans","Benjamin_Harrison_V",3
"race","European_Americans","Benjamin_Hawkins",3
"race","European_Americans","Benjamin_McKenzie",1
"race","European_Americans","Benjamin_Newton_Duke",2
"race","European_Americans","Benjamin_Tillman",1
"race","European_Americans","Benny_Goodman",1
"race","European_Americans","Bernard_Baruch",2
"race","European_Americans","Bernie_James",1
"race","European_Americans","Bernie_Sanders",2
"race","European_Americans","Berthold_Laufer",2
"race","European_Americans","Beth_Ostrosky_Stern",1
"race","European_Americans","Beth_Phoenix",1
"race","European_Americans","Betsy_King",1
"race","European_Americans","Betsy_Ross",3
"race","European_Americans","Betty_Boop",19
"race","European_Americans","Betty_Ford",6
"race","European_Americans","Betty_White",1
"race","European_Americans","Beverley_Randolph",1
"race","European_Americans","Bill_Bryson",1
"race","European_Americans","Bill_Clinton",3
"race","European_Americans","Bill_Gallo",2
"race","European_Americans","Bill_Gates",11
"race","European_Americans","Bill_Hader",1
"race","European_Americans","Bill_Heck",1
"race","European_Americans","Bill_Richardson",2
"race","European_Americans","Bill_Romanowski",1
"race","European_Americans","Bill_de_Blasio",1
"race","European_Americans","Billie_Joe_Armstrong",2
"race","European_Americans","Billy_Collins",3
"race","European_Americans","Billy_Conn",2
"race","European_Americans","Billy_Packer",1
"race","European_Americans","Billy_Ray_Cyrus",2
"race","European_Americans","Billy_Sunday",10
"race","European_Americans","Billy_Wagner",2
"race","European_Americans","Billy_Wilder",3
"race","European_Americans","Bix_Beiderbecke",5
"race","European_Americans","Blair_Lee_III",1
"race","European_Americans","Blanche_Ring",5
"race","European_Americans","Bob_Boone",3
"race","European_Americans","Bob_Costas",2
"race","European_Americans","Bob_Dole",2
"race","European_Americans","Bob_Gretz",1
"race","European_Americans","Bob_Hope",2
"race","European_Americans","Bob_Montana",2
"race","European_Americans","Bob_Newhart",3
"race","European_Americans","Bob_Stupak",3
"race","European_Americans","Bobby_Fischer",2
"race","European_Americans","Bobby_Hurley",1
"race","European_Americans","Bobby_Jarzombek",1
"race","European_Americans","Bobby_Vinton",5
"race","European_Americans","Bogdan_Raczynski",2
"race","European_Americans","Bonnie_Hunt",3
"race","European_Americans","Bonnie_Parker",1
"race","European_Americans","Boris_Johnson",1
"race","European_Americans","Bowie_Kuhn",2
"race","European_Americans","Brad_Friedel",1
"race","European_Americans","Brad_Keselowski",1
"race","European_Americans","Brad_Pitt",2
"race","European_Americans","Brendan_Schaub",1
"race","European_Americans","Brett_Keisel",2
"race","European_Americans","Brian_Azzarello",1
"race","European_Americans","Brian_Baumgartner",1
"race","European_Americans","Brian_Keselowski",2
"race","European_Americans","Brian_Kozlowski",1
"race","European_Americans","Brian_Urlacher",1
"race","European_Americans","Brian_Wilson",8
"race","European_Americans","Brigham_Henry_Roberts",2
"race","European_Americans","Brigit_Pegeen_Kelly",1
"race","European_Americans","Bronislaw_Malinowski",1
"race","European_Americans","Bruce_Lee",6
"race","European_Americans","Bruce_Sutter",1
"race","European_Americans","Bruce_Willis",1
"race","European_Americans","Bruno_Pauletto",5
"race","European_Americans","Bruno_Rossi",1
"race","European_Americans","Bryant_Butler_Brooks",1
"race","European_Americans","Bryce_Dallas_Howard",1
"race","European_Americans","Buddy_Holly",8
"race","European_Americans","Burchard_Miller",1
"race","European_Americans","Burt_Reynolds",1
"race","European_Americans","Butch_Cassidy",3
"race","European_Americans","Button_Gwinnett",4
"race","European_Americans","Buzz_Aldrin",1
"race","European_Americans","C._F._W._Walther",1
"race","European_Americans","Calamity_Jane",25
"race","European_Americans","Calvert_Vaux",1
"race","European_Americans","Calvin_Coolidge",5
"race","European_Americans","Calvin_Souther_Fuller",2
"race","European_Americans","Candice_Bergen",2
"race","European_Americans","Candice_Michelle",1
"race","European_Americans","Carl_Andrew_Spaatz",1
"race","European_Americans","Carl_Eytel",2
"race","European_Americans","Carl_Laemmle",4
"race","European_Americans","Carl_Schurz",14
"race","European_Americans","Carl_Switzer",1
"race","European_Americans","Carl_Yastrzemski",1
"race","European_Americans","Carla_Carli_Mazzucato",2
"race","European_Americans","Carlos_Bernard",1
"race","European_Americans","Carlos_Boozer",1
"race","European_Americans","Carol_Channing",2
"race","European_Americans","Caroline_Harrison",2
"race","European_Americans","Carrie_Ann_Inaba",1
"race","European_Americans","Carrie_Marcus_Neiman",1
"race","European_Americans","Carroll_Baker",1
"race","European_Americans","Carter_Bykowski",1
"race","European_Americans","Casey_Stengel",4
"race","European_Americans","Casimir_Funk",3
"race","European_Americans","Casimir_Kendziorski",1
"race","European_Americans","Caspar_Butz",1
"race","European_Americans","Caspar_Weinberger",4
"race","European_Americans","Charles_Augustus_Barnitz",1
"race","European_Americans","Charles_B._Finch",1
"race","European_Americans","Charles_Bukowski",7
"race","European_Americans","Charles_C._Stratton",2
"race","European_Americans","Charles_Carleton_Coffin",2
"race","European_Americans","Charles_Curtis",4
"race","European_Americans","Charles_DeLisi",1
"race","European_Americans","Charles_Deering",4
"race","European_Americans","Charles_Dellschau",4
"race","European_Americans","Charles_E._Dudley",1
"race","European_Americans","Charles_Earle_Funk",1
"race","European_Americans","Charles_Edison",3
"race","European_Americans","Charles_Follen",1
"race","European_Americans","Charles_Francis_Richter",1
"race","European_Americans","Charles_Frederick_Crisp",2
"race","European_Americans","Charles_G._Dawes",1
"race","European_Americans","Charles_Godfrey_Gunther",1
"race","European_Americans","Charles_Goodyear",2
"race","European_Americans","Charles_Horace_Mayo",3
"race","European_Americans","Charles_J._Guiteau",2
"race","European_Americans","Charles_Joseph_Bonaparte",1
"race","European_Americans","Charles_Lewis_Tiffany",1
"race","European_Americans","Charles_Lindbergh",1
"race","European_Americans","Charles_M._Schwab",2
"race","European_Americans","Charles_Messina",2
"race","European_Americans","Charles_Mingus",6
"race","European_Americans","Charles_Olson",10
"race","European_Americans","Charles_Patrick_Daly",1
"race","European_Americans","Charles_Ponzi",2
"race","European_Americans","Charles_Pratt",3
"race","European_Americans","Charles_Proteus_Steinmetz",2
"race","European_Americans","Charles_Roscoe_Savage",1
"race","European_Americans","Charles_Schulz",1
"race","European_Americans","Charles_Sealsfield",1
"race","European_Americans","Charles_Slade",1
"race","European_Americans","Charles_Smith_Olden",1
"race","European_Americans","Charles_Warren_Stoddard",1
"race","European_Americans","Charlie_Gehringer",1
"race","European_Americans","Charlie_Rose",2
"race","European_Americans","Charlton_Heston",4
"race","European_Americans","Chef_Boyardee",2
"race","European_Americans","Cheryl_Ladd",1
"race","European_Americans","Chesley_Sullenberger",1
"race","European_Americans","Chester_W._Nimitz",4
"race","European_Americans","Chloe_Lukasiak",1
"race","European_Americans","Chris_Avellone",1
"race","European_Americans","Chris_Christie",1
"race","European_Americans","Chris_Cimino",1
"race","European_Americans","Chris_Coons",1
"race","European_Americans","Chris_Frantz",1
"race","European_Americans","Chris_Hedges",2
"race","European_Americans","Chris_Jericho",2
"race","European_Americans","Chris_Liwienski",1
"race","European_Americans","Chris_Matthews",3
"race","European_Americans","Chris_Rodd",1
"race","European_Americans","Chris_Rolfe",1
"race","European_Americans","Chris_Strachwitz",2
"race","European_Americans","Chris_Wyles",1
"race","European_Americans","Chris_Zylka",1
"race","European_Americans","Christa_McAuliffe",5
"race","European_Americans","Christene_Mayer",1
"race","European_Americans","Christian_Ehrhoff",1
"race","European_Americans","Christian_Mohr",1
"race","European_Americans","Christina_Aguilera",2
"race","European_Americans","Christopher_Carosa",1
"race","European_Americans","Christopher_Fogt",2
"race","European_Americans","Christopher_Hitchens",2
"race","European_Americans","Christopher_Jargocki",2
"race","European_Americans","Christopher_Layton",6
"race","European_Americans","Christopher_Liwski",1
"race","European_Americans","Christopher_Reeve",4
"race","European_Americans","Christopher_Sauer",1
"race","European_Americans","Chuck_Hagel",2
"race","European_Americans","Chuck_Norris",5
"race","European_Americans","Claire_Falkenstein",3
"race","European_Americans","Clara_Barton",9
"race","European_Americans","Clara_Lipman",1
"race","European_Americans","Clifford_Hansen",1
"race","European_Americans","Clifton_R._Breckinridge",1
"race","European_Americans","Clint_Kriewaldt",1
"race","European_Americans","Clyde_Barrow",1
"race","European_Americans","Clyde_Tombaugh",3
"race","European_Americans","Colin_Powell",6
"race","European_Americans","Coningsby_Dawson",2
"race","European_Americans","Connor_Murphy",1
"race","European_Americans","Conrad_Beissel",2
"race","European_Americans","Conrad_Dobler",1
"race","European_Americans","Conrad_Hilton",1
"race","European_Americans","Conrad_Weiser",10
"race","European_Americans","Constance_Bennett",2
"race","European_Americans","Corey_Taylor",1
"race","European_Americans","Cormac_McCarthy",3
"race","European_Americans","Cornelia_Funke",2
"race","European_Americans","Cornelius_Krieghoff",2
"race","European_Americans","Costen_Jordan_Harrell",1
"race","European_Americans","County_Londonderry",3
"race","European_Americans","Curt_Bois",1
"race","European_Americans","Curt_Schilling",2
"race","European_Americans","Cyril_Walker",1
"race","European_Americans","Dagmara_Wozniak",2
"race","European_Americans","Dale_Earnhardt",6
"race","European_Americans","Dale_Earnhardt_Jr.",1
"race","European_Americans","Dallas_Mavericks",5
"race","European_Americans","Dan_Dierdorf",1
"race","European_Americans","Dan_Harrington",1
"race","European_Americans","Dan_Kreider",1
"race","European_Americans","Dan_Marino",2
"race","European_Americans","Dan_Rostenkowski",1
"race","European_Americans","Dana_Carvey",1
"race","European_Americans","Dana_Key",1
"race","European_Americans","Dana_Rohrabacher",2
"race","European_Americans","Daniel_Baldwin",1
"race","European_Americans","Daniel_Boone",13
"race","European_Americans","Daniel_D._Tompkins",2
"race","European_Americans","Daniel_Frank_Gerber",1
"race","European_Americans","Daniel_Hiester",1
"race","European_Americans","Daniel_Leavitt",2
"race","European_Americans","Daniel_Libeskind",2
"race","European_Americans","Daniel_Nicholas_DiNardo",1
"race","European_Americans","Daniel_Webster",3
"race","European_Americans","Daniela_Gioseffi",1
"race","European_Americans","Dankmar_Adler",2
"race","European_Americans","Danny_Casolaro",1
"race","European_Americans","Darci_Lynne",1
"race","European_Americans","Daryl_Hall",2
"race","European_Americans","Dashiell_Hammett",3
"race","European_Americans","Dave_Grohl",1
"race","European_Americans","Dave_Krieg",1
"race","European_Americans","Dave_Mustaine",2
"race","European_Americans","David_Alter",5
"race","European_Americans","David_Arquette",1
"race","European_Americans","David_Cross",1
"race","European_Americans","David_Daggett",1
"race","European_Americans","David_Diehl",1
"race","European_Americans","David_Ellefson",1
"race","European_Americans","David_Gardiner_Tyler",2
"race","European_Americans","David_Geffen",2
"race","European_Americans","David_Hazzard",2
"race","European_Americans","David_Horsley",2
"race","European_Americans","David_Horst",1
"race","European_Americans","David_King_Udall",1
"race","European_Americans","David_Koechner",1
"race","European_Americans","David_Letterman",5
"race","European_Americans","David_Miscavige",1
"race","European_Americans","David_Muench",1
"race","European_Americans","David_Oyelowo",1
"race","European_Americans","David_Pietrusza",1
"race","European_Americans","David_Rittenhouse",3
"race","European_Americans","David_Rockefeller",2
"race","European_Americans","David_Wilmot",2
"race","European_Americans","Dawn_Fitzpatrick",1
"race","European_Americans","DeWitt_Clinton",7
"race","European_Americans","Dean_Acheson",7
"race","European_Americans","Deanna_Durbin",2
"race","European_Americans","Debbie_Reynolds",2
"race","European_Americans","Deborah_Sampson",3
"race","European_Americans","Dee_Dee_Ramone",4
"race","European_Americans","Demi_Lovato",1
"race","European_Americans","Demond_Greene",1
"race","European_Americans","Denise_Richards",1
"race","European_Americans","Dennis_Hart_Mahan",1
"race","European_Americans","Dennis_Kozlowski",3
"race","European_Americans","Dennis_Weaver",4
"race","European_Americans","Devon_Werkheiser",1
"race","European_Americans","Diamond_Jim_Brady",2
"race","European_Americans","Diane_Keaton",3
"race","European_Americans","Diane_Kruger",1
"race","European_Americans","Dick_Enberg",2
"race","European_Americans","Dick_Modzelewski",1
"race","European_Americans","Dick_Van_Dyke",2
"race","European_Americans","Dick_Weber",1
"race","European_Americans","Diedrich_Bader",1
"race","European_Americans","Dietrich_Albrecht",1
"race","European_Americans","Dietrich_Gruen",1
"race","European_Americans","Dirk_Nowitzki",2
"race","European_Americans","Dolley_Madison",3
"race","European_Americans","Domenik_Hixon",1
"race","European_Americans","Don_DeLillo",16
"race","European_Americans","Don_Heck",3
"race","European_Americans","Don_Hummel",2
"race","European_Americans","Don_Rosa",8
"race","European_Americans","Donald_J._Kessler",1
"race","European_Americans","Donald_Knuth",2
"race","European_Americans","Donald_P._Bellisario",1
"race","European_Americans","Donald_Rumsfeld",2
"race","European_Americans","Donald_Trump",1
"race","European_Americans","Donna_Reed",3
"race","European_Americans","Donnie_Hamzik",1
"race","European_Americans","Doris_Day",6
"race","European_Americans","Dorothy_Bridges",3
"race","European_Americans","Dorothy_Dandridge",3
"race","European_Americans","Douglas_Blazek",1
"race","European_Americans","Douglas_MacArthur",2
"race","European_Americans","Dr._Seuss",10
"race","European_Americans","Duane_Capizzi",1
"race","European_Americans","Duke_Welker",1
"race","European_Americans","Dwight_D._Eisenhower",2
"race","European_Americans","Dwight_Hauser",1
"race","European_Americans","Dylan_Kwasniewski",1
"race","European_Americans","E._E._Smith",4
"race","European_Americans","Eben_Samuel_Johnson",3
"race","European_Americans","Ebenezer_Beesley",1
"race","European_Americans","Eberhard_Anheuser",2
"race","European_Americans","Eckard_Wimmer",1
"race","European_Americans","Ed_Derwinski",1
"race","European_Americans","Ed_Korfanty",1
"race","European_Americans","Ed_Lauter",1
"race","European_Americans","Ed_Paschke",2
"race","European_Americans","Ed_Pawlowski",1
"race","European_Americans","Ed_Schultz",4
"race","European_Americans","Ed_Sullivan",3
"race","European_Americans","Eddie_Albert",5
"race","European_Americans","Eddie_Blazonczyk",1
"race","European_Americans","Eddie_Lubanski",1
"race","European_Americans","Edgar_Allan_Poe",7
"race","European_Americans","Edgar_Frisby",1
"race","European_Americans","Edgar_J._Kaufmann",1
"race","European_Americans","Edgar_Rice_Burroughs",1
"race","European_Americans","Edith_Wilson",9
"race","European_Americans","Edmund_C._Jaeger",3
"race","European_Americans","Edmund_C._Tarbell",1
"race","European_Americans","Edmund_Muskie",1
"race","European_Americans","Edmund_P._Giambastiani",1
"race","European_Americans","Edward_Creighton",6
"race","European_Americans","Edward_Dickinson_Baker",3
"race","European_Americans","Edward_Douglass_White",7
"race","European_Americans","Edward_Everett",5
"race","European_Americans","Edward_Filene",1
"race","European_Americans","Edward_Henry_Harriman",1
"race","European_Americans","Edward_Herrmann",1
"race","European_Americans","Edward_J._Giorgianni",1
"race","European_Americans","Edward_Lamb",3
"race","European_Americans","Edward_Leigh_Chase",3
"race","European_Americans","Edward_McCartan",1
"race","European_Americans","Edward_P._Roski",1
"race","European_Americans","Edward_R._Murrow",8
"race","European_Americans","Edward_Rutledge",2
"race","European_Americans","Edward_Salomon",1
"race","European_Americans","Edward_Shippen",3
"race","European_Americans","Edward_Tiffin",4
"race","European_Americans","Edward_Trenchard",1
"race","European_Americans","Edwin_Gray_Lee",1
"race","European_Americans","Eileen_Heckart",2
"race","European_Americans","Elaine_Klimaszewski",1
"race","European_Americans","Elaine_Sciolino",1
"race","European_Americans","Eleanor_Roosevelt",16
"race","European_Americans","Eli_Whitney",3
"race","European_Americans","Elihu_Thomson",2
"race","European_Americans","Eliphalet_Remington",1
"race","European_Americans","Elizabeth_Banks",1
"race","European_Americans","Elizabeth_Bracco",1
"race","European_Americans","Elizabeth_Edwards",2
"race","European_Americans","Elizabeth_Fones",1
"race","European_Americans","Elizabeth_Monroe",3
"race","European_Americans","Elizabeth_Montgomery",1
"race","European_Americans","Elizabeth_Short",2
"race","European_Americans","Elizabeth_Taylor",1
"race","European_Americans","Elizabeth_Warren",3
"race","European_Americans","Ellen_G._White",8
"race","European_Americans","Ellis_Wainwright",1
"race","European_Americans","Elonka_Dunin",1
"race","European_Americans","Elvis_Presley",1
"race","European_Americans","Emil_Jannings",3
"race","European_Americans","Emil_Wallber",1
"race","European_Americans","Emma_Thomas",1
"race","European_Americans","Emmy_Noether",17
"race","European_Americans","Eric_Boguniecki",1
"race","European_Americans","Eric_Brunner",1
"race","European_Americans","Eric_Roberts",1
"race","European_Americans","Eric_Schmidt",2
"race","European_Americans","Eric_Steinbach",1
"race","European_Americans","Erica_Boyer",2
"race","European_Americans","Erich_Maria_Remarque",1
"race","European_Americans","Erich_Pommer",2
"race","European_Americans","Erik_Kratz",1
"race","European_Americans","Ernest_Greenwood",1
"race","European_Americans","Ernest_Hemingway",2
"race","European_Americans","Ernest_Schwiebert",1
"race","European_Americans","Erskine_Mayer",2
"race","European_Americans","Erwin_Panofsky",4
"race","European_Americans","Esther_Allan",1
"race","European_Americans","Ethan_Allen",5
"race","European_Americans","Ethel_Barrymore",5
"race","European_Americans","Eugene_Fama",1
"race","European_Americans","Eugene_John_Gerber",1
"race","European_Americans","Eugenio_Calabi",1
"race","European_Americans","Eunice_Kennedy_Shriver",2
"race","European_Americans","Eva_Angelina",1
"race","European_Americans","Evan_Hunter",3
"race","European_Americans","Evel_Knievel",14
"race","European_Americans","Ewald_Heer",3
"race","European_Americans","Ezra_Butler",1
"race","European_Americans","Fanny_Howe",3
"race","European_Americans","Fay_Wray",1
"race","European_Americans","Federico_Faggin",5
"race","European_Americans","Felix_Bressart",2
"race","European_Americans","Ferdinand_E._Volz",1
"race","European_Americans","Fiorello_La_Guardia",2
"race","European_Americans","Fitzhugh_Lee",4
"race","European_Americans","Florian_Cajori",3
"race","European_Americans","Fort_Bliss",20
"race","European_Americans","Foster_Furcolo",2
"race","European_Americans","Frances_Bergen",1
"race","European_Americans","Francesco_Scavullo",1
"race","European_Americans","Francis_D._Vavala",1
"race","European_Americans","Francis_Ernest_Lloyd",1
"race","European_Americans","Francis_Huebschmann",1
"race","European_Americans","Francis_Joseph_Reitz",1
"race","European_Americans","Francis_Lieber",4
"race","European_Americans","Francis_Rogallo",2
"race","European_Americans","Francis_Scott_Key",7
"race","European_Americans","Francis_Wilkinson_Pickens",2
"race","European_Americans","Francis_Wolff",2
"race","European_Americans","Francis_Xavier_Seelos",4
"race","European_Americans","Franciszek_Zachara",2
"race","European_Americans","Franco_Modigliani",2
"race","European_Americans","Frank_A._Cipriani",1
"race","European_Americans","Frank_Borzage",4
"race","European_Americans","Frank_C._Partridge",1
"race","European_Americans","Frank_Cumiskey",1
"race","European_Americans","Frank_Dexter",1
"race","European_Americans","Frank_E._Butler",3
"race","European_Americans","Frank_Finkel",4
"race","European_Americans","Frank_Frazetta",2
"race","European_Americans","Frank_Giacoia",1
"race","European_Americans","Frank_J._Fabozzi",2
"race","European_Americans","Frank_Klepacki",1
"race","European_Americans","Frank_Kozik",1
"race","European_Americans","Frank_Lloyd_Wright",20
"race","European_Americans","Frank_McCourt",6
"race","European_Americans","Frank_Murphy",4
"race","European_Americans","Frank_Obadiah_Briggs",2
"race","European_Americans","Frank_Oz",1
"race","European_Americans","Frank_P._Witek",1
"race","European_Americans","Frank_Piasecki",2
"race","European_Americans","Frank_Seiberling",1
"race","European_Americans","Frank_Serpico",1
"race","European_Americans","Frank_Stella",2
"race","European_Americans","Frank_Swift_Chase",1
"race","European_Americans","Frank_Welker",2
"race","European_Americans","Frank_Wilczek",2
"race","European_Americans","Frank_Zeidler",2
"race","European_Americans","Franklin_S._Cooper",1
"race","European_Americans","Franz_Boas",9
"race","European_Americans","Franz_Kline",1
"race","European_Americans","Franz_Sigel",3
"race","European_Americans","Fraser_Clarke_Heston",2
"race","European_Americans","Fred_Astaire",4
"race","European_Americans","Fred_Duesenberg",2
"race","European_Americans","Fred_G._Meyer",2
"race","European_Americans","Fred_Gehrke",1
"race","European_Americans","Fred_Hetzel",2
"race","European_Americans","Fred_Lutkefedder",1
"race","European_Americans","Fred_Marcellino",1
"race","European_Americans","Fred_Merkle",1
"race","European_Americans","Fred_Meyer",21
"race","European_Americans","Frederic_Remington",8
"race","European_Americans","Frederic_Rzewski",2
"race","European_Americans","Frederick_A._Schroeder",2
"race","European_Americans","Frederick_C._Salomon",1
"race","European_Americans","Frederick_C._Sauer",1
"race","European_Americans","Frederick_Charles_Winkler",1
"race","European_Americans","Frederick_Seitz",6
"race","European_Americans","Frederick_Stock",2
"race","European_Americans","Freeman_Dyson",2
"race","European_Americans","Friedrich_Adolf_Riedesel",1
"race","European_Americans","Friedrich_Hecker",1
"race","European_Americans","Friedrich_Hirth",1
"race","European_Americans","Fritz_Julius_Kuhn",1
"race","European_Americans","Fritz_Leiber",3
"race","European_Americans","Fritz_Mollwitz",1
"race","European_Americans","Gabriel_Hiester",1
"race","European_Americans","Gail_Borden",7
"race","European_Americans","Gale_Gordon",1
"race","European_Americans","Garry_Marshall",1
"race","European_Americans","Gary_Bauer",1
"race","European_Americans","Gary_Bettenhausen",1
"race","European_Americans","Gary_Cooper",4
"race","European_Americans","Gary_Etherington",1
"race","European_Americans","Gary_Styczynski",1
"race","European_Americans","Geddy_Lee",2
"race","European_Americans","Gene_Gutowski",1
"race","European_Americans","Gene_Krupa",1
"race","European_Americans","Gene_Pitney",1
"race","European_Americans","Gene_Tierney",1
"race","European_Americans","George_A._Hormel",1
"race","European_Americans","George_A._Marden",2
"race","European_Americans","George_Adamski",1
"race","European_Americans","George_Antheil",3
"race","European_Americans","George_Anthony_Dondero",1
"race","European_Americans","George_Atzerodt",1
"race","European_Americans","George_B._McClellan",4
"race","European_Americans","George_Biddle",3
"race","European_Americans","George_Brosius",1
"race","European_Americans","George_Brumder",2
"race","European_Americans","George_D._Maziarz",1
"race","European_Americans","George_Dennick_Wick",1
"race","European_Americans","George_Dent",3
"race","European_Americans","George_Dzundza",1
"race","European_Americans","George_Eastman",6
"race","European_Americans","George_Engelmann",2
"race","European_Americans","George_Erik_Rupp",1
"race","European_Americans","George_Frederick_Baer",1
"race","European_Americans","George_Gordon_Meade",3
"race","European_Americans","George_Grosz",1
"race","European_Americans","George_H._W._Bush",1
"race","European_Americans","George_Howells_Broadhurst",1
"race","European_Americans","George_J._Geis",1
"race","European_Americans","George_Kennedy",1
"race","European_Americans","George_Lincoln_Rockwell",2
"race","European_Americans","George_Lucas",3
"race","European_Americans","George_Madison",1
"race","European_Americans","George_Manwaring",2
"race","European_Americans","George_Mason",10
"race","European_Americans","George_Moorhouse",1
"race","European_Americans","George_Moscone",1
"race","European_Americans","George_Pataki",3
"race","European_Americans","George_Peter_Alexander_Healy",1
"race","European_Americans","George_Raft",1
"race","European_Americans","George_Ranalli",2
"race","European_Americans","George_Rapp",4
"race","European_Americans","George_Remus",1
"race","European_Americans","George_Steinbrenner",1
"race","European_Americans","George_Sutherland",1
"race","European_Americans","George_Teasdale",1
"race","European_Americans","George_V._Higgins",1
"race","European_Americans","George_W._Bush",1
"race","European_Americans","George_W._Romney",1
"race","European_Americans","George_Washington",4
"race","European_Americans","George_Weigel",1
"race","European_Americans","George_Wendt",1
"race","European_Americans","George_Westinghouse",2
"race","European_Americans","George_Wharton_James",1
"race","European_Americans","George_Zebrowski",1
"race","European_Americans","Gerald_Ford",2
"race","European_Americans","Geraldine_Chaplin",2
"race","European_Americans","Gerard_J._Foschini",1
"race","European_Americans","Gerhard_Adolph_Bading",1
"race","European_Americans","Gerry_Cooney",2
"race","European_Americans","Gil_Garcetti",2
"race","European_Americans","Gilda_Gray",2
"race","European_Americans","Gina_Keatley",4
"race","European_Americans","Giorgio_Cavaglieri",2
"race","European_Americans","Giovanni_Ribisi",1
"race","European_Americans","Giuliana_Tesoro",1
"race","European_Americans","Giuseppe_Mario_Bellanca",1
"race","European_Americans","Gladys_George",1
"race","European_Americans","Glen_Kozlowski",1
"race","European_Americans","Glenn_Beck",6
"race","European_Americans","Glenn_Close",1
"race","European_Americans","Glenn_Ford",2
"race","European_Americans","Gloria_Pall",2
"race","European_Americans","Godfrey_Weitzel",1
"race","European_Americans","Gottfried_Duden",2
"race","European_Americans","Gottfried_Reinhardt",1
"race","European_Americans","Grace_Coolidge",2
"race","European_Americans","Grace_Kelly",2
"race","European_Americans","Grace_Slick",3
"race","European_Americans","Grandma_Moses",7
"race","European_Americans","Greer_Garson",1
"race","European_Americans","Greg_Bretz",1
"race","European_Americans","Greg_Capullo",1
"race","European_Americans","Greg_Kelly",1
"race","European_Americans","Greg_Kihn",1
"race","European_Americans","Greg_London",3
"race","European_Americans","Greg_Travis",1
"race","European_Americans","Greg_Valentine",2
"race","European_Americans","Gregory_Peck",4
"race","European_Americans","Gretchen_Bleiler",2
"race","European_Americans","Gretchen_Fraser",1
"race","European_Americans","Gunther_Cunningham",1
"race","European_Americans","Gus_Winkler",3
"race","European_Americans","Gustav_Schleicher",1
"race","European_Americans","Gustav_Tafel",1
"race","European_Americans","Gustave_Whitehead",3
"race","European_Americans","Guy_Anthony_De_Marco",1
"race","European_Americans","Gwyneth_Paltrow",1
"race","European_Americans","H._John_Heinz_III",1
"race","European_Americans","H._L._Mencken",1
"race","European_Americans","H._P._Lovecraft",2
"race","European_Americans","Hack_Eibel",1
"race","European_Americans","Haffen_Building",2
"race","European_Americans","Hamilton_Fish",9
"race","European_Americans","Hank_Stram",1
"race","European_Americans","Hank_Williams",4
"race","European_Americans","Hannah_Arendt",8
"race","European_Americans","Hannibal_Hamlin",5
"race","European_Americans","Hans_Georg_Dehmelt",1
"race","European_Americans","Hans_Hofmann",2
"race","European_Americans","Hans_Schuler",2
"race","European_Americans","Hanya_Holm",3
"race","European_Americans","Harold_Edward_Stassen",1
"race","European_Americans","Harold_G._Schrier",1
"race","European_Americans","Harold_Hitz_Burton",2
"race","European_Americans","Harold_Knerr",1
"race","European_Americans","Harold_Stanley",1
"race","European_Americans","Harry_F._Byrd",3
"race","European_Americans","Harry_Greb",1
"race","European_Americans","Harry_Groener",1
"race","European_Americans","Harry_J._Anslinger",1
"race","European_Americans","Harry_S._Truman",10
"race","European_Americans","Harry_S_Truman",1
"race","European_Americans","Harry_Warner",1
"race","European_Americans","Harry_Wright",3
"race","European_Americans","Hayley_Kiyoko",1
"race","European_Americans","Heber_C._Kimball",2
"race","European_Americans","Heber_Manning_Wells",2
"race","European_Americans","Hedwig_Gorski",3
"race","European_Americans","Heidi_Klum",3
"race","European_Americans","Heinrich_Engelhard_Steinweg",1
"race","European_Americans","Heisman_Trophy",2
"race","European_Americans","Helen_Curtin_Moskey",1
"race","European_Americans","Helen_Keller",7
"race","European_Americans","Helen_Schneider",1
"race","European_Americans","Helen_Walulik",1
"race","European_Americans","Helena_Rubinstein",8
"race","European_Americans","Helene_Mayer",1
"race","European_Americans","Hellmuth_Walter",1
"race","European_Americans","Henrietta_Swan_Leavitt",1
"race","European_Americans","Henry_A._Wallace",2
"race","European_Americans","Henry_Burk",1
"race","European_Americans","Henry_C._Koch",1
"race","European_Americans","Henry_Clews",2
"race","European_Americans","Henry_David_Thoreau",2
"race","European_Americans","Henry_Doktorski",1
"race","European_Americans","Henry_F._Urban",1
"race","European_Americans","Henry_Francis_Fisher",1
"race","European_Americans","Henry_Giessenbier",1
"race","European_Americans","Henry_Heth",2
"race","European_Americans","Henry_Hollis_Horton",1
"race","European_Americans","Henry_Huttleston_Rogers",3
"race","European_Americans","Henry_James",4
"race","European_Americans","Henry_K._Moeller",1
"race","European_Americans","Henry_Kissinger",7
"race","European_Americans","Henry_L._Hulbert",1
"race","European_Americans","Henry_Lee_III",1
"race","European_Americans","Henry_Lomb",1
"race","European_Americans","Henry_Louis_Gates",1
"race","European_Americans","Henry_Melchior_Muhlenberg",4
"race","European_Americans","Henry_Melville_Whitney",1
"race","European_Americans","Henry_Miller",28
"race","European_Americans","Henry_Paulson",1
"race","European_Americans","Henry_Samuel_Morais",1
"race","European_Americans","Henry_Villard",2
"race","European_Americans","Henry_W._Corbett",7
"race","European_Americans","Henry_Wadsworth_Longfellow",1
"race","European_Americans","Henry_Way_Kendall",1
"race","European_Americans","Henry_Wells",1
"race","European_Americans","Henry_William_Stiegel",1
"race","European_Americans","Henry_Winkler",4
"race","European_Americans","Henry_Wirz",1
"race","European_Americans","Henryk_Arctowski",2
"race","European_Americans","Henryk_Jordan",2
"race","European_Americans","Herb_Kelleher",1
"race","European_Americans","Herbert_Arthur_Krause",1
"race","European_Americans","Herbert_Hoover",2
"race","European_Americans","Herbert_Marcuse",7
"race","European_Americans","Herman_Kahn",4
"race","European_Americans","Herman_Melville",5
"race","European_Americans","Herman_Weiss",2
"race","European_Americans","Hermann_Braun",1
"race","European_Americans","Hermann_Irving_Schlesinger",1
"race","European_Americans","Hermann_Oelrichs",1
"race","European_Americans","Heros_von_Borcke",2
"race","European_Americans","Hilary_Duff",2
"race","European_Americans","Hilary_Koprowski",4
"race","European_Americans","Hillary_Clinton",2
"race","European_Americans","Hillel_Slovak",1
"race","European_Americans","Horace_Porter",3
"race","European_Americans","Horace_Trumbauer",2
"race","European_Americans","Howard_Dean",1
"race","European_Americans","Howard_Hawks",3
"race","European_Americans","Howard_Hughes",12
"race","European_Americans","Howard_Stern",4
"race","European_Americans","Howie_Carr",2
"race","European_Americans","Hoyt_Wilhelm",1
"race","European_Americans","Hubert_Dilger",1
"race","European_Americans","Hugh_Hefner",2
"race","European_Americans","Hugh_Joseph_Addonizio",1
"race","European_Americans","Hugo_Award",3
"race","European_Americans","Hugo_Friedhofer",1
"race","European_Americans","Humphrey_Bogart",1
"race","European_Americans","Hyman_G._Rickover",1
"race","European_Americans","Ida_M._Tarbell",1
"race","European_Americans","Ida_Straus",2
"race","European_Americans","Igor_Sikorsky",4
"race","European_Americans","Irma_S._Rombauer",1
"race","European_Americans","Isaac_Ellmaker_Hiester",1
"race","European_Americans","Isaac_Wolfe_Bernheim",1
"race","European_Americans","Isabella_Rossellini",3
"race","European_Americans","Isaiah_Hartenstein",1
"race","European_Americans","Isidor_Isaac_Rabi",2
"race","European_Americans","Isidor_Straus",2
"race","European_Americans","Ivan_Brunetti",3
"race","European_Americans","Ivan_Putski",1
"race","European_Americans","Izabella_Miko",1
"race","European_Americans","Izzy_Stradlin",1
"race","European_Americans","J._Edgar_Hoover",5
"race","European_Americans","J._P._Morgan",1
"race","European_Americans","J._Smeaton_Chase",3
"race","European_Americans","Jaan_Patterson",2
"race","European_Americans","Jack_Benny",5
"race","European_Americans","Jack_Black",2
"race","European_Americans","Jack_Dempsey",7
"race","European_Americans","Jack_Kerouac",2
"race","European_Americans","Jack_London",11
"race","European_Americans","Jack_Nicholson",1
"race","European_Americans","Jack_Nicklaus",4
"race","European_Americans","Jack_Sack",1
"race","European_Americans","Jack_Schaefer",1
"race","European_Americans","Jack_Tramiel",3
"race","European_Americans","Jack_Tworkov",4
"race","European_Americans","Jack_Valenti",3
"race","European_Americans","Jackie_Biskupski",1
"race","European_Americans","Jackie_Speier",1
"race","European_Americans","Jacob_Artist",1
"race","European_Americans","Jacob_Ruppert",2
"race","European_Americans","Jacob_Schiff",1
"race","European_Americans","Jacob_Sternberger",1
"race","European_Americans","Jacques_Loeb",5
"race","European_Americans","Jacques_Singer",2
"race","European_Americans","Jake_Guentzel",1
"race","European_Americans","Jake_Johnson",1
"race","European_Americans","James_A._Garfield",2
"race","European_Americans","James_Augustine_Healy",1
"race","European_Americans","James_Barbour",3
"race","European_Americans","James_Boorman_Colgate",1
"race","European_Americans","James_Brolin",2
"race","European_Americans","James_Buchanan",3
"race","European_Americans","James_Buchanan_Duke",3
"race","European_Americans","James_Dean",5
"race","European_Americans","James_Dewey_Watson",1
"race","European_Americans","James_E._Lentz_III",1
"race","European_Americans","James_F._Merton",1
"race","European_Americans","James_Fenimore_Cooper",9
"race","European_Americans","James_Franck",1
"race","European_Americans","James_Frankland_Briggs",1
"race","European_Americans","James_Garner",1
"race","European_Americans","James_Grant_Wilson",1
"race","European_Americans","James_Grauerholz",1
"race","European_Americans","James_Groppi",2
"race","European_Americans","James_H._Osmer",2
"race","European_Americans","James_Hamilton_Jr.",1
"race","European_Americans","James_Haven",1
"race","European_Americans","James_Henry_Hammond",2
"race","European_Americans","James_Hetfield",2
"race","European_Americans","James_Hillhouse",2
"race","European_Americans","James_Hoge_Tyler",1
"race","European_Americans","James_Holzhauer",1
"race","European_Americans","James_Iredell_Jr.",1
"race","European_Americans","James_J._Braddock",1
"race","European_Americans","James_Knox_Polk",1
"race","European_Americans","James_L._McMichael",1
"race","European_Americans","James_Laughlin",2
"race","European_Americans","James_Laughlin_Award",1
"race","European_Americans","James_Lawrence_Getz",1
"race","European_Americans","James_Longstreet",1
"race","European_Americans","James_Madison",6
"race","European_Americans","James_Martinus_Schoonmaker",1
"race","European_Americans","James_Murray_Mason",1
"race","European_Americans","James_Penzi",1
"race","European_Americans","James_Rollins",2
"race","European_Americans","James_Withycombe",2
"race","European_Americans","Jamie_Lee_Curtis",3
"race","European_Americans","Jan_Brewer",1
"race","European_Americans","Jan_Karski",10
"race","European_Americans","Jan_Lorenc",1
"race","European_Americans","Jan_Mycielski",1
"race","European_Americans","Jan_Sawka",2
"race","European_Americans","Jane_Bartkowicz",1
"race","European_Americans","Jane_Cunningham_Croly",2
"race","European_Americans","Jane_Fonda",5
"race","European_Americans","Jane_Krakowski",1
"race","European_Americans","Jane_Wyatt",1
"race","European_Americans","Janelle_Pierzina",1
"race","European_Americans","Janet_Gaynor",2
"race","European_Americans","Janet_Leigh",2
"race","European_Americans","Janet_Lynn",3
"race","European_Americans","Janis_Joplin",5
"race","European_Americans","Janusz_Liberkowski",1
"race","European_Americans","Jared_Leto",2
"race","European_Americans","Jason_David_Frank",1
"race","European_Americans","Jason_F._Wright",1
"race","European_Americans","Jason_Pociask",1
"race","European_Americans","Jason_Schmidt",1
"race","European_Americans","Jawed_Karim",1
"race","European_Americans","Jay_Buhner",1
"race","European_Americans","Jay_Manuel",4
"race","European_Americans","Jay_McInerney",1
"race","European_Americans","Jay_Nixon",1
"race","European_Americans","Jaye_Davidson",1
"race","European_Americans","Jayne_Mansfield",7
"race","European_Americans","Jayson_Werth",1
"race","European_Americans","Jean_Arthur",3
"race","European_Americans","Jean_Kerr",1
"race","European_Americans","Jean_Wallace",1
"race","European_Americans","Jeanne_Crain",1
"race","European_Americans","Jed_Ortmeyer",1
"race","European_Americans","Jeff_Hanneman",1
"race","European_Americans","Jeff_Jagodzinski",1
"race","European_Americans","Jeff_Probst",1
"race","European_Americans","Jefferson_Airplane",8
"race","European_Americans","Jefferson_Davis",9
"race","European_Americans","Jenna_Jameson",2
"race","European_Americans","Jennifer_Dulski",1
"race","European_Americans","Jennifer_Lawrence",1
"race","European_Americans","Jennifer_Love_Hewitt",1
"race","European_Americans","Jennifer_Paige",2
"race","European_Americans","Jennings_Randolph",5
"race","European_Americans","Jeremy_Renner",1
"race","European_Americans","Jerome_Connor",1
"race","European_Americans","Jerome_Edward_Listecki",1
"race","European_Americans","Jerry_Hall",1
"race","European_Americans","Jerry_Kleczka",1
"race","European_Americans","Jerry_Orbach",3
"race","European_Americans","Jerry_Springer",4
"race","European_Americans","Jerry_Van_Dyke",1
"race","European_Americans","Jerzy_Kosinski",6
"race","European_Americans","Jesse_Helms",3
"race","European_Americans","Jesse_James",11
"race","European_Americans","Jessica_Cauffiel",1
"race","European_Americans","Jessica_Lange",2
"race","European_Americans","Jessica_Simpson",1
"race","European_Americans","Jessica_Valenti",1
"race","European_Americans","Jim_Acosta",1
"race","European_Americans","Jim_Harbaugh",1
"race","European_Americans","Jim_Morrison",4
"race","European_Americans","Jim_Tressel",2
"race","European_Americans","Jim_Valentino",1
"race","European_Americans","Jim_Zorn",1
"race","European_Americans","Jimmy_Breslin",1
"race","European_Americans","Jimmy_Carter",2
"race","European_Americans","Jimmy_Ernst",2
"race","European_Americans","Jimmy_Hoffa",1
"race","European_Americans","Jimmy_Kimmel",2
"race","European_Americans","Jimmy_Wales",4
"race","European_Americans","Joan_Baez",6
"race","European_Americans","Joan_Fontaine",1
"race","European_Americans","Joanna_Krupa",1
"race","European_Americans","Joanna_Lohman",1
"race","European_Americans","Joaquin_Phoenix",1
"race","European_Americans","Jodie_Foster",2
"race","European_Americans","Joe_Augustyn",1
"race","European_Americans","Joe_Biden",1
"race","European_Americans","Joe_DeRita",1
"race","European_Americans","Joe_Klecko",3
"race","European_Americans","Joe_Kowalewski",1
"race","European_Americans","Joe_Niekro",1
"race","European_Americans","Joe_Petrosino",1
"race","European_Americans","Joe_Proski",1
"race","European_Americans","Joe_Schobert",2
"race","European_Americans","Joe_Valachi",2
"race","European_Americans","Joel_Przybilla",1
"race","European_Americans","Joel_Stroetzel",1
"race","European_Americans","Johannes_Kelpius",1
"race","European_Americans","John_A._Creighton",1
"race","European_Americans","John_A._Roebling",1
"race","European_Americans","John_A._Volpe",1
"race","European_Americans","John_Adams",8
"race","European_Americans","John_Ancrum_Winslow",2
"race","European_Americans","John_Andrew_Shulze",1
"race","European_Americans","John_Augustus_Roebling",1
"race","European_Americans","John_Banner",1
"race","European_Americans","John_Basilone",2
"race","European_Americans","John_Bell_Hood",3
"race","European_Americans","John_Belli",1
"race","European_Americans","John_Berryman",1
"race","European_Americans","John_Bidwell",2
"race","European_Americans","John_Brough",1
"race","European_Americans","John_Brown_Francis",1
"race","European_Americans","John_Buford",3
"race","European_Americans","John_Buscema",5
"race","European_Americans","John_C._Breckinridge",2
"race","European_Americans","John_C._Pritzlaff",1
"race","European_Americans","John_Cage",14
"race","European_Americans","John_Carradine",3
"race","European_Americans","John_Chafee",2
"race","European_Americans","John_Christian_Kunkel",1
"race","European_Americans","John_Christopher_Cutler",1
"race","European_Americans","John_Ciardi",2
"race","European_Americans","John_Curulewski",1
"race","European_Americans","John_D._Cherry",1
"race","European_Americans","John_D._Rockefeller_Jr.",2
"race","European_Americans","John_Derbyshire",1
"race","European_Americans","John_Dillinger",4
"race","European_Americans","John_Doerr",2
"race","European_Americans","John_Dunlap",1
"race","European_Americans","John_Eager_Howard",3
"race","European_Americans","John_Eugene_Osborne",1
"race","European_Americans","John_F._Kennedy",3
"race","European_Americans","John_Fante",1
"race","European_Americans","John_Ford",2
"race","European_Americans","John_Francis_Dodge",1
"race","European_Americans","John_Fusco",1
"race","European_Americans","John_Gill_Shorter",1
"race","European_Americans","John_Glenn",3
"race","European_Americans","John_Gromada",2
"race","European_Americans","John_Guzlowski",1
"race","European_Americans","John_Hiester",1
"race","European_Americans","John_Hodiak",1
"race","European_Americans","John_Hoover_Rothermel",1
"race","European_Americans","John_Horne_Burns",3
"race","European_Americans","John_Houseman",1
"race","European_Americans","John_Huston",3
"race","European_Americans","John_J._Maresca",1
"race","European_Americans","John_J._Pershing",1
"race","European_Americans","John_Jacob_Astor",7
"race","European_Americans","John_Kennedy_Toole",2
"race","European_Americans","John_Kerry",4
"race","European_Americans","John_Kiffmeyer",1
"race","European_Americans","John_Kobylt",1
"race","European_Americans","John_Koza",2
"race","European_Americans","John_Krasinski",3
"race","European_Americans","John_L._Flannery",1
"race","European_Americans","John_L._Sullivan",2
"race","European_Americans","John_Laurance",1
"race","European_Americans","John_Lederer",1
"race","European_Americans","John_Lewis_Krimmel",1
"race","European_Americans","John_M._Clayton",2
"race","European_Americans","John_Malkovich",1
"race","European_Americans","John_Marshall",8
"race","European_Americans","John_McCain",1
"race","European_Americans","John_McEnroe",1
"race","European_Americans","John_Mojecki",1
"race","European_Americans","John_Nance_Garner",3
"race","European_Americans","John_Neagle",1
"race","European_Americans","John_O._Meusebach",1
"race","European_Americans","John_Oates",1
"race","European_Americans","John_Orlando_Pastore",1
"race","European_Americans","John_P._Grotzinger",1
"race","European_Americans","John_Patrick_Shanley",1
"race","European_Americans","John_Paul_Hammerschmidt",1
"race","European_Americans","John_Peter_Altgeld",4
"race","European_Americans","John_Peter_Zenger",2
"race","European_Americans","John_Philip_Holland",2
"race","European_Americans","John_Philip_Sousa",10
"race","European_Americans","John_Quincy_Adams",3
"race","European_Americans","John_R._Winder",1
"race","European_Americans","John_Rutledge",4
"race","European_Americans","John_S._Flizikowski",1
"race","European_Americans","John_S._McCain_Jr.",1
"race","European_Americans","John_Scarne",1
"race","European_Americans","John_Scolvus",1
"race","European_Americans","John_Sevier",2
"race","European_Americans","John_Singer_Sargent",10
"race","European_Americans","John_Steinbeck",1
"race","European_Americans","John_Talbott_Donoghue",2
"race","European_Americans","John_Treadwell",2
"race","European_Americans","John_Trumbull",7
"race","European_Americans","John_Tyler",4
"race","European_Americans","John_W._Johnston",2
"race","European_Americans","John_Wanamaker",6
"race","European_Americans","John_Washington",3
"race","European_Americans","John_Wayles_Eppes",1
"race","European_Americans","John_Wereat",2
"race","European_Americans","John_Whitlinger",1
"race","European_Americans","John_Wilkes_Booth",4
"race","European_Americans","John_Wojnowski",1
"race","European_Americans","Johnny_Carson",3
"race","European_Americans","Johnny_Cash",10
"race","European_Americans","Johnny_Depp",1
"race","European_Americans","Johnny_Kling",2
"race","European_Americans","Johnny_Lujack",2
"race","European_Americans","Johnny_Weissmuller",5
"race","European_Americans","Johnny_Yong_Bosch",1
"race","European_Americans","Jon_Bon_Jovi",2
"race","European_Americans","Jon_Leuer",1
"race","European_Americans","Jon_Stewart",3
"race","European_Americans","Jon_Voight",1
"race","European_Americans","Jonathan_Nolan",1
"race","European_Americans","Jonathan_Taylor_Thomas",1
"race","European_Americans","Jordana_Brewster",1
"race","European_Americans","Josef_Hofmann",1
"race","European_Americans","Josef_Newgarden",1
"race","European_Americans","Josef_Sommer",1
"race","European_Americans","Joseph_Alioto",1
"race","European_Americans","Joseph_Barbera",1
"race","European_Americans","Joseph_Breen",1
"race","European_Americans","Joseph_Breuer",2
"race","European_Americans","Joseph_E._Johnston",4
"race","European_Americans","Joseph_F._Smith",4
"race","European_Americans","Joseph_Fielding",4
"race","European_Americans","Joseph_Gales",4
"race","European_Americans","Joseph_Hiester",1
"race","European_Americans","Joseph_Hooker",1
"race","European_Americans","Joseph_J._Himmel",1
"race","European_Americans","Joseph_Kent",2
"race","European_Americans","Joseph_L._Romano",1
"race","European_Americans","Joseph_Louis_Bernardin",1
"race","European_Americans","Joseph_Marshall_Walker",2
"race","European_Americans","Joseph_Priestley",4
"race","European_Americans","Joseph_Ritner",1
"race","European_Americans","Joseph_Rosati",1
"race","European_Americans","Joseph_Roswell_Hawley",1
"race","European_Americans","Joseph_Schlitz",1
"race","European_Americans","Joseph_Sikora",1
"race","European_Americans","Joseph_Smith",2
"race","European_Americans","Joseph_Stella",1
"race","European_Americans","Josh_Wolff",1
"race","European_Americans","Joshua_Clayton",2
"race","European_Americans","Joshua_Hall",1
"race","European_Americans","Jozef_Cywinski",1
"race","European_Americans","Judy_Garland",5
"race","European_Americans","Judy_Sheindlin",1
"race","European_Americans","Julia_Grant",1
"race","European_Americans","Julia_Tyler",2
"race","European_Americans","Julian_Stanczak",2
"race","European_Americans","Julie_Bowen",1
"race","European_Americans","Jurek_Wajdowicz",5
"race","European_Americans","Jurgen_Wilson",1
"race","European_Americans","Justin_Abdelkader",1
"race","European_Americans","Justin_Francis_Rigali",1
"race","European_Americans","Justin_Kirk",1
"race","European_Americans","Justin_Welborn",1
"race","European_Americans","Karen_Black",2
"race","European_Americans","Karen_Horney",9
"race","European_Americans","Karen_Steele",1
"race","European_Americans","Karl_E._Mundt",4
"race","European_Americans","Karl_Ferdinand_Wimar",1
"race","European_Americans","Kat_Von_D",3
"race","European_Americans","Kate_Chopin",6
"race","European_Americans","Katharine_Hepburn",2
"race","European_Americans","Katherine_Anne_Porter",5
"race","European_Americans","Katherine_Esau",2
"race","European_Americans","Kathleen_Willey",2
"race","European_Americans","Kathryn_Hahn",1
"race","European_Americans","Kathryn_Kuhlman",3
"race","European_Americans","Kathy_Acker",3
"race","European_Americans","Katie_Holmes",1
"race","European_Americans","Katy_Perry",2
"race","European_Americans","Kay_Ryan",5
"race","European_Americans","Kazimierz_Fajans",1
"race","European_Americans","Keith_Szarabajka",1
"race","European_Americans","Kelly_Clarkson",1
"race","European_Americans","Kelly_Hu",1
"race","European_Americans","Kelly_Reichardt",3
"race","European_Americans","Kelly_Slater",3
"race","European_Americans","Kelsey_Chow",1
"race","European_Americans","Ken_Peplowski",1
"race","European_Americans","Kendel_Ehrlich",1
"race","European_Americans","Kenny_Roberts",1
"race","European_Americans","Kent_Conrad",1
"race","European_Americans","Kentucky_Bourbon_Trail",1
"race","European_Americans","Kevin_Sorbo",1
"race","European_Americans","Kiera_Chaplin",1
"race","European_Americans","Killer_Kowalski",1
"race","European_Americans","Kim_Kardashian",2
"race","European_Americans","Kim_Stanley",1
"race","European_Americans","Kimberly_Stewart",1
"race","European_Americans","Kimmie_Meissner",1
"race","European_Americans","Kinga_Philipps",1
"race","European_Americans","Klaus_Janson",1
"race","European_Americans","Koch_Foods",5
"race","European_Americans","Konrad_Dannenberg",1
"race","European_Americans","Korczak_Ziolkowski",1
"race","European_Americans","Krafft_Arnold_Ehricke",1
"race","European_Americans","Kris_Kristofferson",3
"race","European_Americans","Krista_Allen",1
"race","European_Americans","Kristanna_Loken",1
"race","European_Americans","Kristof_Konrad",1
"race","European_Americans","Krzysztof_Wodiczko",20
"race","European_Americans","Kurt_Angle",2
"race","European_Americans","Kurt_Frederick_Ludwig",1
"race","European_Americans","Kurt_Kreuger",1
"race","European_Americans","Kurt_Vonnegut",4
"race","European_Americans","Kurt_Weill",5
"race","European_Americans","Kyle_Janek",1
"race","European_Americans","Kylie_Cosmetics",4
"race","European_Americans","L._Frank_Baum",3
"race","European_Americans","L._Jay_Oliva",1
"race","European_Americans","Lana_Wachowski",2
"race","European_Americans","Lance_Armstrong",6
"race","European_Americans","Larry_King",5
"race","European_Americans","Laura_Bullion",4
"race","European_Americans","Laura_Bush",7
"race","European_Americans","Laura_Ingalls_Wilder",4
"race","European_Americans","Laura_Joyce_Bell",1
"race","European_Americans","Lauren_Cohan",1
"race","European_Americans","Lauren_Scala",1
"race","European_Americans","Lawrence_C._Phipps",1
"race","European_Americans","Lawrence_Ferlinghetti",8
"race","European_Americans","Lawrence_Scarpa",1
"race","European_Americans","Lawrence_Welk",11
"race","European_Americans","Leatrice_Joy",2
"race","European_Americans","Lee_Harvey_Oswald",6
"race","European_Americans","Lee_Mantle",2
"race","European_Americans","Lelord_Kordel",1
"race","European_Americans","Len_Ceglarski",1
"race","European_Americans","Lena_Kleinschmidt",1
"race","European_Americans","Lene_Lovich",3
"race","European_Americans","Leo_Gerstenzang",2
"race","European_Americans","Leo_Loeb",1
"race","European_Americans","Leo_McCarey",3
"race","European_Americans","Leo_Yankevich",1
"race","European_Americans","Leon_M._Goldstein",3
"race","European_Americans","Leonard_Chess",3
"race","European_Americans","Leonardo_DiCaprio",1
"race","European_Americans","Leonid_Hurwicz",3
"race","European_Americans","Leopold_Godowsky",1
"race","European_Americans","Leopold_Moczygemba",2
"race","European_Americans","Leslie_Carter",1
"race","European_Americans","Leslie_Scalapino",1
"race","European_Americans","Letitia_Tyler",3
"race","European_Americans","Levi_Lincoln_Jr.",1
"race","European_Americans","Levi_P._Morton",2
"race","European_Americans","Levi_Strauss",4
"race","European_Americans","Levi_Woodbury",2
"race","European_Americans","Lewis_Heermann",1
"race","European_Americans","Lewis_Wetzel",6
"race","European_Americans","Lex_Luger",1
"race","European_Americans","Liev_Schreiber",1
"race","European_Americans","Lillian_Lux",1
"race","European_Americans","Lillie_Langtry",1
"race","European_Americans","Lilly_Wachowski",2
"race","European_Americans","Lily_Collins",1
"race","European_Americans","Linda_Ronstadt",5
"race","European_Americans","Lindsey_Vonn",2
"race","European_Americans","Lisa_Aukland",1
"race","European_Americans","Lisa_Lampanelli",2
"race","European_Americans","Lisa_Marie_Nowak",1
"race","European_Americans","Liv_Tyler",3
"race","European_Americans","Liz_Cackowski",1
"race","European_Americans","Liza_Minnelli",1
"race","European_Americans","Lloyd_Lowndes_Jr.",1
"race","European_Americans","Lois_Weber",5
"race","European_Americans","Lon_Chaney_Jr.",1
"race","European_Americans","Lorenzo_Brentano",1
"race","European_Americans","Lorenzo_Carcaterra",1
"race","European_Americans","Lorenzo_Da_Ponte",3
"race","European_Americans","Lorna_Luft",2
"race","European_Americans","Lou_Bierbauer",1
"race","European_Americans","Lou_Creekmur",1
"race","European_Americans","Lou_Gehrig",3
"race","European_Americans","Lou_Hoover",1
"race","European_Americans","Louis_Freeh",1
"race","European_Americans","Louis_J._Weichmann",1
"race","European_Americans","Louis_Kuehnle",2
"race","European_Americans","Louis_Maurer",1
"race","European_Americans","Louis_Wirth",3
"race","European_Americans","Louisa_Adams",4
"race","European_Americans","Louise_Bogan",2
"race","European_Americans","Louise_Brooks",3
"race","European_Americans","Louise_Fili",1
"race","European_Americans","Lucille_Ball",5
"race","European_Americans","Lucretia_Garfield",4
"race","European_Americans","Lucy_Hayes",3
"race","European_Americans","Luigi_Antonini",1
"race","European_Americans","Luigi_Galleani",2
"race","European_Americans","Luigi_R._Einaudi",1
"race","European_Americans","Luis_Marden",1
"race","European_Americans","Lukas_Foss",1
"race","European_Americans","Luke_Nosek",1
"race","European_Americans","Luke_Witkowski",1
"race","European_Americans","Lyman_Hall",3
"race","European_Americans","Lyndon_B._Johnson",3
"race","European_Americans","Lynne_Koplitz",1
"race","European_Americans","Lynne_Spears",1
"race","European_Americans","Lyonel_Feininger",3
"race","European_Americans","Mack_Sennett",3
"race","European_Americans","Maggie_Q",2
"race","European_Americans","Magnus_von_Braun",3
"race","European_Americans","Malcolm_Wallop",2
"race","European_Americans","Mamie_Eisenhower",2
"race","European_Americans","Marcin_Gortat",1
"race","European_Americans","Marcin_Kleczynski",1
"race","European_Americans","Marcus_Daly",1
"race","European_Americans","Marella_Agnelli",1
"race","European_Americans","Margaret_McCarthy",1
"race","European_Americans","Margaret_Mitchell",3
"race","European_Americans","Margaret_Taylor",2
"race","European_Americans","Marge_Schott",4
"race","European_Americans","Maria_Goeppert_Mayer",2
"race","European_Americans","Maria_Shriver",3
"race","European_Americans","Maria_Siemionow",1
"race","European_Americans","Mariana_Mazzucato",2
"race","European_Americans","Mariangela_Lisanti",1
"race","European_Americans","Marilyn_Manson",1
"race","European_Americans","Marilyn_Mazur",1
"race","European_Americans","Marilyn_Monroe",2
"race","European_Americans","Mario_Cuomo",1
"race","European_Americans","Mario_J._Ciampi",1
"race","European_Americans","Mario_Puzo",2
"race","European_Americans","Mario_Sorrenti",1
"race","European_Americans","Marissa_Yardley_Clifford",1
"race","European_Americans","Mark_Critz",1
"race","European_Americans","Mark_Fidrych",1
"race","European_Americans","Mark_Glowinski",1
"race","European_Americans","Mark_Hanna",1
"race","European_Americans","Mark_Howe",1
"race","European_Americans","Mark_Lukasiewicz",1
"race","European_Americans","Mark_Twain",4
"race","European_Americans","Mark_Valenti",1
"race","European_Americans","Mark_Z._Danielewski",4
"race","European_Americans","Marlene_Dietrich",2
"race","European_Americans","Marlon_Brando",7
"race","European_Americans","Marta_Wittkowska",2
"race","European_Americans","Martha_Graham",7
"race","European_Americans","Martha_Jefferson",2
"race","European_Americans","Martha_Stewart",12
"race","European_Americans","Martha_Washington",9
"race","European_Americans","Martin_Chittenden",3
"race","European_Americans","Martin_Dempsey",10
"race","European_Americans","Martin_Ebon",1
"race","European_Americans","Martin_Grove_Brumbaugh",2
"race","European_Americans","Martin_Gruebele",1
"race","European_Americans","Martin_H._Weight",1
"race","European_Americans","Martin_Kunert",1
"race","European_Americans","Marty_Maher",1
"race","European_Americans","Mary_Castle",2
"race","European_Americans","Mary_Elizabeth_Winstead",2
"race","European_Americans","Mary_Higgins_Clark",2
"race","European_Americans","Mary_Jemison",3
"race","European_Americans","Mary_Katherine_Campbell",1
"race","European_Americans","Mary_Kay_Place",1
"race","European_Americans","Mary_Pickford",5
"race","European_Americans","Mary_Roberts_Rinehart",3
"race","European_Americans","Mary_Todd_Lincoln",2
"race","European_Americans","Mary_Tyler_Moore",6
"race","European_Americans","Masta_Ace",5
"race","European_Americans","Matt_Casamassina",1
"race","European_Americans","Matt_Cullen",1
"race","European_Americans","Matt_Damon",3
"race","European_Americans","Matt_Hardy",2
"race","European_Americans","Matt_Koehl",1
"race","European_Americans","Matt_Sorum",1
"race","European_Americans","Matt_Spaeth",1
"race","European_Americans","Matthew_Butler",1
"race","European_Americans","Matthew_C._Perry",2
"race","European_Americans","Matthew_Laflin",5
"race","European_Americans","Matthias_Bartgis",2
"race","European_Americans","Maureen_Daly",2
"race","European_Americans","Maurice_Barrymore",1
"race","European_Americans","Maurice_Sendak",10
"race","European_Americans","Max_Baucus",2
"race","European_Americans","Max_Bentele",1
"race","European_Americans","Max_Ehrmann",10
"race","European_Americans","Max_Fleischer",3
"race","European_Americans","Max_Kade",2
"race","European_Americans","Max_Kolonko",1
"race","European_Americans","Max_W._Heck",1
"race","European_Americans","May_Anderson",2
"race","European_Americans","May_Sutton",1
"race","European_Americans","Meg_Ryan",1
"race","European_Americans","Megadeth",61
"race","European_Americans","Meghan_Trainor",1
"race","European_Americans","Mel_Gibson",2
"race","European_Americans","Melissa_Anelli",1
"race","European_Americans","Melora_Hardin",1
"race","European_Americans","Merle_Bettenhausen",1
"race","European_Americans","Meryl_Streep",3
"race","European_Americans","Meyer_Guggenheim",1
"race","European_Americans","Mia_Malkova",1
"race","European_Americans","Michael_Alfred_Peszke",4
"race","European_Americans","Michael_Chiarello",1
"race","European_Americans","Michael_Douglas",1
"race","European_Americans","Michael_Hillegas",2
"race","European_Americans","Michael_Ian_Black",2
"race","European_Americans","Michael_J._Wytrwal",1
"race","European_Americans","Michael_Moore",1
"race","European_Americans","Michael_Parenti",2
"race","European_Americans","Michael_Patrick_MacDonald",1
"race","European_Americans","Michael_Richards",1
"race","European_Americans","Michael_Schiavo",7
"race","European_Americans","Michael_Smerconish",2
"race","European_Americans","Michael_Strahan",1
"race","European_Americans","Michael_Z._Williamson",1
"race","European_Americans","Michelangelo_Signorile",1
"race","European_Americans","Michelle_Kosinski",2
"race","European_Americans","Michelle_Nicastro",1
"race","European_Americans","Michelle_Pfeiffer",1
"race","European_Americans","Michelle_Phillips",1
"race","European_Americans","Mickey_Spillane",4
"race","European_Americans","Mike_Bongiorno",3
"race","European_Americans","Mike_Bordin",1
"race","European_Americans","Mike_Ditka",1
"race","European_Americans","Mike_Hammer",3
"race","European_Americans","Mike_Royko",4
"race","European_Americans","Mike_Schmidt",2
"race","European_Americans","Mike_Tannenbaum",1
"race","European_Americans","Mike_Wagner",2
"race","European_Americans","Milena_Govich",1
"race","European_Americans","Miley_Cyrus",3
"race","European_Americans","Millard_Fillmore",2
"race","European_Americans","Mischa_Barton",1
"race","European_Americans","Mitt_Romney",1
"race","European_Americans","Mitzi_Gaynor",2
"race","European_Americans","Molly_Maguires",13
"race","European_Americans","Moody_Currier",4
"race","European_Americans","Muhammad_Ali",10
"race","European_Americans","Myra_Kelly",1
"race","European_Americans","Nancy_Reagan",3
"race","European_Americans","Naomi_Judd",2
"race","European_Americans","Natalie_Clifford_Barney",2
"race","European_Americans","Nathan_Handwerker",1
"race","European_Americans","Nathaniel_Hawthorne",4
"race","European_Americans","Nebula_Award",4
"race","European_Americans","Neil_Abercrombie",1
"race","European_Americans","Neil_Armstrong",3
"race","European_Americans","Neil_Cavuto",2
"race","European_Americans","Neil_Denari",1
"race","European_Americans","Neil_Diamond",1
"race","European_Americans","Neil_Ross",1
"race","European_Americans","Neil_Sedaka",2
"race","European_Americans","Nellie_Bly",15
"race","European_Americans","Nelson_Dewey",1
"race","European_Americans","Nelson_Dingley_Jr.",1
"race","European_Americans","Nelson_Rockefeller",4
"race","European_Americans","Nelson_W._Aldrich",1
"race","European_Americans","Nicholas_Andrew_Rey",1
"race","European_Americans","Nicholas_Cooke",1
"race","European_Americans","Nicholas_Gilman",2
"race","European_Americans","Nicholas_Herkimer",2
"race","European_Americans","Nicholas_Rescher",2
"race","European_Americans","Nick_Castle",2
"race","European_Americans","Nick_Folk",1
"race","European_Americans","Nick_Kwiatkoski",1
"race","European_Americans","Nick_Saglimbeni",1
"race","European_Americans","Nick_Stellino",2
"race","European_Americans","Nicky_Hilton",1
"race","European_Americans","Nicole_Brown_Simpson",2
"race","European_Americans","Nicole_Krauss",2
"race","European_Americans","Noah_Dietrich",1
"race","European_Americans","Noah_Phelps",1
"race","European_Americans","Noah_Webster",7
"race","European_Americans","Noname_Jane",2
"race","European_Americans","Nora_Roberts",4
"race","European_Americans","Norah_Jones",1
"race","European_Americans","Norman_Jaffe",2
"race","European_Americans","Norman_Rockwell",2
"race","European_Americans","Norman_Schwarzkopf",4
"race","European_Americans","Norman_Schwarzkopf_Jr.",1
"race","European_Americans","O._Henry",8
"race","European_Americans","Oleg_Cassini",3
"race","European_Americans","Olga_Erteszek",1
"race","European_Americans","Oliver_Burr_Jennings",1
"race","European_Americans","Oliver_Ellsworth",3
"race","European_Americans","Oliver_Hazard_Payne",1
"race","European_Americans","Oliver_Smithies",1
"race","European_Americans","Oliver_Wendell_Holmes_Jr.",3
"race","European_Americans","Oliver_Wolcott",1
"race","European_Americans","Oliver_Wolcott_Jr.",1
"race","European_Americans","Orville_Hickman_Browning",1
"race","European_Americans","Oscar_Mayer",5
"race","European_Americans","Oscar_Werwath",1
"race","European_Americans","Oswald_Ottendorfer",1
"race","European_Americans","Ottmar_Mergenthaler",2
"race","European_Americans","Otto_Hermann_Kahn",2
"race","European_Americans","Otto_Stern",5
"race","European_Americans","Owen_Brewster",1
"race","European_Americans","Owen_Schmitt",1
"race","European_Americans","P._M._Pasinetti",1
"race","European_Americans","P._T._Barnum",8
"race","European_Americans","Paolo_Soleri",5
"race","European_Americans","Pat_Buchanan",2
"race","European_Americans","Pat_Conroy",5
"race","European_Americans","Pat_Garrett",5
"race","European_Americans","Pat_Nixon",14
"race","European_Americans","Pat_Sajak",4
"race","European_Americans","Patricia_Buckley",1
"race","European_Americans","Patricia_Highsmith",13
"race","European_Americans","Patrick_Francis_Healy",1
"race","European_Americans","Patrick_Henry",11
"race","European_Americans","Patrick_Kaleta",1
"race","European_Americans","Patrick_Kane",1
"race","European_Americans","Patty_Duke",3
"race","European_Americans","Paul_Baran",4
"race","European_Americans","Paul_Bechtner",1
"race","European_Americans","Paul_Brigham",2
"race","European_Americans","Paul_Cellucci",3
"race","European_Americans","Paul_Charles_Morphy",1
"race","European_Americans","Paul_Gilbert",1
"race","European_Americans","Paul_Gregory_Bootkoski",1
"race","European_Americans","Paul_Grottkau",2
"race","European_Americans","Paul_Henreid",1
"race","European_Americans","Paul_Henry_Nitze",1
"race","European_Americans","Paul_Hindemith",3
"race","European_Americans","Paul_Konerko",1
"race","European_Americans","Paul_Mazurkiewicz",1
"race","European_Americans","Paul_Mokeski",1
"race","European_Americans","Paul_Newman",3
"race","European_Americans","Paul_Ryan",4
"race","European_Americans","Paul_Stanley",1
"race","European_Americans","Paul_Tibbets",1
"race","European_Americans","Paul_Tillich",11
"race","European_Americans","Paul_W._Smith",1
"race","European_Americans","Paul_Winchell",1
"race","European_Americans","Paula_Jones",2
"race","European_Americans","Pauline_Frederick",1
"race","European_Americans","Pete_DeFazio",1
"race","European_Americans","Pete_Hamill",1
"race","European_Americans","Pete_Seeger",15
"race","European_Americans","Peter_Brimelow",1
"race","European_Americans","Peter_Cooper_Hewitt",1
"race","European_Americans","Peter_Dinklage",1
"race","European_Americans","Peter_F._Secchia",1
"race","European_Americans","Peter_Gusenberg",2
"race","European_Americans","Peter_Minuit",3
"race","European_Americans","Peter_Muhlenberg",3
"race","European_Americans","Peter_Pace",2
"race","European_Americans","Peter_Sarsgaard",1
"race","European_Americans","Peter_W._Chiarelli",1
"race","European_Americans","Phil_Chess",2
"race","European_Americans","Phil_Donahue",1
"race","European_Americans","Phil_Jackson",1
"race","European_Americans","Philip_Barry",1
"race","European_Americans","Philip_Becker",1
"race","European_Americans","Philip_Marlowe",2
"race","European_Americans","Philip_Mayer_Kaiser",1
"race","European_Americans","Philip_Pendleton_Barbour",1
"race","European_Americans","Philip_Seymour_Hoffman",1
"race","European_Americans","Philo_Farnsworth",1
"race","European_Americans","Pia_Zadora",1
"race","European_Americans","Pietro_Belluschi",3
"race","European_Americans","Pietro_Di_Donato",2
"race","European_Americans","Prescott_Bush",3
"race","European_Americans","Primetime_Emmy_Award",2
"race","European_Americans","Pro_Bowl",18
"race","European_Americans","R._A._Lafferty",2
"race","European_Americans","R._Nicholas_Burns",1
"race","European_Americans","Rachael_Ray",2
"race","European_Americans","Rachel_Buehler",1
"race","European_Americans","Rachel_Jackson",1
"race","European_Americans","Rachel_Maddow",2
"race","European_Americans","Ralph_DiGia",1
"race","European_Americans","Ralph_Ignatowski",1
"race","European_Americans","Ralph_Izard",1
"race","European_Americans","Ralph_Modjeski",2
"race","European_Americans","Ralph_Taeger",1
"race","European_Americans","Ralph_Waldo_Emerson",7
"race","European_Americans","Randy_Quaid",2
"race","European_Americans","Randy_Travis",1
"race","European_Americans","Raoul_Walsh",2
"race","European_Americans","Raquel_Welch",5
"race","European_Americans","Rasa_von_Werder",1
"race","European_Americans","Ray_Harryhausen",13
"race","European_Americans","Ray_Jablonski",1
"race","European_Americans","Raymond_Chandler",4
"race","European_Americans","Raymond_Philip_Etteldorf",1
"race","European_Americans","Rebecca_De_Mornay",1
"race","European_Americans","Rebecca_Nurse",2
"race","European_Americans","Regis_Philbin",1
"race","European_Americans","Renato_Dulbecco",1
"race","European_Americans","Rex_Chandler",1
"race","European_Americans","Riccardo_Giacconi",1
"race","European_Americans","Richard_Anuszkiewicz",1
"race","European_Americans","Richard_F._Natonski",2
"race","European_Americans","Richard_Feynman",4
"race","European_Americans","Richard_Fred_Suhrheinrich",1
"race","European_Americans","Richard_Girnt_Butler",1
"race","European_Americans","Richard_Henry_Lee",7
"race","European_Americans","Richard_Henzel",1
"race","European_Americans","Richard_Howly",1
"race","European_Americans","Richard_John_Neuhaus",1
"race","European_Americans","Richard_Montgomery",5
"race","European_Americans","Richard_Nixon",1
"race","European_Americans","Richard_Stockton_Field",3
"race","European_Americans","Richard_Trumka",1
"race","European_Americans","Richard_Veenfliet",4
"race","European_Americans","Richard_Worsam_Meade_II",2
"race","European_Americans","Rick_Francona",1
"race","European_Americans","Rick_Rescorla",2
"race","European_Americans","Ricky_Nelson",2
"race","European_Americans","Ricky_Schroder",1
"race","European_Americans","Rita_Cosby",1
"race","European_Americans","Rita_Hayworth",5
"race","European_Americans","Rob_Portman",2
"race","European_Americans","Rob_Van_Dam",5
"race","European_Americans","Robert_Aldrich",1
"race","European_Americans","Robert_Altman",6
"race","European_Americans","Robert_Benecke",1
"race","European_Americans","Robert_Burns_Woodward",1
"race","European_Americans","Robert_Charles_Winthrop",2
"race","European_Americans","Robert_Conrad",1
"race","European_Americans","Robert_Creeley",3
"race","European_Americans","Robert_E._Lee",10
"race","European_Americans","Robert_F._Kennedy",2
"race","European_Americans","Robert_F._Stockton",2
"race","European_Americans","Robert_F._Wagner",3
"race","European_Americans","Robert_Fano",1
"race","European_Americans","Robert_Fitzgerald",1
"race","European_Americans","Robert_Gallucci",1
"race","European_Americans","Robert_Gould_Shaw",4
"race","European_Americans","Robert_Hoe",2
"race","European_Americans","Robert_J._Modrzejewski",1
"race","European_Americans","Robert_Lanza",1
"race","European_Americans","Robert_Leamy_Meade",2
"race","European_Americans","Robert_Longo",2
"race","European_Americans","Robert_Lowell",6
"race","European_Americans","Robert_Magliola",7
"race","European_Americans","Robert_Oberst",1
"race","European_Americans","Robert_Olds",2
"race","European_Americans","Robert_Oppenheimer",1
"race","European_Americans","Robert_Penn_Warren",6
"race","European_Americans","Robert_Prager",1
"race","European_Americans","Robert_Redford",1
"race","European_Americans","Robert_Siodmak",1
"race","European_Americans","Robert_Toombs",7
"race","European_Americans","Robert_Uihlein_Jr.",1
"race","European_Americans","Robert_Venturi",1
"race","European_Americans","Robert_Wood_Johnson_Medical_School",5
"race","European_Americans","Robert_Zoellick",2
"race","European_Americans","Robin_Atkin_Downes",1
"race","European_Americans","Robin_Olds",3
"race","European_Americans","Robin_Williams",2
"race","European_Americans","Rock_Hudson",1
"race","European_Americans","Roger_Zelazny",3
"race","European_Americans","Roland_Emmerich",1
"race","European_Americans","Roman_Galinski",1
"race","European_Americans","Roman_Polanski",1
"race","European_Americans","Roman_Totenberg",2
"race","European_Americans","Ron_Grzywinski",1
"race","European_Americans","Ron_Jarzombek",2
"race","European_Americans","Ron_Jaworski",2
"race","European_Americans","Ron_Paul",4
"race","European_Americans","Ronald_Hilton",2
"race","European_Americans","Ronald_P._Spogli",1
"race","European_Americans","Ronald_Reagan",3
"race","European_Americans","Ronda_Rousey",2
"race","European_Americans","Rondo_Hatton",3
"race","European_Americans","Rosalie_Allen",1
"race","European_Americans","Rosalynn_Carter",7
"race","European_Americans","Rose_Marie",2
"race","European_Americans","Ross_Martin",2
"race","European_Americans","Ross_Ohlendorf",1
"race","European_Americans","Rowland_Hussey_Macy",1
"race","European_Americans","Roy_E._Disney",1
"race","European_Americans","Roy_Hartzell",1
"race","European_Americans","Rudolf_Arnheim",2
"race","European_Americans","Rudolf_Carnap",7
"race","European_Americans","Rudolph_Dirks",2
"race","European_Americans","Rufus_Choate",5
"race","European_Americans","Russ_Meyer",7
"race","European_Americans","Ruth_Chatterton",1
"race","European_Americans","Ruth_May_Fox",1
"race","European_Americans","Ruth_Slenczynska",3
"race","European_Americans","Ruth_VanSickle_Ford",3
"race","European_Americans","Ryan_Max_Riley",1
"race","European_Americans","Ryszard_Syski",1
"race","European_Americans","Sabato_Morais",1
"race","European_Americans","Sam_Lloyd",1
"race","European_Americans","Sam_Potolicchio",1
"race","European_Americans","Sam_Snead",2
"race","European_Americans","Sam_Spiegel",1
"race","European_Americans","Sam_Walton",2
"race","European_Americans","Sam_Warburg",1
"race","European_Americans","Sam_Warner",7
"race","European_Americans","Samantha_Brown",5
"race","European_Americans","Samuel_Adams",6
"race","European_Americans","Samuel_Colgate",3
"race","European_Americans","Samuel_Colt",4
"race","European_Americans","Samuel_Elbert",7
"race","European_Americans","Samuel_Goldwyn",7
"race","European_Americans","Samuel_Insull",4
"race","European_Americans","Samuel_J._Tilden",2
"race","European_Americans","Samuel_Lincoln",5
"race","European_Americans","Samuel_Morse",1
"race","European_Americans","Samuel_Murray",1
"race","European_Americans","Samuel_Pasco",1
"race","European_Americans","Samuel_Phillips_Lee",1
"race","European_Americans","Samuel_Pierpont_Langley",1
"race","European_Americans","Samuel_Slater",3
"race","European_Americans","Sanford_I._Weill",1
"race","European_Americans","Sara_Paxton",1
"race","European_Americans","Sara_Studebaker",1
"race","European_Americans","Sarah_Chalke",1
"race","European_Americans","Sarah_Jarosz",1
"race","European_Americans","Sarah_Jessica_Parker",2
"race","European_Americans","Sarah_Orne_Jewett",3
"race","European_Americans","Sarah_Palin",1
"race","European_Americans","Sarah_Polk",2
"race","European_Americans","Scarlett_Johansson",1
"race","European_Americans","Schaefer_Beer",2
"race","European_Americans","Scott_Eastwood",1
"race","European_Americans","Scott_Kamieniecki",1
"race","European_Americans","Scott_Rogowsky",1
"race","European_Americans","Sean_Patrick_Flanery",1
"race","European_Americans","Seann_William_Scott",1
"race","European_Americans","Seth_MacFarlane",2
"race","European_Americans","Severin_Roesen",1
"race","European_Americans","Shane_McMahon",2
"race","European_Americans","Shane_Salerno",1
"race","European_Americans","Shannon_Elizabeth",1
"race","European_Americans","Sharon_Stone",1
"race","European_Americans","Shawn_Wooten",1
"race","European_Americans","Shayla_LaVeaux",1
"race","European_Americans","Sheila_Giolitti",1
"race","European_Americans","Sheri_Moon_Zombie",1
"race","European_Americans","Shirley_Clarke",2
"race","European_Americans","Shirley_Temple",4
"race","European_Americans","Sidney_Lanier",3
"race","European_Americans","Sidney_Perham",1
"race","European_Americans","Silvio_Micali",1
"race","European_Americans","Simon_Hullihen",1
"race","European_Americans","Sirio_Maccioni",6
"race","European_Americans","Sissy_Spacek",1
"race","European_Americans","Solomon_Loeb",3
"race","European_Americans","Solomon_Scheu",2
"race","European_Americans","Sophie_Lyons",1
"race","European_Americans","Spencer_Dryden",2
"race","European_Americans","Spiegel_Online",5
"race","European_Americans","Spoetzl_Brewery",2
"race","European_Americans","Stan_Musial",2
"race","European_Americans","Stanley_Andrews",1
"race","European_Americans","Stanley_Ketchel",1
"race","European_Americans","Stanley_Kubrick",2
"race","European_Americans","Stanley_Poreda",1
"race","European_Americans","Stefan_Janoski",1
"race","European_Americans","Stephanie_McMahon",1
"race","European_Americans","Stephanie_Swift",1
"race","European_Americans","Stephen_Colbert",2
"race","European_Americans","Stephen_Crane",9
"race","European_Americans","Stephen_J._Townsend",1
"race","European_Americans","Stephen_King",5
"race","European_Americans","Steve_Jobs",7
"race","European_Americans","Steve_King",1
"race","European_Americans","Steve_Kuclo",1
"race","European_Americans","Steve_McQueen",5
"race","European_Americans","Steve_Schmidt",1
"race","European_Americans","Steve_Wilkos",1
"race","European_Americans","Steve_Wisniewski",2
"race","European_Americans","Steve_Wozniak",2
"race","European_Americans","Steven_Lenhart",1
"race","European_Americans","Steven_Strait",1
"race","European_Americans","Stevenson_Sedgwick",1
"race","European_Americans","Stonewall_Jackson",5
"race","European_Americans","Strom_Thurmond",9
"race","European_Americans","Studs_Lonigan",1
"race","European_Americans","Susan_B._Anthony",12
"race","European_Americans","Susan_Bysiewicz",1
"race","European_Americans","Susan_Howe",6
"race","European_Americans","Susan_Sadlowski_Garza",1
"race","European_Americans","Sylvester_Antolak",2
"race","European_Americans","Tab_Hunter",3
"race","European_Americans","Tami_Whitlinger",1
"race","European_Americans","Tara_Reid",1
"race","European_Americans","Taylor_Buchholz",1
"race","European_Americans","Taylor_Dooley",1
"race","European_Americans","Taylor_Twellman",1
"race","European_Americans","Ted_Berrigan",2
"race","European_Americans","Ted_Danson",1
"race","European_Americans","Ted_DiBiase",3
"race","European_Americans","Ted_Kaczynski",1
"race","European_Americans","Ted_Kluszewski",2
"race","European_Americans","Ted_Knight",3
"race","European_Americans","Ted_Potter_Jr.",1
"race","European_Americans","Terri_Schiavo",7
"race","European_Americans","Terry_Sanford",3
"race","European_Americans","Thaddeus_J._Dulski",1
"race","European_Americans","Thaddeus_Vincenty",1
"race","European_Americans","Theodor_August_Heintzman",1
"race","European_Americans","Theodore_Hamm",1
"race","European_Americans","Theodore_J._Forstmann",1
"race","European_Americans","Theodore_Roosevelt",5
"race","European_Americans","Theodore_Schwan",4
"race","European_Americans","Theodore_Sedgwick",5
"race","European_Americans","Theophilus_H._Holmes",1
"race","European_Americans","Thomas_Bailey_Aldrich",1
"race","European_Americans","Thomas_Bramwell_Welch",1
"race","European_Americans","Thomas_Chittenden",1
"race","European_Americans","Thomas_Contee_Worthington",1
"race","European_Americans","Thomas_D._Doubleday",1
"race","European_Americans","Thomas_Dixon_Jr.",2
"race","European_Americans","Thomas_Dooley",1
"race","European_Americans","Thomas_Eakins",8
"race","European_Americans","Thomas_Edison",8
"race","European_Americans","Thomas_Francis_Meagher",4
"race","European_Americans","Thomas_Hovenden",1
"race","European_Americans","Thomas_Ian_Nicholas",1
"race","European_Americans","Thomas_J._Hageboeck",1
"race","European_Americans","Thomas_Jefferson",8
"race","European_Americans","Thomas_Mann_Randolph_Jr.",2
"race","European_Americans","Thomas_McGuane",1
"race","European_Americans","Thomas_Nelson_Page",5
"race","European_Americans","Thomas_Patterson_Brockman",1
"race","European_Americans","Thomas_Pynchon",2
"race","European_Americans","Thomas_S._Hinde",3
"race","European_Americans","Thomas_Sadoski",2
"race","European_Americans","Thomas_Sim_Lee",6
"race","European_Americans","Thomas_Sully",4
"race","European_Americans","Thomas_Tyra",1
"race","European_Americans","Thomas_Vonn",2
"race","European_Americans","Thomas_W._Hartmann",1
"race","European_Americans","Thomas_W._Palmer",1
"race","European_Americans","Tim_Curry",1
"race","European_Americans","Tim_Russert",4
"race","European_Americans","Tim_Tebow",2
"race","European_Americans","Timothy_Chandler",3
"race","European_Americans","Timothy_Geithner",1
"race","European_Americans","Tina_Brown",2
"race","European_Americans","Tobin_Bell",1
"race","European_Americans","Tom_Clancy",3
"race","European_Americans","Tom_Cruise",2
"race","European_Americans","Tom_Glassic",1
"race","European_Americans","Tom_Gola",2
"race","European_Americans","Tom_Paciorek",1
"race","European_Americans","Tom_Ridge",4
"race","European_Americans","Tom_Tom_Club",4
"race","European_Americans","Tom_Tyler",2
"race","European_Americans","Tom_Udall",1
"race","European_Americans","Tomasz_Mrowka",1
"race","European_Americans","Tommy_Gibbons",4
"race","European_Americans","Tommy_Henrich",1
"race","European_Americans","Tommy_Lee_Jones",1
"race","European_Americans","Tommy_Loughran",1
"race","European_Americans","Tommy_Wiseau",1
"race","European_Americans","Tony_Award",16
"race","European_Americans","Tony_Awards",8
"race","European_Americans","Tony_Curtis",1
"race","European_Americans","Tony_F._Schneider",1
"race","European_Americans","Tony_Hawk",2
"race","European_Americans","Tony_Lucca",2
"race","European_Americans","Tony_Rice",2
"race","European_Americans","Tony_Rizzo",1
"race","European_Americans","Tony_Sisti",1
"race","European_Americans","Tony_Zale",1
"race","European_Americans","Tracey_Adams",1
"race","European_Americans","Travis_Van_Winkle",1
"race","European_Americans","Tulsi_Gabbard",1
"race","European_Americans","Tyler_Ott",1
"race","European_Americans","Ugo_Fano",1
"race","European_Americans","Ulysses_S._Grant",3
"race","European_Americans","Uma_Thurman",3
"race","European_Americans","Vannevar_Bush",3
"race","European_Americans","Velvet_Sky",1
"race","European_Americans","Vera_Katz",1
"race","European_Americans","Vic_Wertz",1
"race","European_Americans","Victor_Bockris",1
"race","European_Americans","Victor_Frederick_Weisskopf",1
"race","European_Americans","Victoria_Leigh_Soto",1
"race","European_Americans","Vin_Diesel",1
"race","European_Americans","Vincent_Cavallaro",1
"race","European_Americans","Vincent_Schaefer",1
"race","European_Americans","Virginia_C._Bulat",1
"race","European_Americans","W._M._Keck_Foundation",2
"race","European_Americans","Wallace_F._Bennett",1
"race","European_Americans","Walt_Disney",5
"race","European_Americans","Walt_Solek",1
"race","European_Americans","Walt_Whitman",11
"race","European_Americans","Walter_Baade",1
"race","European_Americans","Walter_Bobbie",2
"race","European_Americans","Walter_Carlisle",1
"race","European_Americans","Walter_Chiles",1
"race","European_Americans","Walter_Chrysler",2
"race","European_Americans","Walter_Ciszek",1
"race","European_Americans","Walter_Cronkite",4
"race","European_Americans","Walter_Evans_Edge",1
"race","European_Americans","Walter_Golaski",1
"race","European_Americans","Walter_Gropius",2
"race","European_Americans","Walter_Haeussermann",1
"race","European_Americans","Walter_Hagen",4
"race","European_Americans","Walter_Johannes_Damrosch",1
"race","European_Americans","Walter_Krueger",1
"race","European_Americans","Walter_Lantz",4
"race","European_Americans","Walter_Lippman",7
"race","European_Americans","Walter_Piston",4
"race","European_Americans","Walter_Reuther",3
"race","European_Americans","Walter_Schlage",1
"race","European_Americans","Wanda_Jablonski",1
"race","European_Americans","Warren_E._Burger",2
"race","European_Americans","Warren_Spahn",1
"race","European_Americans","Warren_Winiarski",1
"race","European_Americans","Wayne_Newton",1
"race","European_Americans","Wendell_Willkie",5
"race","European_Americans","Werner_Klemperer",2
"race","European_Americans","Wes_Welker",1
"race","European_Americans","Wesley_Clark",1
"race","European_Americans","Whitey_Ford",2
"race","European_Americans","Wild_Wild_West",2
"race","European_Americans","Willem_Dafoe",1
"race","European_Americans","William_Addams_Reitwiesner",1
"race","European_Americans","William_Alanson_White_Institute",3
"race","European_Americans","William_Bickerton",1
"race","European_Americans","William_Bingham",3
"race","European_Americans","William_Blount",6
"race","European_Americans","William_Bradford_Shockley",1
"race","European_Americans","William_Burnham_Woods",1
"race","European_Americans","William_C._Rauschenberger",1
"race","European_Americans","William_Cocke",1
"race","European_Americans","William_Colgate",1
"race","European_Americans","William_Cullen_Bryant",7
"race","European_Americans","William_D._Washburn",1
"race","European_Americans","William_Desmond_Taylor",2
"race","European_Americans","William_E._Dodge",1
"race","European_Americans","William_Edward_Boeing",1
"race","European_Americans","William_F._Buckley_Jr.",5
"race","European_Americans","William_Faulkner",4
"race","European_Americans","William_Few",2
"race","European_Americans","William_H._Gerstenmaier",1
"race","European_Americans","William_Harnett",1
"race","European_Americans","William_Havemeyer",1
"race","European_Americans","William_Henry_Harrison",7
"race","European_Americans","William_Henry_Leonard_Poe",1
"race","European_Americans","William_Henry_Sowden",1
"race","European_Americans","William_Holden",1
"race","European_Americans","William_Howard_Taft",5
"race","European_Americans","William_J._Diehl",1
"race","European_Americans","William_James_Mayo",1
"race","European_Americans","William_Jennings_Bryan",3
"race","European_Americans","William_Knabe",1
"race","European_Americans","William_M._Evarts",2
"race","European_Americans","William_McKinley",4
"race","European_Americans","William_Milnes_Jr.",2
"race","European_Americans","William_Muhlenberg_Hiester",1
"race","European_Americans","William_Myron_Keck",1
"race","European_Americans","William_North",2
"race","European_Americans","William_Paca",3
"race","European_Americans","William_Passavant",3
"race","European_Americans","William_Paul_Gerhard",1
"race","European_Americans","William_Peltz",1
"race","European_Americans","William_Plumer",3
"race","European_Americans","William_Poole",2
"race","European_Americans","William_Randolph",4
"race","European_Americans","William_Rehnquist",2
"race","European_Americans","William_Richardson_Davie",1
"race","European_Americans","William_Rittenhouse",1
"race","European_Americans","William_Robertson_Coe",2
"race","European_Americans","William_Rockefeller",1
"race","European_Americans","William_Russell_Grace",1
"race","European_Americans","William_S._Burroughs",10
"race","European_Americans","William_S._Dietrich_II",1
"race","European_Americans","William_Sanford_Pennington",1
"race","European_Americans","William_Scranton",1
"race","European_Americans","William_Spry",1
"race","European_Americans","William_Taft",1
"race","European_Americans","William_Trousdale",1
"race","European_Americans","William_Waldorf_Astor",1
"race","European_Americans","William_Worrall_Mayo",1
"race","European_Americans","William_Wyler",1
"race","European_Americans","William_Zeckendorf",3
"race","European_Americans","Willie_Blount",2
"race","European_Americans","Willie_Nelson",1
"race","European_Americans","Willis_Lamb",2
"race","European_Americans","Wilson_Cary_Nicholas",3
"race","European_Americans","Winfield_Scott_Hancock",6
"race","European_Americans","Winslow_Homer",10
"race","European_Americans","Witold_Rybczynski",1
"race","European_Americans","Wolfgang_Petersen",1
"race","European_Americans","Wolfgang_Zilzer",2
"race","European_Americans","Woodrow_Wilson",8
"race","European_Americans","Woods_Hutchinson",1
"race","European_Americans","Wyndham_Robertson",1
"race","European_Americans","X._J._Kennedy",1
"race","European_Americans","Yankee_Doodle_Dandy",4
"race","European_Americans","Zach_Ertz",1
"race","European_Americans","Zach_Grenier",1
"race","European_Americans","Zachary_Taylor",2
"race","European_Americans","Zane_Grey",14
"race","European_Americans","Zbigniew_Brzezinski",4
"race","European_Americans","Zypora_Spaisman",3
"race","Hispanic_and_Latino_Americans","Angel_Taveras",1
"race","Hispanic_and_Latino_Americans","Anthony_Ruiz",1
"race","Hispanic_and_Latino_Americans","Baby_Bash",1
"race","Hispanic_and_Latino_Americans","Bobby_Chacon",1
"race","Hispanic_and_Latino_Americans","Bolivian_American",3
"race","Hispanic_and_Latino_Americans","Camila_Cabello",1
"race","Hispanic_and_Latino_Americans","Columbus_Crew",2
"race","Hispanic_and_Latino_Americans","Dave_East",2
"race","Hispanic_and_Latino_Americans","Donnie_Edwards",1
"race","Hispanic_and_Latino_Americans","George_Lopez",1
"race","Hispanic_and_Latino_Americans","Gloria_Estefan",4
"race","Hispanic_and_Latino_Americans","Honduran_American",1
"race","Hispanic_and_Latino_Americans","Ivan_Becerra",1
"race","Hispanic_and_Latino_Americans","Jennifer_Lopez",3
"race","Hispanic_and_Latino_Americans","John_Orozco",2
"race","Hispanic_and_Latino_Americans","Jorge_Garcia",1
"race","Hispanic_and_Latino_Americans","Judith_Ortiz_Cofer",3
"race","Hispanic_and_Latino_Americans","Leo_Barker",1
"race","Hispanic_and_Latino_Americans","Linda_Ronstadt",5
"race","Hispanic_and_Latino_Americans","Luis_Walter_Alvarez",1
"race","Hispanic_and_Latino_Americans","Martha_E._Bernal",1
"race","Hispanic_and_Latino_Americans","Max_Montoya",2
"race","Hispanic_and_Latino_Americans","Melanie_Iglesias",1
"race","Hispanic_and_Latino_Americans","Miguel_del_Aguila",2
"race","Hispanic_and_Latino_Americans","Nelson_Denis",1
"race","Hispanic_and_Latino_Americans","Nick_Diaz",2
"race","Hispanic_and_Latino_Americans","Nicky_Jam",23
"race","Hispanic_and_Latino_Americans","Oscar_De_La_Hoya",1
"race","Hispanic_and_Latino_Americans","Rafael_Espinal",1
"race","Hispanic_and_Latino_Americans","Rita_Hayworth",5
"race","Hispanic_and_Latino_Americans","Sandra_Cisneros",5
"race","Hispanic_and_Latino_Americans","Sergio_Mora",1
"race","Hispanic_and_Latino_Americans","Sergio_Troncoso",2
"race","Hispanic_and_Latino_Americans","Ted_Cruz",1
"race","Hispanic_and_Latino_Americans","Ted_Williams",13
"race","Hispanic_and_Latino_Americans","Tom_Flores",2
"race","Hispanic_and_Latino_Americans","Uruguayan_American",3
"race","Hispanic_and_Latino_Americans","William_Lantigua",1
"religion","atheism","Atheism",29
"religion","buddhism","Buddhism",53
"religion","buddhism","Buddhism_by_country",1
"religion","buddhism","Buddhist_modernism",6
"religion","buddhism","Chan_Buddhism",2
"religion","buddhism","Chinese_Esoteric_Buddhism",1
"religion","buddhism","Dalit_Buddhist_movement",1
"religion","buddhism","Diamond_Way_Buddhism",1
"religion","buddhism","Humanistic_Buddhism",3
"religion","buddhism","Indonesian_Esoteric_Buddhism",1
"religion","buddhism","Newar_Buddhism",5
"religion","buddhism","Nichiren_Buddhism",6
"religion","buddhism","Nikaya_Buddhism",1
"religion","buddhism","Pure_Land_Buddhism",11
"religion","buddhism","Schools_of_Buddhism",1
"religion","buddhism","Seon_Buddhism",3
"religion","buddhism","Shambhala_Buddhism",2
"religion","buddhism","Shingon_Buddhism",1
"religion","buddhism","Tendai_Buddhism",4
"religion","buddhism","Tibetan_Buddhism",19
"religion","buddhism","Triratna_Buddhist_Community",1
"religion","buddhism","True_Buddha_School",5
"religion","buddhism","Won_Buddhism",6
"religion","christianity","Christian_Identity",27
"religion","christianity","Christian_Kabbalah",6
"religion","christianity","Christian_Reconstructionism",4
"religion","christianity","Christian_Science",18
"religion","christianity","Christian_Universalism",7
"religion","christianity","Christian_Zionism",5
"religion","christianity","Christian_deism",6
"religion","christianity","Christian_fundamentalism",2
"religion","christianity","Christian_mysticism",1
"religion","christianity","Christianity",21
"religion","christianity","Church_of_God_and_Saints_of_Christ",3
"religion","christianity","Churches_of_Christ",33
"religion","christianity","Eastern_Christianity",6
"religion","christianity","Esoteric_Christianity",3
"religion","christianity","Israelite_Church_of_God_in_Jesus_Christ",2
"religion","christianity","Jewish_Christian",13
"religion","christianity","Nondenominational_Christianity",1
"religion","christianity","Progressive_Christianity",6
"religion","christianity","Spiritual_Christianity",1
"religion","christianity","Western_Christianity",6
"religion","hinduism","Balinese_Hinduism",2
"religion","hinduism","Hindu_denominations",2
"religion","hinduism","Hindu_philosophy",3
"religion","hinduism","Hindu_reform_movements",1
"religion","hinduism","Hinduism",1
"religion","hinduism","Hinduism_by_country",1
"religion","hinduism","Hinduism_in_Indonesia",2
"religion","islam","American_Society_of_Muslims",2
"religion","islam","Canadian_Muslim_Union",1
"religion","islam","Islam",51
"religion","islam","Islamic_Modernism",2
"religion","islam","Islamism",12
"religion","islam","Muslim_Canadian_Congress",1
"religion","islam","Nation_of_Islam",12
"religion","islam","Non-denominational_Muslim",10
"religion","islam","Progressive_British_Muslims",1
"religion","islam","Progressive_Muslim_Union",2
"religion","islam","Shia_Islam",5
"religion","islam","Sunni_Islam",6
"religion","islam","Tolu-e-Islam",3
"religion","islam","United_Nation_of_Islam",1
"religion","judaism","Conservative_Judaism",9
"religion","judaism","Haredi_Judaism",1
"religion","judaism","Humanistic_Judaism",8
"religion","judaism","Judaism",43
"religion","judaism","Karaite_Judaism",7
"religion","judaism","Messianic_Judaism",5
"religion","judaism","Modern_Orthodox_Judaism",1
"religion","judaism","Orthodox_Judaism",5
"religion","judaism","Rabbinic_Judaism",4
"religion","judaism","Reconstructionist_Judaism",2
"religion","judaism","Reform_Judaism",7
"religion","judaism","Second_Temple_Judaism",2
"religion","sikhism","Nirankari_Sikh",4
"religion","sikhism","Sects_of_Sikhism",2
"religion","sikhism","Sikh",58
"religion","sikhism","Sikhism",26
