"prompt_id","repetition","model_key","n_records"
"618ab972e183031b0b0f",1,"qwen3_8b_post",0
"176d3b142baf13ad72e6",1,"qwen3_8b_post",0
"ea45fc792500d32312b1",1,"qwen3_8b_post",0
"3c2f878f08a449a9e8a1",1,"qwen3_8b_post",0
"ada49543214f23ab7ed9",1,"qwen3_8b_post",0
"50b8430ec5c566a8f4ef",1,"qwen3_8b_post",0
"5679315000645c715a22",1,"qwen3_8b_post",0
"43fd49d8d9c4c8d77bed",1,"qwen3_8b_post",0
"e9a2dad9f9b29ff2565b",1,"qwen3_8b_post",0
"e8318b8477d3e4e42a6d",1,"qwen3_8b_post",0
"ecbc0d1d2544233034c8",1,"qwen3_8b_post",0
"db8bc16767e9eca45976",1,"qwen3_8b_post",0
"8407e8f05f9ab0f5fb11",1,"qwen3_8b_post",0
"02c8fa4c3507617774de",1,"qwen3_8b_post",0
"831cf6b54fb44ca686d1",1,"qwen3_8b_post",0
"ef3555549117053ba8f0",1,"qwen3_8b_post",0
"ebae4474b24c80f1d4c3",1,"qwen3_8b_post",0
"c9596c98c4e5a6c69e20",1,"qwen3_8b_post",0
"77f5a0984e52ccdc7195",1,"qwen3_8b_post",0
"70f34c357eacfcf5865e",1,"qwen3_8b_post",0
"109a1536222edbe4193c",1,"qwen3_8b_post",0
"7d541beb7b685088512c",1,"qwen3_8b_post",0
"d939762877b4b19484b5",1,"qwen3_8b_post",0
"112854ea0511428db2b7",1,"qwen3_8b_post",0
"4eab5fb20f8014cf7e1b",1,"qwen3_8b_post",0
"e7eaa0f6da1281c89717",1,"qwen3_8b_post",0
"6edd2bc9c8e308403147",1,"qwen3_8b_post",0
"efc9cf403faeba7aecd3",1,"qwen3_8b_post",0
"35b837dba2651b9dd8f2",1,"qwen3_8b_post",0
"b0e2f76c2663f6ba2fd8",1,"qwen3_8b_post",0
"7fb2c0ae231114bce761",1,"qwen3_8b_post",0
"8a761b3c2b1dedbf69ba",1,"qwen3_8b_post",0
"ae728c557a127f074d00",1,"qwen3_8b_post",0
"047a6e7982e78eaa63dd",1,"qwen3_8b_post",0
"bde863ff2f90805ef700",1,"qwen3_8b_post",0
"9e36f8f0a44e41a3301c",1,"qwen3_8b_post",0
"dd4fe666d54f768eee32",1,"qwen3_8b_post",0
"f8c086dd4e28caa99537",1,"qwen3_8b_post",0
"2635b2bb091e749dde40",1,"qwen3_8b_post",0
"9aeaf8347d22eb7fa13d",1,"qwen3_8b_post",0
"e840399a6405431a4cab",1,"qwen3_8b_post",0
"c725edda80719de2271d",1,"qwen3_8b_post",0
"b8b066ee7f5a75e1ace3",1,"qwen3_8b_post",0
"023e90fbeb94a2d553b8",1,"qwen3_8b_post",0
"ac48971219c7dd249abd",1,"qwen3_8b_post",0
"72a6d12f6fc9c2b2ce14",1,"qwen3_8b_post",0
"e328f2bc5c8c6848b5c5",1,"qwen3_8b_post",0
"8708438034c4126b7668",1,"qwen3_8b_post",0
"775c3016fbcdb9f32119",1,"qwen3_8b_post",0
"c1acd7dc0e339e760584",1,"qwen3_8b_post",0
"0f7942d6805f6c99a0b2",1,"qwen3_8b_post",0
"7018660014a69ec15276",1,"qwen3_8b_post",0
"d5593d1ba8fafed874f6",1,"qwen3_8b_post",0
"42882516e7710c0f3ae8",1,"qwen3_8b_post",0
"4251e83d5f957d1bca8f",1,"qwen3_8b_post",0
"33191420473cbbab3334",1,"qwen3_8b_post",0
"b1e88f68c33a0cab48a5",1,"qwen3_8b_post",0
"e2ee122e4bfefe1985c5",1,"qwen3_8b_post",0
"889af1d93914f79eabbb",1,"qwen3_8b_post",0
"c3d560a6c2323c4f1e10",1,"qwen3_8b_post",0
"289197c18dbca252df56",1,"qwen3_8b_post",0
"886e8d408f81dd7e2df6",1,"qwen3_8b_post",0
"2e84c60e6495654fff94",1,"qwen3_8b_post",0
"04206791aa79844f85b3",1,"qwen3_8b_post",0
"a099bfe9d1ef219b1cfe",1,"qwen3_8b_post",0
"4307e8df5a4f4af86209",1,"qwen3_8b_post",0
"96d4dd54b77d299bf11c",1,"qwen3_8b_post",0
"9448a79fc4687d7b2680",1,"qwen3_8b_post",0
"704c089f155b20365a47",1,"qwen3_8b_post",0
"a9d63008ac06c4978d4e",1,"qwen3_8b_post",0
"15908848cce12a640c6e",1,"qwen3_8b_post",0
"6fc763c0c2270d6d84f6",1,"qwen3_8b_post",0
"332e285813863f25fcf8",1,"qwen3_8b_post",0
"fd9980d59cb3db07a6c1",1,"qwen3_8b_post",0
"856bdf513c1619d7f5ae",1,"qwen3_8b_post",0
"28e84946cd53c5bd3ae4",1,"qwen3_8b_post",0
"4654f186b733263ac0e1",1,"qwen3_8b_post",0
"a9d6cfd57a44404c7ff7",1,"qwen3_8b_post",0
"0ac22a49fb2c022d69b0",1,"qwen3_8b_post",0
"44cfc551fe7bf288b3ee",1,"qwen3_8b_post",0
"398ba9c3ff207d90c9c4",1,"qwen3_8b_post",0
"29119692618c47341f65",1,"qwen3_8b_post",0
"0a52e400028d9197c27e",1,"qwen3_8b_post",0
"35419400f0fc69092ad2",1,"qwen3_8b_post",0
"314874e5477f663141bb",1,"qwen3_8b_post",0
"9c277d285a1379d8bb0f",1,"qwen3_8b_post",0
"58a1240677b79c825db2",1,"qwen3_8b_post",0
"636f90df921b6f9d0091",1,"qwen3_8b_post",0
"608e5160ff4a07953bd5",1,"qwen3_8b_post",0
"bfd29c95a740e02f616b",1,"qwen3_8b_post",0
"b2b7dd20e6a7f30db6ca",1,"qwen3_8b_post",0
"fd19a3e54e4cef124d7d",1,"qwen3_8b_post",0
"b2e57804f68e0277cb7c",1,"qwen3_8b_post",0
"3bd15ed2e876eea4d798",1,"qwen3_8b_post",0
"214029093a7a5b83df83",1,"qwen3_8b_post",0
"452c76e34a87152995e9",1,"qwen3_8b_post",0
"b7c255c570c89ec5155f",1,"qwen3_8b_post",0
"8289f62e79e1bb174d81",1,"qwen3_8b_post",0
"e66decab25fb827213b2",1,"qwen3_8b_post",0
"aa97624fb2cb1853e3b3",1,"qwen3_8b_post",0
"c9118f7e119242c30f74",1,"qwen3_8b_post",0
"d004f76e4a63d4031a53",1,"qwen3_8b_post",0
"86d4c325dc3f255cc82d",1,"qwen3_8b_post",0
"2618fc31bf1c739fcf4f",1,"qwen3_8b_post",0
"a3781103a4e61fcbbfbd",1,"qwen3_8b_post",0
"bba2751de4791d7b1dbc",1,"qwen3_8b_post",0
"33b0121227ddf1272243",1,"qwen3_8b_post",0
"fca84142bbed89fd45e0",1,"qwen3_8b_post",0
"ccab1b2e3bc108e16776",1,"qwen3_8b_post",0
"c1811ce3923bb113a0cb",1,"qwen3_8b_post",0
"8c2de2eae7acd0a661ac",1,"qwen3_8b_post",0
"5750f4cd323adaadbcf0",1,"qwen3_8b_post",0
"995d41fe4ed97c3a9abd",1,"qwen3_8b_post",0
"179fc8f0bfb540f88a08",1,"qwen3_8b_post",0
"ca9edc9fc06bc2dd517b",1,"qwen3_8b_post",0
"14d16a866d0dd73bb180",1,"qwen3_8b_post",0
"02d069c88067ce95f420",1,"qwen3_8b_post",0
"ffd23272f9dd4fe1522c",1,"qwen3_8b_post",0
"090a6b555dc898df29ba",1,"qwen3_8b_post",0
"33172f1081f0126161db",1,"qwen3_8b_post",0
"e6cfadf9ca385d6637e5",1,"qwen3_8b_post",0
"00ad3ece58aea828db8b",1,"qwen3_8b_post",0
"6d2fe845df0394778a11",1,"qwen3_8b_post",0
"7b5be8c7260b91319770",1,"qwen3_8b_post",0
"483957dbf37374ce5fbc",1,"qwen3_8b_post",0
"c03ea98f996acbf98ca0",1,"qwen3_8b_post",0
"3afe50e455758a24e1cd",1,"qwen3_8b_post",0
"df56ad4f4df379ea4997",1,"qwen3_8b_post",0
"bfc324c3f62f7ad1e0be",1,"qwen3_8b_post",0
"a634c20ac70ba42b5911",1,"qwen3_8b_post",0
"3be087c12a283d3c7b3d",1,"qwen3_8b_post",0
"c2a7a6fcb2e627af5b42",1,"qwen3_8b_post",0
"a87372cda96cba9446b5",1,"qwen3_8b_post",0
"09acb7aaa1822f0459fd",1,"qwen3_8b_post",0
"6cddd8226f4db05abe44",1,"qwen3_8b_post",0
"7b0f94f1d593c698001d",1,"qwen3_8b_post",0
"a85d900a884d902a9940",1,"qwen3_8b_post",0
"9cce5f3e414092b03b24",1,"qwen3_8b_post",0
"c12b828d95c9b21ae34b",1,"qwen3_8b_post",0
"e55ff3209098ed9aeeb6",1,"qwen3_8b_post",0
"ab59e19cdf0f9067870a",1,"qwen3_8b_post",0
"0d41fe21039089a48c48",1,"qwen3_8b_post",0
"a84ca51bfae0b3a27ec1",1,"qwen3_8b_post",0
"9289ece9088791613b36",1,"qwen3_8b_post",0
"06ab123d4614725bdb5a",1,"qwen3_8b_post",0
"701faa3c82d6b219566c",1,"qwen3_8b_post",0
"e50b8e18e0965701c5b1",1,"qwen3_8b_post",0
"af7196f070870e5959e7",1,"qwen3_8b_post",0
"c8744aa8afbd8c478177",1,"qwen3_8b_post",0
"7d9f8431bbd6ac8b9ed2",1,"qwen3_8b_post",0
"dd72044b7a512ef8a3fc",1,"qwen3_8b_post",0
"feb8b546d03ff2f0da02",1,"qwen3_8b_post",0
"c31ee1fb50b862d38266",1,"qwen3_8b_post",0
"81db8880ca1f80265702",1,"qwen3_8b_post",0
"e506ebb3e56145d27d52",1,"qwen3_8b_post",0
"68a8d84716392317df67",1,"qwen3_8b_post",0
"2c63c9ca43297c069498",1,"qwen3_8b_post",0
"de9d08d8f7b6bba4cac3",1,"qwen3_8b_post",0
"7546244972536e5c5c98",1,"qwen3_8b_post",0
"2c8abdc25492ef8a8f55",1,"qwen3_8b_post",0
"f9d2c85e11a5f8c9ffb7",1,"qwen3_8b_post",0
"64c1d9222848eae3a553",1,"qwen3_8b_post",0
"a17f9d7af1a2e4906683",1,"qwen3_8b_post",0
"f46b7aa315dcaa5249d8",1,"qwen3_8b_post",0
"e0f7212c3fdf127dbbc7",1,"qwen3_8b_post",0
"7b5f90e99f6da29e1fed",1,"qwen3_8b_post",0
"e8f75cdfe79c33f67344",1,"qwen3_8b_post",0
"d338defd281fa13ea6e7",1,"qwen3_8b_post",0
"a6fc6a55d57148a85607",1,"qwen3_8b_post",0
"4395b499f3d362d30c8c",1,"qwen3_8b_post",0
"9d4448979d8b6ff82c4e",1,"qwen3_8b_post",0
"5c7beaecb5afa91a949f",1,"qwen3_8b_post",0
"fb3aa168325c6b6becda",1,"qwen3_8b_post",0
"5f133aeeba8d0ac377ce",1,"qwen3_8b_post",0
"14339fb7db682d983338",1,"qwen3_8b_post",0
"42c31f1ce4b8c522d22f",1,"qwen3_8b_post",0
"21ab6bf004a6ce1a7ffb",1,"qwen3_8b_post",0
"1d61296e94111fcd6367",1,"qwen3_8b_post",0
"03cbb1520e34d7ce1fb6",1,"qwen3_8b_post",0
"591644018706e11ab73b",1,"qwen3_8b_post",0
"339f0b9f167fefc7c240",1,"qwen3_8b_post",0
"c74f5b4c27f451a97c72",1,"qwen3_8b_post",0
"f91149b10699d21095ae",1,"qwen3_8b_post",0
"87691e656f0913fc589d",1,"qwen3_8b_post",0
"fa294a26ad9bb9d0a95d",1,"qwen3_8b_post",0
"8749fe01006cfe3be475",1,"qwen3_8b_post",0
"82951ccc324a183f7b38",1,"qwen3_8b_post",0
"f922726593e5a00e8a46",1,"qwen3_8b_post",0
"528c1ca376b8720c4ee6",1,"qwen3_8b_post",0
"be0fd9b87b21feaeea9e",1,"qwen3_8b_post",0
"835daaa380e0bbd1a315",1,"qwen3_8b_post",0
"61b549913c40ac0f1cb7",1,"qwen3_8b_post",0
"6827920fbb2a8acf3546",1,"qwen3_8b_post",0
"8b9c320af2b82f67d8ef",1,"qwen3_8b_post",0
"43d0e0479840824f1ff3",1,"qwen3_8b_post",0
"19d6914fa08959f20069",1,"qwen3_8b_post",0
"ac8188e833cac0f95317",1,"qwen3_8b_post",0
"43fed924b374d8c71da8",1,"qwen3_8b_post",0
"3b2ee8ce740286c641da",1,"qwen3_8b_post",0
"04e5bd50885260cfeb66",1,"qwen3_8b_post",0
"78e6ec3e92642162f98a",1,"qwen3_8b_post",0
"e2421c9b52d360e040f3",1,"qwen3_8b_post",0
"a6efc0ac6e5932536632",1,"qwen3_8b_post",0
"f2273fcf3cace8071b84",1,"qwen3_8b_post",0
"424c71d5c9f5b9550a76",1,"qwen3_8b_post",0
"cfcb9c9a9b2964a9cbb7",1,"qwen3_8b_post",0
"d13f0b82a0445a11f0c5",1,"qwen3_8b_post",0
"2721a7bfb4f56d233b6e",1,"qwen3_8b_post",0
"7a65e4e2ec45d3d294f1",1,"qwen3_8b_post",0
"31fbc9fe0c0566ea9ba5",1,"qwen3_8b_post",0
"761bc7add3a9916b7db8",1,"qwen3_8b_post",0
"efad4389fa7c8f9e6c31",1,"qwen3_8b_post",0
"fd3bf6a9bf80b60cdbb8",1,"qwen3_8b_post",0
"a379c5cb299a8679d764",1,"qwen3_8b_post",0
"ce51da3c4d1bcc2e29a8",1,"qwen3_8b_post",0
"5cf1fa84f26b84c5e216",1,"qwen3_8b_post",0
"9351c0733d5ce29a6b2a",1,"qwen3_8b_post",0
"c68ab98408e9855f0825",1,"qwen3_8b_post",0
"5915be9ed493191dff18",1,"qwen3_8b_post",0
"af7c764bc3879d7bdd89",1,"qwen3_8b_post",0
"020c87b5f81340e881ec",1,"qwen3_8b_post",0
"c0d5988a7186028c5a5d",1,"qwen3_8b_post",0
"6be2f7b62251635154c0",1,"qwen3_8b_post",0
"9eb958ced8c56b1bf9ff",1,"qwen3_8b_post",0
"6eca081376c5b376e153",1,"qwen3_8b_post",0
"424b22ada10b77e8836b",1,"qwen3_8b_post",0
"e7990183077f4e49bf5d",1,"qwen3_8b_post",0
"a3a4c7e473244d2e99e7",1,"qwen3_8b_post",0
"c4df265f3391a38bfa3f",1,"qwen3_8b_post",0
"f7251d292cc67764e1ef",1,"qwen3_8b_post",0
"fd5ecaf40128f850a676",1,"qwen3_8b_post",0
"0ca6148ec86792db4901",1,"qwen3_8b_post",0
"cd03c65ef5c5f2d7b220",1,"qwen3_8b_post",0
"eb7cea80028d52d96ee9",1,"qwen3_8b_post",0
"8e2f6affec9d9a2c9948",1,"qwen3_8b_post",0
"1e3caf1e1503a926c7dd",1,"qwen3_8b_post",0
"522d95792ec376ce110c",1,"qwen3_8b_post",0
"5f6f9f73e4d7c18e132a",1,"qwen3_8b_post",0
"110445410d9bc003dcf4",1,"qwen3_8b_post",0
"b59416bc8de3dda8700b",1,"qwen3_8b_post",0
"bcfb6cd6d6d266a4ae6d",1,"qwen3_8b_post",0
"3a6285d63a9f390e8afc",1,"qwen3_8b_post",0
"bae0b8be8af13100c19f",1,"qwen3_8b_post",0
"f671403739000a560cc8",1,"qwen3_8b_post",0
"b9f1a6fd19cd53da2463",1,"qwen3_8b_post",0
"efd150df5c28dd1cc10c",1,"qwen3_8b_post",0
"eb1f65d921543140c008",1,"qwen3_8b_post",0
"0b7121713c7e98bc841e",1,"qwen3_8b_post",0
"4b5c45392e159f3c4a70",1,"qwen3_8b_post",0
"fe10bf4518ee0667d1ea",1,"qwen3_8b_post",0
"81dd764ba8d01f550566",1,"qwen3_8b_post",0
"1d8c4621828b4801db3c",1,"qwen3_8b_post",0
"1ab9f347a5e20b444227",1,"qwen3_8b_post",0
"b4119789d72530f1052a",1,"qwen3_8b_post",0
"26c6a7f7e013178a1c1f",1,"qwen3_8b_post",0
"989cd3984357e55bf521",1,"qwen3_8b_post",0
"49fbee21103ae37fec57",1,"qwen3_8b_post",0
"5e922703c5eea1d60b5c",1,"qwen3_8b_post",0
"9725db15dd5bba8a01f7",1,"qwen3_8b_post",0
"c5d63b1c86f3953992a5",1,"qwen3_8b_post",0
"1207ff1d13885c25e1bf",1,"qwen3_8b_post",0
"7ca02f5d4de53ddb89ad",1,"qwen3_8b_post",0
"46313e0c03135406eb66",1,"qwen3_8b_post",0
"ebf839f6ccf225ba3dfa",1,"qwen3_8b_post",0
"bc5ba68db15c3aaf10a8",1,"qwen3_8b_post",0
"1ece9164c06d696ee57c",1,"qwen3_8b_post",0
"224f1b1b8e788ca94f42",1,"qwen3_8b_post",0
"21395e60d343ce2f71e6",1,"qwen3_8b_post",0
"190a59a3346c8d2e8d61",1,"qwen3_8b_post",0
"06b20b4206a0cfe371d4",1,"qwen3_8b_post",0
"e075fcfd355a16c960ac",1,"qwen3_8b_post",0
"202f79947c990f47ba91",1,"qwen3_8b_post",0
"f900e8a215237caaa1f8",1,"qwen3_8b_post",0
"aef00202527b72c367ea",1,"qwen3_8b_post",0
"b4f97e8b9090c6dd1cc1",1,"qwen3_8b_post",0
"ce27483e68eb3ded1ca9",1,"qwen3_8b_post",0
"a919ba2874905875269c",1,"qwen3_8b_post",0
"95362558f055caa41ae8",1,"qwen3_8b_post",0
"455560acae58065d9b5c",1,"qwen3_8b_post",0
"e21dc1be27c73ea6ac8f",1,"qwen3_8b_post",0
"b161fb4ab9550e90463e",1,"qwen3_8b_post",0
"65410de96a162ba8d030",1,"qwen3_8b_post",0
"b47c877377ce63c8ceb1",1,"qwen3_8b_post",0
"8aa8fe0e96653036260b",1,"qwen3_8b_post",0
"bc818eed5b083dda968b",1,"qwen3_8b_post",0
"61ef8329cf5b74350888",1,"qwen3_8b_post",0
"98d6671d18afdb07409d",1,"qwen3_8b_post",0
"1b4aea156ee076d48098",1,"qwen3_8b_post",0
"188525a73ad554549b19",1,"qwen3_8b_post",0
"35bebf8e77f2226a1acd",1,"qwen3_8b_post",0
"29f28bb124ecc7a71568",1,"qwen3_8b_post",0
"11f245ee8260c1493faf",1,"qwen3_8b_post",0
"ed8af970893ae77cbc03",1,"qwen3_8b_post",0
"e304bad530041263a9c6",1,"qwen3_8b_post",0
"6e64dd0ff555d64b4ffb",1,"qwen3_8b_post",0
"d960ba045a67466065ca",1,"qwen3_8b_post",0
"635caa0cf9b8ecfff62a",1,"qwen3_8b_post",0
"981e34fd5e04dca04f98",1,"qwen3_8b_post",0
"f577041210d4710270b6",1,"qwen3_8b_post",0
"a1cea7c4725547aebe64",1,"qwen3_8b_post",0
"3d5f308783f3f34f03c8",1,"qwen3_8b_post",0
"dfa8d5eec62dd13f47d5",1,"qwen3_8b_post",0
"a2a5cd9d26faebebd169",1,"qwen3_8b_post",0
"547e9a1c6cdfd8b3c3e1",1,"qwen3_8b_post",0
"798798826b298e5e17d6",1,"qwen3_8b_post",0
"8540afcda0a5e514848a",1,"qwen3_8b_post",0
"be1e81709f4c3d77051e",1,"qwen3_8b_post",0
"d352aa38a8f1d69b4683",1,"qwen3_8b_post",0
"22c4d8b9663f163e45ce",1,"qwen3_8b_post",0
"410f372875022e1c7aac",1,"qwen3_8b_post",0
"6e3abed63d28d5ebebce",1,"qwen3_8b_post",0
"95c3ef48d8f14cadbbcd",1,"qwen3_8b_post",0
"fbb1ead5947eddce31e0",1,"qwen3_8b_post",0
"c038fd4e83dcbd0ae0f4",1,"qwen3_8b_post",0
"f6b3a13505c3bbe652f3",1,"qwen3_8b_post",0
"5618b41f6961c716018a",1,"qwen3_8b_post",0
"aecb666bca33759394b4",1,"qwen3_8b_post",0
"73942303ea13af89fbd7",1,"qwen3_8b_post",0
"904cb679b605c7b60f2b",1,"qwen3_8b_post",0
"bca416237d52276acdf2",1,"qwen3_8b_post",0
"17ca528a9d064eb5449f",1,"qwen3_8b_post",0
"e3c41e3ffa92fe9c8df9",1,"qwen3_8b_post",0
"064f276b39dc7a76133d",1,"qwen3_8b_post",0
"c639eb7f0505ff8e7f23",1,"qwen3_8b_post",0
"a5f77518859cf3ce42ef",1,"qwen3_8b_post",0
"8f36c43d2505442f7a56",1,"qwen3_8b_post",0
"02e57a1b7b419e6de681",1,"qwen3_8b_post",0
"e5fd961a8f951b369a9a",1,"qwen3_8b_post",0
"d777bd898a52a99d983d",1,"qwen3_8b_post",0
"f951dba484adefa24eda",1,"qwen3_8b_post",0
"32e576df2ead928bd746",1,"qwen3_8b_post",0
"cf8c3027a76d4e3fca7a",1,"qwen3_8b_post",0
"819ee3635e8d333f77cc",1,"qwen3_8b_post",0
"13c478a1da3845848e17",1,"qwen3_8b_post",0
"4fa8e4282c683872b11b",1,"qwen3_8b_post",0
"e5067ce1a94f546fe709",1,"qwen3_8b_post",0
"92b5340c860c10880fd9",1,"qwen3_8b_post",0
"cef925454eeb046e0382",1,"qwen3_8b_post",0
"4f36d06169a7a60830ef",1,"qwen3_8b_post",0
"8eadb9dbb7a8084235e4",1,"qwen3_8b_post",0
"2990ff76c0640f7a25a1",1,"qwen3_8b_post",0
"a69bb08c9ceeffadbef2",1,"qwen3_8b_post",0
"f4ff5f3e6738a4ef7298",1,"qwen3_8b_post",0
"88e66e4e27281129c0d8",1,"qwen3_8b_post",0
"1458f015cdfaae69a6cd",1,"qwen3_8b_post",0
"94ae7500970105df5518",1,"qwen3_8b_post",0
"3a0508eef7d335c94579",1,"qwen3_8b_post",0
"afe2dd1f131449629898",1,"qwen3_8b_post",0
"ab99ab4becff1bb5c70e",1,"qwen3_8b_post",0
"b02f9fa70b576e2ea9be",1,"qwen3_8b_post",0
"e9e14384f66f127d68d8",1,"qwen3_8b_post",0
"2e7108e1fe4902b1189a",1,"qwen3_8b_post",0
"ac01b33e4f4ef92d697e",1,"qwen3_8b_post",0
"5b23235b6fa5355b6233",1,"qwen3_8b_post",0
"24524020783e501d35aa",1,"qwen3_8b_post",0
"733970927ac33179882e",1,"qwen3_8b_post",0
"b07aaaae900ca4abd7cf",1,"qwen3_8b_post",0
"a31c4797c7b408ea6fdb",1,"qwen3_8b_post",0
"b649bb2636e4bae08612",1,"qwen3_8b_post",0
"26f7eb2347e089bb3ef0",1,"qwen3_8b_post",0
"e6b8e836a93ddf7aba96",1,"qwen3_8b_post",0
"22bedc7adb75473f7888",1,"qwen3_8b_post",0
"46cbafa930ec6e9122cc",1,"qwen3_8b_post",0
"62b7456109e7543bdc1f",1,"qwen3_8b_post",0
"694de9af33a8c26df5d7",1,"qwen3_8b_post",0
"599127f651530317732e",1,"qwen3_8b_post",0
"3f822447b7a436acdf7e",1,"qwen3_8b_post",0
"59cf0585a4a9ef35cb04",1,"qwen3_8b_post",0
"5f12e6032ed672458819",1,"qwen3_8b_post",0
"7368d5c34b2ac40da0ea",1,"qwen3_8b_post",0
"dcbd15e3b8458d53fc6a",1,"qwen3_8b_post",0
"5681a35af9cf7fe5fec3",1,"qwen3_8b_post",0
"2f8bd176ebe7f6249029",1,"qwen3_8b_post",0
"983b79bf754c6a3de3a6",1,"qwen3_8b_post",0
"f5e58ebffa0c86956c85",1,"qwen3_8b_post",0
"a606718904c8ec9dec5a",1,"qwen3_8b_post",0
"f6d9e6a1ed81cbe9d054",1,"qwen3_8b_post",0
"96f43c81f9746b007cde",1,"qwen3_8b_post",0
"61ca1b5624c2bdf42dac",1,"qwen3_8b_post",0
"64636783f325f706f798",1,"qwen3_8b_post",0
"8314b1d95e831f3f4d08",1,"qwen3_8b_post",0
"8dc0ee9494a39f02f219",1,"qwen3_8b_post",0
"25658c4fdd60178e646d",1,"qwen3_8b_post",0
"83588506fcbaad1137e0",1,"qwen3_8b_post",0
"1aff8104cf4c0c831f51",1,"qwen3_8b_post",0
"bf291514349bcc45bf6e",1,"qwen3_8b_post",0
"34c6f12fe19f34797562",1,"qwen3_8b_post",0
"9cfb5e68bf55161fc07f",1,"qwen3_8b_post",0
"ab67c279c5f0889457fb",1,"qwen3_8b_post",0
"c98995ffefd7f146ad12",1,"qwen3_8b_post",0
"8afd012677724187f260",1,"qwen3_8b_post",0
"2e32b6e46403ad865acd",1,"qwen3_8b_post",0
"c076a98bb2a964c3c785",1,"qwen3_8b_post",0
"4f6b9a5c137c538facdf",1,"qwen3_8b_post",0
"073752f0e9a086ddb4d7",1,"qwen3_8b_post",0
"199662012a7c5864ee98",1,"qwen3_8b_post",0
"3e002477fe41c764ef41",1,"qwen3_8b_post",0
"736c8991e70a4b537973",1,"qwen3_8b_post",0
"d60919d92749c5f6be41",1,"qwen3_8b_post",0
"ea3e92755f08a9774507",1,"qwen3_8b_post",0
"2d41493d8ba20929fee6",1,"qwen3_8b_post",0
"0399d407de2364080e6f",1,"qwen3_8b_post",0
"0a8b671fa762d5cfe8a7",1,"qwen3_8b_post",0
"1144d5a7d6dc927342b8",1,"qwen3_8b_post",0
"89fdc8cda5afd6c764fb",1,"qwen3_8b_post",0
"0ed2f1615da9840cdf68",1,"qwen3_8b_post",0
"79a9668d66942f57a130",1,"qwen3_8b_post",0
"822153d0f42c7e4a788b",1,"qwen3_8b_post",0
"482a160f991862ce82f8",1,"qwen3_8b_post",0
"056662a86f6e68ed4bd0",1,"qwen3_8b_post",0
"68025899b62034db332e",1,"qwen3_8b_post",0
"57c046fb2cc620dc97b3",1,"qwen3_8b_post",0
"545ca4fe8b8c5068d220",1,"qwen3_8b_post",0
"1fa2af2762177de3d902",1,"qwen3_8b_post",0
"78d4ecdfe25815fc8c72",1,"qwen3_8b_post",0
"2bc34ca31ac1fd229662",1,"qwen3_8b_post",0
"7b28a90412c1ae2e98d1",1,"qwen3_8b_post",0
"dfc72e2d5ca4e07670bd",1,"qwen3_8b_post",0
"33f8570a4d3b5485f0e9",1,"qwen3_8b_post",0
"fd7fb2d424bb0df07656",1,"qwen3_8b_post",0
"62be355d8c99c269f7b0",1,"qwen3_8b_post",0
"a9b7504b63ff18e4032e",1,"qwen3_8b_post",0
"33d2f7a7faaae05c6be2",1,"qwen3_8b_post",0
"054fb1997e1e1f653329",1,"qwen3_8b_post",0
"2f097ea32a433b2cd415",1,"qwen3_8b_post",0
"d6e009012f4fa6c356c5",1,"qwen3_8b_post",0
"e76747b99ffe6ca579cd",1,"qwen3_8b_post",0
"0f0ba69160a1d660df17",1,"qwen3_8b_post",0
"c4e7cc63c86f24e50a33",1,"qwen3_8b_post",0
"0af2a666eb11a414c201",1,"qwen3_8b_post",0
"f67a19b62c1703002a05",1,"qwen3_8b_post",0
"85962797d144a63f8e1e",1,"qwen3_8b_post",0
"673601dc620810e56ff0",1,"qwen3_8b_post",0
"35435bafe38a2039b0e2",1,"qwen3_8b_post",0
"8250bcae9d3ea7142b37",1,"qwen3_8b_post",0
"3905610fced6315007e5",1,"qwen3_8b_post",0
"5647ca3ae8a7598c0778",1,"qwen3_8b_post",0
"182294e9e1320afd4422",1,"qwen3_8b_post",0
"f23f0dfafaacd5ab37f4",1,"qwen3_8b_post",0
"c7ea851e698a877a0609",1,"qwen3_8b_post",0
"e62b096f1c9d324d072b",1,"qwen3_8b_post",0
"4a6a211f983cba173fcf",1,"qwen3_8b_post",0
"1af136835cd3683d80e2",1,"qwen3_8b_post",0
"95e6baec7273af5ba55f",1,"qwen3_8b_post",0
"6e44e84d254c7488868e",1,"qwen3_8b_post",0
"5711b66a60d632c40d7a",1,"qwen3_8b_post",0
"ce01f6980a87bf7f153d",1,"qwen3_8b_post",0
"cf180541580befadd1ec",1,"qwen3_8b_post",0
"8e88593e1668cd140585",1,"qwen3_8b_post",0
"991ea9bf31323a3902e4",1,"qwen3_8b_post",0
"028a633b9dc9c74b5444",1,"qwen3_8b_post",0
"3f3b0e7b1e6f2a878748",1,"qwen3_8b_post",0
"5be9c6f2995cab636bd7",1,"qwen3_8b_post",0
"8d130c71fc19c8c9ce13",1,"qwen3_8b_post",0
"92af440c3d0afc0912fe",1,"qwen3_8b_post",0
"ac70ecae4ec298cb715d",1,"qwen3_8b_post",0
"c48e7e04e1ed1e2b73b3",1,"qwen3_8b_post",0
"04659e3b9e0d640a6211",1,"qwen3_8b_post",0
"9b7dd035e7bef08de3b7",1,"qwen3_8b_post",0
"538b1e19ac27f9717291",1,"qwen3_8b_post",0
"a3a616e32779ef9c92aa",1,"qwen3_8b_post",0
"1f709494cea6c7495d41",1,"qwen3_8b_post",0
"f53dc7accfe3827f749c",1,"qwen3_8b_post",0
"f999a42d79aa4ef8ae88",1,"qwen3_8b_post",0
"519e250d65333d03898e",1,"qwen3_8b_post",0
"82928c68f060151ba885",1,"qwen3_8b_post",0
"74fed5854104a9c2416a",1,"qwen3_8b_post",0
"7b9ac2e7175d062660bc",1,"qwen3_8b_post",0
"a1dc87eafd2cb0e3ba14",1,"qwen3_8b_post",0
"4327461d485969f71657",1,"qwen3_8b_post",0
"b4eb22ee83e4ad63f057",1,"qwen3_8b_post",0
"dd409ab0a63552c85ee7",1,"qwen3_8b_post",0
"5b957f47c8229040e3f5",1,"qwen3_8b_post",0
"cb978ba6003684468177",1,"qwen3_8b_post",0
"5b51a955ff3420e76238",1,"qwen3_8b_post",0
"51ec402c2cb1f8987a7f",1,"qwen3_8b_post",0
"f91b52bda217c9669efb",1,"qwen3_8b_post",0
"5618afcd738721a7e8c2",1,"qwen3_8b_post",0
"56d2b4e4501f50af619c",1,"qwen3_8b_post",0
"321d0e5bb94b7614cad8",1,"qwen3_8b_post",0
"a65027bfce82dcf07c28",1,"qwen3_8b_post",0
"f86196433e9e27f4e7db",1,"qwen3_8b_post",0
"13acfafdd95ba63f7a07",1,"qwen3_8b_post",0
"6880461bf72d2245062c",1,"qwen3_8b_post",0
"e60be2aad639b9468084",1,"qwen3_8b_post",0
"0e66c420995f679901bc",1,"qwen3_8b_post",0
"57795aa30220d017f016",1,"qwen3_8b_post",0
"17c35c29f3117494c623",1,"qwen3_8b_post",0
"c33872bba3096da01133",1,"qwen3_8b_post",0
"51ce8ab31cb12915f31c",1,"qwen3_8b_post",0
"b6dde3477c2eb4f5a6a4",1,"qwen3_8b_post",0
"a4af6453b92271556271",1,"qwen3_8b_post",0
"2975285883cb9a2f7b4b",1,"qwen3_8b_post",0
"d622cc2756e4abe7ef87",1,"qwen3_8b_post",0
"d4d92e01f0b55e84f8b3",1,"qwen3_8b_post",0
"ab3e533fb46a2d4dd6cc",1,"qwen3_8b_post",0
"da8f4d0e3a02dd6d4a82",1,"qwen3_8b_post",0
"2cd7b2aabf2b80686b03",1,"qwen3_8b_post",0
"e60208ec76a40ff52a91",1,"qwen3_8b_post",0
"f80bd4cc086bf467f8aa",1,"qwen3_8b_post",0
"45ba89eb6a58b3aed80e",1,"qwen3_8b_post",0
"e71965a423a8e3513c20",1,"qwen3_8b_post",0
"9770b9287143f19e3fdf",1,"qwen3_8b_post",0
"67d6a852ab2a21faa5e6",1,"qwen3_8b_post",0
"391ff933652861714787",1,"qwen3_8b_post",0
"4a6be473ab5cc468d670",1,"qwen3_8b_post",0
"e39e11fa3a6846111065",1,"qwen3_8b_post",0
"d6bf55ed1047a0517036",1,"qwen3_8b_post",0
"f0c7ae0feae744c4aceb",1,"qwen3_8b_post",0
"19845a1240794c0d394c",1,"qwen3_8b_post",0
"a4b9e74bdb148973a37c",1,"qwen3_8b_post",0
"bead00cb28eb3bab87e7",1,"qwen3_8b_post",0
"03fab1a51b77d7129247",1,"qwen3_8b_post",0
"e6e5becc7921f960bb06",1,"qwen3_8b_post",0
"1d98234949a417641c3f",1,"qwen3_8b_post",0
"bdbce12c0aca37e56e64",1,"qwen3_8b_post",0
"ef2dabc60f3e989e1d2f",1,"qwen3_8b_post",0
"94761565977f04a5968b",1,"qwen3_8b_post",0
"18cd3977303222501a00",1,"qwen3_8b_post",0
"34732294434e5159ca38",1,"qwen3_8b_post",0
"394736483ce08246f8b2",1,"qwen3_8b_post",0
"fc8364ac3a7453bb1575",1,"qwen3_8b_post",0
"a3560e155a88d6e82027",1,"qwen3_8b_post",0
"7e45bdc97697a791f3fb",1,"qwen3_8b_post",0
"f9ce9c4333daef5bfbbe",1,"qwen3_8b_post",0
"59cdecf1340321b23146",1,"qwen3_8b_post",0
"73426e7bd5630d3a1abd",1,"qwen3_8b_post",0
"7d6acc915940cf7d2076",1,"qwen3_8b_post",0
"7194ec923d4a196ffc2b",1,"qwen3_8b_post",0
"0d45d20cad776895aced",1,"qwen3_8b_post",0
"2badc707d74ba9e4c80d",1,"qwen3_8b_post",0
"dbf92bfcfa9992d38f04",1,"qwen3_8b_post",0
"020121efb497116e436c",1,"qwen3_8b_post",0
"cc0fbb9f656650152eaf",1,"qwen3_8b_post",0
"b0965fb84253e6c7df5c",1,"qwen3_8b_post",0
"f01c49e36015ba52ac16",1,"qwen3_8b_post",0
"d2f698abf99b120a3136",1,"qwen3_8b_post",0
"f9638d9cdc2766d08c0d",1,"qwen3_8b_post",0
"050b3f3d6e440b539f3f",1,"qwen3_8b_post",0
"ea227a58c173df584a03",1,"qwen3_8b_post",0
"b49a760f79b5e95ad044",1,"qwen3_8b_post",0
"fc40dfc3b220bb091952",1,"qwen3_8b_post",0
"7250c6f6a309242c9cd1",1,"qwen3_8b_post",0
"7a15c8574706b14ae993",1,"qwen3_8b_post",0
"c613a466e2d33cedcf7f",1,"qwen3_8b_post",0
"7efc0ce7c340f447e9bd",1,"qwen3_8b_post",0
"35c7e24532e0440b314b",1,"qwen3_8b_post",0
"6dea9141cb126ac030bb",1,"qwen3_8b_post",0
"686aa2ceb4e0df9f3920",1,"qwen3_8b_post",0
"d0ea9872a8f4f5a0e389",1,"qwen3_8b_post",0
"a51c8888975e7e70cc7f",1,"qwen3_8b_post",0
"33ace141c9c8f5cffa59",1,"qwen3_8b_post",0
"5f142e7aecc87188d7f9",1,"qwen3_8b_post",0
"bce3526795b039dfbb64",1,"qwen3_8b_post",0
"569cee1db3ef39cd8118",1,"qwen3_8b_post",0
"9cbded06694dfddd1e00",1,"qwen3_8b_post",0
"87a66a1e543d9eb72509",1,"qwen3_8b_post",0
"c612cbc389e32d2705f5",1,"qwen3_8b_post",0
"d7361f634479d9212367",1,"qwen3_8b_post",0
"8562965a0857cda27d1a",1,"qwen3_8b_post",0
"28d933ed0bd7d5062228",1,"qwen3_8b_post",0
"1662afe25ec45c4feaf1",1,"qwen3_8b_post",0
"35fc62432f3ed3a1d10d",1,"qwen3_8b_post",0
"02c59a975ba2122f0a3d",1,"qwen3_8b_post",0
"057861653e1af01ad2ed",1,"qwen3_8b_post",0
"36fcecf5ca25afd43b82",1,"qwen3_8b_post",0
"7333a1c6c6e6753035a7",1,"qwen3_8b_post",0
"f986da28660dc6454ec1",1,"qwen3_8b_post",0
"cc51b0b6625b53173410",1,"qwen3_8b_post",0
"e6b4d878a63309354f8a",1,"qwen3_8b_post",0
"7685794cb7781e853073",1,"qwen3_8b_post",0
"57cdb78d8d516f84fad4",1,"qwen3_8b_post",0
"97accb4d945b2dd8d455",1,"qwen3_8b_post",0
"b1e3347685a077194807",1,"qwen3_8b_post",0
"cb3cc13d998020da37b9",1,"qwen3_8b_post",0
"2a0dbb3d57e4fca9cd91",1,"qwen3_8b_post",0
"761f14fb0d4d950f78e7",1,"qwen3_8b_post",0
"97af502a25962429b7b4",1,"qwen3_8b_post",0
"06c3b8f6817f0429a77a",1,"qwen3_8b_post",0
"1ca472b8c73aff570a42",1,"qwen3_8b_post",0
"f8dc69ab58da8ac06a8e",1,"qwen3_8b_post",0
"4bdcb4bdc80421c06b24",1,"qwen3_8b_post",0
"1b1e63b64f4229c141d7",1,"qwen3_8b_post",0
"462fa10e22156366b9dd",1,"qwen3_8b_post",0
"bcba34fca9a7151ef755",1,"qwen3_8b_post",0
"eb8ba4422fb1cb63b5bb",1,"qwen3_8b_post",0
"a1ffb97b04bb10d8a7e7",1,"qwen3_8b_post",0
"08849eede36d89cf0a78",1,"qwen3_8b_post",0
"5e1f417ad6303a630937",1,"qwen3_8b_post",0
"1be57333eb49a510c0cf",1,"qwen3_8b_post",0
"c053f439a58e5d084cd7",1,"qwen3_8b_post",0
"5825f4a17c94717d5c4c",1,"qwen3_8b_post",0
"d6736c92166cf663a2f8",1,"qwen3_8b_post",0
"30474682a92d6c995882",1,"qwen3_8b_post",0
"80836c485f956b97938e",1,"qwen3_8b_post",0
"9e62365fb641e16632ab",1,"qwen3_8b_post",0
"640f0065c55f96b40554",1,"qwen3_8b_post",0
"9f3cdb1f0ef328cf8cdb",1,"qwen3_8b_post",0
"783a7a22686d612f3076",1,"qwen3_8b_post",0
"efa143126d727a79e975",1,"qwen3_8b_post",0
"be94edde7d371a294cbc",1,"qwen3_8b_post",0
"a372347df078872a85f1",1,"qwen3_8b_post",0
"1426d7cab556e7e092d4",1,"qwen3_8b_post",0
"aecbbc152d757f1ea491",1,"qwen3_8b_post",0
"2f3f9018ea38834a68dc",1,"qwen3_8b_post",0
"a12bac770b7b8e0855e4",1,"qwen3_8b_post",0
"9754a75dc8f65666fee8",1,"qwen3_8b_post",0
"7db1293afbef9ff9305e",1,"qwen3_8b_post",0
"88d96fe84208e8cbc15e",1,"qwen3_8b_post",0
"fe32fff331a542db7e59",1,"qwen3_8b_post",0
"de8b5b13ff931f64289f",1,"qwen3_8b_post",0
"556925457fe075021695",1,"qwen3_8b_post",0
"8716e0fd641705870df7",1,"qwen3_8b_post",0
"f4747b01bcd8ad957c72",1,"qwen3_8b_post",0
"f6e985b81a3e4c7f1823",1,"qwen3_8b_post",0
"bdd8a80d903322a30dd1",1,"qwen3_8b_post",0
"0c523b952e57f07f810d",1,"qwen3_8b_post",0
"946cf8ec4413ba09c9c9",1,"qwen3_8b_post",0
"b4b57cb946de3ae44ead",1,"qwen3_8b_post",0
"fec385712347cb526c56",1,"qwen3_8b_post",0
"6646dc9c3796990123d9",1,"qwen3_8b_post",0
"b50333f79bf1ef8ea03e",1,"qwen3_8b_post",0
"fd4c1fde625337f22bf5",1,"qwen3_8b_post",0
"c917e3a7de0bdb51ba2b",1,"qwen3_8b_post",0
"ad0e92d24b40eb8bbb0f",1,"qwen3_8b_post",0
"4807d69d69d06799151a",1,"qwen3_8b_post",0
"7f573856a5fe5b7c4750",1,"qwen3_8b_post",0
"90e4a82ffb4cf26b4f2f",1,"qwen3_8b_post",0
"f059efc06c3b382afaa9",1,"qwen3_8b_post",0
"b52fc94455b2d8ec07ac",1,"qwen3_8b_post",0
"93d09a26942162de65ab",1,"qwen3_8b_post",0
"5f0578595a0b6dec9462",1,"qwen3_8b_post",0
"2def5cf692f4c778df4c",1,"qwen3_8b_post",0
"93ed76b79219f864d8c8",1,"qwen3_8b_post",0
"182bebbb21990330a6a2",1,"qwen3_8b_post",0
"11fee8d24ddba03d6dc7",1,"qwen3_8b_post",0
"0fd208e1eb5bc3ab4922",1,"qwen3_8b_post",0
"408ec221d5876e28fd47",1,"qwen3_8b_post",0
"b4f77684fbc2c07b3e0e",1,"qwen3_8b_post",0
"86d8f9a298f77fdac357",1,"qwen3_8b_post",0
"6d5716fbacaf31dab3be",1,"qwen3_8b_post",0
"b184322d40909047cc26",1,"qwen3_8b_post",0
"e7eea68994786cc6823d",1,"qwen3_8b_post",0
"c4191f1c60680457c740",1,"qwen3_8b_post",0
"e8c36a9534c2bcb117c8",1,"qwen3_8b_post",0
"ee140ce36e5b7584d377",1,"qwen3_8b_post",0
"47e62a8ef468a1324d01",1,"qwen3_8b_post",0
"7e5277c0b023eb569dec",1,"qwen3_8b_post",0
"60a088cf974d09ee9154",1,"qwen3_8b_post",0
"36583ca430ef77172305",1,"qwen3_8b_post",0
"f48bed728c32fc86608d",1,"qwen3_8b_post",0
"fec047b5078888a81645",1,"qwen3_8b_post",0
"a83687753057c1a8ed2b",1,"qwen3_8b_post",0
"1231fc7969bb2d50185c",1,"qwen3_8b_post",0
"6dc489b9cd1fba81813a",1,"qwen3_8b_post",0
"0c0e0602bf1155f3fd61",1,"qwen3_8b_post",0
"942b3ecbe0cd7f07ecf0",1,"qwen3_8b_post",0
"349c60fe9a17db8a8540",1,"qwen3_8b_post",0
"5df639cee4f2629bc9a6",1,"qwen3_8b_post",0
"45e2409675b8c24e9aec",1,"qwen3_8b_post",0
"667f0dc387325e5d4f02",1,"qwen3_8b_post",0
"9c5d7ffdad91fdfac142",1,"qwen3_8b_post",0
"7551334a5beed91fc305",1,"qwen3_8b_post",0
"15d159cf0fc74a507353",1,"qwen3_8b_post",0
"6487d0edb11f98a1f4ae",1,"qwen3_8b_post",0
"f8902245b8cde5866057",1,"qwen3_8b_post",0
"51e65e590d850fb8f89f",1,"qwen3_8b_post",0
"f44e5f253616d0fe632a",1,"qwen3_8b_post",0
"6a4afae459eeb0de0dd1",1,"qwen3_8b_post",0
"1afce809fb992c79e10b",1,"qwen3_8b_post",0
"2695b8d2ea189621d76f",1,"qwen3_8b_post",0
"8f7f8c88ca251823cf4b",1,"qwen3_8b_post",0
"78708d300856f4e3725a",1,"qwen3_8b_post",0
"8c3a9ae626f70ff98ad9",1,"qwen3_8b_post",0
"adc7555a86d0e96b6428",1,"qwen3_8b_post",0
"ef1288ed88117b7e0b38",1,"qwen3_8b_post",0
"c5ecf176648124308132",1,"qwen3_8b_post",0
"7dee1db87834bc5da0af",1,"qwen3_8b_post",0
"6306ab7ae57b3dc47a49",1,"qwen3_8b_post",0
"1af135378a1a23c6c3fd",1,"qwen3_8b_post",0
"1a2ecad9243fd6444c6c",1,"qwen3_8b_post",0
"c59334db04f8b4eb1c34",1,"qwen3_8b_post",0
"7622067d691a579b7913",1,"qwen3_8b_post",0
"84c16c2c75850326ce72",1,"qwen3_8b_post",0
"d262fdf9bb8d50e93702",1,"qwen3_8b_post",0
"797190484b2b208663af",1,"qwen3_8b_post",0
"b4c8a58e714109c05592",1,"qwen3_8b_post",0
"0e0fee93b2b22baa876a",1,"qwen3_8b_post",0
"5f32741ec68cc4a5e59a",1,"qwen3_8b_post",0
"517364bece575fa6b533",1,"qwen3_8b_post",0
"ea1105fc5aa1c2b9176a",1,"qwen3_8b_post",0
"41401a5abde5e00df234",1,"qwen3_8b_post",0
"c5a8e3c517dcdcb306ab",1,"qwen3_8b_post",0
"aba2f83fd40e79b391d3",1,"qwen3_8b_post",0
"b1704c0e2b763e48d7d8",1,"qwen3_8b_post",0
"8e9266b7f6a3d2861fcf",1,"qwen3_8b_post",0
"709aa9d19d1020ab6cc2",1,"qwen3_8b_post",0
"9a268f1ecc11afc7bfc6",1,"qwen3_8b_post",0
"722b13aefb7ee1ff5e5e",1,"qwen3_8b_post",0
"1c1fe6e02879a31c3a45",1,"qwen3_8b_post",0
"a0f6ece378436cfa376d",1,"qwen3_8b_post",0
"5259a297bcd0ba735d9d",1,"qwen3_8b_post",0
"29df7e7d11a52ce73807",1,"qwen3_8b_post",0
"56f5b25ae3d60a165414",1,"qwen3_8b_post",0
"60716652ec57a09607f1",1,"qwen3_8b_post",0
"374e7a3f8015da7feca9",1,"qwen3_8b_post",0
"b6a62644e25551e9cc78",1,"qwen3_8b_post",0
"1814c257cd9317cf8019",1,"qwen3_8b_post",0
"8f5369d3f34959845b8e",1,"qwen3_8b_post",0
"0092429d527e3dc35ef7",1,"qwen3_8b_post",0
"2b1639f80b65afadcbfb",1,"qwen3_8b_post",0
"ccb98c0b092e92558afd",1,"qwen3_8b_post",0
"6dab9d24338b1d730e94",1,"qwen3_8b_post",0
"a6eb1c443af00fadcd33",1,"qwen3_8b_post",0
"fcbd13b609ee19821651",1,"qwen3_8b_post",0
"f6437df629fbcefce5a3",1,"qwen3_8b_post",0
"bcb38d9b0453f19e0486",1,"qwen3_8b_post",0
"9797b836eee0920e7871",1,"qwen3_8b_post",0
"4cf4cf5e3ebad29db806",1,"qwen3_8b_post",0
"d955693380e6cd3c5e28",1,"qwen3_8b_post",0
"ca8bd5ed7321f9dac3a6",1,"qwen3_8b_post",0
"5326a47c2812b1616264",1,"qwen3_8b_post",0
"7ec6a62250cbba894891",1,"qwen3_8b_post",0
"3df1c024d992064117b3",1,"qwen3_8b_post",0
"76e5dbe2e86cdb70b19a",1,"qwen3_8b_post",0
"4282d1a558993be90bba",1,"qwen3_8b_post",0
"4414ed828e3c7fa93f7e",1,"qwen3_8b_post",0
"7dd505f943f0a8bf54c5",1,"qwen3_8b_post",0
"9d397e93bdbe58a16dde",1,"qwen3_8b_post",0
"2cf94771df64053831d9",1,"qwen3_8b_post",0
"354be2116ad0351fd6b9",1,"qwen3_8b_post",0
"4d9c0452bc4e890b4808",1,"qwen3_8b_post",0
"fd1b16226fff522b187e",1,"qwen3_8b_post",0
"be211a5c36f0cf19e537",1,"qwen3_8b_post",0
"50272b82ee6338aa0af5",1,"qwen3_8b_post",0
"54f4ff48db5593ac0578",1,"qwen3_8b_post",0
"74e06d1ff0d806fd07fa",1,"qwen3_8b_post",0
"1c67c5d84c94a8f6ce2a",1,"qwen3_8b_post",0
"53d3fc14912094d7d614",1,"qwen3_8b_post",0
"3e5455b43bdd47f6072e",1,"qwen3_8b_post",0
"da2c4e007cd7cc9ddfb7",1,"qwen3_8b_post",0
"8a4ba7c431c759a20907",1,"qwen3_8b_post",0
"f50bddb59a00d6a9e19d",1,"qwen3_8b_post",0
"65db2095bbe33451d956",1,"qwen3_8b_post",0
"52baa51a483c9490e6c3",1,"qwen3_8b_post",0
"e946d3fc0b9c02992d51",1,"qwen3_8b_post",0
"d92fad237def3439f3cf",1,"qwen3_8b_post",0
"6a38e268bbc11db4bf6b",1,"qwen3_8b_post",0
"84a1506d0bb1a34924ae",1,"qwen3_8b_post",0
"740e260f6cd9a83af8ee",1,"qwen3_8b_post",0
"799a29cd761eaa2a3570",1,"qwen3_8b_post",0
"3962ac590af22fe0e7a3",1,"qwen3_8b_post",0
"e8892386a00927c19a32",1,"qwen3_8b_post",0
"6769a4e9b1d31da8e7f7",1,"qwen3_8b_post",0
"4cbcbf3b1420bbbaf8ee",1,"qwen3_8b_post",0
"c2180196ae34638463ce",1,"qwen3_8b_post",0
"6e987d2c8c2b3898b7be",1,"qwen3_8b_post",0
"e3a0161b9f02f93cf517",1,"qwen3_8b_post",0
"92c6747e8d2d99de7530",1,"qwen3_8b_post",0
"49c3e558ef2ff47181be",1,"qwen3_8b_post",0
"97ff1e934b00c2faaaaf",1,"qwen3_8b_post",0
"1459bc774eeae09fd985",1,"qwen3_8b_post",0
"531fbf531308a1c4590b",1,"qwen3_8b_post",0
"7907b9213612f6400c8e",1,"qwen3_8b_post",0
"456e77d910a349684463",1,"qwen3_8b_post",0
"a6cc26073e61f43e8415",1,"qwen3_8b_post",0
"5ddae9a07a11ad12c803",1,"qwen3_8b_post",0
"cfe4e07ff4c1e4671256",1,"qwen3_8b_post",0
"17bbfc18c7a3257aab6f",1,"qwen3_8b_post",0
"edd047797685e35f57f4",1,"qwen3_8b_post",0
"e9ce42f7cccdb3eaa793",1,"qwen3_8b_post",0
"768a25f310ef8beb70bb",1,"qwen3_8b_post",0
"5e92dbe49300a09ed3ab",1,"qwen3_8b_post",0
"43ed7fea8588602d8e3f",1,"qwen3_8b_post",0
"34a5371d53cb1eba661f",1,"qwen3_8b_post",0
"dba6c82fb45844fbe0a4",1,"qwen3_8b_post",0
"2052e39412df20013f32",1,"qwen3_8b_post",0
"02fc12953b52cd2a0ab0",1,"qwen3_8b_post",0
"65e965ed18963f8e93e8",1,"qwen3_8b_post",0
"5dd95dad910ad4680bc6",1,"qwen3_8b_post",0
"a45b5496d583e5092741",1,"qwen3_8b_post",0
"e6558bae8fe3efded12b",1,"qwen3_8b_post",0
"bb34c06fc37f6f8633bb",1,"qwen3_8b_post",0
"9b63889f5fd4d2b17d17",1,"qwen3_8b_post",0
"ed104acd0e45fbd08c88",1,"qwen3_8b_post",0
"2ea7f1a955bfaff49ca0",1,"qwen3_8b_post",0
"39cafb7e8d1d7729fb50",1,"qwen3_8b_post",0
"1e05af54bbfb78ff1b51",1,"qwen3_8b_post",0
"4ac1980becea7bb9944f",1,"qwen3_8b_post",0
"62d4e1e27d9aa6a13607",1,"qwen3_8b_post",0
"1b37ab8b2ed8aed20418",1,"qwen3_8b_post",0
"8586fe7518670949afc1",1,"qwen3_8b_post",0
"1edd0e77d66a337bf1fa",1,"qwen3_8b_post",0
"4e3b4319e2b5ae9ce45a",1,"qwen3_8b_post",0
"c8e0fd188fa2bbc6e5e0",1,"qwen3_8b_post",0
"44e8061fac5fd3b88724",1,"qwen3_8b_post",0
"64c5aed076ce3ae47d24",1,"qwen3_8b_post",0
"0a25f4e03526a426f8c8",1,"qwen3_8b_post",0
"ec10f899eeef4fa13d0c",1,"qwen3_8b_post",0
"3811c1e7f084cdf62407",1,"qwen3_8b_post",0
"863a17d7a389ddd25cdb",1,"qwen3_8b_post",0
"c07145983d00ecff2c2a",1,"qwen3_8b_post",0
"c87c87d8e4aa01747f72",1,"qwen3_8b_post",0
"9c002e8439211d927bd8",1,"qwen3_8b_post",0
"62fd8b6ee840d74d64bc",1,"qwen3_8b_post",0
"aa2472e63dda9c8a3917",1,"qwen3_8b_post",0
"4c52d15a58ffff4bbe07",1,"qwen3_8b_post",0
"c77c93be321f48c5ec88",1,"qwen3_8b_post",0
"d2dbdbd409a16b90fd79",1,"qwen3_8b_post",0
"f1f8cf28b698c68254fd",1,"qwen3_8b_post",0
"3da931cd04fb157201ca",1,"qwen3_8b_post",0
"d65a0db8dd23169a8dfc",1,"qwen3_8b_post",0
"61453cff9b2ef88b51cc",1,"qwen3_8b_post",0
"3958d1d9a9e241833ac7",1,"qwen3_8b_post",0
"e71c4f7f0b4c48212f2c",1,"qwen3_8b_post",0
"b1db8073903de5e4ce4a",1,"qwen3_8b_post",0
"a403d9f83056aeb75256",1,"qwen3_8b_post",0
"bf643bed6b1944ddcf2e",1,"qwen3_8b_post",0
"bb426092f5c1915f5809",1,"qwen3_8b_post",0
"bcd90463e43f710a5bb9",1,"qwen3_8b_post",0
"6b214ca51bed5b49a315",1,"qwen3_8b_post",0
"2c3b31c3b0f9de708b39",1,"qwen3_8b_post",0
"e16f64ae539ad66b5a8e",1,"qwen3_8b_post",0
"af7348b1fbb1889643c3",1,"qwen3_8b_post",0
"c9127ea573a515361e18",1,"qwen3_8b_post",0
"bc47adf66d0b06dd1774",1,"qwen3_8b_post",0
"72766afc35211b45a92c",1,"qwen3_8b_post",0
"6e70830b4dcfc48220eb",1,"qwen3_8b_post",0
"9869dec6005f3ce07067",1,"qwen3_8b_post",0
"bf98fded8f7c65e6c79b",1,"qwen3_8b_post",0
"fdd189554cb6ed2db4e7",1,"qwen3_8b_post",0
"94940e9be4ef478ec67b",1,"qwen3_8b_post",0
"7d9ba7d7c91d048996ae",1,"qwen3_8b_post",0
"75594a9f770ba0f6889c",1,"qwen3_8b_post",0
"f4eaf8d97d51ad2fd994",1,"qwen3_8b_post",0
"5d92531cb5724bfd1c36",1,"qwen3_8b_post",0
"29444f0312a84a877720",1,"qwen3_8b_post",0
"c31e1957bc4c8c8762d9",1,"qwen3_8b_post",0
"616946fa024153113c4a",1,"qwen3_8b_post",0
"5ca1dfc2023e13272f80",1,"qwen3_8b_post",0
"af6cd72b57c33e3d27af",1,"qwen3_8b_post",0
"566690778bcff74c00cc",1,"qwen3_8b_post",0
"c7be9acfb1d391c5684d",1,"qwen3_8b_post",0
"d4fc0f9e273960ab107f",1,"qwen3_8b_post",0
"f64261d1374db83242e1",1,"qwen3_8b_post",0
"7a5ec4f3627796c3c38b",1,"qwen3_8b_post",0
"48a6524ce9b265f09ccc",1,"qwen3_8b_post",0
"bbf5b8148b639a3f1fde",1,"qwen3_8b_post",0
"b814938217475c141c5d",1,"qwen3_8b_post",0
"42b9fabfdfd4f4184e6d",1,"qwen3_8b_post",0
"168c10db3eb124898c87",1,"qwen3_8b_post",0
"7bc27905e7ba7558d576",1,"qwen3_8b_post",0
"a04a616951d780016bd9",1,"qwen3_8b_post",0
"fee0ddacd539d8cb0c76",1,"qwen3_8b_post",0
"c794e85c3556b610fc59",1,"qwen3_8b_post",0
"bbad763b8357b4749a81",1,"qwen3_8b_post",0
"7852813cb40379dcfa05",1,"qwen3_8b_post",0
"a62c36532bf0676d0dec",1,"qwen3_8b_post",0
"da0e834c7750fe02a505",1,"qwen3_8b_post",0
"859b7fd10eaa43a12a88",1,"qwen3_8b_post",0
"8236680247b32d08cfd9",1,"qwen3_8b_post",0
"d899a24b2f339dc65ed1",1,"qwen3_8b_post",0
"4d87aaa6a9f0f9145c14",1,"qwen3_8b_post",0
"b59388a761aa12ccb429",1,"qwen3_8b_post",0
"3b9078c341b621429aa3",1,"qwen3_8b_post",0
"b9747ce0ac951f01388c",1,"qwen3_8b_post",0
"0b6e793f920538a2298c",1,"qwen3_8b_post",0
"13452b4907e6b4044b01",1,"qwen3_8b_post",0
"abfe76f5d61f1840fa3a",1,"qwen3_8b_post",0
"d2c6bf79dac0d00b3805",1,"qwen3_8b_post",0
"9653dfb049439cf86928",1,"qwen3_8b_post",0
"df41733f2718085e478c",1,"qwen3_8b_post",0
"eb646ea5c8979cce3e57",1,"qwen3_8b_post",0
"f97915e3996fadcf092a",1,"qwen3_8b_post",0
"0d2118c44b3c7afa0a97",1,"qwen3_8b_post",0
"c3c63f314516409fc9ad",1,"qwen3_8b_post",0
"c6db460cc98599e308b9",1,"qwen3_8b_post",0
"d48035d85bcf08265a82",1,"qwen3_8b_post",0
"dcbde1d7d3a9400df018",1,"qwen3_8b_post",0
"691911ca6fff77408d46",1,"qwen3_8b_post",0
"f4a2efc62f2a43f7a711",1,"qwen3_8b_post",0
"97b6ff4c1083cabb724f",1,"qwen3_8b_post",0
"87513b09dd104d53c954",1,"qwen3_8b_post",0
"8df29abacff65f95fedf",1,"qwen3_8b_post",0
"da363d689bcc9d2deaab",1,"qwen3_8b_post",0
"def8e50da76880ce0108",1,"qwen3_8b_post",0
"dcaf91318aa2abef3b50",1,"qwen3_8b_post",0
"70bbda57c27e0d67d3a8",1,"qwen3_8b_post",0
"8343f3918c0f8e20c2e7",1,"qwen3_8b_post",0
"77453d083c2fad12a95d",1,"qwen3_8b_post",0
"07969dcd4f9e51e5225c",1,"qwen3_8b_post",0
"96b61ee3fb222a49c91e",1,"qwen3_8b_post",0
"3a86114b3ccf4751ca7e",1,"qwen3_8b_post",0
"9a27d06288e62b8322ba",1,"qwen3_8b_post",0
"d348913ed5ccdde1c992",1,"qwen3_8b_post",0
"be5b7e70cd1a72a775fa",1,"qwen3_8b_post",0
"80d69b128d41b627220a",1,"qwen3_8b_post",0
"5e2e01dbe8f3324ba704",1,"qwen3_8b_post",0
"67a6285e66e948fcd036",1,"qwen3_8b_post",0
"c573e1a768551185630e",1,"qwen3_8b_post",0
"0412ba6386f6bd1daa2a",1,"qwen3_8b_post",0
"30a7254cead7289a10c5",1,"qwen3_8b_post",0
"858bcb2a61b0b3946927",1,"qwen3_8b_post",0
"fabe56dd7f4576c9dc87",1,"qwen3_8b_post",0
"ee6476f8eca0742f4f9f",1,"qwen3_8b_post",0
"49f3a749de44a87ebba1",1,"qwen3_8b_post",0
"530ca6ce4a9d2a50eb8d",1,"qwen3_8b_post",0
"509f3c119c5f614a13dd",1,"qwen3_8b_post",0
"c2aa044e333d7471c72c",1,"qwen3_8b_post",0
"4a9c1396f93d15e6c76e",1,"qwen3_8b_post",0
"f4c511404babc1472ca2",1,"qwen3_8b_post",0
"8fd39a204db4d5406658",1,"qwen3_8b_post",0
"1c1e31334581864a1fa5",1,"qwen3_8b_post",0
"75b41358a460277bf540",1,"qwen3_8b_post",0
"5ed813f001b931e664f8",1,"qwen3_8b_post",0
"53ebfce53d2f6291b437",1,"qwen3_8b_post",0
"615f87acc8fc4343a781",1,"qwen3_8b_post",0
"3f1096b81a03988a2139",1,"qwen3_8b_post",0
"cd14550841970d0420c0",1,"qwen3_8b_post",0
"2d3f01d77c77b1dacbbe",1,"qwen3_8b_post",0
"74003a48d716130fb995",1,"qwen3_8b_post",0
"313fc723fb1b95ad8017",1,"qwen3_8b_post",0
"45b71aa27944d9909361",1,"qwen3_8b_post",0
"62cad38f654a8f282ebe",1,"qwen3_8b_post",0
"974af0fce5292699fe24",1,"qwen3_8b_post",0
"d5a66d4e1a826917d342",1,"qwen3_8b_post",0
"715efb9bbf9c8a70867f",1,"qwen3_8b_post",0
"6517e6505a27f7f1a6ad",1,"qwen3_8b_post",0
"a3d4581e0c3813814b32",1,"qwen3_8b_post",0
"739297da8b1ccded9b97",1,"qwen3_8b_post",0
"7051decff85af2baf1b6",1,"qwen3_8b_post",0
"23c4a0c8b0edaa259b07",1,"qwen3_8b_post",0
"e925ca11d45cda62e68c",1,"qwen3_8b_post",0
"af59f2a1e60248b7271a",1,"qwen3_8b_post",0
"fa3f011cf265acb9eec7",1,"qwen3_8b_post",0
"5b059aacb6d70b4d9c18",1,"qwen3_8b_post",0
"132fe95c46f04518a437",1,"qwen3_8b_post",0
"17403c4e8dc74cc089c9",1,"qwen3_8b_post",0
"be9c849805dacac4285d",1,"qwen3_8b_post",0
"1a14384faed70b33d3cb",1,"qwen3_8b_post",0
"fb825f2df2c29d45c12a",1,"qwen3_8b_post",0
"4fbf74086dfa26e9c95a",1,"qwen3_8b_post",0
"1676954bfba60f2f39d1",1,"qwen3_8b_post",0
"4985958236c8df56e0f3",1,"qwen3_8b_post",0
"318afcb1844a8d8181d2",1,"qwen3_8b_post",0
"8c274b92f1ac7249e1f9",1,"qwen3_8b_post",0
"ac12eedd1eb45b525654",1,"qwen3_8b_post",0
"1c17e933e38004d36263",1,"qwen3_8b_post",0
"0798154f50fdacfe6d62",1,"qwen3_8b_post",0
"ce37c13e1be066424148",1,"qwen3_8b_post",0
"96207288676d719054a8",1,"qwen3_8b_post",0
"4992cc95ec9da5f490c3",1,"qwen3_8b_post",0
"3dd7aa5ea3674b6aab7f",1,"qwen3_8b_post",0
"9738a38ea55356ad6b1e",1,"qwen3_8b_post",0
"60473cd6ba1ce59ad34c",1,"qwen3_8b_post",0
"1bad6978a6f61ba6a0c8",1,"qwen3_8b_post",0
"772c6c9c656f48577ce2",1,"qwen3_8b_post",0
"def4b5559f13a3a52208",1,"qwen3_8b_post",0
"38f7321c049c9e8e5246",1,"qwen3_8b_post",0
"9d9c35880c23a9ff67fb",1,"qwen3_8b_post",0
"de540d10f725d6df6420",1,"qwen3_8b_post",0
"d6bfa26362063bc456f0",1,"qwen3_8b_post",0
"9d2b4eff88074d302c83",1,"qwen3_8b_post",0
"c179287b74ca8b42d260",1,"qwen3_8b_post",0
"f090a6c395c037fb7e11",1,"qwen3_8b_post",0
"b533b9f2ed0f1eb8fc7e",1,"qwen3_8b_post",0
"fd635af015c5e2ce98b7",1,"qwen3_8b_post",0
"c781b3b1b8f94b4f7b15",1,"qwen3_8b_post",0
"f782461108264369ee95",1,"qwen3_8b_post",0
"e00f4db46d0c2984f6af",1,"qwen3_8b_post",0
"121579c30708c0c5a0ac",1,"qwen3_8b_post",0
"4fe1234fdc4a4af81067",1,"qwen3_8b_post",0
"dd06b2fb1d2706d4182d",1,"qwen3_8b_post",0
"eafc3bf2ca3d73149124",1,"qwen3_8b_post",0
"3adeeaab9f3b298d485b",1,"qwen3_8b_post",0
"7f82ad57d9206ae7ba5e",1,"qwen3_8b_post",0
"d2b80367be712aa628b4",1,"qwen3_8b_post",0
"dd1fa3d848e713a2f617",1,"qwen3_8b_post",0
"4352d0e73b9d9d4db965",1,"qwen3_8b_post",0
"4c65a0f9738aff4ac741",1,"qwen3_8b_post",0
"c80cef9e7474e7209e34",1,"qwen3_8b_post",0
"a2dd341264dd3c338efe",1,"qwen3_8b_post",0
"b33dde77ea70b9926aa4",1,"qwen3_8b_post",0
"08425302c8e6e99c3d6b",1,"qwen3_8b_post",0
"ec1472898e4fac75d775",1,"qwen3_8b_post",0
"a5ef9b9a0628c4befad5",1,"qwen3_8b_post",0
"26c20c85f614504350e3",1,"qwen3_8b_post",0
"008b3c72fbcf8b65dccf",1,"qwen3_8b_post",0
"2ee7fc49a4dd649b9bd6",1,"qwen3_8b_post",0
"3c49f77151ce361b403e",1,"qwen3_8b_post",0
"93ecb39a84ed9ca7e46d",1,"qwen3_8b_post",0
"dc19ddba489c9a27fc7d",1,"qwen3_8b_post",0
"d880aee55fab2fed4458",1,"qwen3_8b_post",0
"5b3d463d7ad97b3e93a5",1,"qwen3_8b_post",0
"eddab3fc505f109d3e67",1,"qwen3_8b_post",0
"9a45ab321adb2f6b9d2b",1,"qwen3_8b_post",0
"e852f538e053cd0d471a",1,"qwen3_8b_post",0
"8a7436480638c3d88e58",1,"qwen3_8b_post",0
"da91c4e39ec615a94aca",1,"qwen3_8b_post",0
"faec1dab6bc31b36309f",1,"qwen3_8b_post",0
"76e02b55c0aed6ef700d",1,"qwen3_8b_post",0
"cad8e91160d09a39e4cb",1,"qwen3_8b_post",0
"fd9fdd18db48caf7b97d",1,"qwen3_8b_post",0
"5a6987705495bb7e85e1",1,"qwen3_8b_post",0
"51b6b7f8dc4e7f1d47b5",1,"qwen3_8b_post",0
"765d6d2637682ca01af0",1,"qwen3_8b_post",0
"54be5f61eed2826d8eaa",1,"qwen3_8b_post",0
"5227bef510ced89c9b77",1,"qwen3_8b_post",0
"f00ee031853113fc0dd6",1,"qwen3_8b_post",0
"330c599abd5b55e405a2",1,"qwen3_8b_post",0
"de788e31f86971751944",1,"qwen3_8b_post",0
"4af937bf8874e12731ff",1,"qwen3_8b_post",0
"fce213b0c5607347fb5c",1,"qwen3_8b_post",0
"37dc0feee8536020d00c",1,"qwen3_8b_post",0
"ba24ae7a391ef5754192",1,"qwen3_8b_post",0
"aa307f0ec80e407994c1",1,"qwen3_8b_post",0
"7dbae225e2b02600ca61",1,"qwen3_8b_post",0
"e5551b84671f9f6ca40b",1,"qwen3_8b_post",0
"d6cfd8c66f5c0b1a5d21",1,"qwen3_8b_post",0
"dfa5e2f9f41f05f7386a",1,"qwen3_8b_post",0
"0aadca2a8dcbc873f726",1,"qwen3_8b_post",0
"c9ca13e03753f091f3fb",1,"qwen3_8b_post",0
"638653b888efe79cee18",1,"qwen3_8b_post",0
"ff9a593e58ac436ddc39",1,"qwen3_8b_post",0
"540e8af533bbf575a349",1,"qwen3_8b_post",0
"bc103ab8352e7b2b6063",1,"qwen3_8b_post",0
"daa19af3f2fca3f75cec",1,"qwen3_8b_post",0
"090bc366bf9567679206",1,"qwen3_8b_post",0
"382969db64ef86a0426a",1,"qwen3_8b_post",0
"b964212c90fc75bba27a",1,"qwen3_8b_post",0
"1de3a0f2ecf171f485f0",1,"qwen3_8b_post",0
"10bac917af4b557d0a85",1,"qwen3_8b_post",0
"d436db91815fe103dc10",1,"qwen3_8b_post",0
"4f4395a8adb7300d354d",1,"qwen3_8b_post",0
"518e5030968d3557994e",1,"qwen3_8b_post",0
"bd9476b3e79e10e1cef4",1,"qwen3_8b_post",0
"49675d2b89918a54118c",1,"qwen3_8b_post",0
"479e746e0083622be757",1,"qwen3_8b_post",0
"6e46b33e3469fdf154bb",1,"qwen3_8b_post",0
"dad4d4a4a4c7a74dbfd0",1,"qwen3_8b_post",0
"e7c1ea6868d3413fc000",1,"qwen3_8b_post",0
"da80d86623f42109c0c9",1,"qwen3_8b_post",0
"42128c840870e34156a7",1,"qwen3_8b_post",0
"7b98a6b446a293c6cbcf",1,"qwen3_8b_post",0
"d9d4be0df665b4e800af",1,"qwen3_8b_post",0
"05d52c953ea4f85a2d88",1,"qwen3_8b_post",0
"fd5e225c3b526396731a",1,"qwen3_8b_post",0
"baf8872752a35c31abf9",1,"qwen3_8b_post",0
"c8223332305c414175a9",1,"qwen3_8b_post",0
"5da7e062d1932ad8c58c",1,"qwen3_8b_post",0
"85f4836817d0f9f3b02c",1,"qwen3_8b_post",0
"ffe6514b9e3aeb112122",1,"qwen3_8b_post",0
"3651f6cde8f75e16db92",1,"qwen3_8b_post",0
"3139c0457c0b1a040533",1,"qwen3_8b_post",0
"6bef1e2d74b90a27cea8",1,"qwen3_8b_post",0
"19436dfc1ba15280e18f",1,"qwen3_8b_post",0
"05210bceae9604fde964",1,"qwen3_8b_post",0
"b25ad3ca65a7b5ae89af",1,"qwen3_8b_post",0
"b1800c16f3631a5963b4",1,"qwen3_8b_post",0
"77c52c3e85375f7778fa",1,"qwen3_8b_post",0
"0d8a003dab1e54548488",1,"qwen3_8b_post",0
"cdea6f83c8c2f5353dab",1,"qwen3_8b_post",0
"8c8ee330c103b1632f01",1,"qwen3_8b_post",0
"0a401e990914e9d9d8e4",1,"qwen3_8b_post",0
"d8a52b54b863b5f68025",1,"qwen3_8b_post",0
"94795a678db160d62495",1,"qwen3_8b_post",0
"f89f31b119669352cd1b",1,"qwen3_8b_post",0
"69151bc58b6c70149a1a",1,"qwen3_8b_post",0
"b54dfc273962eaf6c34b",1,"qwen3_8b_post",0
"753858ff2b1b9ad6a97e",1,"qwen3_8b_post",0
"0dac624135cc5185c48d",1,"qwen3_8b_post",0
"762236b8f16e60e76b08",1,"qwen3_8b_post",0
"be3bddd881b4397da638",1,"qwen3_8b_post",0
"0eb9a4deb1c27dc19bee",1,"qwen3_8b_post",0
"496c50158b58284d256a",1,"qwen3_8b_post",0
"6833019ccf258801a5ad",1,"qwen3_8b_post",0
"c4825f3ff450e83d59aa",1,"qwen3_8b_post",0
"a34ef7fc8b107c22cfd0",1,"qwen3_8b_post",0
"e099f9e8f3a89de72b8d",1,"qwen3_8b_post",0
"15339f934ecc96ee88a4",1,"qwen3_8b_post",0
"4f78635f91d1b35a1e46",1,"qwen3_8b_post",0
"3078a51a410d72794b3b",1,"qwen3_8b_post",0
"4b945b6a5db447c3c149",1,"qwen3_8b_post",0
"b6a1b60db1dd736b1aca",1,"qwen3_8b_post",0
"787879cdbdc041038192",1,"qwen3_8b_post",0
"ebaf24fda6dd5637f497",1,"qwen3_8b_post",0
"236fefd5bb7e9e144040",1,"qwen3_8b_post",0
"53f71c91c4d5ca50cf93",1,"qwen3_8b_post",0
"7a505c3bd068d6c8d03e",1,"qwen3_8b_post",0
"48e4b9d466b9ae00c02c",1,"qwen3_8b_post",0
"de40f80281c89ea2097b",1,"qwen3_8b_post",0
"d97da28d043b1eda6384",1,"qwen3_8b_post",0
"921affe3497505afbb3e",1,"qwen3_8b_post",0
"69044a01a422350a9f73",1,"qwen3_8b_post",0
"2301397367086795c0bd",1,"qwen3_8b_post",0
"2246d1d7e7e6a4cfdbf0",1,"qwen3_8b_post",0
"ed378c115f41bbc89665",1,"qwen3_8b_post",0
"80fef428ac74e9dd69be",1,"qwen3_8b_post",0
"358fb9f1c46aa89eddfc",1,"qwen3_8b_post",0
"09040e467877f0345694",1,"qwen3_8b_post",0
"c2c8ec611eb0e120873c",1,"qwen3_8b_post",0
"de84ea2ec5dd0f5da4e4",1,"qwen3_8b_post",0
"8782d0596e7886b3fa31",1,"qwen3_8b_post",0
"aca839da896065ec46cc",1,"qwen3_8b_post",0
"ccc2cab121da13185613",1,"qwen3_8b_post",0
"feecc06dae9514fc1848",1,"qwen3_8b_post",0
"358126c4c710bbaf66ee",1,"qwen3_8b_post",0
"03911c5289277ae2de8c",1,"qwen3_8b_post",0
"6158e790cbadce7443e1",1,"qwen3_8b_post",0
"977ead6806b6a0161ec0",1,"qwen3_8b_post",0
"d482b6e126ef586ec68a",1,"qwen3_8b_post",0
"26a8901bac586c205e00",1,"qwen3_8b_post",0
"d761009e8199f2888b4f",1,"qwen3_8b_post",0
"035eb8fe874fbb8b0c00",1,"qwen3_8b_post",0
"c3876700a1656488c78f",1,"qwen3_8b_post",0
"706cf8323316479b04b3",1,"qwen3_8b_post",0
"8ba6b1b8260537e898e3",1,"qwen3_8b_post",0
"4f46847e7313f155eff8",1,"qwen3_8b_post",0
"0103348c9c171e8fcead",1,"qwen3_8b_post",0
"b4f3adc9a40972cf592c",1,"qwen3_8b_post",0
"d9fc49ab13debb5427ee",1,"qwen3_8b_post",0
"0a3b61d35734bfa9767d",1,"qwen3_8b_post",0
"3dcb46bd7c07d575cd0d",1,"qwen3_8b_post",0
"4a0a583cabd84c68ff57",1,"qwen3_8b_post",0
"b4bb0816549f5547d3c7",1,"qwen3_8b_post",0
"774f7fc4312421c4b9d8",1,"qwen3_8b_post",0
"bc413ce42da7c451c8e9",1,"qwen3_8b_post",0
"b2ac80626eac5e252292",1,"qwen3_8b_post",0
"2d86db4c63a107dfeca1",1,"qwen3_8b_post",0
"17a32b461caaebd1dfd8",1,"qwen3_8b_post",0
"50d475d6ae6641ff3f80",1,"qwen3_8b_post",0
"906c629c79eb0b058109",1,"qwen3_8b_post",0
"9c7d400412fad0e94649",1,"qwen3_8b_post",0
"fd88e1e03e2322ba9071",1,"qwen3_8b_post",0
"89d7aab10c192a3df21c",1,"qwen3_8b_post",0
"c7c06c886da7d2a61a3e",1,"qwen3_8b_post",0
"36181acf5b28924d1515",1,"qwen3_8b_post",0
"8698b3ef8663c3966f09",1,"qwen3_8b_post",0
"5f16d23ab5f578eba9f6",1,"qwen3_8b_post",0
"784eec82a2bf3c501bdb",1,"qwen3_8b_post",0
"0e9802ccde4c14b4c7c5",1,"qwen3_8b_post",0
"899a639c8a4f957ae6bd",1,"qwen3_8b_post",0
"77b163784edd5bca45da",1,"qwen3_8b_post",0
"188b6bc36f1680270775",1,"qwen3_8b_post",0
"2b4c4422a2672227f08e",1,"qwen3_8b_post",0
"0d0e8550bb059d23b22c",1,"qwen3_8b_post",0
"ad05876bb764610c26c5",1,"qwen3_8b_post",0
"f3764088aea3363bf994",1,"qwen3_8b_post",0
"379a051021dad9e0a714",1,"qwen3_8b_post",0
"ebe3088c13813aa1f472",1,"qwen3_8b_post",0
"951cef6f51538efa2f5a",1,"qwen3_8b_post",0
"f70fa3bae8d29304e589",1,"qwen3_8b_post",0
"fdb3ea7b2822052fa2fc",1,"qwen3_8b_post",0
"218da8fb12b647d9c24d",1,"qwen3_8b_post",0
"699f7d1ed1a851c39944",1,"qwen3_8b_post",0
"299ff924e409a9b33746",1,"qwen3_8b_post",0
"f80b918bac12a8eb5734",1,"qwen3_8b_post",0
"b6382e40d2da05fe77d6",1,"qwen3_8b_post",0
"5dbdb05e0f8978be7c94",1,"qwen3_8b_post",0
"71849a954a9ddaa24dee",1,"qwen3_8b_post",0
"5f1084f16f6542267c9b",1,"qwen3_8b_post",0
"73bd68cc8db022dd5ec6",1,"qwen3_8b_post",0
"9b22e7f21c8fb488110d",1,"qwen3_8b_post",0
"ef828d2a82b654ad3375",1,"qwen3_8b_post",0
"2ef352515edb4c75a443",1,"qwen3_8b_post",0
"179c98b742bcbabea53c",1,"qwen3_8b_post",0
"fb828482675aec49062a",1,"qwen3_8b_post",0
"34d6c245b69c08664413",1,"qwen3_8b_post",0
"5b0702312af206c990b0",1,"qwen3_8b_post",0
"ec056e1e61b393585afd",1,"qwen3_8b_post",0
"98ccdff92a580e625cd2",1,"qwen3_8b_post",0
"b3d6d57dec1e1da6ba2c",1,"qwen3_8b_post",0
"4c194bcff1997c7a3fc6",1,"qwen3_8b_post",0
"9cf1e763760578339748",1,"qwen3_8b_post",0
"c10279fd4ead2a40ee8f",1,"qwen3_8b_post",0
"0449cd14c3fc04db8f9b",1,"qwen3_8b_post",0
"d848d47a90b21b02b93f",1,"qwen3_8b_post",0
"65741d69a930c24feb38",1,"qwen3_8b_post",0
"6f705158ce7516e0c248",1,"qwen3_8b_post",0
"c7e9d20cf2f1d22223e9",1,"qwen3_8b_post",0
"c59b98c5aa6f92003e3e",1,"qwen3_8b_post",0
"c8777fc84617008a8af4",1,"qwen3_8b_post",0
"fed6b7ba4885764a1c11",1,"qwen3_8b_post",0
"459a518318b6b589cbfd",1,"qwen3_8b_post",0
"d3c4c3cd44a654047919",1,"qwen3_8b_post",0
"802d62941e4de64e535b",1,"qwen3_8b_post",0
"6025d67b6a5a122daf3f",1,"qwen3_8b_post",0
"3687bac373a05c62659f",1,"qwen3_8b_post",0
"049c572ee302cc944d57",1,"qwen3_8b_post",0
"5c98fbe0a65d99c2a91a",1,"qwen3_8b_post",0
"d9e5a3aea88caea102d6",1,"qwen3_8b_post",0
"cc56680a62390a37961d",1,"qwen3_8b_post",0
"b860616c064c35085c6c",1,"qwen3_8b_post",0
"5c8b2e2b38bb25563747",1,"qwen3_8b_post",0
"5f7fb8cf8e5ef330d3e3",1,"qwen3_8b_post",0
"f3cb78b34a2d6cce4e22",1,"qwen3_8b_post",0
"d09152ca586db657d2c7",1,"qwen3_8b_post",0
"ef9f6e7d1f1c0eeeb236",1,"qwen3_8b_post",0
"3cf27bc17bac487f17ba",1,"qwen3_8b_post",0
"259c9e6840c18e9dcc73",1,"qwen3_8b_post",0
"ff3ad44aaa07001fe341",1,"qwen3_8b_post",0
"c547db2dfa4d9033b27b",1,"qwen3_8b_post",0
"7248b888af0e8a75b3c8",1,"qwen3_8b_post",0
"6b61d588716b1a8e5846",1,"qwen3_8b_post",0
"f63e38138210768660f4",1,"qwen3_8b_post",0
"e6b95766283ea0e33d50",1,"qwen3_8b_post",0
"d901fa74696ba01f035e",1,"qwen3_8b_post",0
"3b5edc5744effcfc386d",1,"qwen3_8b_post",0
"8bde3ecd50f3f112f563",1,"qwen3_8b_post",0
"3bc2d10eb114894d0d12",1,"qwen3_8b_post",0
"8a48fd1a12c807f6b3fc",1,"qwen3_8b_post",0
"47e2fd4384a1d8a0df4a",1,"qwen3_8b_post",0
"41cf60c0328a01c2b7ad",1,"qwen3_8b_post",0
"b52d286e88a05113a0dc",1,"qwen3_8b_post",0
"5476e37be2d4ad1d0d90",1,"qwen3_8b_post",0
"f240741d70bd4d1ed7b0",1,"qwen3_8b_post",0
"29d77c3a4568935ef6a0",1,"qwen3_8b_post",0
"04b288c0d9828e2734a2",1,"qwen3_8b_post",0
"9d49ac5bab13ba093703",1,"qwen3_8b_post",0
"45783e0ce4c1d64b4efa",1,"qwen3_8b_post",0
"870fc9956d6f68f5c626",1,"qwen3_8b_post",0
"665bdc3b57855a5df606",1,"qwen3_8b_post",0
"c2e27d53fad2dbf2ae31",1,"qwen3_8b_post",0
"8c839e70c11a7e229797",1,"qwen3_8b_post",0
"048ba59c3b2a4a1ab2a7",1,"qwen3_8b_post",0
"9d6e88be5cb742aba0ce",1,"qwen3_8b_post",0
"8fd03e68487420be7518",1,"qwen3_8b_post",0
"5cb880f47bc75ca9df36",1,"qwen3_8b_post",0
"0905b026c4a89c092cd8",1,"qwen3_8b_post",0
"e82c9609e0317f870782",1,"qwen3_8b_post",0
"2a1e89834da857d9f054",1,"qwen3_8b_post",0
"0f6fccb81109df53f2b9",1,"qwen3_8b_post",0
"cf44b655219d485b78df",1,"qwen3_8b_post",0
"5a0ea2f0e1ee666aa723",1,"qwen3_8b_post",0
"7b09c1dc8d5dfdabd3d0",1,"qwen3_8b_post",0
"12634472f0c915ec17f7",1,"qwen3_8b_post",0
"1e69a0ee5ccbd2fc6928",1,"qwen3_8b_post",0
"d55ed725566df3ed753c",1,"qwen3_8b_post",0
"b13baaf512bfd2ebb38a",1,"qwen3_8b_post",0
"f8611a46e68adb3b0801",1,"qwen3_8b_post",0
"4d38d76e2f1131bcacc3",1,"qwen3_8b_post",0
"bc79670da22c2d0795ba",1,"qwen3_8b_post",0
"409cb881f547cfc864e0",1,"qwen3_8b_post",0
"2dbe48498f1cdbe7bed1",1,"qwen3_8b_post",0
"aa899e79beb08a439abe",1,"qwen3_8b_post",0
"ca875e232f371519430d",1,"qwen3_8b_post",0
"6676be2aea9a5b64fdc7",1,"qwen3_8b_post",0
"fce1fa4c06f40014e443",1,"qwen3_8b_post",0
"ef2caca36beb453e9d18",1,"qwen3_8b_post",0
"32e05b754ef9b8cd7593",1,"qwen3_8b_post",0
"2342c15f6747f1f834a6",1,"qwen3_8b_post",0
"ebb2cac35b57fa3d1646",1,"qwen3_8b_post",0
"8e3cc7318cc0c97cccee",1,"qwen3_8b_post",0
"ccba7fa1ea0fff506893",1,"qwen3_8b_post",0
"46aa8f648bbd9328d057",1,"qwen3_8b_post",0
"7b20fcd172f778de784b",1,"qwen3_8b_post",0
"ed2674342c3906d44b3f",1,"qwen3_8b_post",0
"4fc305d0fb88715b0241",1,"qwen3_8b_post",0
"61d868fece91a1fa92fd",1,"qwen3_8b_post",0
"295ba18ce8ec14f22342",1,"qwen3_8b_post",0
"f1c03dffb656719e1e6a",1,"qwen3_8b_post",0
"3fcd69081b92edd258e9",1,"qwen3_8b_post",0
"dd2be4161e7914799b2c",1,"qwen3_8b_post",0
"4e524a4fbec7eb299bc5",1,"qwen3_8b_post",0
"c01fd5d04020d025046d",1,"qwen3_8b_post",0
"100c1233be7ac2582c15",1,"qwen3_8b_post",0
"10307f2e9da1a644424d",1,"qwen3_8b_post",0
"01b91c245827e2669521",1,"qwen3_8b_post",0
"70ecfd9ea24ab79fc42b",1,"qwen3_8b_post",0
"282df382ea06c27e6c83",1,"qwen3_8b_post",0
"20d4501fb3b229b0cb7b",1,"qwen3_8b_post",0
"86640d3d4d15fac1ab49",1,"qwen3_8b_post",0
"39b247aef731b883c000",1,"qwen3_8b_post",0
"6d9da11428ebccd14dea",1,"qwen3_8b_post",0
"6442f1ca119dfeef8fae",1,"qwen3_8b_post",0
"8b6f23eae2d0278720d5",1,"qwen3_8b_post",0
"5005a9fed0bceabdc9f8",1,"qwen3_8b_post",0
"b75ab10a02c881777b17",1,"qwen3_8b_post",0
"ad7ec32552b96618f3f0",1,"qwen3_8b_post",0
"fd616e3f211e6f8479fe",1,"qwen3_8b_post",0
"3976667470bf7c3bca30",1,"qwen3_8b_post",0
"d5e49fd654472e24a977",1,"qwen3_8b_post",0
"57256eb0cda70699e4aa",1,"qwen3_8b_post",0
"cf9cc5dacf1cc2ef97ce",1,"qwen3_8b_post",0
"9a6bbde8e18f262495ba",1,"qwen3_8b_post",0
"6304ff3b4b4526c0bd32",1,"qwen3_8b_post",0
"cf34c6f1b0058036b808",1,"qwen3_8b_post",0
"e25ba53f96ed457024dc",1,"qwen3_8b_post",0
"9d94fb1fcfe239585aed",1,"qwen3_8b_post",0
"7aa46ed853b4d4c0f757",1,"qwen3_8b_post",0
"020352674f36dd9de521",1,"qwen3_8b_post",0
"64a780de8093caad4294",1,"qwen3_8b_post",0
"43ffd0d6f17bb7e57929",1,"qwen3_8b_post",0
"bdafed040a6fd9991ba1",1,"qwen3_8b_post",0
"b7c800f9106ce5176825",1,"qwen3_8b_post",0
"3e6d77a819d3225595cd",1,"qwen3_8b_post",0
"15fec9995521f6c6b596",1,"qwen3_8b_post",0
"b0ec5c3b6a9800b1786b",1,"qwen3_8b_post",0
"aaced02bd6b0c398a99c",1,"qwen3_8b_post",0
"1dd618704f39194e6562",1,"qwen3_8b_post",0
"5e566b1545cd92ccfb23",1,"qwen3_8b_post",0
"fa568f13f215deceea1f",1,"qwen3_8b_post",0
"40199fffcb37d0166850",1,"qwen3_8b_post",0
"359c776d704e8922d95b",1,"qwen3_8b_post",0
"76a557c7efa8ab650653",1,"qwen3_8b_post",0
"859b1fb428d897ed676a",1,"qwen3_8b_post",0
"0489739972d3ce43c058",1,"qwen3_8b_post",0
"5413a0300667840c38c9",1,"qwen3_8b_post",0
"28f257fe8557c8b33c46",1,"qwen3_8b_post",0
"67618631bad9787b7842",1,"qwen3_8b_post",0
"45bd5496239f9072fa92",1,"qwen3_8b_post",0
"9f4ea1068c13104fe53d",1,"qwen3_8b_post",0
"b0b166b9883f00cdb8b2",1,"qwen3_8b_post",0
"f8f0065104998f160b5c",1,"qwen3_8b_post",0
"5fb01f43b4df486fb67b",1,"qwen3_8b_post",0
"ee9e12537d82170ae47a",1,"qwen3_8b_post",0
"df7871b4f1c614695b1a",1,"qwen3_8b_post",0
"67d87570e99c1a168421",1,"qwen3_8b_post",0
"ef0955822888df55183e",1,"qwen3_8b_post",0
"f2b54c33da63182a22b7",1,"qwen3_8b_post",0
"cdba693fc7b61ce395ce",1,"qwen3_8b_post",0
"f93dd3bcf0b4a433bcee",1,"qwen3_8b_post",0
"316cc198cd739bd6c7ea",1,"qwen3_8b_post",0
"aee10127eb82e3fd1a58",1,"qwen3_8b_post",0
"47e8b6ddfe780007d4fb",1,"qwen3_8b_post",0
"003e1d885512cb885413",1,"qwen3_8b_post",0
"f9d1654d80798d1b6293",1,"qwen3_8b_post",0
"acbb70742ff3f6404c2b",1,"qwen3_8b_post",0
"0fcda00205b97bb361c9",1,"qwen3_8b_post",0
"2f02f0df3a42a3cb6412",1,"qwen3_8b_post",0
"e48cbeb7c4809cba4abb",1,"qwen3_8b_post",0
"ef200b7611822a19fe43",1,"qwen3_8b_post",0
"b53b9b96d8db5cabd0ef",1,"qwen3_8b_post",0
"4e3c32a623f05c5da66e",1,"qwen3_8b_post",0
"e1d46b08590705049ce8",1,"qwen3_8b_post",0
"89eef4a92062793c1a4d",1,"qwen3_8b_post",0
"ce842a34aad738ccf78b",1,"qwen3_8b_post",0
"907dbc5ae4e0605d0b72",1,"qwen3_8b_post",0
"238276210cfc04a3340c",1,"qwen3_8b_post",0
"d7917694a363f1a74576",1,"qwen3_8b_post",0
"e8ab0bd459ae3b63369e",1,"qwen3_8b_post",0
"db7784bf88a54f3d7522",1,"qwen3_8b_post",0
"659d057037d0879b63f1",1,"qwen3_8b_post",0
"52b6d9b207051125ffa7",1,"qwen3_8b_post",0
"382e2776acdd7498f945",1,"qwen3_8b_post",0
"fbe1ca953f80fea115ce",1,"qwen3_8b_post",0
"eb36917a4c7748c3ed35",1,"qwen3_8b_post",0
"b7ed9d93033d4c086f3c",1,"qwen3_8b_post",0
"1c6ea912bc2a199e2b5c",1,"qwen3_8b_post",0
"c7496447f343aceb53bb",1,"qwen3_8b_post",0
"b821cd0ad32a840eca2a",1,"qwen3_8b_post",0
"014b85bc65a6ac775477",1,"qwen3_8b_post",0
"e86daad0b36e85078494",1,"qwen3_8b_post",0
"0359a525cd34e5fc18d0",1,"qwen3_8b_post",0
"93d91f2ea94de694a58b",1,"qwen3_8b_post",0
"87ac34e8bffaa7ac1a73",1,"qwen3_8b_post",0
"1a754348dae610a2d193",1,"qwen3_8b_post",0
"4ecbcdb219acb7519990",1,"qwen3_8b_post",0
"0e2d5ca3ad22d3d7575c",1,"qwen3_8b_post",0
"7fd8e4bab6b3192f1e61",1,"qwen3_8b_post",0
"4753017004b856c4b600",1,"qwen3_8b_post",0
"c6d4f8d685656aac80d2",1,"qwen3_8b_post",0
"7a89441af687ed886ace",1,"qwen3_8b_post",0
"7a246de7abd48dafad83",1,"qwen3_8b_post",0
"f6adfffd9af431389561",1,"qwen3_8b_post",0
"d7de20c21620aca6597a",1,"qwen3_8b_post",0
"1109704dfa998d6cc16f",1,"qwen3_8b_post",0
"4b5168c22b03fd3d7008",1,"qwen3_8b_post",0
"4c5fe7a58d7290e5e2cf",1,"qwen3_8b_post",0
"6ff481c69c437a97ed44",1,"qwen3_8b_post",0
"dfe9ac97c25270007d07",1,"qwen3_8b_post",0
"5dd57d0e99639947512f",1,"qwen3_8b_post",0
"1b54540841043d627e30",1,"qwen3_8b_post",0
"bfb854d997c65902cee2",1,"qwen3_8b_post",0
"5636c94e97c296014716",1,"qwen3_8b_post",0
"8f8519474324fb57ed90",1,"qwen3_8b_post",0
"a63985458a4cd2b0166b",1,"qwen3_8b_post",0
"80d2db5041f062454777",1,"qwen3_8b_post",0
"16a265a1afde5da4c2d7",1,"qwen3_8b_post",0
"8368c3e39b70e8d85358",1,"qwen3_8b_post",0
"d0f99441b094deb4be16",1,"qwen3_8b_post",0
"b4f2af8a2fb79a2b054a",1,"qwen3_8b_post",0
"093a34d1570f1e988b0c",1,"qwen3_8b_post",0
"91ade022620aeebd6559",1,"qwen3_8b_post",0
"160a8fce9aeea37e262e",1,"qwen3_8b_post",0
"a53c0ae21a37fa740427",1,"qwen3_8b_post",0
"3c7bf2ab3e2eadd24948",1,"qwen3_8b_post",0
"ed540af30f83c85f86ab",1,"qwen3_8b_post",0
"4ca93afb3cef350473d2",1,"qwen3_8b_post",0
"8074ea0ad9e23e92b12d",1,"qwen3_8b_post",0
"9b6ce70c188fa56a40e8",1,"qwen3_8b_post",0
"0edc9de18035c72edc17",1,"qwen3_8b_post",0
"fbd805e5420e2c57bcac",1,"qwen3_8b_post",0
"c7815cc7cb8a884ce69c",1,"qwen3_8b_post",0
"3aefb83495bad0afd4bd",1,"qwen3_8b_post",0
"7d307f71e689caa0f0db",1,"qwen3_8b_post",0
"0ed2e15e710c13cec842",1,"qwen3_8b_post",0
"a61fe589cfea5f531c62",1,"qwen3_8b_post",0
"79ba79bed8bea1e0612a",1,"qwen3_8b_post",0
"b933dac8e925312009bd",1,"qwen3_8b_post",0
"e59df55d75d21e8f3d1d",1,"qwen3_8b_post",0
"614df9697c1e5bf54d62",1,"qwen3_8b_post",0
"83f2a8b171b9fd9847b2",1,"qwen3_8b_post",0
"82fd57fc4a982fe4f4ec",1,"qwen3_8b_post",0
"e134300d6731183ddc87",1,"qwen3_8b_post",0
"20b9d2d37feb037de4fc",1,"qwen3_8b_post",0
"94c685f0390d0ae6f21a",1,"qwen3_8b_post",0
"a5f3c15c01957ba69d8a",1,"qwen3_8b_post",0
"bf8edd0e32817a94eb69",1,"qwen3_8b_post",0
"c755a1a0773634197c2e",1,"qwen3_8b_post",0
"7ce933a067e0af383545",1,"qwen3_8b_post",0
"2edd04b815ec87d46756",1,"qwen3_8b_post",0
"a66e8e34e0c4e3b417e8",1,"qwen3_8b_post",0
"65a75db84ac5475348a9",1,"qwen3_8b_post",0
"abf06649a4cc3e4a64b7",1,"qwen3_8b_post",0
"8dc13ad2f4591f0bc6ab",1,"qwen3_8b_post",0
"9b0e6d7e1712207324a7",1,"qwen3_8b_post",0
"b6c116911e50fdf04564",1,"qwen3_8b_post",0
"384564f8c8c100934c64",1,"qwen3_8b_post",0
"1dac05754b17a2878a7e",1,"qwen3_8b_post",0
"09691e7d4d9bc54f4d7c",1,"qwen3_8b_post",0
"164d41cea945aca7c4cc",1,"qwen3_8b_post",0
"56379e613e0cc9bc7648",1,"qwen3_8b_post",0
"1df408e84e3aaf72865d",1,"qwen3_8b_post",0
"c0efb8f71401b501481b",1,"qwen3_8b_post",0
"bc652224009b1e34bba7",1,"qwen3_8b_post",0
"5d8d8422b58b6a1d8427",1,"qwen3_8b_post",0
"16e34534383ab11bff2b",1,"qwen3_8b_post",0
"33e7ec73309c74b47a89",1,"qwen3_8b_post",0
"f4e1dd909b75146b14ea",1,"qwen3_8b_post",0
"9a0b02bc5ea259ce4e90",1,"qwen3_8b_post",0
"a75107bb2ccbb4741eae",1,"qwen3_8b_post",0
"4c87858649d74b97699f",1,"qwen3_8b_post",0
"1184fd854706a5cc3bf0",1,"qwen3_8b_post",0
"c32057417ebb8600c779",1,"qwen3_8b_post",0
"c9fea6c9fcc5436fe086",1,"qwen3_8b_post",0
"41a4d2c1782581d4860b",1,"qwen3_8b_post",0
"f1b2bf4f98e84b77092b",1,"qwen3_8b_post",0
"5da53b8d5d8702617c04",1,"qwen3_8b_post",0
"54b9d093703ca4f97c63",1,"qwen3_8b_post",0
"e67dbaf4c3f01c8acdc6",1,"qwen3_8b_post",0
"35641109cd39c5685b7f",1,"qwen3_8b_post",0
"4bf3137f726e6f1c19b2",1,"qwen3_8b_post",0
"a124bab9bd214b5fcd7e",1,"qwen3_8b_post",0
"cec14b1274ccd8c1212a",1,"qwen3_8b_post",0
"d942bb0654df018c27df",1,"qwen3_8b_post",0
"3cf65f6f20fe1d170e34",1,"qwen3_8b_post",0
"688991f8c2633bc56297",1,"qwen3_8b_post",0
"4d2701d6e22b9ecd8f51",1,"qwen3_8b_post",0
"cf4caea337070111a6c3",1,"qwen3_8b_post",0
"2d51f2b9caf9abea7672",1,"qwen3_8b_post",0
"54d08b64b601ab93abd2",1,"qwen3_8b_post",0
"5e1553a03aae24c562a9",1,"qwen3_8b_post",0
"43c1a9067a528c8025e3",1,"qwen3_8b_post",0
"c57bcbef3c3717c6df9e",1,"qwen3_8b_post",0
"c837bd8e25df653f23a2",1,"qwen3_8b_post",0
"e6584a4367681f18b516",1,"qwen3_8b_post",0
"daf7c5ba2ab5be7b4a48",1,"qwen3_8b_post",0
"4a8727d4619c9c05148a",1,"qwen3_8b_post",0
"2e51d374f613093a423c",1,"qwen3_8b_post",0
"9dd38cc24ea56ee7df82",1,"qwen3_8b_post",0
"82db62618853d68f199c",1,"qwen3_8b_post",0
"8b16b559b6336c5fcc74",1,"qwen3_8b_post",0
"6292c96540f8f04c9850",1,"qwen3_8b_post",0
"8566fda275c7dbc8a030",1,"qwen3_8b_post",0
"4ee632462c9003410f69",1,"qwen3_8b_post",0
"b47400fa010299828cc2",1,"qwen3_8b_post",0
"2ca1ea97b75435a84673",1,"qwen3_8b_post",0
"faeb59ab8b92fa46b084",1,"qwen3_8b_post",0
"d0fca709e77a2c36066c",1,"qwen3_8b_post",0
"d4686879f4d6431220a0",1,"qwen3_8b_post",0
"c352f2dd06e135698a1c",1,"qwen3_8b_post",0
"a53c3df8371aca2965dc",1,"qwen3_8b_post",0
"2ed126be9e0aaaab3ce0",1,"qwen3_8b_post",0
"757d3c7943fca170015a",1,"qwen3_8b_post",0
"70cdf9f501df7344e2a8",1,"qwen3_8b_post",0
"3658e6520b6ab5331f56",1,"qwen3_8b_post",0
"878712656ccbe6433324",1,"qwen3_8b_post",0
"bb9c063f23ce35fe86c2",1,"qwen3_8b_post",0
"a42b5bae1480a51cd742",1,"qwen3_8b_post",0
"b0026db5f13875f885dd",1,"qwen3_8b_post",0
"484a203d0294492bb77a",1,"qwen3_8b_post",0
"edefb47c45a77b721cdd",1,"qwen3_8b_post",0
"dd89f91ec98ed5d512e4",1,"qwen3_8b_post",0
"ec4c4974ea69a5676d7f",1,"qwen3_8b_post",0
"0dc068a4891afb22a561",1,"qwen3_8b_post",0
"91cda9f010b98b24f222",1,"qwen3_8b_post",0
"0e0b21bcd33577703382",1,"qwen3_8b_post",0
"96adec83c2fecb1881b6",1,"qwen3_8b_post",0
"803f8398708760869bf4",1,"qwen3_8b_post",0
"36fa0e5f83d919d45e26",1,"qwen3_8b_post",0
"17f63d7f49b4f37e5a42",1,"qwen3_8b_post",0
"27e500cb867a4187b711",1,"qwen3_8b_post",0
"d3a2034f6e9b9f2c06e0",1,"qwen3_8b_post",0
"0a65f8c24e6f8dc3a62b",1,"qwen3_8b_post",0
"fcecc99f1594f16dd1e2",1,"qwen3_8b_post",0
"0252f8f49072ccf7ab15",1,"qwen3_8b_post",0
"0adef0e2a4f7daaebeb9",1,"qwen3_8b_post",0
"5b165ad62b5d91f0c175",1,"qwen3_8b_post",0
"242d69c979aeb6026926",1,"qwen3_8b_post",0
"2558112702ead71b62b1",1,"qwen3_8b_post",0
"d36d63e083e47d11b262",1,"qwen3_8b_post",0
"c3f71702b477c11cc406",1,"qwen3_8b_post",0
"085b061d9a0caeed2964",1,"qwen3_8b_post",0
"919a28c5b951ce046bac",1,"qwen3_8b_post",0
"c95d24bd61066c0aaa9d",1,"qwen3_8b_post",0
"b7cf16e6f7cec35bf981",1,"qwen3_8b_post",0
"df062ce4dca6fc09da1a",1,"qwen3_8b_post",0
"f298037ef76dc88f61c3",1,"qwen3_8b_post",0
"63df1e5e91b0f9adbb3a",1,"qwen3_8b_post",0
"92355c5188121b26e8d1",1,"qwen3_8b_post",0
"42495b75fb79e09d7039",1,"qwen3_8b_post",0
"ca3d2beb3c544c9e948e",1,"qwen3_8b_post",0
"75e3dd60c65c15ec4d5c",1,"qwen3_8b_post",0
"6274258f462c187dc574",1,"qwen3_8b_post",0
"9e03719027de55beb885",1,"qwen3_8b_post",0
"df73e0360e284b97e7ac",1,"qwen3_8b_post",0
"f027e8c7e076847af132",1,"qwen3_8b_post",0
"9e8d941ea4155edf8a5f",1,"qwen3_8b_post",0
"0e8b21920c26187a0755",1,"qwen3_8b_post",0
"bff2d09bc0de77a9c625",1,"qwen3_8b_post",0
"3188446198a8b7170146",1,"qwen3_8b_post",0
"551da0ca41b5d5cec0e4",1,"qwen3_8b_post",0
"1c59bd06238eef85d8eb",1,"qwen3_8b_post",0
"9906070a3399f1668ceb",1,"qwen3_8b_post",0
"05da701ed8c6e97dfba1",1,"qwen3_8b_post",0
"23fc68aa2b83e3b494e6",1,"qwen3_8b_post",0
"805f0af9143db9a262a7",1,"qwen3_8b_post",0
"98e5573e9eac02b68ba2",1,"qwen3_8b_post",0
"29511b79223f12424a27",1,"qwen3_8b_post",0
"4bad8351160b07827128",1,"qwen3_8b_post",0
"389148bfa63c3f007e04",1,"qwen3_8b_post",0
"5f9b637be3f36feacd7a",1,"qwen3_8b_post",0
"df852edbdf3e78a1307e",1,"qwen3_8b_post",0
"517af8aba8454fb16bad",1,"qwen3_8b_post",0
"2af802595fc8e6e2580a",1,"qwen3_8b_post",0
"1dcf25787a559b5bfc61",1,"qwen3_8b_post",0
"27145d0267b2b22ea82d",1,"qwen3_8b_post",0
"311c53dbd3751c4d7a42",1,"qwen3_8b_post",0
"a9ea4cf641d0c58f01dd",1,"qwen3_8b_post",0
"bbdbbdc421aa65a966a0",1,"qwen3_8b_post",0
"1c755c078285b7a96b30",1,"qwen3_8b_post",0
"4d84f8ec7e42c61825de",1,"qwen3_8b_post",0
"156b8a6547f2ea720ca9",1,"qwen3_8b_post",0
"ca6f2abdb2ab2e9d949a",1,"qwen3_8b_post",0
"2a2a4665389813aa349b",1,"qwen3_8b_post",0
"1fffd647752faa6958a2",1,"qwen3_8b_post",0
"315ede7312afdeefc7f9",1,"qwen3_8b_post",0
"b54e4f57d57ec39445b2",1,"qwen3_8b_post",0
"7dbf46e65cf15dadd04c",1,"qwen3_8b_post",0
"2a3bd048ae5426ff4fab",1,"qwen3_8b_post",0
"d412c1f7ab7a278943ea",1,"qwen3_8b_post",0
"0e48c3dedef7f153219e",1,"qwen3_8b_post",0
"44ebdef2f84ed9b1455b",1,"qwen3_8b_post",0
"fbb1a9d0cbad80f34762",1,"qwen3_8b_post",0
"d19e6d2c9f60a1d8ae23",1,"qwen3_8b_post",0
"684e0986d1ce2e623bfb",1,"qwen3_8b_post",0
"803affe05e0627ab3ac9",1,"qwen3_8b_post",0
"c8ac2322aa6b86bdf11f",1,"qwen3_8b_post",0
"574364410b12b5239c56",1,"qwen3_8b_post",0
"921f8767b428bff551f2",1,"qwen3_8b_post",0
"0093c44dbc1e1d75a48a",1,"qwen3_8b_post",0
"1594305c0a6ac16a5a63",1,"qwen3_8b_post",0
"98100c48ac2ed5816afe",1,"qwen3_8b_post",0
"defc85f3438e9c86de46",1,"qwen3_8b_post",0
"8083cbbc5e3b2ece4cda",1,"qwen3_8b_post",0
"0de7ed590758e6daa5ff",1,"qwen3_8b_post",0
"d71670a6ef394396294f",1,"qwen3_8b_post",0
"32c6b182f77cf6b92f1d",1,"qwen3_8b_post",0
"606363011f6726a4fb08",1,"qwen3_8b_post",0
"eeef4de67db1ca280d51",1,"qwen3_8b_post",0
"d25f685f7eee04110aea",1,"qwen3_8b_post",0
"d068fafc9a2132aa74a5",1,"qwen3_8b_post",0
"1a5e995f76da68d40c4b",1,"qwen3_8b_post",0
"b25961ba8493284e427a",1,"qwen3_8b_post",0
"96b19a280c851c7208a9",1,"qwen3_8b_post",0
"47e029e06439f548da97",1,"qwen3_8b_post",0
"1f743027e15f7cfcb927",1,"qwen3_8b_post",0
"12643edfa37527b46e1e",1,"qwen3_8b_post",0
"e19ab8678b7c35036de8",1,"qwen3_8b_post",0
"772f2419cd54839d9ae1",1,"qwen3_8b_post",0
"29f0ddf37f1816d21b45",1,"qwen3_8b_post",0
"3375805b6ab48aa10433",1,"qwen3_8b_post",0
"4a0df0cc2f0fcc394d32",1,"qwen3_8b_post",0
"2bdacc1ce269b2729e4f",1,"qwen3_8b_post",0
"12acc60c64881605dcea",1,"qwen3_8b_post",0
"319d087d44efe9f8f986",1,"qwen3_8b_post",0
"a2310d4d742db4815bb8",1,"qwen3_8b_post",0
"6555cc92872e6232ba77",1,"qwen3_8b_post",0
"00e7ec4124277f2b25be",1,"qwen3_8b_post",0
"586a013400ebb0b06a33",1,"qwen3_8b_post",0
"cf6ee949728f3773ca2b",1,"qwen3_8b_post",0
"bd8ff5a4b1fef76f31a2",1,"qwen3_8b_post",0
"75459a6bec556e7fb3d9",1,"qwen3_8b_post",0
"7f5b79e6117e40e9a313",1,"qwen3_8b_post",0
"25fb459bcd99b95db5e2",1,"qwen3_8b_post",0
"ccc68da3175c4167e72a",1,"qwen3_8b_post",0
"37800204e63ed32ea445",1,"qwen3_8b_post",0
"ad6d9ba58f3eaf7fa9bf",1,"qwen3_8b_post",0
"e59cd9903af3cfa27b4a",1,"qwen3_8b_post",0
"b26f3036ac70fe07ecd5",1,"qwen3_8b_post",0
"05be4f4f77f67f35f3f4",1,"qwen3_8b_post",0
"44f0527835787ce00ab5",1,"qwen3_8b_post",0
"0b43a1bce6d4fa824059",1,"qwen3_8b_post",0
"b38930a570831f9b903f",1,"qwen3_8b_post",0
"bfff19fe29e86dec7639",1,"qwen3_8b_post",0
"88f2ec6d9804de3a5309",1,"qwen3_8b_post",0
"5416ae8fefdd7290ba04",1,"qwen3_8b_post",0
"b2989be6c7d0f5be756f",1,"qwen3_8b_post",0
"7ebb7baa86587bef0169",1,"qwen3_8b_post",0
"5416460fe69f114d4ccb",1,"qwen3_8b_post",0
"f3077f3884760f7b399b",1,"qwen3_8b_post",0
"ae08f59c559023c0ada1",1,"qwen3_8b_post",0
"75287d9cfeb6b414b970",1,"qwen3_8b_post",0
"a7726b2552480685274c",1,"qwen3_8b_post",0
"fa95a26fa69b255f9dad",1,"qwen3_8b_post",0
"6e0047d3b2096708d6ec",1,"qwen3_8b_post",0
"38e2d0d28e0ac32ca268",1,"qwen3_8b_post",0
"b8cc63bba4959b80dc84",1,"qwen3_8b_post",0
"d4b959ea464bd2d59add",1,"qwen3_8b_post",0
"a749ae2d577bfa70a253",1,"qwen3_8b_post",0
"6dbdd3c416ad29e791c9",1,"qwen3_8b_post",0
"6a190738a49147d83c45",1,"qwen3_8b_post",0
"53945ddf757c2c2c46ea",1,"qwen3_8b_post",0
"d0ec17f3c334cc7483b0",1,"qwen3_8b_post",0
"87d2056330402aee7ed0",1,"qwen3_8b_post",0
"ff81cf6faa8a49ee98e8",1,"qwen3_8b_post",0
"11ffea9edb09bf0b21e6",1,"qwen3_8b_post",0
"940c02003aff5810d817",1,"qwen3_8b_post",0
"e7032a2b4643a027271d",1,"qwen3_8b_post",0
"21b53c71ddf4709bb638",1,"qwen3_8b_post",0
"7941cb93c60ecdefc786",1,"qwen3_8b_post",0
"9eccc8dae9c36e24cd19",1,"qwen3_8b_post",0
"b33f3184a3e9253e0a1a",1,"qwen3_8b_post",0
"9787acf059b64fd35527",1,"qwen3_8b_post",0
"7717fc9e8467e11fe373",1,"qwen3_8b_post",0
"324891bfdf5886787844",1,"qwen3_8b_post",0
"401968d685b8e6cdff42",1,"qwen3_8b_post",0
"93f109cb387764926705",1,"qwen3_8b_post",0
"06e44f1e9872e9d2a506",1,"qwen3_8b_post",0
"347f879c5848ca883104",1,"qwen3_8b_post",0
"ec94d120bfb2ec26f096",1,"qwen3_8b_post",0
"16b465e34a1b48bbf6dc",1,"qwen3_8b_post",0
"98c9dafce8193065489e",1,"qwen3_8b_post",0
"923256f9505926fe17e7",1,"qwen3_8b_post",0
"8b26d8383780ebf9d731",1,"qwen3_8b_post",0
"ee81a5d6cf44c74aa516",1,"qwen3_8b_post",0
"dc77bc9da9f5fda07c5f",1,"qwen3_8b_post",0
"9de58cb105878554aa1b",1,"qwen3_8b_post",0
"25c32b8597b123cdd4f1",1,"qwen3_8b_post",0
"e6435c33f183a157e3d1",1,"qwen3_8b_post",0
"b4327c800804da09da6d",1,"qwen3_8b_post",0
"73fb45f5071b2cf06f6d",1,"qwen3_8b_post",0
"2e67f523c0f4b898c0f9",1,"qwen3_8b_post",0
"6be72b91d5378436493a",1,"qwen3_8b_post",0
"c1077aaf48ec1392ecb3",1,"qwen3_8b_post",0
"bc026fa63e75a97322b8",1,"qwen3_8b_post",0
"93f684bb801b807c1743",1,"qwen3_8b_post",0
"081fbdb15a001b91b523",1,"qwen3_8b_post",0
"11bf67fc4b53ef3a54f8",1,"qwen3_8b_post",0
"1d90a248609586209bf6",1,"qwen3_8b_post",0
"b1323809a0fe7cf9b2bb",1,"qwen3_8b_post",0
"525db8772033def1af44",1,"qwen3_8b_post",0
"62787a25804061f02151",1,"qwen3_8b_post",0
"28a24b5df1068182ca79",1,"qwen3_8b_post",0
"180fa96fb6186c1764ed",1,"qwen3_8b_post",0
"f504ee9db4ef692f4edb",1,"qwen3_8b_post",0
"8ee6809b1356fcf038fd",1,"qwen3_8b_post",0
"dfb5028d11c38191080f",1,"qwen3_8b_post",0
"44debedadd74335a7985",1,"qwen3_8b_post",0
"401b0b26df7e348d4e37",1,"qwen3_8b_post",0
"d2a32036662929dcf428",1,"qwen3_8b_post",0
"711188322d588a265ce3",1,"qwen3_8b_post",0
"07f4e1d4732de4d28d7f",1,"qwen3_8b_post",0
"a4e8d80649c5f80c989f",1,"qwen3_8b_post",0
"f73096b686d579f40891",1,"qwen3_8b_post",0
"00e21e8b56ea93d38a31",1,"qwen3_8b_post",0
"350a6096ffaf33a50112",1,"qwen3_8b_post",0
"6b7b59b23897c783b3a0",1,"qwen3_8b_post",0
"466a7f4562093639be07",1,"qwen3_8b_post",0
"bce5308deacead70ff52",1,"qwen3_8b_post",0
"fe644e12a1be322c7005",1,"qwen3_8b_post",0
"fd3701c653acb36462ce",1,"qwen3_8b_post",0
"0052feebcb01f923a39b",1,"qwen3_8b_post",0
"666077f0f55d0e941a3a",1,"qwen3_8b_post",0
"10c4a04f2287baeb4e66",1,"qwen3_8b_post",0
"66c05001ebb732488130",1,"qwen3_8b_post",0
"f97a5d2c339ff8580801",1,"qwen3_8b_post",0
"1d61437bed09d74b31b7",1,"qwen3_8b_post",0
"9a48532ccb346f0594fa",1,"qwen3_8b_post",0
"8799de90db9b1833ab23",1,"qwen3_8b_post",0
"2ee3acca68455014a496",1,"qwen3_8b_post",0
"9c712502f623eb2e70a5",1,"qwen3_8b_post",0
"4d163482a9231340148e",1,"qwen3_8b_post",0
"e4ff17e026835367f8c0",1,"qwen3_8b_post",0
"fe975677403c9758cb12",1,"qwen3_8b_post",0
"38c92f0941d666bb55a7",1,"qwen3_8b_post",0
"73e41db8cf4a22d4292b",1,"qwen3_8b_post",0
"72a8ed2a05658414d924",1,"qwen3_8b_post",0
"c7f0054a013d1cf23093",1,"qwen3_8b_post",0
"90f48ceae8b7167b4387",1,"qwen3_8b_post",0
"c4ca897f079160c12a3e",1,"qwen3_8b_post",0
"b23f4151b3c533704e6a",1,"qwen3_8b_post",0
"63b269cb9793724e1f48",1,"qwen3_8b_post",0
"4083ab700b10a0acca2d",1,"qwen3_8b_post",0
"1c850276bf590a2aac85",1,"qwen3_8b_post",0
"e03ae6ebc89ad2a7ea06",1,"qwen3_8b_post",0
"4844d3b05f45f468e27e",1,"qwen3_8b_post",0
"f41eb9266193ad919bdd",1,"qwen3_8b_post",0
"27a2884d57030ecb2ff3",1,"qwen3_8b_post",0
"f1446d68df6df8ab257e",1,"qwen3_8b_post",0
"34ef62fe06ee1655036e",1,"qwen3_8b_post",0
"6265c821a48769211bb1",1,"qwen3_8b_post",0
"927b2508c3f3b44ca515",1,"qwen3_8b_post",0
"430cc6256654a7f846f9",1,"qwen3_8b_post",0
"37b33dabe22c8fc41601",1,"qwen3_8b_post",0
"0744527f84e8b17f1d57",1,"qwen3_8b_post",0
"bb17acb3e4b3fe190393",1,"qwen3_8b_post",0
"5721e8abb8638d54ce16",1,"qwen3_8b_post",0
"4e26f6d9eb600546ab35",1,"qwen3_8b_post",0
"7d70eb53406b64d39936",1,"qwen3_8b_post",0
"15d734fca80a81cba83f",1,"qwen3_8b_post",0
"2b80fed54796083b6988",1,"qwen3_8b_post",0
"ea5f2dfc856853af14fe",1,"qwen3_8b_post",0
"3fa6b1b1855804dce8a8",1,"qwen3_8b_post",0
"3b8d02490f9a5fc641df",1,"qwen3_8b_post",0
"40ee7a666f45f071d8b0",1,"qwen3_8b_post",0
"b240ab7468ca5839af0c",1,"qwen3_8b_post",0
"66d2e371a48085e9d272",1,"qwen3_8b_post",0
"6727bb91910a0365cc2b",1,"qwen3_8b_post",0
"c10a59dec6b19c91d9b3",1,"qwen3_8b_post",0
"8fea4897ac1664c15549",1,"qwen3_8b_post",0
"37a504e4258a8ac450cf",1,"qwen3_8b_post",0
"ecbc6eb41353ac182c51",1,"qwen3_8b_post",0
"58201a172ac2673c8c15",1,"qwen3_8b_post",0
"a68cc35f8d581aaa20ae",1,"qwen3_8b_post",0
"af5943a2817fdcc1c54e",1,"qwen3_8b_post",0
"7b2d1017fa0d32f5d671",1,"qwen3_8b_post",0
"b5dcf1f385d1ccecb56f",1,"qwen3_8b_post",0
"45d5e44cb37c7a4baa95",1,"qwen3_8b_post",0
"19969499dcba7ec4cd2d",1,"qwen3_8b_post",0
"594b4e0e5d2ee4e94fd9",1,"qwen3_8b_post",0
"e86976a23bfc54d47067",1,"qwen3_8b_post",0
"dbad03fb69c59db5ce45",1,"qwen3_8b_post",0
"f4b737722af2a41c856d",1,"qwen3_8b_post",0
"ee10687b234389e74bb5",1,"qwen3_8b_post",0
"42fa31057f389fa30088",1,"qwen3_8b_post",0
"34eaf06d8a0a48cfd809",1,"qwen3_8b_post",0
"7d03724bf16e771b9006",1,"qwen3_8b_post",0
"3ce36a97d937df323612",1,"qwen3_8b_post",0
"5e849daffecf31fbed5f",1,"qwen3_8b_post",0
"2ce1d7e9267127a8ab07",1,"qwen3_8b_post",0
"a626b08c967ed025d008",1,"qwen3_8b_post",0
"be573980830ee27cca13",1,"qwen3_8b_post",0
"0c937c83c5d312d23c64",1,"qwen3_8b_post",0
"ed513f844e1705430eb3",1,"qwen3_8b_post",0
"585a5b07405ef1e1b3be",1,"qwen3_8b_post",0
"dbc34229a55f7c9ae9d1",1,"qwen3_8b_post",0
"51f9d5db05b187174c36",1,"qwen3_8b_post",0
"fc7cd610c1b41bd2d9e4",1,"qwen3_8b_post",0
"bedde6a81e3ed8198270",1,"qwen3_8b_post",0
"9a1050110e4b9e378bb0",1,"qwen3_8b_post",0
"afc13c5c9048b99b05f6",1,"qwen3_8b_post",0
"77a0e4798febfcc9f610",1,"qwen3_8b_post",0
"3ac632fa6864c6aa69c1",1,"qwen3_8b_post",0
"d4e98b2082ef9266fa6f",1,"qwen3_8b_post",0
"b7d3b840015e2ab36900",1,"qwen3_8b_post",0
"cf6bbfaca9ffab056dd5",1,"qwen3_8b_post",0
"984bfc5f094516946dd2",1,"qwen3_8b_post",0
"7ee3d54cb19b6cab507a",1,"qwen3_8b_post",0
"2ed09c1f4d60f222a622",1,"qwen3_8b_post",0
"3b28123f65443788e32a",1,"qwen3_8b_post",0
"7544712d6b9aff776d30",1,"qwen3_8b_post",0
"ba3909be1c0bb3035f55",1,"qwen3_8b_post",0
"8f8b3119ff35664d8a1c",1,"qwen3_8b_post",0
"a453dd157bf8938b2f5c",1,"qwen3_8b_post",0
"07ea805ca73d2034815e",1,"qwen3_8b_post",0
"394a25a8abb591d201e0",1,"qwen3_8b_post",0
"7d2b07cc33e48dc37f4f",1,"qwen3_8b_post",0
"1cd550830496300627a6",1,"qwen3_8b_post",0
"993f859f38b9dbbb88bb",1,"qwen3_8b_post",0
"5bc1c50f0439021ed748",1,"qwen3_8b_post",0
"484c4209f978bc342ce5",1,"qwen3_8b_post",0
"5168f8bd54abc8c93257",1,"qwen3_8b_post",0
"a53b574487c3b2f0331b",1,"qwen3_8b_post",0
"5ea11ab35b39983cf919",1,"qwen3_8b_post",0
"b32928e5acc676134616",1,"qwen3_8b_post",0
"ccb2e6974301c8b442d0",1,"qwen3_8b_post",0
"247b981ea7563572b7da",1,"qwen3_8b_post",0
"35a3715758877c6a2a02",1,"qwen3_8b_post",0
"21da1368380aa472d4c8",1,"qwen3_8b_post",0
"7b4cbf03990069b16066",1,"qwen3_8b_post",0
"fde962b335a2c4ec0dde",1,"qwen3_8b_post",0
"8d91a50007a45f1298e0",1,"qwen3_8b_post",0
"c9b7e173477876537b37",1,"qwen3_8b_post",0
"c80fb6f2f6634a3b7d57",1,"qwen3_8b_post",0
"25a7ac48db9366ed41a7",1,"qwen3_8b_post",0
"9f39b8a27e4f1c791244",1,"qwen3_8b_post",0
"89fe6e72cd91def91a92",1,"qwen3_8b_post",0
"0487864d9abba284766f",1,"qwen3_8b_post",0
"934dc3697d1afe94967c",1,"qwen3_8b_post",0
"dddb12bb8ddafb4139f3",1,"qwen3_8b_post",0
"98c819c8dbb612436736",1,"qwen3_8b_post",0
"c08fa8ac18b2eaefbc18",1,"qwen3_8b_post",0
"05bc8d135be24de5c44f",1,"qwen3_8b_post",0
"148b89d476e05b7208bb",1,"qwen3_8b_post",0
"18374b4614dbfa5299dd",1,"qwen3_8b_post",0
"fa1b2e4659ced6450ae4",1,"qwen3_8b_post",0
"aafcd7510f5dcc3ede80",1,"qwen3_8b_post",0
"bece74e94e7c779fa89f",1,"qwen3_8b_post",0
"731dc1185c70792bcd12",1,"qwen3_8b_post",0
"476058a08a671869aa6e",1,"qwen3_8b_post",0
"38ee35da9b8763c9b4a1",1,"qwen3_8b_post",0
"c020faefb9594a0ae2a1",1,"qwen3_8b_post",0
"45826163946b11775e8d",1,"qwen3_8b_post",0
"91b1d027adf1144a2a27",1,"qwen3_8b_post",0
"6553ba8f04005f4ab0b8",1,"qwen3_8b_post",0
"a38b7073cd6b238f1c9d",1,"qwen3_8b_post",0
"f5a70a6a9c16f6a8dd37",1,"qwen3_8b_post",0
"cb155c5506777e972ebc",1,"qwen3_8b_post",0
"a48c9605f97e3b6b7f66",1,"qwen3_8b_post",0
"0ea93d17779d1ea708d4",1,"qwen3_8b_post",0
"6dd7b6290145f1736ca0",1,"qwen3_8b_post",0
"cd7695333a64856db9ab",1,"qwen3_8b_post",0
"7fd9ad9ab29e75fa79a9",1,"qwen3_8b_post",0
"bda7e488ed7afff6f8a8",1,"qwen3_8b_post",0
"483a60656ee404cd12c6",1,"qwen3_8b_post",0
"76c831c11813bb27d099",1,"qwen3_8b_post",0
"3de508f9d6274c3a8143",1,"qwen3_8b_post",0
"0196c54f2c35bbb433f6",1,"qwen3_8b_post",0
"4f981deafced563598ff",1,"qwen3_8b_post",0
"ac5cd508adc76c253c61",1,"qwen3_8b_post",0
"019f737bf2b108e37c22",1,"qwen3_8b_post",0
"e7f0edec726fe7edc704",1,"qwen3_8b_post",0
"fefd9cc2632901100135",1,"qwen3_8b_post",0
"6423a7b4578cf8bf9c2c",1,"qwen3_8b_post",0
"25e088146546a77965de",1,"qwen3_8b_post",0
"f69d7d0df9f302338946",1,"qwen3_8b_post",0
"770533e39d7b425b985e",1,"qwen3_8b_post",0
"44e1b417742d7232c3e3",1,"qwen3_8b_post",0
"7630b67d6f2158399694",1,"qwen3_8b_post",0
"c8ad4ec6b6d9e7d520ab",1,"qwen3_8b_post",0
"8aa28b97ad6d4117e24d",1,"qwen3_8b_post",0
"b7968c5a7e85084404ad",1,"qwen3_8b_post",0
"94c66ec5c5cad8065fcb",1,"qwen3_8b_post",0
"d59a9b7f59b232ce7740",1,"qwen3_8b_post",0
"ff149b1eaee051d6627a",1,"qwen3_8b_post",0
"81a6dd2d25bfe91b13a4",1,"qwen3_8b_post",0
"0d4ca9d7a8afe884d37c",1,"qwen3_8b_post",0
"5309c65308ac54b12f27",1,"qwen3_8b_post",0
"c1c6f500f3e776a5d151",1,"qwen3_8b_post",0
"1bc3499b08e14b4d413b",1,"qwen3_8b_post",0
"4518ee482de2473acff1",1,"qwen3_8b_post",0
"13541078ea01ddec06c3",1,"qwen3_8b_post",0
"8ec5e3a31f5b4a5dcba9",1,"qwen3_8b_post",0
"5123f3b3c01bbec95b27",1,"qwen3_8b_post",0
"cb0d1079307b73f9c829",1,"qwen3_8b_post",0
"9228cb2703ca2bddcad7",1,"qwen3_8b_post",0
"ac0baa0352eecd86b906",1,"qwen3_8b_post",0
"3c513c37a960f9784566",1,"qwen3_8b_post",0
"de51cd772a72f5fd1391",1,"qwen3_8b_post",0
"e326b57142939472854e",1,"qwen3_8b_post",0
"bf18e5ef3c902d86ad6d",1,"qwen3_8b_post",0
"0dda5ec3423693402c1d",1,"qwen3_8b_post",0
"9013d60962fa901b0b97",1,"qwen3_8b_post",0
"fab16b45e09419fc2b56",1,"qwen3_8b_post",0
"6769396fd703531aa8d0",1,"qwen3_8b_post",0
"0edb0d863382d2470cdc",1,"qwen3_8b_post",0
"30447c8541bcde37a5e5",1,"qwen3_8b_post",0
"63ce15c86a098972ce52",1,"qwen3_8b_post",0
"c118c4289f220f44576f",1,"qwen3_8b_post",0
"3842b58693cffaf2bcc4",1,"qwen3_8b_post",0
"84a094186de0832a1231",1,"qwen3_8b_post",0
"b3a962790050c2ef3759",1,"qwen3_8b_post",0
"8ee103e288b932826bc5",1,"qwen3_8b_post",0
"cb677d6d6e5aa649b317",1,"qwen3_8b_post",0
"f173c7d3eb7fd05f51dd",1,"qwen3_8b_post",0
"e3da904c1828c789ae4d",1,"qwen3_8b_post",0
"4cbbed5c5439f73c5a2b",1,"qwen3_8b_post",0
"71c01232b5148fa2998d",1,"qwen3_8b_post",0
"e1201a29b7d54fab5cd1",1,"qwen3_8b_post",0
"57c84eeee7a853ee2d7f",1,"qwen3_8b_post",0
"54e3042d6d8d0e5d5286",1,"qwen3_8b_post",0
"36a716f1f26192eb0f12",1,"qwen3_8b_post",0
"571adb8b31e7437f7efa",1,"qwen3_8b_post",0
"934415fa3230a236ef44",1,"qwen3_8b_post",0
"89aa65f5b83363a88d42",1,"qwen3_8b_post",0
"b6606821e50f7db0c221",1,"qwen3_8b_post",0
"0b9d573b6d3c24f27b9c",1,"qwen3_8b_post",0
"b2831aabfe92fff03c90",1,"qwen3_8b_post",0
"9aa0ecae1ba0439c21af",1,"qwen3_8b_post",0
"d03986fff7f96229a392",1,"qwen3_8b_post",0
"ba8b9686d884329c2f6c",1,"qwen3_8b_post",0
"cf04ee8f1967c5ceec7a",1,"qwen3_8b_post",0
"6717cd44c4e486adf635",1,"qwen3_8b_post",0
"08097d0c329dac2e16ce",1,"qwen3_8b_post",0
"87f5aa3fa55d50f2ba66",1,"qwen3_8b_post",0
"985d5db16b47d7cbaf7f",1,"qwen3_8b_post",0
"df501c4ad52a10ad5e3b",1,"qwen3_8b_post",0
"edb5563e9367f82481c7",1,"qwen3_8b_post",0
"adb48b1323ff50e33d8e",1,"qwen3_8b_post",0
"ca62f3dde75fbbf8e6f6",1,"qwen3_8b_post",0
"13517ced8be36e35d934",1,"qwen3_8b_post",0
"27895550b6a6be5cfdb3",1,"qwen3_8b_post",0
"1fae9153065dd2f8c467",1,"qwen3_8b_post",0
"ffe93f17b0439b5f0d94",1,"qwen3_8b_post",0
"136cedfced0fff697c03",1,"qwen3_8b_post",0
"8e2f453de5f92c922408",1,"qwen3_8b_post",0
"61b1f07b551cfc6bd561",1,"qwen3_8b_post",0
"1366af0b73e8f76dda2f",1,"qwen3_8b_post",0
"e7d0709d430690df725b",1,"qwen3_8b_post",0
"cd4f280c2bbb85dd03e0",1,"qwen3_8b_post",0
"cec7126d8bfc5c841abe",1,"qwen3_8b_post",0
"b73602b1d14ca883c43b",1,"qwen3_8b_post",0
"e5e4310de665364dcd46",1,"qwen3_8b_post",0
"7f5b05935c4db8651e6f",1,"qwen3_8b_post",0
"ff15d919a100ab8307aa",1,"qwen3_8b_post",0
"2deae9db1a899824a1dc",1,"qwen3_8b_post",0
"cc5e7b29d9e529a5d892",1,"qwen3_8b_post",0
"abf2bb93cce3752091cb",1,"qwen3_8b_post",0
"5304f61aa0f9422618a0",1,"qwen3_8b_post",0
"b48010bb9567c6d7ea3c",1,"qwen3_8b_post",0
"8b3dd9a98b8cfa2d6161",1,"qwen3_8b_post",0
"a316fcc6677fdb53ae78",1,"qwen3_8b_post",0
"f73b4a1d87efbecd2e00",1,"qwen3_8b_post",0
"77f55fff00a18631de35",1,"qwen3_8b_post",0
"8eb32e3f77c2a047f6a8",1,"qwen3_8b_post",0
"684d1dbe71f5e7b22bc1",1,"qwen3_8b_post",0
"fa703d6165fe83bed23b",1,"qwen3_8b_post",0
"938264701626bb4670d2",1,"qwen3_8b_post",0
"eca512be4d330deac4be",1,"qwen3_8b_post",0
"9267e5aad66a11dfd015",1,"qwen3_8b_post",0
"3cae8c35fcbe443b134e",1,"qwen3_8b_post",0
"1d8181ecad2da6879c43",1,"qwen3_8b_post",0
"df683611a2e9f45ae4ae",1,"qwen3_8b_post",0
"8992fa28bd0664bace72",1,"qwen3_8b_post",0
"176922b06c2f606556bc",1,"qwen3_8b_post",0
"fabfe94298c6eb394fb1",1,"qwen3_8b_post",0
"fdc07697300cb6d09a1b",1,"qwen3_8b_post",0
"d79a1c39b51488409417",1,"qwen3_8b_post",0
"2df76ba9c0c738262d44",1,"qwen3_8b_post",0
"7a1e012cc4d8b5a9ece5",1,"qwen3_8b_post",0
"249f18fd29edb8fd70fc",1,"qwen3_8b_post",0
"763afac4651fe79c72c7",1,"qwen3_8b_post",0
"0d4a9f05fa0fc04f03f3",1,"qwen3_8b_post",0
"ca1fd813951d56d43818",1,"qwen3_8b_post",0
"03d9ca5452cb29a92cf5",1,"qwen3_8b_post",0
"1bba0e24496db2c106e5",1,"qwen3_8b_post",0
"b8bf397633e6eb94fcf9",1,"qwen3_8b_post",0
"acfae1f90aa9c4a85324",1,"qwen3_8b_post",0
"748a7d2533d1b4922dd4",1,"qwen3_8b_post",0
"5546dd19df44573ba657",1,"qwen3_8b_post",0
"e51a80a89872b8b1a05b",1,"qwen3_8b_post",0
"c7074583b7460f96c30a",1,"qwen3_8b_post",0
"d976681066e7ba52b488",1,"qwen3_8b_post",0
"b086ac87f38e75488112",1,"qwen3_8b_post",0
"f78e35f5d1c94349b53c",1,"qwen3_8b_post",0
"29529e6fe393ab8e48b4",1,"qwen3_8b_post",0
"c8f6c1921c612b103c3f",1,"qwen3_8b_post",0
"2d2b27bba3f6161a29ee",1,"qwen3_8b_post",0
"e35a3f01c810b2affb41",1,"qwen3_8b_post",0
"f2a42369090b4058d14d",1,"qwen3_8b_post",0
"29b2beb1c7912b309df8",1,"qwen3_8b_post",0
"246aa370f4e55330319d",1,"qwen3_8b_post",0
"7a93124a104a30e0f3dc",1,"qwen3_8b_post",0
"26566502feae4fff41b8",1,"qwen3_8b_post",0
"f466349e4d653231046c",1,"qwen3_8b_post",0
"6ba6a976833158d34fbf",1,"qwen3_8b_post",0
"6ca495432d7b4c3e1b1d",1,"qwen3_8b_post",0
"d1347cce518eb5e4b128",1,"qwen3_8b_post",0
"ceb9a5c2b35927479dbc",1,"qwen3_8b_post",0
"51b94e8d5639b07b5a76",1,"qwen3_8b_post",0
"334f6604a6651f656981",1,"qwen3_8b_post",0
"0e78d3f5e554912505c3",1,"qwen3_8b_post",0
"bc17793566bec5e14cdc",1,"qwen3_8b_post",0
"9e28073ebf87a691b43e",1,"qwen3_8b_post",0
"a99ce7c7c25e7af2304c",1,"qwen3_8b_post",0
"f511aeb92d16eee346ce",1,"qwen3_8b_post",0
"0b2504273894d5bca319",1,"qwen3_8b_post",0
"485d2f7ce13aeb0dfd07",1,"qwen3_8b_post",0
"c107d6c7ed56df446def",1,"qwen3_8b_post",0
"6d4f4aa5518fea71ffac",1,"qwen3_8b_post",0
"61f09f724e51dab1e018",1,"qwen3_8b_post",0
"3ee5634970bee7933c8c",1,"qwen3_8b_post",0
"3d0ba5a546b5c181cf0f",1,"qwen3_8b_post",0
"c344f89b2b967ad22f5a",1,"qwen3_8b_post",0
"0bfe547b04e0c74dee9f",1,"qwen3_8b_post",0
"6b94d64e351bbacfc9f0",1,"qwen3_8b_post",0
"6efdd8c08c1ce2ba3027",1,"qwen3_8b_post",0
"a74de663f377f80e16ef",1,"qwen3_8b_post",0
"54a84a251132448a2026",1,"qwen3_8b_post",0
"1dd7898776c356a6c5e5",1,"qwen3_8b_post",0
"9344b151c628238b8fc6",1,"qwen3_8b_post",0
"dc01ada04853df740388",1,"qwen3_8b_post",0
"357e6559d9350508498c",1,"qwen3_8b_post",0
"7129e4e11c2d2548a32b",1,"qwen3_8b_post",0
"fa41ac278c5f229bdba8",1,"qwen3_8b_post",0
"c9c75a50efce88e754d8",1,"qwen3_8b_post",0
"341f71436a6d5849c566",1,"qwen3_8b_post",0
"999fb37a2a929d6583bf",1,"qwen3_8b_post",0
"67f457baf6bda7f48dee",1,"qwen3_8b_post",0
"00b19a746197ecf401bc",1,"qwen3_8b_post",0
"da4e46561230f44693bc",1,"qwen3_8b_post",0
"312b73f50a55c4369bfb",1,"qwen3_8b_post",0
"191be683a83add879fcd",1,"qwen3_8b_post",0
"221fd0d5c9fea9ca12f0",1,"qwen3_8b_post",0
"707684dff00b2e6eec8a",1,"qwen3_8b_post",0
"ba959559a6746fb35b58",1,"qwen3_8b_post",0
"b49744f7a2e098259005",1,"qwen3_8b_post",0
"0bf3ff48e70294b8cbeb",1,"qwen3_8b_post",0
"3672ae67f51259daee5b",1,"qwen3_8b_post",0
"48b112a1821a6e615348",1,"qwen3_8b_post",0
"843cb462d7a39df8fbf8",1,"qwen3_8b_post",0
"7e26f1270d69f3e0f202",1,"qwen3_8b_post",0
"eb5f0901d66b7349bc3f",1,"qwen3_8b_post",0
"c7d8d4c5857c50a1bc73",1,"qwen3_8b_post",0
"915b16dcbf14334034b7",1,"qwen3_8b_post",0
"9dd7cdc1984e73cdd69f",1,"qwen3_8b_post",0
"11a4ad9f9810abd4bc56",1,"qwen3_8b_post",0
"4ab412e4fcc820161a8c",1,"qwen3_8b_post",0
"9247432bd2c5277d8fe1",1,"qwen3_8b_post",0
"0e1aafb6e94927336500",1,"qwen3_8b_post",0
"5df15e91609e9a29ceff",1,"qwen3_8b_post",0
"a85a87dc3ea5e102a8d7",1,"qwen3_8b_post",0
"cba32bc0c385afad7e20",1,"qwen3_8b_post",0
"6ff9b8a082889a5c2a8d",1,"qwen3_8b_post",0
"9281f96790c902ea66af",1,"qwen3_8b_post",0
"9920d2024036b19e1efb",1,"qwen3_8b_post",0
"a4cfd95b875bc8e516e3",1,"qwen3_8b_post",0
"a6e086c0b9438f5154a9",1,"qwen3_8b_post",0
"c722a73cecb8145351b3",1,"qwen3_8b_post",0
"cafe421ca74a10dc0c94",1,"qwen3_8b_post",0
"e3ed25ea6a82dc5d1b32",1,"qwen3_8b_post",0
"96efb4e3c73e6220899f",1,"qwen3_8b_post",0
"00420fcec8414408e2a2",1,"qwen3_8b_post",0
"03a1629d270724dcab54",1,"qwen3_8b_post",0
"d377eb34d5e74716cd63",1,"qwen3_8b_post",0
"04db10455dea82b2a492",1,"qwen3_8b_post",0
"6508b43933a0376132ef",1,"qwen3_8b_post",0
"278293bd1bcf790e1f1b",1,"qwen3_8b_post",0
"8c7705e95075dc82e33f",1,"qwen3_8b_post",0
"4f21f06414906f635f5d",1,"qwen3_8b_post",0
"6200d02c8dca9f549b94",1,"qwen3_8b_post",0
"6448f39483dc264189a7",1,"qwen3_8b_post",0
"f3220e0d5c93b2280f6f",1,"qwen3_8b_post",0
"3790683188c2a286706e",1,"qwen3_8b_post",0
"655195abb7128fe32079",1,"qwen3_8b_post",0
"ffead8c81b97301d944e",1,"qwen3_8b_post",0
"96ada5ba1ec821de231a",1,"qwen3_8b_post",0
"79a2456867bbe09a5b11",1,"qwen3_8b_post",0
"862c098f3f681347112a",1,"qwen3_8b_post",0
"64b0db1c1a91cde8a4bf",1,"qwen3_8b_post",0
"2697964aaa7599cca727",1,"qwen3_8b_post",0
"39f5e33b494bd14c1cec",1,"qwen3_8b_post",0
"a2db2b3d32ad676722fd",1,"qwen3_8b_post",0
"d1b286f66f61c5ba7ed8",1,"qwen3_8b_post",0
"9a8f03dd0ffbceb2b49a",1,"qwen3_8b_post",0
"3ff57140d90ca4acffa4",1,"qwen3_8b_post",0
"0ff5dfedabd2cbafe475",1,"qwen3_8b_post",0
"11ea2d100990e73ad623",1,"qwen3_8b_post",0
"5e6a4fcbcd20db8dbda3",1,"qwen3_8b_post",0
"060e8d00d472a1dcd2a0",1,"qwen3_8b_post",0
"d70d76abf2d189a86f6e",1,"qwen3_8b_post",0
"02b1bb5e69f38b0b2204",1,"qwen3_8b_post",0
"e83b6556ca7e7f22e40a",1,"qwen3_8b_post",0
"c4a8ebc223f321d7dc8c",1,"qwen3_8b_post",0
"fa9ea9aa49a18bc83b70",1,"qwen3_8b_post",0
"215d6d039875051bd3b7",1,"qwen3_8b_post",0
"e36fca72f4cb2241c34e",1,"qwen3_8b_post",0
"ea04aad9aababc8d9a9c",1,"qwen3_8b_post",0
"2f53b1c830bdc589128f",1,"qwen3_8b_post",0
"e8afc2e03c79b61c1ff3",1,"qwen3_8b_post",0
"06afb67e54e8a1c7811a",1,"qwen3_8b_post",0
"e4b5ac5fc8cfe8cf90ab",1,"qwen3_8b_post",0
"9a1847247fc71c555ec9",1,"qwen3_8b_post",0
"9d2d7b866d450db54187",1,"qwen3_8b_post",0
"3b4876799da18c34d49f",1,"qwen3_8b_post",0
"84dd8e8ad196765c964c",1,"qwen3_8b_post",0
"3fe026a205929d7bc616",1,"qwen3_8b_post",0
"fccb57140e148ec7da0e",1,"qwen3_8b_post",0
"bd705c272d2c5356d2ba",1,"qwen3_8b_post",0
"c9b510ef48823d61d0b1",1,"qwen3_8b_post",0
"d3890f1d27af7433d4b2",1,"qwen3_8b_post",0
"a8fb3a10e42d81516d26",1,"qwen3_8b_post",0
"4dc0774f755ef406a9ca",1,"qwen3_8b_post",0
"7e877c5a606c2e8fccd9",1,"qwen3_8b_post",0
"c118418c4a7b7ad267ca",1,"qwen3_8b_post",0
"ea261938f84cda0e7927",1,"qwen3_8b_post",0
"8ba4a77ad7a0367fcc24",1,"qwen3_8b_post",0
"9e41120aca7bab9042ff",1,"qwen3_8b_post",0
"bf5b4c2762bbf18bfc33",1,"qwen3_8b_post",0
"bd09cd7a6c5a538c764c",1,"qwen3_8b_post",0
"05501c121ab5fb295569",1,"qwen3_8b_post",0
"1fe4c131823b76cff2f7",1,"qwen3_8b_post",0
"a7ac7cb38162526d1856",1,"qwen3_8b_post",0
"66909d2f9d3e252163cd",1,"qwen3_8b_post",0
"c76945e7720cdb2f6b49",1,"qwen3_8b_post",0
"e597013993af72fcfbe7",1,"qwen3_8b_post",0
"a6edb82bd590cfa9fde9",1,"qwen3_8b_post",0
"7aedaaca671f6094449c",1,"qwen3_8b_post",0
"b9a96330855f197f3c81",1,"qwen3_8b_post",0
"6d90aab5b54cf42c3b97",1,"qwen3_8b_post",0
"b0127e7c29c1eb532aea",1,"qwen3_8b_post",0
"f1e72a2155959df491ea",1,"qwen3_8b_post",0
"4c9bce233c3d039da620",1,"qwen3_8b_post",0
"ab9b508ace8339e482da",1,"qwen3_8b_post",0
"40631925bd24dfe7533b",1,"qwen3_8b_post",0
"15f949edfcb0cf29ca37",1,"qwen3_8b_post",0
"a9de8a8af5eb96178e1a",1,"qwen3_8b_post",0
"0efe9926a8111dbaf8ed",1,"qwen3_8b_post",0
"6d0f6d5240e73dbc91e2",1,"qwen3_8b_post",0
"806c12b2e950c5d9218b",1,"qwen3_8b_post",0
"5ed2b0e31e566703a8ec",1,"qwen3_8b_post",0
"9b4cf61000fc7e21d94a",1,"qwen3_8b_post",0
"95bbcd77600e304a7274",1,"qwen3_8b_post",0
"154daa2d43502a190e89",1,"qwen3_8b_post",0
"e20ef926b7520453e2f6",1,"qwen3_8b_post",0
"63e2c5575660b1fe1f45",1,"qwen3_8b_post",0
"40bf99e2f7ca6ac9bd8f",1,"qwen3_8b_post",0
"21dbba32629cb1f03d8f",1,"qwen3_8b_post",0
"4f655631cbb9fe634a9a",1,"qwen3_8b_post",0
"449c53e00ba0c7b0c997",1,"qwen3_8b_post",0
"e5430b8baeeaeb977d11",1,"qwen3_8b_post",0
"71741f7779b83e611bc1",1,"qwen3_8b_post",0
"b3d08cf113827947028b",1,"qwen3_8b_post",0
"94718462fd96697d33c9",1,"qwen3_8b_post",0
"9138e053162380e424dd",1,"qwen3_8b_post",0
"6c4ebe0a5329b01871db",1,"qwen3_8b_post",0
"e6d31127068bc071009f",1,"qwen3_8b_post",0
"8c04b3e8f3b01163fbd8",1,"qwen3_8b_post",0
"241fa88dd7951d785a70",1,"qwen3_8b_post",0
"2ead6c63f9d0f1fb2091",1,"qwen3_8b_post",0
"c886812a4af5de975a63",1,"qwen3_8b_post",0
"d767fe0034b8fbdcdb0f",1,"qwen3_8b_post",0
"4ed80d4e624f25c916d7",1,"qwen3_8b_post",0
"ce7c7f02c96b4c1c7696",1,"qwen3_8b_post",0
"7181540d1097e95cc1c3",1,"qwen3_8b_post",0
"7836bb32f2854e10a845",1,"qwen3_8b_post",0
"d014a71cc6e735797474",1,"qwen3_8b_post",0
"0cb8cc630d7e22def0d1",1,"qwen3_8b_post",0
"d280adb1e7a7cfc7b1c9",1,"qwen3_8b_post",0
"8feb6ad53f1ed1d1a801",1,"qwen3_8b_post",0
"d02fd3723110c437a6ec",1,"qwen3_8b_post",0
"3f64c0bbbea761abc95d",1,"qwen3_8b_post",0
"8a06f756fc3155b67e99",1,"qwen3_8b_post",0
"af2de55671eb82dc55a9",1,"qwen3_8b_post",0
"65df947b1ac2d6cdb6df",1,"qwen3_8b_post",0
"f5ff5c1024504ce2d45c",1,"qwen3_8b_post",0
"e42566fc4cb196f4a25f",1,"qwen3_8b_post",0
"7ff7655afff52bd9587b",1,"qwen3_8b_post",0
"39ebadf6ae90d7bcd33f",1,"qwen3_8b_post",0
"d9cf36506993d8508693",1,"qwen3_8b_post",0
"d90aea66aed36446e2a6",1,"qwen3_8b_post",0
"28d8c75b2563fabf8cbb",1,"qwen3_8b_post",0
"4904897df464d491eb25",1,"qwen3_8b_post",0
"fceedc83bcc62201e924",1,"qwen3_8b_post",0
"d180265092dd6eba90d1",1,"qwen3_8b_post",0
"8f27a167472813b50745",1,"qwen3_8b_post",0
"4f0d15304753955f26fa",1,"qwen3_8b_post",0
"9aabb5964d5a518b2aac",1,"qwen3_8b_post",0
"d8e50735775223bccecd",1,"qwen3_8b_post",0
"1ff51b9763ceae8853e0",1,"qwen3_8b_post",0
"2d671cab8a8006d717d9",1,"qwen3_8b_post",0
"a37ca3d5d8655472b64f",1,"qwen3_8b_post",0
"b145130289fa85569610",1,"qwen3_8b_post",0
"3acae09041656ac7cf1d",1,"qwen3_8b_post",0
"d8e36a3a76992a0a707b",1,"qwen3_8b_post",0
"d3699c39d6f4b7350f10",1,"qwen3_8b_post",0
"5dc9332247c09788f92d",1,"qwen3_8b_post",0
"1949935dbf25b67707fa",1,"qwen3_8b_post",0
"a667c8be6c509ff3c85a",1,"qwen3_8b_post",0
"c40966b4de9f42961f63",1,"qwen3_8b_post",0
"2b4be6671465cd3ef59a",1,"qwen3_8b_post",0
"6f3ac772c988c2deb5fa",1,"qwen3_8b_post",0
"874d1530c858bc69fa5f",1,"qwen3_8b_post",0
"b07709f90d00a41f695a",1,"qwen3_8b_post",0
"c8bea7889a52d502bbf8",1,"qwen3_8b_post",0
"1fb016060671acd39181",1,"qwen3_8b_post",0
"7b1651d80e2a6c029d46",1,"qwen3_8b_post",0
"9902f2f9a571a3baab31",1,"qwen3_8b_post",0
"e51e1c1d467f5e047f9a",1,"qwen3_8b_post",0
"fd0fe5fbc6245cfa2c42",1,"qwen3_8b_post",0
"be0b2e849e49482aca9b",1,"qwen3_8b_post",0
"d1642d0e5183e3d555c8",1,"qwen3_8b_post",0
"365e0a3de2b1bd647d6f",1,"qwen3_8b_post",0
"4af43ecd51471c2cb2cf",1,"qwen3_8b_post",0
"87a06991b45fde6b77c8",1,"qwen3_8b_post",0
"0d0358931d73049c28f0",1,"qwen3_8b_post",0
"3b403c5935a57db7e83b",1,"qwen3_8b_post",0
"b0b6c5d7956850aa2ebf",1,"qwen3_8b_post",0
"3e4adbc24c9cc295ec89",1,"qwen3_8b_post",0
"9a66850d84ec27e448e3",1,"qwen3_8b_post",0
"acd535e91454ceab4ece",1,"qwen3_8b_post",0
"93ac4cfa3d0bfd58ba73",1,"qwen3_8b_post",0
"acb3497de0ee4b16d229",1,"qwen3_8b_post",0
"cc3ec52f603154db4471",1,"qwen3_8b_post",0
"4848de0dfa379504e62e",1,"qwen3_8b_post",0
"4db1dff40c7f48345d3e",1,"qwen3_8b_post",0
"2c72e197b2141aa473f6",1,"qwen3_8b_post",0
"a3986c97e9ac0d4a913c",1,"qwen3_8b_post",0
"887b03f55d92cf31510c",1,"qwen3_8b_post",0
"2fa4af387d797b96f5bd",1,"qwen3_8b_post",0
"b6241f23b53825374510",1,"qwen3_8b_post",0
"1db2081f9b202525302e",1,"qwen3_8b_post",0
"1e02719f5869ecbb678c",1,"qwen3_8b_post",0
"51ee8954165b3b5e0d7c",1,"qwen3_8b_post",0
"2ba767a473c7057364cf",1,"qwen3_8b_post",0
"3381e5e169223d0d6118",1,"qwen3_8b_post",0
"16152379dbedc4d9e9ea",1,"qwen3_8b_post",0
"43526503b0148f708ff2",1,"qwen3_8b_post",0
"2ae60dac17b925b1571e",1,"qwen3_8b_post",0
"9e6f822e5f33fdda180c",1,"qwen3_8b_post",0
"46f0e4b910cce380d545",1,"qwen3_8b_post",0
"9c231fd5d4442e50d8af",1,"qwen3_8b_post",0
"98a2e7e054313bded731",1,"qwen3_8b_post",0
"dddd2359f9771fd12c62",1,"qwen3_8b_post",0
"f652d41c5c1a17854b7c",1,"qwen3_8b_post",0
"f03c64e231b27d4a411a",1,"qwen3_8b_post",0
"2d81eec299efdb1d31e5",1,"qwen3_8b_post",0
"8b5b37bb1b2ad0fdb881",1,"qwen3_8b_post",0
"e6d15d534bb013bc9ac4",1,"qwen3_8b_post",0
"baaa795dd363c4549c27",1,"qwen3_8b_post",0
"429b3f5a939937eccb3d",1,"qwen3_8b_post",0
"98ca763c57a72cf196f6",1,"qwen3_8b_post",0
"38489cf2d285139447bc",1,"qwen3_8b_post",0
"2911ffcbfae59d1e0767",1,"qwen3_8b_post",0
"db4af9e038d175602e02",1,"qwen3_8b_post",0
"65fe8010c0eb0bdef665",1,"qwen3_8b_post",0
"fd73d6ed90492a3ba615",1,"qwen3_8b_post",0
"844a390f070e3803f9ee",1,"qwen3_8b_post",0
"557f8f08223bbc35c183",1,"qwen3_8b_post",0
"c927bfb01eda6d03b2a8",1,"qwen3_8b_post",0
"555b84eb8952541a4880",1,"qwen3_8b_post",0
"efc0c9ef18c961e6f6f4",1,"qwen3_8b_post",0
"90be6b2dfb4b05d45143",1,"qwen3_8b_post",0
"84e02eb64d9222fed099",1,"qwen3_8b_post",0
"b810a2815f0856556c13",1,"qwen3_8b_post",0
"d2e049a6486a3ea56e63",1,"qwen3_8b_post",0
"201431969330978b7b65",1,"qwen3_8b_post",0
"c94685f476f2a8377057",1,"qwen3_8b_post",0
"8c6db4c4b6db33e7ad40",1,"qwen3_8b_post",0
"9509b5619874cd913947",1,"qwen3_8b_post",0
"13253aeb448bb6f6812b",1,"qwen3_8b_post",0
"43c7c4a993239c030158",1,"qwen3_8b_post",0
"56fc902e93fd14ac7a1b",1,"qwen3_8b_post",0
"e2283f7ef16d44b008d7",1,"qwen3_8b_post",0
"24da05e105a0f4cb6095",1,"qwen3_8b_post",0
"6974a33445e7ec904948",1,"qwen3_8b_post",0
"313168fc549345e5cc16",1,"qwen3_8b_post",0
"a9d4785b5a13b617cf42",1,"qwen3_8b_post",0
"121939e034016e018e7a",1,"qwen3_8b_post",0
"503eede89fbf48050df0",1,"qwen3_8b_post",0
"a98d1f2a1e3f0e13334f",1,"qwen3_8b_post",0
"b6426513191ed6bd77df",1,"qwen3_8b_post",0
"e80612d5847660a7a3ec",1,"qwen3_8b_post",0
"c48a8cd8e6bcefb9e2ad",1,"qwen3_8b_post",0
"0a6d22502d8d5c90d8f5",1,"qwen3_8b_post",0
"9bd6fb4fb5a6840bf359",1,"qwen3_8b_post",0
"19cce21f5d7d0a055cec",1,"qwen3_8b_post",0
"09cea9729048b015082b",1,"qwen3_8b_post",0
"b59abed3b8055674d834",1,"qwen3_8b_post",0
"bd604fc917307a655ee7",1,"qwen3_8b_post",0
"6253d39c68ef763df28a",1,"qwen3_8b_post",0
"f1338dc8588f2b41adb1",1,"qwen3_8b_post",0
"6ba199faaa1907705853",1,"qwen3_8b_post",0
"fb35b26d8994f816d95f",1,"qwen3_8b_post",0
"ff32055c188cda68ea38",1,"qwen3_8b_post",0
"6c0bc5b0521569ea5828",1,"qwen3_8b_post",0
"f791bdf5e0195d07e50e",1,"qwen3_8b_post",0
"99478d93c37aa730a39a",1,"qwen3_8b_post",0
"11f5a908c8300a4762f6",1,"qwen3_8b_post",0
"87efb252981042f60d25",1,"qwen3_8b_post",0
"eb86292cdfe8f06d9048",1,"qwen3_8b_post",0
"4fd63e8fb02425d55f0d",1,"qwen3_8b_post",0
"2156eebe0d76a9c361ed",1,"qwen3_8b_post",0
"45f4017e764bae49fd1f",1,"qwen3_8b_post",0
"84b6b7908d62b8de2e5b",1,"qwen3_8b_post",0
"0055f41a3542f468cf36",1,"qwen3_8b_post",0
"252b727f5c7b217ebb08",1,"qwen3_8b_post",0
"f5a18a01d25a2d8b685c",1,"qwen3_8b_post",0
"9fa7e622e14296d22b0e",1,"qwen3_8b_post",0
"42236dd933539d1522ae",1,"qwen3_8b_post",0
"ad7b2ee37d7c552cf1f3",1,"qwen3_8b_post",0
"821a4cc523e21eaa58a8",1,"qwen3_8b_post",0
"2afba8e3239b048ca5e8",1,"qwen3_8b_post",0
"d04cb6c2c83a3b04e914",1,"qwen3_8b_post",0
"8a69a8fbe5e3d2ea68b5",1,"qwen3_8b_post",0
"590057ce35b6a1788e2f",1,"qwen3_8b_post",0
"d1cb0b1da8845da72990",1,"qwen3_8b_post",0
"0f32764792a20cdcb986",1,"qwen3_8b_post",0
"f47ac85e411ec28994f8",1,"qwen3_8b_post",0
"ca24497582218b628fc4",1,"qwen3_8b_post",0
"66a340dae81819480ab0",1,"qwen3_8b_post",0
"b69bc563af96877b342e",1,"qwen3_8b_post",0
"40d75fa180823e66e4dd",1,"qwen3_8b_post",0
"97c03151bcd1516102ae",1,"qwen3_8b_post",0
"cd56b3d93f81cbd5a384",1,"qwen3_8b_post",0
"8df2dc3d63426a42eb41",1,"qwen3_8b_post",0
"ca2c5dceee06cd89cffc",1,"qwen3_8b_post",0
"e96a06c48a907ce42341",1,"qwen3_8b_post",0
"6444fd918aa46bd7c2bb",1,"qwen3_8b_post",0
"cd2a263c2791794c0c66",1,"qwen3_8b_post",0
"74bb038ed85ae8de9e7f",1,"qwen3_8b_post",0
"2d148cf82e53d865de8b",1,"qwen3_8b_post",0
"2122cb97eb3a00eb9c5b",1,"qwen3_8b_post",0
"7b8da187f88d95d1e86c",1,"qwen3_8b_post",0
"b9c167d8611128aed512",1,"qwen3_8b_post",0
"4dbd50a88f7320d762a4",1,"qwen3_8b_post",0
"8d831381a04dabe9aa73",1,"qwen3_8b_post",0
"45da575075c703f3d5d1",1,"qwen3_8b_post",0
"c7b199b51601db1a9ed4",1,"qwen3_8b_post",0
"b8ffaa1caadbf029e8ca",1,"qwen3_8b_post",0
"a78d867d5a45470fa65c",1,"qwen3_8b_post",0
"fea7c49b1b26bac90a01",1,"qwen3_8b_post",0
"89993c39f061f8b0a88a",1,"qwen3_8b_post",0
"d8ee2fc0f361fd3970b3",1,"qwen3_8b_post",0
"649ee319a0ae0573b2a0",1,"qwen3_8b_post",0
"8a2f08503e1e53104c80",1,"qwen3_8b_post",0
"bef722fe1e2ab073160e",1,"qwen3_8b_post",0
"ef5b1bf3ffe3a8e12388",1,"qwen3_8b_post",0
"35b8e37df0b59663da92",1,"qwen3_8b_post",0
"37ea6fe0d3c55dff66ea",1,"qwen3_8b_post",0
"f2923f8690ce0ea39285",1,"qwen3_8b_post",0
"23f9071f18c7ba8ded16",1,"qwen3_8b_post",0
"6a6b9b38822ab04fd2b3",1,"qwen3_8b_post",0
"491fa94d75b4e6d85d5a",1,"qwen3_8b_post",0
"2c7482e074f2abf8a2fc",1,"qwen3_8b_post",0
"d90e99f5ff20e04b3390",1,"qwen3_8b_post",0
"bd5450e9453d3b0ef4f9",1,"qwen3_8b_post",0
"1e684331a09bef32587c",1,"qwen3_8b_post",0
"5420a9cf71e4d9ee4b96",1,"qwen3_8b_post",0
"64a97e0fd029253e99a6",1,"qwen3_8b_post",0
"44a249e4d5d113ae99db",1,"qwen3_8b_post",0
"587a6da2e07043df180d",1,"qwen3_8b_post",0
"141203654dd20cda89bc",1,"qwen3_8b_post",0
"1dee5f7bf7c4de65cfc3",1,"qwen3_8b_post",0
"68b6e322a2a933a8f79b",1,"qwen3_8b_post",0
"e92a5d126a850e8bfc80",1,"qwen3_8b_post",0
"bde8f8ab55863c8a0f18",1,"qwen3_8b_post",0
"dfc86ccc8c464d88c7cf",1,"qwen3_8b_post",0
"c2419724d7c26ac11159",1,"qwen3_8b_post",0
"928341944227d8362aa2",1,"qwen3_8b_post",0
"4c054f090939d344b471",1,"qwen3_8b_post",0
"a74c070c37deaf801e4a",1,"qwen3_8b_post",0
"15e598473f4aa17e7e9a",1,"qwen3_8b_post",0
"23625870301a77799bb3",1,"qwen3_8b_post",0
"76699d8c2986d6fbb23c",1,"qwen3_8b_post",0
"900d67dd8b9ae4f84c1d",1,"qwen3_8b_post",0
"bd42175777027af328ea",1,"qwen3_8b_post",0
"6e0deff3c7d34983e641",1,"qwen3_8b_post",0
"952984880c5a598f4bea",1,"qwen3_8b_post",0
"700328a094368cab09fc",1,"qwen3_8b_post",0
"4bacfe662388c875cdea",1,"qwen3_8b_post",0
"4c30dbec509feb1467fc",1,"qwen3_8b_post",0
"7d98f59ee2067f14b224",1,"qwen3_8b_post",0
"9430dd598bb7ab414bac",1,"qwen3_8b_post",0
"b90eb1a27f0d6f6d536a",1,"qwen3_8b_post",0
"4ab65aa3956aeafc862e",1,"qwen3_8b_post",0
"2d9ad2d5db57b37fca93",1,"qwen3_8b_post",0
"0ec09da7181c8c12016a",1,"qwen3_8b_post",0
"607276335b75773fba34",1,"qwen3_8b_post",0
"6359fcbb2406e3f37e98",1,"qwen3_8b_post",0
"9175662d8347f9f1d1dd",1,"qwen3_8b_post",0
"eae05bcc73dd50911c57",1,"qwen3_8b_post",0
"c44ad7d24f874c19df8d",1,"qwen3_8b_post",0
"db565bd46518ce14f2ec",1,"qwen3_8b_post",0
"f22288e4bad0ba4680da",1,"qwen3_8b_post",0
"4358db2066c3509355ad",1,"qwen3_8b_post",0
"8f1564f6f8887e381d2f",1,"qwen3_8b_post",0
"55df8073e24b322f18ca",1,"qwen3_8b_post",0
"446d904ce44c2746d96c",1,"qwen3_8b_post",0
"a3b0fd0a1b84b764551f",1,"qwen3_8b_post",0
"b14ff53150f6f4b0a6b3",1,"qwen3_8b_post",0
"ebedacd5dbba3cea10ce",1,"qwen3_8b_post",0
"b1410335880f03d7c7f1",1,"qwen3_8b_post",0
"90ed6fd1a2080750b88f",1,"qwen3_8b_post",0
"4eaae687d5377b0048ea",1,"qwen3_8b_post",0
"f3c331403cc7a9036471",1,"qwen3_8b_post",0
"1e2b66f363b1bde627bb",1,"qwen3_8b_post",0
"891524579a8a7e5d5848",1,"qwen3_8b_post",0
"c572e1faf20e756a135d",1,"qwen3_8b_post",0
"6010cebb1efb193c8951",1,"qwen3_8b_post",0
"d0abbb7f3deb843b5f76",1,"qwen3_8b_post",0
"c55090668d5db45d6036",1,"qwen3_8b_post",0
"a2f87701de799afab2c1",1,"qwen3_8b_post",0
"a7f3f6a88fca09024297",1,"qwen3_8b_post",0
"cd0fe822b6a479e74c6d",1,"qwen3_8b_post",0
"33382380a1067bf5e251",1,"qwen3_8b_post",0
"4c2a8e12b85f92c92854",1,"qwen3_8b_post",0
"5661814939f2417f6ec1",1,"qwen3_8b_post",0
"ee603ca0db315478dda6",1,"qwen3_8b_post",0
"24f65436b706f6cd64a0",1,"qwen3_8b_post",0
"5feb6ac7081807d43df9",1,"qwen3_8b_post",0
"c35b45811ca94d6eb180",1,"qwen3_8b_post",0
"9f4bc3fc844d0eca3ea1",1,"qwen3_8b_post",0
"00c0d418b7f5b85b1e6a",1,"qwen3_8b_post",0
"2efcb4411a2f587ce0c1",1,"qwen3_8b_post",0
"1ed410cda5cd01c5ade0",1,"qwen3_8b_post",0
"b73a0e4a1fee9ff1598f",1,"qwen3_8b_post",0
"7b868789201852533882",1,"qwen3_8b_post",0
"08b2226a2924928a76df",1,"qwen3_8b_post",0
"4e0bdc032523a5792e45",1,"qwen3_8b_post",0
"5f254496b11d1a5656f9",1,"qwen3_8b_post",0
"f2d4b5e22c54f3558914",1,"qwen3_8b_post",0
"4faa49f5f16ad698a40c",1,"qwen3_8b_post",0
"851ad5b7527d20973768",1,"qwen3_8b_post",0
"59361095c8d70f39bf98",1,"qwen3_8b_post",0
"4ac073ba06f3c832d80b",1,"qwen3_8b_post",0
"32e05cf8dd6a6cfab2f5",1,"qwen3_8b_post",0
"ea1a2ef04799569bb958",1,"qwen3_8b_post",0
"60eb56022951c81a507e",1,"qwen3_8b_post",0
"dbdffeb9b9315cfafbd5",1,"qwen3_8b_post",0
"89f300b933c2c0fb54ce",1,"qwen3_8b_post",0
"1e66939a2d1aa4304e47",1,"qwen3_8b_post",0
"39bde0e9f4c626a5ce63",1,"qwen3_8b_post",0
"0941b1305afaa0c5ce03",1,"qwen3_8b_post",0
"e2fee3188b4edf013a59",1,"qwen3_8b_post",0
"05cbd9d6ac471d7546cf",1,"qwen3_8b_post",0
"95bca89678d9242a05f8",1,"qwen3_8b_post",0
"ded50a45eebf12b3dfcf",1,"qwen3_8b_post",0
"b0dbb2764d52dc4721fd",1,"qwen3_8b_post",0
"73e28747931488454665",1,"qwen3_8b_post",0
"ed7e066bf91c609b6f21",1,"qwen3_8b_post",0
"e923bc403eafa7741322",1,"qwen3_8b_post",0
"0cb012fa299a0d4c5806",1,"qwen3_8b_post",0
"d16b625715934229293b",1,"qwen3_8b_post",0
"ae09d4077a3578da9df2",1,"qwen3_8b_post",0
"96256de87444613a8b49",1,"qwen3_8b_post",0
"e4d2f4f0b352a7db368b",1,"qwen3_8b_post",0
"5c0a22a54f94e86d415f",1,"qwen3_8b_post",0
"0a21d9e4dd902752f4ea",1,"qwen3_8b_post",0
"4ac3ccb2fe084e1c6fe3",1,"qwen3_8b_post",0
"2932b904ad0457f41718",1,"qwen3_8b_post",0
"97e25b55c6a5675305b4",1,"qwen3_8b_post",0
"e3c5fcb96f7ee8f072f2",1,"qwen3_8b_post",0
"158715e64282e2e842cb",1,"qwen3_8b_post",0
"3c20c805edbcfd44ccce",1,"qwen3_8b_post",0
"6f8e9ccca08b67ea4abd",1,"qwen3_8b_post",0
"12bdba7bbfa97bb04d87",1,"qwen3_8b_post",0
"3488f68020adf3d6f433",1,"qwen3_8b_post",0
"d7a1aca4ef3a7c8a5dc4",1,"qwen3_8b_post",0
"27c50f05cc1e577e1bc4",1,"qwen3_8b_post",0
"3ef8d120a1dd65e1dd12",1,"qwen3_8b_post",0
"8af13fae2ffd2bd8434d",1,"qwen3_8b_post",0
"8ed31c2e1e29d3131d92",1,"qwen3_8b_post",0
"4614ab6c4c81b1db6bdb",1,"qwen3_8b_post",0
"cfde6aa57e7fec2fe57c",1,"qwen3_8b_post",0
"1357945e8d18461f7ecf",1,"qwen3_8b_post",0
"f8178b0fad0d18060946",1,"qwen3_8b_post",0
"dfe217a037f7f423a5fb",1,"qwen3_8b_post",0
"e9a8b1e22e0d4e023932",1,"qwen3_8b_post",0
"fc46955457ed5e2acf90",1,"qwen3_8b_post",0
"99d88482ab9de3a816a9",1,"qwen3_8b_post",0
"28288e85cc9b1a2ef922",1,"qwen3_8b_post",0
"ae24b900dfea379c605d",1,"qwen3_8b_post",0
"fbcb93db162c1aeaa7aa",1,"qwen3_8b_post",0
"4061fd5ad0be93fa36ce",1,"qwen3_8b_post",0
"f48a0c3cffcc8b93c5b9",1,"qwen3_8b_post",0
"42fa84210db1f3e1c1d0",1,"qwen3_8b_post",0
"6a2bc4c5935720093f15",1,"qwen3_8b_post",0
"f61a3738504c11e597a7",1,"qwen3_8b_post",0
"16b6f76dabc5cd296668",1,"qwen3_8b_post",0
"b54ea055614d7bef2962",1,"qwen3_8b_post",0
"ad0dbfa44749e64da859",1,"qwen3_8b_post",0
"9e117993601751ba280c",1,"qwen3_8b_post",0
"1d7cd33d5219ee1994e9",1,"qwen3_8b_post",0
"37e088ce72900267a491",1,"qwen3_8b_post",0
"d3ea01d9c798ab85f30f",1,"qwen3_8b_post",0
"6a60e494dfcc7effb980",1,"qwen3_8b_post",0
"970b98360e9aa9cd2939",1,"qwen3_8b_post",0
"4fcf2069c20edc770fe7",1,"qwen3_8b_post",0
"94c9fa8904822750d880",1,"qwen3_8b_post",0
"637047ba64c13d6ba8ee",1,"qwen3_8b_post",0
"53fd2c573854c425dcb6",1,"qwen3_8b_post",0
"3c3109d7676b39824161",1,"qwen3_8b_post",0
"00dd66f57d9562e75dce",1,"qwen3_8b_post",0
"33537acb577dec20c9ed",1,"qwen3_8b_post",0
"0589353f5df754a9f476",1,"qwen3_8b_post",0
"e0b819bfa21ca0ac1e66",1,"qwen3_8b_post",0
"c9069315dd8427e2756a",1,"qwen3_8b_post",0
"fc88c5cd403a792754ce",1,"qwen3_8b_post",0
"ae60d2e7ed0e2f3e94a9",1,"qwen3_8b_post",0
"82e0e77c659449333dcd",1,"qwen3_8b_post",0
"c5239be72927bac04227",1,"qwen3_8b_post",0
"b7f62d6aa4abe2d594f6",1,"qwen3_8b_post",0
"6fc930ce3cd166e8dc2c",1,"qwen3_8b_post",0
"d757c27d17fe4956fe83",1,"qwen3_8b_post",0
"82f64cf2c8785ddfe3b3",1,"qwen3_8b_post",0
"7007068ca753ffe3be05",1,"qwen3_8b_post",0
"ed7c1226e90f969f06ab",1,"qwen3_8b_post",0
"52e51b242c7cf9b90b50",1,"qwen3_8b_post",0
"946c26e76731a647e302",1,"qwen3_8b_post",0
"bfe7e3437d9d94575e11",1,"qwen3_8b_post",0
"4b75d84f118f0e154bfa",1,"qwen3_8b_post",0
"312073769d1aa07ee0f2",1,"qwen3_8b_post",0
"d5b14e3c901e183559b7",1,"qwen3_8b_post",0
"576f83d2698e5689070a",1,"qwen3_8b_post",0
"f7ca59ac2c1b0a4f54b6",1,"qwen3_8b_post",0
"b4ab9e59dff5aa3de33e",1,"qwen3_8b_post",0
"7b1f1be6aa5915cfb0be",1,"qwen3_8b_post",0
"af6525dbe2019b70aa44",1,"qwen3_8b_post",0
"d5cba9e7a0c9ca8ca7c0",1,"qwen3_8b_post",0
"34eddccaf86ba36b5a03",1,"qwen3_8b_post",0
"8bd8280606ef62da0013",1,"qwen3_8b_post",0
"5612201dae8d206e6075",1,"qwen3_8b_post",0
"566f9bf94be9af9a455b",1,"qwen3_8b_post",0
"ac7dbe21fe7f3ed0082e",1,"qwen3_8b_post",0
"2cf90886242f68b96872",1,"qwen3_8b_post",0
"8f45118bc5af8db7488d",1,"qwen3_8b_post",0
"6b1d8a9a48ca99424cac",1,"qwen3_8b_post",0
"8f28481676fc7ebcebb4",1,"qwen3_8b_post",0
"d031a583ac08c1496485",1,"qwen3_8b_post",0
"636aa2d1e82ff6197815",1,"qwen3_8b_post",0
"d2df7d2668230af7705a",1,"qwen3_8b_post",0
"2392359d0af394fc6fd0",1,"qwen3_8b_post",0
"b416c4ea3793cd39617a",1,"qwen3_8b_post",0
"773c2cffaef3abc5c4b4",1,"qwen3_8b_post",0
"1be548ee7c2a34839904",1,"qwen3_8b_post",0
"1c306e60900cffb08d44",1,"qwen3_8b_post",0
"08c3138182cc041329f3",1,"qwen3_8b_post",0
"71c91638d71714aec4b1",1,"qwen3_8b_post",0
"4c2dfed51b052fb273c6",1,"qwen3_8b_post",0
"9f0933f02ef62c455819",1,"qwen3_8b_post",0
"115cbb0672d685a9be0f",1,"qwen3_8b_post",0
"833b7d23c54bb49650b6",1,"qwen3_8b_post",0
"ee20aaf1d2b602befdab",1,"qwen3_8b_post",0
"82e923eaae468bd322d3",1,"qwen3_8b_post",0
"a881b8c01200dc99ec34",1,"qwen3_8b_post",0
"11a162b54b38b920baac",1,"qwen3_8b_post",0
"c08467a3b07dda40f4af",1,"qwen3_8b_post",0
"07089b1ff5c8b184e0df",1,"qwen3_8b_post",0
"4fd532563153cfe2bd43",1,"qwen3_8b_post",0
"c85b786e4321a0533dd6",1,"qwen3_8b_post",0
"1c248723487fe2b7448e",1,"qwen3_8b_post",0
"1f096a27534d4ba7837c",1,"qwen3_8b_post",0
"676d2c28b424c4d6037d",1,"qwen3_8b_post",0
"ed219dbf462dd47a7d97",1,"qwen3_8b_post",0
"ba254c8fca33d54945cc",1,"qwen3_8b_post",0
"3671782206af977fcd53",1,"qwen3_8b_post",0
"d9e20965ecc5a6a26f6a",1,"qwen3_8b_post",0
"f5dc380557a559ed018a",1,"qwen3_8b_post",0
"bc4923f8efc308f578cd",1,"qwen3_8b_post",0
"1304a9d44e87db62d33d",1,"qwen3_8b_post",0
"b771ff0de53e5997457b",1,"qwen3_8b_post",0
"8bde99f4a75042c20162",1,"qwen3_8b_post",0
"5aada0e1237a9f77d4a3",1,"qwen3_8b_post",0
"0671a976c9bef6a7059c",1,"qwen3_8b_post",0
"c09a4b45f90424fda31a",1,"qwen3_8b_post",0
"c9b395dcbedbc6291628",1,"qwen3_8b_post",0
"c21cc2da7395e00f2bf2",1,"qwen3_8b_post",0
"646044973ea6ca913be2",1,"qwen3_8b_post",0
"9b46d8be841474b3ff64",1,"qwen3_8b_post",0
"455737e3b4eec1465c2a",1,"qwen3_8b_post",0
"faa98b1179f9887bad59",1,"qwen3_8b_post",0
"9152d6aef30ed71c8f94",1,"qwen3_8b_post",0
"6a44de8410cd8151603c",1,"qwen3_8b_post",0
"6061a483b4bdf0192658",1,"qwen3_8b_post",0
"407ee66d38e7f102e2ac",1,"qwen3_8b_post",0
"7404ef160d6fbb2310e8",1,"qwen3_8b_post",0
"0ff2fac707d902d1600e",1,"qwen3_8b_post",0
"d9bc8e96eae1086ffcc7",1,"qwen3_8b_post",0
"0a5d7a9c4881cb01ba68",1,"qwen3_8b_post",0
"6bbe79beff8aafa3ef73",1,"qwen3_8b_post",0
"ee37c3839df81c4484c8",1,"qwen3_8b_post",0
"8e5e711d47350f570cd0",1,"qwen3_8b_post",0
"829296938356fba9ce5e",1,"qwen3_8b_post",0
"a67a89e8c548369536da",1,"qwen3_8b_post",0
"2c7e146e43a6ecc9fbcd",1,"qwen3_8b_post",0
"8985ea97777ae3f25120",1,"qwen3_8b_post",0
"278a284c9a86ffd60233",1,"qwen3_8b_post",0
"82179c9d4aea87ddc262",1,"qwen3_8b_post",0
"6e1170ccb6e787dffbba",1,"qwen3_8b_post",0
"af062026a281639eb229",1,"qwen3_8b_post",0
"16abe9888fae64d53435",1,"qwen3_8b_post",0
"ef6e85ee55c983e31689",1,"qwen3_8b_post",0
"8bd2ebb24cf921fefa26",1,"qwen3_8b_post",0
"32a990621492647cce2b",1,"qwen3_8b_post",0
"27aca1a3635a3aed4599",1,"qwen3_8b_post",0
"cf0ca601789d326e1417",1,"qwen3_8b_post",0
"ff16ea8452d09216dd40",1,"qwen3_8b_post",0
"dea984d8c19af8137484",1,"qwen3_8b_post",0
"c5b4b4aeca76d4bdce4e",1,"qwen3_8b_post",0
"6bc5b25482021807d636",1,"qwen3_8b_post",0
"f7c8b07b33ad74254d13",1,"qwen3_8b_post",0
"4782821b134b4989d21e",1,"qwen3_8b_post",0
"33773e2b227ff0f6aec8",1,"qwen3_8b_post",0
"25f1ca6e456b866518ce",1,"qwen3_8b_post",0
"e1b47b212359e60da230",1,"qwen3_8b_post",0
"b61abe868e81805d91f3",1,"qwen3_8b_post",0
"316b41c4be6096d09ac5",1,"qwen3_8b_post",0
"887ebc5d852ebdd44f75",1,"qwen3_8b_post",0
"25259d5606abdf42f03d",1,"qwen3_8b_post",0
"78bfbea6e3528e712e20",1,"qwen3_8b_post",0
"2acea3af0fd63824d02c",1,"qwen3_8b_post",0
"6939c9d88294a857be72",1,"qwen3_8b_post",0
"bc9544538504f1f167bc",1,"qwen3_8b_post",0
"d0277aacf7269981ba54",1,"qwen3_8b_post",0
"9b5f1dbb877b6f4660ff",1,"qwen3_8b_post",0
"80cdbfaccf47d68a342a",1,"qwen3_8b_post",0
"57d5381f6a7653a26a9e",1,"qwen3_8b_post",0
"35aef5856e77baa1727e",1,"qwen3_8b_post",0
"bc032b7cd49870554566",1,"qwen3_8b_post",0
"e1777d677e9b502abdd8",1,"qwen3_8b_post",0
"ea1b1d1233b29700fed4",1,"qwen3_8b_post",0
"70ba378d536415860faf",1,"qwen3_8b_post",0
"203c202d86f299874756",1,"qwen3_8b_post",0
"4c310e83239e91a0796b",1,"qwen3_8b_post",0
"b015be51c5a5cbd8fa7d",1,"qwen3_8b_post",0
"133d01a7b2793bc77a8f",1,"qwen3_8b_post",0
"f6a76c983932534d1ba3",1,"qwen3_8b_post",0
"ddfb83d0f765467a0785",1,"qwen3_8b_post",0
"a8c9c7403c45cb8a5d9e",1,"qwen3_8b_post",0
"ac847d24f4a339033d22",1,"qwen3_8b_post",0
"3d85da447a6b692ca836",1,"qwen3_8b_post",0
"5ab1f124e57dcf9c0a84",1,"qwen3_8b_post",0
"ac1d1f91e30c70e82163",1,"qwen3_8b_post",0
"9640c9934b112076e9cd",1,"qwen3_8b_post",0
"ef6f6c5a801333537649",1,"qwen3_8b_post",0
"20d9a32e8fd075f3d150",1,"qwen3_8b_post",0
"30c990d8efe7ff22d781",1,"qwen3_8b_post",0
"d9a6f820d3b84b3cfef3",1,"qwen3_8b_post",0
"9fd89f5d2de8e7afd404",1,"qwen3_8b_post",0
"28b5df60cb2f83bdf9fc",1,"qwen3_8b_post",0
"d4f8a9f161aedf4365e7",1,"qwen3_8b_post",0
"3a97ec8ddfbb2ae0129c",1,"qwen3_8b_post",0
"df3ed8263761afee5e57",1,"qwen3_8b_post",0
"43e06dc20edeb326662c",1,"qwen3_8b_post",0
"3e45943e0a5046c5ff4f",1,"qwen3_8b_post",0
"ff1eee09fc14d7c60ae6",1,"qwen3_8b_post",0
"a14455ebc82977e23615",1,"qwen3_8b_post",0
"14673358faeab8c34ad9",1,"qwen3_8b_post",0
"26e72cd69064b34bc4a7",1,"qwen3_8b_post",0
"4f64e1bbed40d8de4d45",1,"qwen3_8b_post",0
"54dbdb41bcc2e0e266ea",1,"qwen3_8b_post",0
"7425825e72e5544e5a4d",1,"qwen3_8b_post",0
"b20dda9b7433e9d7f086",1,"qwen3_8b_post",0
"e08969682d3a9f47fae8",1,"qwen3_8b_post",0
"f7ab21391d5cf793f927",1,"qwen3_8b_post",0
"0f80df617d255a8d8cdb",1,"qwen3_8b_post",0
"e8de30084d8114f8a824",1,"qwen3_8b_post",0
"9233cf36fe67bf536fc6",1,"qwen3_8b_post",0
"366d24bd67c1dbcf2745",1,"qwen3_8b_post",0
"c7b600976ff26ffc058d",1,"qwen3_8b_post",0
"4008be9b30b4424922b1",1,"qwen3_8b_post",0
"8a02ae74adf33a114838",1,"qwen3_8b_post",0
"d7d2634729e46979015a",1,"qwen3_8b_post",0
"6c884b4655ee906f25e5",1,"qwen3_8b_post",0
"253d842190687a6394bc",1,"qwen3_8b_post",0
"244f4ad93d41e0baa50c",1,"qwen3_8b_post",0
"e71a32dbaffe81c37e3c",1,"qwen3_8b_post",0
"c4c6fa50595db956b085",1,"qwen3_8b_post",0
"ad3f0b3b7962797bc8dc",1,"qwen3_8b_post",0
"17023dbc3c3c57d3c617",1,"qwen3_8b_post",0
"029303ebb9eb9d68fafd",1,"qwen3_8b_post",0
"e135657167b343b70530",1,"qwen3_8b_post",0
"d601c026f95684f59663",1,"qwen3_8b_post",0
"d8081cc95d9061a44985",1,"qwen3_8b_post",0
"1caca3bcca4b2b89490e",1,"qwen3_8b_post",0
"6f6d593e505eb26c02e8",1,"qwen3_8b_post",0
"36cbcf30d0cab2881de4",1,"qwen3_8b_post",0
"b24db329ba70124ef77a",1,"qwen3_8b_post",0
"e734dd766774db558034",1,"qwen3_8b_post",0
"f35930c5e136b324a7db",1,"qwen3_8b_post",0
"9279138dd8c3b11534a7",1,"qwen3_8b_post",0
"c1b333318b63a7b812ae",1,"qwen3_8b_post",0
"9ddf94a1c5b69a403233",1,"qwen3_8b_post",0
"337f4ee198f47eb21c87",1,"qwen3_8b_post",0
"1fc1f1ea05abaa074811",1,"qwen3_8b_post",0
"b525806511ab745887eb",1,"qwen3_8b_post",0
"7c1fc6420507217d8572",1,"qwen3_8b_post",0
"a2501685e7f33f87b106",1,"qwen3_8b_post",0
"71ac91052d9dd966a372",1,"qwen3_8b_post",0
"1a01fa8bb7ab6b613466",1,"qwen3_8b_post",0
"ee6cc26e82479d0483a4",1,"qwen3_8b_post",0
"995f57fc39ed034f4ce6",1,"qwen3_8b_post",0
"99270bb834e3df37143c",1,"qwen3_8b_post",0
"761b6b93bf9d0dcc4a90",1,"qwen3_8b_post",0
"3ffe9ec5140f9a10423b",1,"qwen3_8b_post",0
"2fa2a1f4edcd168b5afb",1,"qwen3_8b_post",0
"3b008d55b24c30ef1c8f",1,"qwen3_8b_post",0
"f8d7393fb6b600ccc48b",1,"qwen3_8b_post",0
"de85270462a86049a6bb",1,"qwen3_8b_post",0
"660e0af53c6e2700c46b",1,"qwen3_8b_post",0
"d0b85e15341e17189335",1,"qwen3_8b_post",0
"ba38de3732901330f363",1,"qwen3_8b_post",0
"34aa47176bfb7f54e251",1,"qwen3_8b_post",0
"3cd189aff7ab10b51ac4",1,"qwen3_8b_post",0
"779b0a03a9116fff6c1c",1,"qwen3_8b_post",0
"125f72b0b9df840874bd",1,"qwen3_8b_post",0
"79ca1e9cbb5bec9bd34e",1,"qwen3_8b_post",0
"2b5979c97844891eb2e5",1,"qwen3_8b_post",0
"cf8a6841b7c8bc706aeb",1,"qwen3_8b_post",0
"e4684e01a656ea088f84",1,"qwen3_8b_post",0
"6ba988fae25aa0e2d28e",1,"qwen3_8b_post",0
"d101de1dd9893fda9fa0",1,"qwen3_8b_post",0
"390765091ad255148c4c",1,"qwen3_8b_post",0
"e00bd22ba2f7495c4377",1,"qwen3_8b_post",0
"3eb1cee2be0533f15dea",1,"qwen3_8b_post",0
"5460c117d3a93cd39075",1,"qwen3_8b_post",0
"06854e895cea40d34d9c",1,"qwen3_8b_post",0
"f7ba2837f02238b79bf7",1,"qwen3_8b_post",0
"f23ed8e09f35416a7048",1,"qwen3_8b_post",0
"4c5f3b4e49dcab3e7ad6",1,"qwen3_8b_post",0
"23585509b61cdf2b66c3",1,"qwen3_8b_post",0
"eda52bf9781efcbf56a0",1,"qwen3_8b_post",0
"f22afc4e4942a0d191e8",1,"qwen3_8b_post",0
"729d7a72fbafeee42adf",1,"qwen3_8b_post",0
"6aaf3a2933266ad17e44",1,"qwen3_8b_post",0
"52552918c6336365a328",1,"qwen3_8b_post",0
"d13162abce74ded8a120",1,"qwen3_8b_post",0
"bb661376633747a8d6d6",1,"qwen3_8b_post",0
"701bdfcd77c1a349a077",1,"qwen3_8b_post",0
"d602d712130c25589b1d",1,"qwen3_8b_post",0
"b8ca530bac24713eea4b",1,"qwen3_8b_post",0
"a9bf831d9d6fa491f489",1,"qwen3_8b_post",0
"c0bb7ef31b521b7c18af",1,"qwen3_8b_post",0
"807b72612d1d0b362e1d",1,"qwen3_8b_post",0
"b7a1ebc7d8cddb1b3527",1,"qwen3_8b_post",0
"b52ad8af4afeec6f3479",1,"qwen3_8b_post",0
"e7e24be803e5aa91edcf",1,"qwen3_8b_post",0
"1b42c0f52045dbd544d9",1,"qwen3_8b_post",0
"8df9dfa523f195c0a758",1,"qwen3_8b_post",0
"ddf85359720ebf45f522",1,"qwen3_8b_post",0
"fb597e0c458270bc4df0",1,"qwen3_8b_post",0
"5c4980bb2703a1ca0acb",1,"qwen3_8b_post",0
"65fd51c35269b9e81f65",1,"qwen3_8b_post",0
"d20c380b0419ce9b32b3",1,"qwen3_8b_post",0
"b319309ae117994a4731",1,"qwen3_8b_post",0
"4055165709c6a41aebcf",1,"qwen3_8b_post",0
"5f86ddd74abe65ca93e5",1,"qwen3_8b_post",0
"068e54305f82f309afba",1,"qwen3_8b_post",0
"6a1cc624c3e771a8a3c2",1,"qwen3_8b_post",0
"9459895178bc99d2d4ce",1,"qwen3_8b_post",0
"17cbe84e56df31551dd7",1,"qwen3_8b_post",0
"5a3cb9fb59bb6566204c",1,"qwen3_8b_post",0
"b5c4927c0f9732148c83",1,"qwen3_8b_post",0
"dde488cb03b48057a004",1,"qwen3_8b_post",0
"20660ddadffd8de19441",1,"qwen3_8b_post",0
"d48a000af25e117ec254",1,"qwen3_8b_post",0
"427aecec0ad1919c1618",1,"qwen3_8b_post",0
"671b19081adc6faa9b81",1,"qwen3_8b_post",0
"f1fa6486394edfb74155",1,"qwen3_8b_post",0
"a084ef8fc73b85b820d1",1,"qwen3_8b_post",0
"bd67f7591151bcbf0942",1,"qwen3_8b_post",0
"e5f9c2c532e8fd6d7cd5",1,"qwen3_8b_post",0
"14bb36aa4867bdc4255f",1,"qwen3_8b_post",0
"dfe53fe06af9a78bce3e",1,"qwen3_8b_post",0
"9ad9a5f766a0184e5364",1,"qwen3_8b_post",0
"2a503dfbaefbb98ed14c",1,"qwen3_8b_post",0
"533a7138486846a4fcce",1,"qwen3_8b_post",0
"06298bcadf1c35fe4e2d",1,"qwen3_8b_post",0
"3d9d7a207cef3ff6ff90",1,"qwen3_8b_post",0
"ebc9944a12547d039226",1,"qwen3_8b_post",0
"d416f4cc3eefc5b86baa",1,"qwen3_8b_post",0
"4aeee0fa8c938abc8dd0",1,"qwen3_8b_post",0
"e97f92a4fc8378b58a17",1,"qwen3_8b_post",0
"d8f309703c027b9d618b",1,"qwen3_8b_post",0
"3764f7380df03bc45cf5",1,"qwen3_8b_post",0
"61c78df1b6ea5669acfc",1,"qwen3_8b_post",0
"6c535073301b56509a52",1,"qwen3_8b_post",0
"9a0f7ff61e87089866c9",1,"qwen3_8b_post",0
"1a97526bf26fce3887b4",1,"qwen3_8b_post",0
"4b557f36abffb0900074",1,"qwen3_8b_post",0
"9cb6fbba40e1b0620036",1,"qwen3_8b_post",0
"b4fff08c76fa1bd48cd8",1,"qwen3_8b_post",0
"dd64de3ac73ffc4feb35",1,"qwen3_8b_post",0
"b42a8543fc53eb32bcf9",1,"qwen3_8b_post",0
"39c78b8a008d5838f1d8",1,"qwen3_8b_post",0
"819f56c1e90c558392db",1,"qwen3_8b_post",0
"21bed9c86e77f0bb0dd6",1,"qwen3_8b_post",0
"1b884cf0b9f9e3874678",1,"qwen3_8b_post",0
"4bc366f00130db79c49d",1,"qwen3_8b_post",0
"1698cd7be554b06ff0a9",1,"qwen3_8b_post",0
"3fe73cc7f9f9695605c7",1,"qwen3_8b_post",0
"420e4837a0695bce2475",1,"qwen3_8b_post",0
"a724d144b611da7d8083",1,"qwen3_8b_post",0
"9e50681225c5fdd696e7",1,"qwen3_8b_post",0
"7d3b2ef0ef21f8b28f96",1,"qwen3_8b_post",0
"bf7aa6de965e2e6faffb",1,"qwen3_8b_post",0
"8cd971a62f839f4c2888",1,"qwen3_8b_post",0
"3d623f7b4cd5d5f793bd",1,"qwen3_8b_post",0
"455975c4ad1e23eef111",1,"qwen3_8b_post",0
"3df75f94e2635db55e16",1,"qwen3_8b_post",0
"7d89e13518bbfc5619cb",1,"qwen3_8b_post",0
"1730e58be56c92690540",1,"qwen3_8b_post",0
"865cd021a23bead1d239",1,"qwen3_8b_post",0
"7c601e93858b181a46e1",1,"qwen3_8b_post",0
"06edb03d9d155c49cf8a",1,"qwen3_8b_post",0
"14ee072f3f0433477eb7",1,"qwen3_8b_post",0
"1d95b0670d325102fdd0",1,"qwen3_8b_post",0
"09e669bf7ce88f1692c1",1,"qwen3_8b_post",0
"fa7cd63fd7dc095a4159",1,"qwen3_8b_post",0
"22ee04394381f8986dc1",1,"qwen3_8b_post",0
"89d4624cd6aa030f626e",1,"qwen3_8b_post",0
"81b91d597e122441d38e",1,"qwen3_8b_post",0
"b416bd8fea2a18a10dd3",1,"qwen3_8b_post",0
"707f6e343acaefe66b4c",1,"qwen3_8b_post",0
"f706609548e3fc6c3859",1,"qwen3_8b_post",0
"34f7a05d7ff0d77d4477",1,"qwen3_8b_post",0
"8eced63f5dbbe143467a",1,"qwen3_8b_post",0
"dc4bc8dd76635121c125",1,"qwen3_8b_post",0
"30f8f6b345ecb5569e5f",1,"qwen3_8b_post",0
"610ddc07d0e7465bf55c",1,"qwen3_8b_post",0
"fc78b174369e639a13fd",1,"qwen3_8b_post",0
"7179d5a6c92cf7db52f3",1,"qwen3_8b_post",0
"41845c7c1b9d2cf2098e",1,"qwen3_8b_post",0
"eaac07e22e848dab1817",1,"qwen3_8b_post",0
"365ca747d034f8022fb8",1,"qwen3_8b_post",0
"49d50af3edb240e91b03",1,"qwen3_8b_post",0
"c3dabdf8b6dd3af2c54b",1,"qwen3_8b_post",0
"a2b7e2da1aee5db01b2f",1,"qwen3_8b_post",0
"9f48a3e604f0b7f75f03",1,"qwen3_8b_post",0
"c89c2c462109f91c9574",1,"qwen3_8b_post",0
"1a5cb698a7d857391530",1,"qwen3_8b_post",0
"01740d2bb3d220329797",1,"qwen3_8b_post",0
"d4aead1a0c3f9f1eaed0",1,"qwen3_8b_post",0
"6ce225af043d46b2747a",1,"qwen3_8b_post",0
"ad35d90babd1322e96ae",1,"qwen3_8b_post",0
"c1c15926e3c57cee0b83",1,"qwen3_8b_post",0
"a8a188d3f230f1d0e47d",1,"qwen3_8b_post",0
"87908e23fb2d970fef4b",1,"qwen3_8b_post",0
"6deaf13586a2fc6469b0",1,"qwen3_8b_post",0
"93243c132c0a983e987a",1,"qwen3_8b_post",0
"675a6f6dc01e13fa7009",1,"qwen3_8b_post",0
"2738186bba2c52ba7672",1,"qwen3_8b_post",0
"2c33f8ea31c990d952d4",1,"qwen3_8b_post",0
"8af477f290bb8c9ce017",1,"qwen3_8b_post",0
"e0df2b6f20f4180667d0",1,"qwen3_8b_post",0
"9e130a03c63395dbabd6",1,"qwen3_8b_post",0
"a72c9fad6cf691542225",1,"qwen3_8b_post",0
"a6aaca4cc2ffc9f31310",1,"qwen3_8b_post",0
"9e1105e258448f7ef8ee",1,"qwen3_8b_post",0
"888fde3487824d4073a8",1,"qwen3_8b_post",0
"7e57fea0a2e497603584",1,"qwen3_8b_post",0
"2fd5a7f540629910d31a",1,"qwen3_8b_post",0
"9528144257eeaaefcee1",1,"qwen3_8b_post",0
"b41cef6c1ec333ad3b25",1,"qwen3_8b_post",0
"badc750bcfdde8af4663",1,"qwen3_8b_post",0
"9b152f3164429275d56a",1,"qwen3_8b_post",0
"643ba71011b27c101955",1,"qwen3_8b_post",0
"c936d3e89cda229427ac",1,"qwen3_8b_post",0
"c73c1fa69eef926cf14d",1,"qwen3_8b_post",0
"2d651878700bda48bf0d",1,"qwen3_8b_post",0
"cb4c688c156d696a5613",1,"qwen3_8b_post",0
"724e61679228fd34a102",1,"qwen3_8b_post",0
"899a63414d98cc0d9de7",1,"qwen3_8b_post",0
"a7f17a0085108aca3fdc",1,"qwen3_8b_post",0
"1a2688a7d927cd160b90",1,"qwen3_8b_post",0
"5a36948be4a1abe7b7bb",1,"qwen3_8b_post",0
"fdfd4652a0e6b4bbd6d9",1,"qwen3_8b_post",0
"6ffec38c80339baa1f81",1,"qwen3_8b_post",0
"49c15dd6974543815c0a",1,"qwen3_8b_post",0
"b67a90c0017c12098d51",1,"qwen3_8b_post",0
"6f5247427507c039bfb9",1,"qwen3_8b_post",0
"0c85ede8917994713bdc",1,"qwen3_8b_post",0
"e96d74852b8c2dd2b9a7",1,"qwen3_8b_post",0
"9d4e463a287478cd3797",1,"qwen3_8b_post",0
"732c8b652d6a9ad99dbc",1,"qwen3_8b_post",0
"b46ab9c25b08d8124a02",1,"qwen3_8b_post",0
"e38a3c32c0031719ebc9",1,"qwen3_8b_post",0
"39391aff0fe9dcfe086f",1,"qwen3_8b_post",0
"5e905eb022e9eada5e1b",1,"qwen3_8b_post",0
"6fcbaaf541dffa96c04d",1,"qwen3_8b_post",0
"2414b4e782945a4674a7",1,"qwen3_8b_post",0
"505c98f842f2b49adf92",1,"qwen3_8b_post",0
"c83fb7dd98c23e107b8c",1,"qwen3_8b_post",0
"28655b3f85e61d8088cf",1,"qwen3_8b_post",0
"99081593a048c596babf",1,"qwen3_8b_post",0
"5445e848828b4758a292",1,"qwen3_8b_post",0
"e2563fc74b4a55161c80",1,"qwen3_8b_post",0
"44900b14e34ca28e31b5",1,"qwen3_8b_post",0
"ca1607470a54a732caa2",1,"qwen3_8b_post",0
"36091980ab297afee526",1,"qwen3_8b_post",0
"4bc93d8b9d4479b07ff4",1,"qwen3_8b_post",0
"94a9b92d421245d20383",1,"qwen3_8b_post",0
"5d76320da3ee5aaf398d",1,"qwen3_8b_post",0
"cde84d9cf07c991a4f61",1,"qwen3_8b_post",0
"bf0b981274e696728799",1,"qwen3_8b_post",0
"7aa688aa205aba8cd8a4",1,"qwen3_8b_post",0
"a5294b77bbeec30d1349",1,"qwen3_8b_post",0
"25c8b8c11f08f2625604",1,"qwen3_8b_post",0
"511dc26dd02ef37137bb",1,"qwen3_8b_post",0
"79fe52eef25d7a738114",1,"qwen3_8b_post",0
"c327f4ccbc2781c2fe6e",1,"qwen3_8b_post",0
"8efd5d059d12aad2f90e",1,"qwen3_8b_post",0
"52b39510f0f4ad742743",1,"qwen3_8b_post",0
"eefc57f4a77e44f19921",1,"qwen3_8b_post",0
"4b8fe7b3d8bf629b8655",1,"qwen3_8b_post",0
"0ac19474d4281a4e1bf7",1,"qwen3_8b_post",0
"9dc33c91072a2316f053",1,"qwen3_8b_post",0
"2aaf6d1d3ec4ebb46ffe",1,"qwen3_8b_post",0
"19bd1e2ad913b0380804",1,"qwen3_8b_post",0
"46cdff16f69ab0f1d72d",1,"qwen3_8b_post",0
"99c207ebe6957f6f3c13",1,"qwen3_8b_post",0
"92f7f4902186283ed3c2",1,"qwen3_8b_post",0
"808e45361cb17c94ab71",1,"qwen3_8b_post",0
"cef50a13cc6122a127af",1,"qwen3_8b_post",0
"56f732471c034763e666",1,"qwen3_8b_post",0
"66a3608ac9316d3ff745",1,"qwen3_8b_post",0
"da757302b9af14eae5f8",1,"qwen3_8b_post",0
"d367534c4ed05ac88a2b",1,"qwen3_8b_post",0
"b7851b2b9aa6375f546c",1,"qwen3_8b_post",0
"f7f3f06cb4aba68086c8",1,"qwen3_8b_post",0
"2deb1ce593114d506ca8",1,"qwen3_8b_post",0
"8b6c27989bd1aa2c9be1",1,"qwen3_8b_post",0
"3790cb9d447b4a9ac8d0",1,"qwen3_8b_post",0
"ca0796915760351c2381",1,"qwen3_8b_post",0
"5620ae4e1d652a90fe4f",1,"qwen3_8b_post",0
"9f91f7aa4b70236e5efd",1,"qwen3_8b_post",0
"2be5e397299a96987fe6",1,"qwen3_8b_post",0
"07994a043c08a841f171",1,"qwen3_8b_post",0
"b882968d76a7409a84a9",1,"qwen3_8b_post",0
"242c39e4e53b91ab6586",1,"qwen3_8b_post",0
"6ee958e44c20793eaa2c",1,"qwen3_8b_post",0
"3daf6064447ed025bced",1,"qwen3_8b_post",0
"dcc88ca334f3898f8772",1,"qwen3_8b_post",0
"7495b6516736ed555bfc",1,"qwen3_8b_post",0
"757b0b57197a9890db1f",1,"qwen3_8b_post",0
"9e80f3ef95e30ba60be0",1,"qwen3_8b_post",0
"10867f7aea02fa8e3291",1,"qwen3_8b_post",0
"a7250c8bdaea836b0f3b",1,"qwen3_8b_post",0
"0feb8e252d9476ae3b64",1,"qwen3_8b_post",0
"ac0d56094a27ebf5b80e",1,"qwen3_8b_post",0
"3935c1c8de3a262e4d2f",1,"qwen3_8b_post",0
"99b588547d55c029f889",1,"qwen3_8b_post",0
"b9731ed431a1f9e1f49e",1,"qwen3_8b_post",0
"1db95108e6f70423b1f9",1,"qwen3_8b_post",0
"5e75f7f78556eac9566b",1,"qwen3_8b_post",0
"e9536c2fb31a5a2b0687",1,"qwen3_8b_post",0
"34efdf45e0613fb3747d",1,"qwen3_8b_post",0
"9a2e5991defeeb80f7e7",1,"qwen3_8b_post",0
"94c4cdff3e4d0e873596",1,"qwen3_8b_post",0
"d89cff78909ad73238b1",1,"qwen3_8b_post",0
"318771add2517c219c52",1,"qwen3_8b_post",0
"466aab51307b06926e0c",1,"qwen3_8b_post",0
"eaa6528c9ec403f39104",1,"qwen3_8b_post",0
"3eb61443e99f9d89e0a8",1,"qwen3_8b_post",0
"2d3fdfc4adef1e85fb3c",1,"qwen3_8b_post",0
"5563583900ce0f81314a",1,"qwen3_8b_post",0
"f8ba745221a24ee8025e",1,"qwen3_8b_post",0
"bfd961e458ed17369501",1,"qwen3_8b_post",0
"7c02486c7bcc81aeb6fd",1,"qwen3_8b_post",0
"62f80b8edc909900a309",1,"qwen3_8b_post",0
"ddec87d069792138066f",1,"qwen3_8b_post",0
"37557c84333f6f78dc9b",1,"qwen3_8b_post",0
"ae968e675ad871237e19",1,"qwen3_8b_post",0
"d11c3f5e2e05ac323874",1,"qwen3_8b_post",0
"5cd5c4ca58a38f5d062f",1,"qwen3_8b_post",0
"61c163a6f81218ba5e18",1,"qwen3_8b_post",0
"275e0b37eec2a44b9e40",1,"qwen3_8b_post",0
"ad991a25859e09e7a010",1,"qwen3_8b_post",0
"95797b02ad054c6ff865",1,"qwen3_8b_post",0
"380ba462986aeb262102",1,"qwen3_8b_post",0
"3e84bea83adbf94b4047",1,"qwen3_8b_post",0
"b44c14bf28d39d9c83a2",1,"qwen3_8b_post",0
"14d03dda321050879399",1,"qwen3_8b_post",0
"15aa96751e2aeb231d7f",1,"qwen3_8b_post",0
"31e2f007b63f359b20ef",1,"qwen3_8b_post",0
"7675ddfdf32d6b0f02df",1,"qwen3_8b_post",0
"1eb4fd0f461cd1c7bc44",1,"qwen3_8b_post",0
"c5fcd20290ed6c213047",1,"qwen3_8b_post",0
"38c4ff1a4bf4e90c0d40",1,"qwen3_8b_post",0
"f14375045e92ce8fe959",1,"qwen3_8b_post",0
"d0645768cd6d4ce5df61",1,"qwen3_8b_post",0
"58c9c5d726bca28fb935",1,"qwen3_8b_post",0
"2db07925063a1d687988",1,"qwen3_8b_post",0
"adbf68efbe2d0856ccd4",1,"qwen3_8b_post",0
"27c759b5a6af7e9249e8",1,"qwen3_8b_post",0
"378364d01eec47c57294",1,"qwen3_8b_post",0
"450f8904cc2bf14bb755",1,"qwen3_8b_post",0
"145cc5059cb98e49daca",1,"qwen3_8b_post",0
"3c3d92c283494d0d8d58",1,"qwen3_8b_post",0
"db0c790c891cacf2098e",1,"qwen3_8b_post",0
"425bf6d76d54a0b16635",1,"qwen3_8b_post",0
"b837ae3c4345ec7ea6a9",1,"qwen3_8b_post",0
"f014ba758c817cc17bd8",1,"qwen3_8b_post",0
"79e6c097b904c21369dd",1,"qwen3_8b_post",0
"60a70d71563d17d0b762",1,"qwen3_8b_post",0
"c833fcffa8779543f3d9",1,"qwen3_8b_post",0
"96dff2e07a07faf3930d",1,"qwen3_8b_post",0
"38d46dbf0566e7703ff7",1,"qwen3_8b_post",0
"299f964fb35e0bd6ee82",1,"qwen3_8b_post",0
"e74d65dfabe81dca9cd0",1,"qwen3_8b_post",0
"b40ff3b52a9b57301ec9",1,"qwen3_8b_post",0
"24b84a6eaf01714d10e3",1,"qwen3_8b_post",0
"ec875b0c32f30a64e951",1,"qwen3_8b_post",0
"0224f5c97a4738ad65e4",1,"qwen3_8b_post",0
"2f73f31ecd21a0df6e99",1,"qwen3_8b_post",0
"01277686a257bba6b755",1,"qwen3_8b_post",0
"773bb694ceebcdfd6a04",1,"qwen3_8b_post",0
"adca9b36bcb64e205ef8",1,"qwen3_8b_post",0
"920150c18055cc674ac0",1,"qwen3_8b_post",0
"1c5466d433dc4417dadd",1,"qwen3_8b_post",0
"bb93b3e4188792119e1d",1,"qwen3_8b_post",0
"65f854632eb445ada0fb",1,"qwen3_8b_post",0
"ea9368b51f5018c6fd40",1,"qwen3_8b_post",0
"5719e2e330d3ca70bb2c",1,"qwen3_8b_post",0
"2a063f52bef62b314168",1,"qwen3_8b_post",0
"fa97d8a8aa141beaa328",1,"qwen3_8b_post",0
"bc14766cc7359424df02",1,"qwen3_8b_post",0
"b3298469a607eb44839a",1,"qwen3_8b_post",0
"b172daf602cdf4a8a6d9",1,"qwen3_8b_post",0
"eddb3e3a9fb874104ccb",1,"qwen3_8b_post",0
"f40f500d8e5c6f8a9abf",1,"qwen3_8b_post",0
"4f5b922a6a36c065c248",1,"qwen3_8b_post",0
"337045fec7416d6a1e64",1,"qwen3_8b_post",0
"0a46b8f31d979304d3d6",1,"qwen3_8b_post",0
"1b8e2c76776528f9e5ad",1,"qwen3_8b_post",0
"05d38c7f50f4b258edfb",1,"qwen3_8b_post",0
"ee1fcc9d614fcd85f9f2",1,"qwen3_8b_post",0
"8858ad4b4da53b9deb59",1,"qwen3_8b_post",0
"2dd42e77afa8b9fffb72",1,"qwen3_8b_post",0
"cc0540e88e47e2bb0d54",1,"qwen3_8b_post",0
"e737e2aaf9ea91eae71b",1,"qwen3_8b_post",0
"c9ccf048e60f53d104a1",1,"qwen3_8b_post",0
"ab1b04ced8efed42b4f8",1,"qwen3_8b_post",0
"7084db8b95e52607c5a3",1,"qwen3_8b_post",0
"80a063e59128ad86417d",1,"qwen3_8b_post",0
"54482f0b35d92bece715",1,"qwen3_8b_post",0
"884aeace18e8c998030a",1,"qwen3_8b_post",0
"3e768248852b62c9cfdf",1,"qwen3_8b_post",0
"91bc4c7186277ad4273b",1,"qwen3_8b_post",0
"9fca76150700a01f41b5",1,"qwen3_8b_post",0
"d7a1077804bc67e72bad",1,"qwen3_8b_post",0
"f6b08233d222bab7e7df",1,"qwen3_8b_post",0
"6ab5fd1d6b9d7080b4fc",1,"qwen3_8b_post",0
"6ef46ab7558518f09d40",1,"qwen3_8b_post",0
"533253f5076cdaa711b2",1,"qwen3_8b_post",0
"b588b6f8ab035967f5e6",1,"qwen3_8b_post",0
"17f5f9b59d5330c4527f",1,"qwen3_8b_post",0
"8bec8f7a5c73cc969a1d",1,"qwen3_8b_post",0
"12874e28c5ca4651dbf6",1,"qwen3_8b_post",0
"c2c89bf728c97622170c",1,"qwen3_8b_post",0
"7595b876c26119267ca5",1,"qwen3_8b_post",0
"658700210656c3e8ed20",1,"qwen3_8b_post",0
"3f324eb30a09b7a2644d",1,"qwen3_8b_post",0
"cd76533943e3309aef2e",1,"qwen3_8b_post",0
"1570e1e59f5ffd14cb81",1,"qwen3_8b_post",0
"95aa66b09689041270a1",1,"qwen3_8b_post",0
"1fe1c9fe91224e5226c6",1,"qwen3_8b_post",0
"340aaed31cb9f9c88c36",1,"qwen3_8b_post",0
"903999fd37d0f67c8bfe",1,"qwen3_8b_post",0
"714faf5d9f683a0c6f50",1,"qwen3_8b_post",0
"0d56c179d1cd22647ac8",1,"qwen3_8b_post",0
"6e9cba25129c5d6697f6",1,"qwen3_8b_post",0
"3e539c48948a0ec5272f",1,"qwen3_8b_post",0
"19943736690055956346",1,"qwen3_8b_post",0
"72695edda813c580d5ff",1,"qwen3_8b_post",0
"3177ac37cd7cffe78fd1",1,"qwen3_8b_post",0
"272aeccfe3cf6157a242",1,"qwen3_8b_post",0
"b85a510ddcc192301351",1,"qwen3_8b_post",0
"480da82520e8e8680562",1,"qwen3_8b_post",0
"94f473f1c4f8d0eaee52",1,"qwen3_8b_post",0
"0af6646d9eba9b302ea2",1,"qwen3_8b_post",0
"f3d7eb8fedffe5e9f90e",1,"qwen3_8b_post",0
"9623ca3c4764d2e05199",1,"qwen3_8b_post",0
"5b2704f134cc2b471e29",1,"qwen3_8b_post",0
"45913aeba261af32b3b5",1,"qwen3_8b_post",0
"9d059377ceae3f5687b9",1,"qwen3_8b_post",0
"78928985348ad9c49585",1,"qwen3_8b_post",0
"ab9111f45af2e3767c98",1,"qwen3_8b_post",0
"6cd1430550dfb4fd50b8",1,"qwen3_8b_post",0
"5a9171074b55d11fb29a",1,"qwen3_8b_post",0
"a1ce45e8a723e6c42bc8",1,"qwen3_8b_post",0
"5fb291d4fbe18fd7e3eb",1,"qwen3_8b_post",0
"a48963858b5eb9b4a5b9",1,"qwen3_8b_post",0
"0313697b23bc9dc00f80",1,"qwen3_8b_post",0
"5be7bf9f877f1acd0c09",1,"qwen3_8b_post",0
"4ec772a24c703f915a36",1,"qwen3_8b_post",0
"2b82a2abde3e4cd8d82c",1,"qwen3_8b_post",0
"e14902b3adbe0045911f",1,"qwen3_8b_post",0
"499862000a750a42b09d",1,"qwen3_8b_post",0
"a833ad45fef8936a77e4",1,"qwen3_8b_post",0
"948ef1f982da07c1ab81",1,"qwen3_8b_post",0
"57ae6cdf525fe6b49b16",1,"qwen3_8b_post",0
"13d3b44f0f85a1680b6c",1,"qwen3_8b_post",0
"314155308156b5d9d73a",1,"qwen3_8b_post",0
"0b435b69967fd8421803",1,"qwen3_8b_post",0
"2aa1a757e35a053cba50",1,"qwen3_8b_post",0
"101e4aac253f81edb3af",1,"qwen3_8b_post",0
"8255217d71f7f1cb96a6",1,"qwen3_8b_post",0
"2f86137ed711e55ff03b",1,"qwen3_8b_post",0
"69976c6d75cb5a929ff8",1,"qwen3_8b_post",0
"b7741c47ea619d2296b3",1,"qwen3_8b_post",0
"2ba2ee00de5b1f8dc240",1,"qwen3_8b_post",0
"f4334e34ae0c96e70b98",1,"qwen3_8b_post",0
"ef75eb261a9c94472a6f",1,"qwen3_8b_post",0
"7b322acd4c95c50c897a",1,"qwen3_8b_post",0
"e76d4fc9afd529af5fe4",1,"qwen3_8b_post",0
"8b3e5cc0707b8638c992",1,"qwen3_8b_post",0
"66dccd2946b236caa022",1,"qwen3_8b_post",0
"110f79978dc245306bbe",1,"qwen3_8b_post",0
"bd2e231155289d1a82f2",1,"qwen3_8b_post",0
"2f54cadf1d5f0c42955a",1,"qwen3_8b_post",0
"230f95610675c3586413",1,"qwen3_8b_post",0
"993d225258728c3aa388",1,"qwen3_8b_post",0
"e39b18ddb132890758a4",1,"qwen3_8b_post",0
"e0390afbbf277d23236b",1,"qwen3_8b_post",0
"3be632f6cf7c241f4647",1,"qwen3_8b_post",0
"6c59d1d76cbdec856c9c",1,"qwen3_8b_post",0
"5b24432c99b628fa6b8b",1,"qwen3_8b_post",0
"72170aaf391017d29ca5",1,"qwen3_8b_post",0
"8ebf7781f558a3deb51c",1,"qwen3_8b_post",0
"15918dcfbc2446c86192",1,"qwen3_8b_post",0
"9c36e368235d741d02d0",1,"qwen3_8b_post",0
"36842d0c65339c2f1ce8",1,"qwen3_8b_post",0
"0367465d64acc77492b5",1,"qwen3_8b_post",0
"dbe6de8c272e8cc042bc",1,"qwen3_8b_post",0
"ed3ab9eff8d9abb2e9f7",1,"qwen3_8b_post",0
"ef31ff6c7a6ed93ea8b3",1,"qwen3_8b_post",0
"2b62ed850baddff06941",1,"qwen3_8b_post",0
"29cb521afcd56ae995ae",1,"qwen3_8b_post",0
"7d138095281628ebae55",1,"qwen3_8b_post",0
"e1d4d71f7e705e051b8a",1,"qwen3_8b_post",0
"0bbf09ce53680283c98c",1,"qwen3_8b_post",0
"890aca8b3214e9da86b6",1,"qwen3_8b_post",0
"f2226a1d9e9f76157cc9",1,"qwen3_8b_post",0
"cb731a8e076d534a51e8",1,"qwen3_8b_post",0
"afa3584a6f4d2eacb5c4",1,"qwen3_8b_post",0
"6b1bad05b2992f0e70aa",1,"qwen3_8b_post",0
"fd7111219e41d418af77",1,"qwen3_8b_post",0
"8727b9d497a27746ea43",1,"qwen3_8b_post",0
"39a5815ea1121f79f510",1,"qwen3_8b_post",0
"3200a60a0b279c7cec23",1,"qwen3_8b_post",0
"f40d59c1a61a6fdae999",1,"qwen3_8b_post",0
"816b414db56bb16bb7ff",1,"qwen3_8b_post",0
"c4233b417876e9cacaf2",1,"qwen3_8b_post",0
"399dbe1b9eba234b383e",1,"qwen3_8b_post",0
"a735d8c61bda00cee7bb",1,"qwen3_8b_post",0
"482a4d16a48e89743c49",1,"qwen3_8b_post",0
"d50c7251c7c9f26facc4",1,"qwen3_8b_post",0
"b7c2bc40a9269be7f072",1,"qwen3_8b_post",0
"545567ef145a55d842ce",1,"qwen3_8b_post",0
"643fd85239946df05048",1,"qwen3_8b_post",0
"8772ce33fa8a3ac8785b",1,"qwen3_8b_post",0
"6cdcf312de1c2986cb2f",1,"qwen3_8b_post",0
"13208ff53deed6d64c03",1,"qwen3_8b_post",0
"96d8334a64925ff69145",1,"qwen3_8b_post",0
"ea5d7f6eb7e5755f8c67",1,"qwen3_8b_post",0
"1f470909b3aea13cb3ea",1,"qwen3_8b_post",0
"ccfa83e28b850e95f80b",1,"qwen3_8b_post",0
"df36f10b2e0668db6106",1,"qwen3_8b_post",0
"bfb8c456e8d9ed6229c1",1,"qwen3_8b_post",0
"bb7759ecd5f7e32f9275",1,"qwen3_8b_post",0
"5965f448e9f38f859dc2",1,"qwen3_8b_post",0
"c96a77e87bf86f552343",1,"qwen3_8b_post",0
"268451f122603f39b6f7",1,"qwen3_8b_post",0
"87ebb48c9348baadfcfb",1,"qwen3_8b_post",0
"f5deabb77c85a896929e",1,"qwen3_8b_post",0
"e1005fc46c8d286c7ca5",1,"qwen3_8b_post",0
"c897abb11aff628b089d",1,"qwen3_8b_post",0
"91728003a5519d092e69",1,"qwen3_8b_post",0
"e2bd0d18a57a20e07da5",1,"qwen3_8b_post",0
"f40f1fce258561babab1",1,"qwen3_8b_post",0
"53aee9be9dc3d21d007e",1,"qwen3_8b_post",0
"b3e806c8c801b8705cac",1,"qwen3_8b_post",0
"a42f9939c702a71d921d",1,"qwen3_8b_post",0
"c15810065651967c7152",1,"qwen3_8b_post",0
"9369c19e2cf2e986516c",1,"qwen3_8b_post",0
"33281e873c7c1f48ffaf",1,"qwen3_8b_post",0
"f8c469e4d9dab46464b7",1,"qwen3_8b_post",0
"fec8d49adbead93da014",1,"qwen3_8b_post",0
"5445331621486db9a7a8",1,"qwen3_8b_post",0
"5530fcfe5662bf28b43a",1,"qwen3_8b_post",0
"da5183eed0a8388f36a9",1,"qwen3_8b_post",0
"c26c7f6b76b0654a5e1e",1,"qwen3_8b_post",0
"00207a9730f90fcfd7e4",1,"qwen3_8b_post",0
"ce489a0e259617e0c788",1,"qwen3_8b_post",0
"19d0e53eadb0add12730",1,"qwen3_8b_post",0
"4ae3f06099f96120140a",1,"qwen3_8b_post",0
"f156ca9079fea3bf08be",1,"qwen3_8b_post",0
"5e72009db385d3ea48a6",1,"qwen3_8b_post",0
"c77ee09736edbc2e06ae",1,"qwen3_8b_post",0
"e88c80435cd6bebc9882",1,"qwen3_8b_post",0
"d7bde4259aa7714ba142",1,"qwen3_8b_post",0
"e1a50f447bacc8a469c0",1,"qwen3_8b_post",0
"b087b1158d1558c888fe",1,"qwen3_8b_post",0
"b6ecf65a6dbf08e8f20f",1,"qwen3_8b_post",0
"37db72f670d5675c4fd9",1,"qwen3_8b_post",0
"d9b728d76b1255347c37",1,"qwen3_8b_post",0
"15b12ffbbe0190a1653d",1,"qwen3_8b_post",0
"c4a30ef72e91611f13c7",1,"qwen3_8b_post",0
"a41b15647632c663c67f",1,"qwen3_8b_post",0
"2287fbdeda60bf1d9c07",1,"qwen3_8b_post",0
"0063b2a02f2ac459d162",1,"qwen3_8b_post",0
"5169622cfb6d5d9f64d0",1,"qwen3_8b_post",0
"eae673181045aac82e50",1,"qwen3_8b_post",0
"8a6aea1e2478d26e67a9",1,"qwen3_8b_post",0
"4ee47e89a34a7f61bcb3",1,"qwen3_8b_post",0
"5ef82d7989ac306b39aa",1,"qwen3_8b_post",0
"9625b34fba31f6f0ddbc",1,"qwen3_8b_post",0
"9832bfeda2239a6782ce",1,"qwen3_8b_post",0
"38d52daa10a31b984207",1,"qwen3_8b_post",0
"8d4142b254f6643b7918",1,"qwen3_8b_post",0
"1ca70055d286aa8bb965",1,"qwen3_8b_post",0
"86d2ce7468746b2e05e9",1,"qwen3_8b_post",0
"c9bca37359985989d45f",1,"qwen3_8b_post",0
"4a626ed46c27d096938c",1,"qwen3_8b_post",0
"fd18a9db9c82206e0f42",1,"qwen3_8b_post",0
"df3c3d79f05be2874992",1,"qwen3_8b_post",0
"d25d7605e4ff4e473214",1,"qwen3_8b_post",0
"6727fe023332006b3854",1,"qwen3_8b_post",0
"0c96077eb2ae92d057e2",1,"qwen3_8b_post",0
"d1ef7451bcdc1d6af5bd",1,"qwen3_8b_post",0
"fda43b368a47b13a7417",1,"qwen3_8b_post",0
"ea549f7206414de0e662",1,"qwen3_8b_post",0
"da7de26b290c090316bb",1,"qwen3_8b_post",0
"1c4738d1b3cb0202c29f",1,"qwen3_8b_post",0
"2b59c04b9b1f82cadb24",1,"qwen3_8b_post",0
"9c9eab9672d32d06f861",1,"qwen3_8b_post",0
"5a5d0b01ec54f1ebe5bb",1,"qwen3_8b_post",0
"4a80fd55016226122883",1,"qwen3_8b_post",0
"fbe6f676156ff3806156",1,"qwen3_8b_post",0
"fe2d4e8bca0d166311ac",1,"qwen3_8b_post",0
"d803175110696b51b4e9",1,"qwen3_8b_post",0
"e1ec1852d98c063c7b04",1,"qwen3_8b_post",0
"11714a52d357eadb4f72",1,"qwen3_8b_post",0
"48ee1f4eab6d8bc50d80",1,"qwen3_8b_post",0
"4686ca233ac954abaecc",1,"qwen3_8b_post",0
"a883f762b53a88eb9a35",1,"qwen3_8b_post",0
"51567754bbdcb1d6e4bb",1,"qwen3_8b_post",0
"45ab4e1e91ec8aabbdb6",1,"qwen3_8b_post",0
"2742435a347f9ac97fb5",1,"qwen3_8b_post",0
"2397f5f8566214a6b85f",1,"qwen3_8b_post",0
"2c035f4f7be7cd1304da",1,"qwen3_8b_post",0
"ce71cfb95517a192194e",1,"qwen3_8b_post",0
"af07ef966590a46f045a",1,"qwen3_8b_post",0
"72524c3e838f88333857",1,"qwen3_8b_post",0
"28d135e0e922acfdbc28",1,"qwen3_8b_post",0
"e7d5b4ca07144b268947",1,"qwen3_8b_post",0
"88bda2a9ccdee26ed8b4",1,"qwen3_8b_post",0
"4e2d8c9d6e1806b5ec65",1,"qwen3_8b_post",0
"8143e972579ceb329601",1,"qwen3_8b_post",0
"0b44af03cccf82a7d91e",1,"qwen3_8b_post",0
"5419e2233098efbe8d41",1,"qwen3_8b_post",0
"6d788a78455087da1751",1,"qwen3_8b_post",0
"0870b80f8c6cf4675eec",1,"qwen3_8b_post",0
"ae892347af60ffd6ee35",1,"qwen3_8b_post",0
"e6863c9a608018a0eed5",1,"qwen3_8b_post",0
"0f6925487ab872ca8783",1,"qwen3_8b_post",0
"40615366cc28965526c9",1,"qwen3_8b_post",0
"34a73ebdf9b097a6b671",1,"qwen3_8b_post",0
"0b696fceaaa6bbbff03f",1,"qwen3_8b_post",0
"a2c9c52b857066ee21d5",1,"qwen3_8b_post",0
"6a5a4110fbaa128c796c",1,"qwen3_8b_post",0
"c7887912328295b41c3d",1,"qwen3_8b_post",0
"2b76e740a128ec7b8762",1,"qwen3_8b_post",0
"8d1ba6c465f95b8e7acc",1,"qwen3_8b_post",0
"8ed57962825b84e5663d",1,"qwen3_8b_post",0
"74c4894979520423ca53",1,"qwen3_8b_post",0
"99c8dbb03e259930bfda",1,"qwen3_8b_post",0
"818337a04317cb46063d",1,"qwen3_8b_post",0
"a61b3770d3b8daccaf84",1,"qwen3_8b_post",0
"dc762f60f2379815d8ef",1,"qwen3_8b_post",0
"c5f408841a98c98baf0a",1,"qwen3_8b_post",0
"806ab900574ca36bf2fd",1,"qwen3_8b_post",0
"a64cc42ec7c94bc443b4",1,"qwen3_8b_post",0
"8236ccc4189d6738e80a",1,"qwen3_8b_post",0
"18fd58a15f001bb6e5bc",1,"qwen3_8b_post",0
"168fc3fd707c47c8a504",1,"qwen3_8b_post",0
"2b4ead346973a9370a8e",1,"qwen3_8b_post",0
"ab3581385284bb747010",1,"qwen3_8b_post",0
"f10b7d0e1fad88b78c8c",1,"qwen3_8b_post",0
"628d1885d9079559f82c",1,"qwen3_8b_post",0
"8d6b33a43a2e079dc548",1,"qwen3_8b_post",0
"3cf7576526631368935e",1,"qwen3_8b_post",0
"e4de675283020f402be9",1,"qwen3_8b_post",0
"077cc1615c647a314a0a",1,"qwen3_8b_post",0
"0e3bb14debc6b39afe1d",1,"qwen3_8b_post",0
"611ec8135f5c8d66bea4",1,"qwen3_8b_post",0
"14159c1dec281a12ffee",1,"qwen3_8b_post",0
"daea2820eb1c85f34114",1,"qwen3_8b_post",0
"7d0beca62fdde3303c56",1,"qwen3_8b_post",0
"701963ead0b4b8dfd11d",1,"qwen3_8b_post",0
"955df055054784bb310d",1,"qwen3_8b_post",0
"70a77a3387424205a843",1,"qwen3_8b_post",0
"302ce4652f6307e24e60",1,"qwen3_8b_post",0
"2ec4c44d585e1ab8bf6d",1,"qwen3_8b_post",0
"7678cedc335d72d154ee",1,"qwen3_8b_post",0
"893c9b3f23db42643a89",1,"qwen3_8b_post",0
"78048cf2a5051db7b1e1",1,"qwen3_8b_post",0
"63e83c7349427b8a58b4",1,"qwen3_8b_post",0
"975426aad96b53964da2",1,"qwen3_8b_post",0
"b48bfdb54156e4164789",1,"qwen3_8b_post",0
"b3667c36d4b2272c756a",1,"qwen3_8b_post",0
"22aeaaf372380ac27bf4",1,"qwen3_8b_post",0
"15f9c2100ab215d26937",1,"qwen3_8b_post",0
"eacd4f90140bb792c1b6",1,"qwen3_8b_post",0
"7a331a82918ea14c4cdc",1,"qwen3_8b_post",0
"d7f61a386f854d6475eb",1,"qwen3_8b_post",0
"afe48e8e5ce29ae38a40",1,"qwen3_8b_post",0
"a7a32a35148643eeb7a6",1,"qwen3_8b_post",0
"88d06f0875bf76d0cff6",1,"qwen3_8b_post",0
"9203a86defc473c1881f",1,"qwen3_8b_post",0
"ba5d5bfd256196d318ec",1,"qwen3_8b_post",0
"bf1df33f38d8aeb7b96f",1,"qwen3_8b_post",0
"90a11886dfbc33399b94",1,"qwen3_8b_post",0
"ab041b38a812e583620b",1,"qwen3_8b_post",0
"2084f5220a66a68d45f6",1,"qwen3_8b_post",0
"400ad9c315dd7549e17a",1,"qwen3_8b_post",0
"daf5bee07f0a1fa3fe85",1,"qwen3_8b_post",0
"3866d0d4338e685763c1",1,"qwen3_8b_post",0
"ac07010f38fa914a40c0",1,"qwen3_8b_post",0
"e6a241239f19e5a888a4",1,"qwen3_8b_post",0
"a7238ebbd1937a34bbdf",1,"qwen3_8b_post",0
"436388581acc99106ad1",1,"qwen3_8b_post",0
"a558aa6d12969b180217",1,"qwen3_8b_post",0
"48bc59d547d7b463863a",1,"qwen3_8b_post",0
"0060e873494cf4ad80bd",1,"qwen3_8b_post",0
"7d9bfb4a2d2a91e738c4",1,"qwen3_8b_post",0
"833102ac712ffe362dd0",1,"qwen3_8b_post",0
"86e8c77471276d24aa7a",1,"qwen3_8b_post",0
"5c9621cbed4942bb17d8",1,"qwen3_8b_post",0
"2d1b77f0a7c60e3b67e7",1,"qwen3_8b_post",0
"fdeb27a6867ab2298402",1,"qwen3_8b_post",0
"f314dd228ddaa8b5624c",1,"qwen3_8b_post",0
"97d4882a9fc38bea59e8",1,"qwen3_8b_post",0
"653efcb03bb4d4a547a0",1,"qwen3_8b_post",0
"f2d458563df9455aa4ac",1,"qwen3_8b_post",0
"79baf0589c81bed6c9cb",1,"qwen3_8b_post",0
"25b3aa4ce04b977c86f9",1,"qwen3_8b_post",0
"532483eb1dad2294724a",1,"qwen3_8b_post",0
"a50820b5ef358a22e7c6",1,"qwen3_8b_post",0
"cace30d1cd77f2f644df",1,"qwen3_8b_post",0
"1f63dbd76c7d2b682dbe",1,"qwen3_8b_post",0
"40155ae1eecdf04b0382",1,"qwen3_8b_post",0
"2e645bc30e67aea1db76",1,"qwen3_8b_post",0
"539230ec180f4f716cfd",1,"qwen3_8b_post",0
"e4f253a3e7b3f5c07d7f",1,"qwen3_8b_post",0
"4b955a71566f16315f54",1,"qwen3_8b_post",0
"8ff7aca300616621e53b",1,"qwen3_8b_post",0
"1ef7e9b86afd6ec24bca",1,"qwen3_8b_post",0
"be8982ef565a515aee39",1,"qwen3_8b_post",0
"0b2009c5c495bd536f2a",1,"qwen3_8b_post",0
"4f2010eb07080f6c4ceb",1,"qwen3_8b_post",0
"5031dc01bfcf87a141a1",1,"qwen3_8b_post",0
"054dd1a1584fa7ec596d",1,"qwen3_8b_post",0
"19bbc5cb1bb7d55be5d6",1,"qwen3_8b_post",0
"cf8c8fbe9fb352354c7b",1,"qwen3_8b_post",0
"490ba6be8128603e5f0c",1,"qwen3_8b_post",0
"cb9d3c0aec697b5198e7",1,"qwen3_8b_post",0
"743fc1bac4842ac184c1",1,"qwen3_8b_post",0
"76070ed7a97bf1fffa4e",1,"qwen3_8b_post",0
"86bec56103eae1dac80e",1,"qwen3_8b_post",0
"19e4938498b6c3634a2e",1,"qwen3_8b_post",0
"4086a185a785b36640af",1,"qwen3_8b_post",0
"2f995b5806a22a9e2ae6",1,"qwen3_8b_post",0
"98ee9f7fd500d2519ef8",1,"qwen3_8b_post",0
"ce5acd7a5c91143661d7",1,"qwen3_8b_post",0
"efe6a25e00d6df6555ec",1,"qwen3_8b_post",0
"420f361985edbca30abd",1,"qwen3_8b_post",0
"589edea198fcadc091ff",1,"qwen3_8b_post",0
"3ccb5343a28b4b13e915",1,"qwen3_8b_post",0
"e436ea178bdb0f774742",1,"qwen3_8b_post",0
"418bdd8790d49af9045b",1,"qwen3_8b_post",0
"4b2378b149307e5f13df",1,"qwen3_8b_post",0
"c18259ad462000ab9eb6",1,"qwen3_8b_post",0
"bbf373ce4dac09e81631",1,"qwen3_8b_post",0
"a980dab134547205cb10",1,"qwen3_8b_post",0
"4fe5458cb684bf095078",1,"qwen3_8b_post",0
"f592755fb73f1dbb7021",1,"qwen3_8b_post",0
"ec1f2207f028556ce101",1,"qwen3_8b_post",0
"2996338f3a08164e02f3",1,"qwen3_8b_post",0
"ffe2bd0da8a0ac402273",1,"qwen3_8b_post",0
"a1a3292b40cbafa489ff",1,"qwen3_8b_post",0
"1e5a4fe1cd54d08c724c",1,"qwen3_8b_post",0
"50517cf485fa6f9c81ea",1,"qwen3_8b_post",0
"75ccd336d920539dc5d9",1,"qwen3_8b_post",0
"efe5a0772702edd3fc37",1,"qwen3_8b_post",0
"5b50bb3da6564d83bf39",1,"qwen3_8b_post",0
"3ee912d7da75b26a5014",1,"qwen3_8b_post",0
"536a816a1a1d3848414d",1,"qwen3_8b_post",0
"460f1f6eed9e7d385525",1,"qwen3_8b_post",0
"20d44bf305a7926dae45",1,"qwen3_8b_post",0
"4195d2dc519cf170b8e9",1,"qwen3_8b_post",0
"f227133895c3f3e51abc",1,"qwen3_8b_post",0
"ed4dd71f17c98f1bc4de",1,"qwen3_8b_post",0
"92bf22ea5d86379a95aa",1,"qwen3_8b_post",0
"8fd93ff305c188bca575",1,"qwen3_8b_post",0
"71ce86b6851e269af911",1,"qwen3_8b_post",0
"66f2374909fcfec80b65",1,"qwen3_8b_post",0
"f36a110d1fe91829049b",1,"qwen3_8b_post",0
"7113b4a4badef20e80c0",1,"qwen3_8b_post",0
"84a79dd63c5c15aaefed",1,"qwen3_8b_post",0
"f1eda5fad87f94f12cc6",1,"qwen3_8b_post",0
"d30f81803c860ffca54f",1,"qwen3_8b_post",0
"32bffa9d941f26ce4f65",1,"qwen3_8b_post",0
"0971461beab8b98aa7c5",1,"qwen3_8b_post",0
"706b8ffb367b91cd1ae8",1,"qwen3_8b_post",0
"548c21b4652d11750c67",1,"qwen3_8b_post",0
"4a9f14928b49fd695bc6",1,"qwen3_8b_post",0
"a3006afeb57f98364898",1,"qwen3_8b_post",0
"29b1e25cedae895006f6",1,"qwen3_8b_post",0
"1d865163578d7801cb24",1,"qwen3_8b_post",0
"48b8a7f358bf5e0ce140",1,"qwen3_8b_post",0
"23d188e3ca31ddb1f0ad",1,"qwen3_8b_post",0
"af7938f89b64da05bad7",1,"qwen3_8b_post",0
"489fb48baf528f0c821e",1,"qwen3_8b_post",0
"f13355d735c738b9d962",1,"qwen3_8b_post",0
"5bd4d865672a31c4913c",1,"qwen3_8b_post",0
"57d5dbac7b9fbc342a1d",1,"qwen3_8b_post",0
"239b6b3526c81c9271da",1,"qwen3_8b_post",0
"b5dc1381571b9815dd0b",1,"qwen3_8b_post",0
"83428c6a4ac67ba4ca0e",1,"qwen3_8b_post",0
"22fd1f4ca9426d7e95c2",1,"qwen3_8b_post",0
"dd753cf9ad9784da7150",1,"qwen3_8b_post",0
"27b5e2afd562fd412d5f",1,"qwen3_8b_post",0
"e03604bec7c4bc9c2f49",1,"qwen3_8b_post",0
"28d777d1a7d125ce6f6f",1,"qwen3_8b_post",0
"f67bcbdb2796c250a195",1,"qwen3_8b_post",0
"2300709934f0575ee4c8",1,"qwen3_8b_post",0
"0121fdffad5f1146a953",1,"qwen3_8b_post",0
"61643f8db67747ec71f3",1,"qwen3_8b_post",0
"f14fe743adfbda010f70",1,"qwen3_8b_post",0
"a8b2d01f21f3169cb952",1,"qwen3_8b_post",0
"146082290da07a5cbc1a",1,"qwen3_8b_post",0
"7c4f2818bca0a2bb2f8e",1,"qwen3_8b_post",0
"338f1144b7bc3cb934d8",1,"qwen3_8b_post",0
"6435bc582b0d53bb03dc",1,"qwen3_8b_post",0
"c4d67aa2d52d9f31d7e8",1,"qwen3_8b_post",0
"e5bd38b12692ec6fe223",1,"qwen3_8b_post",0
"696964f42dff374765aa",1,"qwen3_8b_post",0
"f94629d3d12f953c3cbb",1,"qwen3_8b_post",0
"40df6dc629a232608a2c",1,"qwen3_8b_post",0
"787ef7fd577037544007",1,"qwen3_8b_post",0
"62ec22ba56913d01a5b8",1,"qwen3_8b_post",0
"d90c67a03b66e74cb606",1,"qwen3_8b_post",0
"c053ebd031a9c6e57b2d",1,"qwen3_8b_post",0
"9a0b7d2a01fc1bbf6d8d",1,"qwen3_8b_post",0
"0f853b7518da4eb14a65",1,"qwen3_8b_post",0
"2f7476f2077a4c119a99",1,"qwen3_8b_post",0
"406ecdf4c4b033ca4204",1,"qwen3_8b_post",0
"7af4bbea804f37bf1234",1,"qwen3_8b_post",0
"2a2fb46e831223bf284e",1,"qwen3_8b_post",0
"980c17d97f8ab140ee51",1,"qwen3_8b_post",0
"404a30d4b64d38f9e74d",1,"qwen3_8b_post",0
"fd82d8eec074e569639b",1,"qwen3_8b_post",0
"fcdc52d7b110ef9232ba",1,"qwen3_8b_post",0
"be7e0812bf7494418850",1,"qwen3_8b_post",0
"a2941da77d7f47d39a94",1,"qwen3_8b_post",0
"6cdaa44976728ec19800",1,"qwen3_8b_post",0
"1f8d84aa6c6a0086b78c",1,"qwen3_8b_post",0
"42e5e0b26e8bee9ece94",1,"qwen3_8b_post",0
"304f90350ae26096e453",1,"qwen3_8b_post",0
"570f0b5bd097873b1a37",1,"qwen3_8b_post",0
"0024fa833051bb125e9a",1,"qwen3_8b_post",0
"45645daf5b4051cfb4f0",1,"qwen3_8b_post",0
"58d7881e0b5a84bf3189",1,"qwen3_8b_post",0
"ef5413a7835fd145ece4",1,"qwen3_8b_post",0
"77875a846d0ef2c067cc",1,"qwen3_8b_post",0
"6982c0e277e6bdbf1d96",1,"qwen3_8b_post",0
"e56d75daa1393e63623b",1,"qwen3_8b_post",0
"848f877b7b6924db86cb",1,"qwen3_8b_post",0
"55f676128a881d0e6b01",1,"qwen3_8b_post",0
"a112eb47bfd56b30daf2",1,"qwen3_8b_post",0
"e8fa187778863661370b",1,"qwen3_8b_post",0
"d15518f62c8969b20c4f",1,"qwen3_8b_post",0
"0b0efd1888274c9acdab",1,"qwen3_8b_post",0
"afcbdd37acb1ed9b35c6",1,"qwen3_8b_post",0
"95d1338a9f80a4edbc17",1,"qwen3_8b_post",0
"517b15f108bbc3c4da6e",1,"qwen3_8b_post",0
"0a76f9ddab1e17eae433",1,"qwen3_8b_post",0
"4a362728a2f63d481bf1",1,"qwen3_8b_post",0
"a1c188265004411d0cb3",1,"qwen3_8b_post",0
"0319d3fb9900462ae955",1,"qwen3_8b_post",0
"369eb8b0dc76a8d5c98c",1,"qwen3_8b_post",0
"7884274f18dd2d89486e",1,"qwen3_8b_post",0
"11ac38a1af309094d0a2",1,"qwen3_8b_post",0
"57382b878a2d9fa8ea47",1,"qwen3_8b_post",0
"025907ec90d4419d9e40",1,"qwen3_8b_post",0
"a366d37f963a6cb30849",1,"qwen3_8b_post",0
"5940468539306a79a6be",1,"qwen3_8b_post",0
"2756be124b0a55eb2ada",1,"qwen3_8b_post",0
"4ada108e1fd1df1ff6b0",1,"qwen3_8b_post",0
"de4192484c7a1c0e5422",1,"qwen3_8b_post",0
"f66c60ca8513837eee14",1,"qwen3_8b_post",0
"6f60c8372400220a6cff",1,"qwen3_8b_post",0
"3dfa879199d6c548c450",1,"qwen3_8b_post",0
"ab9198096563053d101b",1,"qwen3_8b_post",0
"6f5986a85606316d91ad",1,"qwen3_8b_post",0
"d935da62b414f5ff52e9",1,"qwen3_8b_post",0
"6cbbe730d73d8b7f07c1",1,"qwen3_8b_post",0
"b828a04ac48bc06b4d62",1,"qwen3_8b_post",0
"21956b98c826427a84fd",1,"qwen3_8b_post",0
"f9edbe6a7f397267b4a4",1,"qwen3_8b_post",0
"393b3169a96fa6dd558c",1,"qwen3_8b_post",0
"7510906bd3c7959fea6c",1,"qwen3_8b_post",0
"4b20b7d77891ba09aad8",1,"qwen3_8b_post",0
"8650ad15138ae0af063d",1,"qwen3_8b_post",0
"7fd484e7ff8ae4f7be7f",1,"qwen3_8b_post",0
"4f1b559a33cce9bd09f3",1,"qwen3_8b_post",0
"101b4cf81f0f39d67728",1,"qwen3_8b_post",0
"36b16b585f5e465d251e",1,"qwen3_8b_post",0
"02d9b573eaacf7723d0e",1,"qwen3_8b_post",0
"90ec97702a0f006dd1f7",1,"qwen3_8b_post",0
"92c7fc5cd9a9fd8aff6a",1,"qwen3_8b_post",0
"b516914207b89d7bda4e",1,"qwen3_8b_post",0
"70cd5e669ead16ec8efd",1,"qwen3_8b_post",0
"494c9a194c52b2a022fa",1,"qwen3_8b_post",0
"33f0175d77225ad6c23f",1,"qwen3_8b_post",0
"9b07753365ede4113d0b",1,"qwen3_8b_post",0
"d21fc50720d9f9c53b39",1,"qwen3_8b_post",0
"fa9fdacf585117e20de0",1,"qwen3_8b_post",0
"d94df3b59ac74a372eb4",1,"qwen3_8b_post",0
"08e9912f9a332cf67183",1,"qwen3_8b_post",0
"8f79d04a1e89bc878dab",1,"qwen3_8b_post",0
"27381287dd24d1a0cf86",1,"qwen3_8b_post",0
"1794d1184c7890daff27",1,"qwen3_8b_post",0
"c2510194a1ccaf4c3278",1,"qwen3_8b_post",0
"8b4934a35ac0cfec16b1",1,"qwen3_8b_post",0
"678dd059786fd6e5e2f9",1,"qwen3_8b_post",0
"4c11adbe04bc1af89ae0",1,"qwen3_8b_post",0
"4fa199ffed91c38d4c17",1,"qwen3_8b_post",0
"972da5b95e285d4336fb",1,"qwen3_8b_post",0
"47847bed6f036a9974a8",1,"qwen3_8b_post",0
"14f1c4a42fc58f2166d6",1,"qwen3_8b_post",0
"debc1a65504a4d7559d3",1,"qwen3_8b_post",0
"f69a18aa6cdbb0b7abba",1,"qwen3_8b_post",0
"d8b41946cb8d73a3ecde",1,"qwen3_8b_post",0
"c9f698a23ce7285455f0",1,"qwen3_8b_post",0
"7a0aac782dca789949bc",1,"qwen3_8b_post",0
"61d75262457674dc0059",1,"qwen3_8b_post",0
"b694f889e28f1c284b5f",1,"qwen3_8b_post",0
"65996cf03633c28cf121",1,"qwen3_8b_post",0
"965826f0714d23d5dbe7",1,"qwen3_8b_post",0
"2b16b3d80b025a280fc7",1,"qwen3_8b_post",0
"f14665b9f1b34a6f4643",1,"qwen3_8b_post",0
"29f8dc9ebef2a7876bab",1,"qwen3_8b_post",0
"92cb089ec72e506c4e40",1,"qwen3_8b_post",0
"cee3cb896554ea9fa7aa",1,"qwen3_8b_post",0
"838f70c6b3bbaa84633e",1,"qwen3_8b_post",0
"461b387b952c044ff163",1,"qwen3_8b_post",0
"679c38c5111e2f5378ae",1,"qwen3_8b_post",0
"5b40d1c21822214b46b7",1,"qwen3_8b_post",0
"65c0f5c4057df9aa0179",1,"qwen3_8b_post",0
"a208dd3c64686a901875",1,"qwen3_8b_post",0
"c0c3bd8e5fad6e41061f",1,"qwen3_8b_post",0
"fbc4c1a4926ad27fb670",1,"qwen3_8b_post",0
"d6f8f16325808e34f24b",1,"qwen3_8b_post",0
"a5ce265f3d5479f68330",1,"qwen3_8b_post",0
"6ba032eb0943a4f68ab1",1,"qwen3_8b_post",0
"737f7bf8ab219cba0f87",1,"qwen3_8b_post",0
"a8664339624f76b23b56",1,"qwen3_8b_post",0
"b9c2a2bf215844804751",1,"qwen3_8b_post",0
"28d08cc4ed460c612dbd",1,"qwen3_8b_post",0
"8b81fe39470520dddd3b",1,"qwen3_8b_post",0
"13e1e62b520c467a65f4",1,"qwen3_8b_post",0
"acadd1e085c7537f0f15",1,"qwen3_8b_post",0
"06488ca42e7c46c89132",1,"qwen3_8b_post",0
"252ba5decca604f2b833",1,"qwen3_8b_post",0
"18fd97dc8a972f07c6cd",1,"qwen3_8b_post",0
"1b827224f955483d409e",1,"qwen3_8b_post",0
"f4e3e3545895c2b575af",1,"qwen3_8b_post",0
"3c6aee318606f2fa0c14",1,"qwen3_8b_post",0
"f44c4e66a0e3370dcf19",1,"qwen3_8b_post",0
"c51093848ae1284d08b8",1,"qwen3_8b_post",0
"c5d8fc28beb1000a507b",1,"qwen3_8b_post",0
"a018adc3811c4e53b9aa",1,"qwen3_8b_post",0
"9d6b6996164e53828401",1,"qwen3_8b_post",0
"48a29cce0d1a28d2f32f",1,"qwen3_8b_post",0
"51eb9431f1927c7accc0",1,"qwen3_8b_post",0
"95c43204bd11ffb73a3a",1,"qwen3_8b_post",0
"cc96a47dbbbb6004ad64",1,"qwen3_8b_post",0
"70475d2b55749a3db789",1,"qwen3_8b_post",0
"dcdf8a590feeea4640a2",1,"qwen3_8b_post",0
"ace35eb0dbf67c8866c4",1,"qwen3_8b_post",0
"14eb2fb6657e6d25c865",1,"qwen3_8b_post",0
"6553bd36e9bf3babaaa8",1,"qwen3_8b_post",0
"40bf5c94cfaf65c60410",1,"qwen3_8b_post",0
"d0407206fef8dccd10a5",1,"qwen3_8b_post",0
"1afbffc4fcf8e5181902",1,"qwen3_8b_post",0
"98b0dec3784980e10fce",1,"qwen3_8b_post",0
"c29cfd2e90d31c1f4eee",1,"qwen3_8b_post",0
"7f70f6805e075450d94e",1,"qwen3_8b_post",0
"88f9318b3bdb79a3997e",1,"qwen3_8b_post",0
"97035e3da97a23ea3469",1,"qwen3_8b_post",0
"436e9c395e35f948ae4d",1,"qwen3_8b_post",0
"25946be10c841912c59a",1,"qwen3_8b_post",0
"ddee5c764ae421d8823b",1,"qwen3_8b_post",0
"db342e62cc6827e6738b",1,"qwen3_8b_post",0
"40e8d689ce1a3ad6a0f6",1,"qwen3_8b_post",0
"a740942fe0f219d4bfe0",1,"qwen3_8b_post",0
"d8b4d77cc698c5467b1f",1,"qwen3_8b_post",0
"8dcdceeee4cb201e0c45",1,"qwen3_8b_post",0
"622d69fccebb3de70424",1,"qwen3_8b_post",0
"51664c197b0ca168b2a4",1,"qwen3_8b_post",0
"c10a39d969d4551953ee",1,"qwen3_8b_post",0
"0247844e8226cec5358c",1,"qwen3_8b_post",0
"8fb8b14e537b1dbc8591",1,"qwen3_8b_post",0
"d14d43c52c33b4e06b80",1,"qwen3_8b_post",0
"5fc80e8aad8110abd162",1,"qwen3_8b_post",0
"db14fab96bf211ca4286",1,"qwen3_8b_post",0
"d6e8ff42df2bef711213",1,"qwen3_8b_post",0
"39fc581283ce422e999a",1,"qwen3_8b_post",0
"640bc6b021ce5962522d",1,"qwen3_8b_post",0
"e8c17b05ac2bc68c76e0",1,"qwen3_8b_post",0
"a989c92b8496afa10be0",1,"qwen3_8b_post",0
"a5151d0c685661ea5af1",1,"qwen3_8b_post",0
"4318b83b1e4ada28a0a0",1,"qwen3_8b_post",0
"a36bb417bebefc6af73e",1,"qwen3_8b_post",0
"29cb91441669202632d3",1,"qwen3_8b_post",0
"79f6fb6ef208979aa5e7",1,"qwen3_8b_post",0
"2e9a7f392ce0c355c234",1,"qwen3_8b_post",0
"48cb1661b2d868723ca0",1,"qwen3_8b_post",0
"35718897199def037085",1,"qwen3_8b_post",0
"5cb5539c0416e4eef10d",1,"qwen3_8b_post",0
"a53b86aa3bde454bddd0",1,"qwen3_8b_post",0
"e1b92452790c4b42bd7e",1,"qwen3_8b_post",0
"4dc88a1c07358c4c4f9f",1,"qwen3_8b_post",0
"f4138f04a4afe8444967",1,"qwen3_8b_post",0
"f4d3caa8a8f804e3c659",1,"qwen3_8b_post",0
"0ca6483fe9dc1ed16e4a",1,"qwen3_8b_post",0
"ed9fa5bb25aba2630eb7",1,"qwen3_8b_post",0
"18d36071d285a70460e6",1,"qwen3_8b_post",0
"4e19d003544d00937f83",1,"qwen3_8b_post",0
"552529c3ce3befbcba6d",1,"qwen3_8b_post",0
"ff75312d76e0430f6c11",1,"qwen3_8b_post",0
"09403922ff862735b986",1,"qwen3_8b_post",0
"9b3fb4671451126570d4",1,"qwen3_8b_post",0
"e5dc4cb96932c2dcb561",1,"qwen3_8b_post",0
"a673bf7a86d6482453af",1,"qwen3_8b_post",0
"6e42bc2e9dea2190b4c7",1,"qwen3_8b_post",0
"703afabb9d1bf469bb81",1,"qwen3_8b_post",0
"08e3f19ba88c5c9a8b63",1,"qwen3_8b_post",0
"ff6ab9999e52750683bc",1,"qwen3_8b_post",0
"094557b9ffb20668f59a",1,"qwen3_8b_post",0
"be3ef03414293d48be8a",1,"qwen3_8b_post",0
"78a0b9250059c9b863c7",1,"qwen3_8b_post",0
"48f3053c5872bce2fd68",1,"qwen3_8b_post",0
"90f9cb006b4f9c197503",1,"qwen3_8b_post",0
"84bfeda830d5da76fdb6",1,"qwen3_8b_post",0
"de887578e98d3a1c5186",1,"qwen3_8b_post",0
"b0868efa242632b02d37",1,"qwen3_8b_post",0
"e70ccaabb71014ec3506",1,"qwen3_8b_post",0
"95c6ccfe934af1fbefd9",1,"qwen3_8b_post",0
"296ae8f823455e8417fb",1,"qwen3_8b_post",0
"da8b94d59fad79a72243",1,"qwen3_8b_post",0
"94f66fcd9274cf6a3e62",1,"qwen3_8b_post",0
"87146363309a9533e7c9",1,"qwen3_8b_post",0
"d7b015846c83c277e7dc",1,"qwen3_8b_post",0
"e2fabec712ac5548d7da",1,"qwen3_8b_post",0
"ec46730559d1205db411",1,"qwen3_8b_post",0
"72e6d8ac9620a0ff420e",1,"qwen3_8b_post",0
"3708f87db199768113c7",1,"qwen3_8b_post",0
"cda9ddc9b393659a866c",1,"qwen3_8b_post",0
"f70d4066f42c6dc24107",1,"qwen3_8b_post",0
"c6009f38835c4e78a99b",1,"qwen3_8b_post",0
"66ca302ce33f0f16c880",1,"qwen3_8b_post",0
"8e818efc97819b4ac920",1,"qwen3_8b_post",0
"592e4e34803c314f7979",1,"qwen3_8b_post",0
"34eb661ebba1084d8f2e",1,"qwen3_8b_post",0
"a568fc53b4c5d585b5c8",1,"qwen3_8b_post",0
"be1f7088510cccac40a1",1,"qwen3_8b_post",0
"ae045a4244d9f8773558",1,"qwen3_8b_post",0
"5d3b88ac125d4ba7b9d6",1,"qwen3_8b_post",0
"b99e02f85c2b6518cf89",1,"qwen3_8b_post",0
"9201c8d537bd7cee6ab6",1,"qwen3_8b_post",0
"cf24960b75646d3c8b94",1,"qwen3_8b_post",0
"4ff8265363c4f80163d6",1,"qwen3_8b_post",0
"a706ca6763cf45a6cc3d",1,"qwen3_8b_post",0
"5bce45b1db8b2f05749d",1,"qwen3_8b_post",0
"d232a9b0de8c2634cc67",1,"qwen3_8b_post",0
"8e596950a5b1ae1a1de8",1,"qwen3_8b_post",0
"a8c9fb8781e1c61e2c3e",1,"qwen3_8b_post",0
"9ec6d94f09f35514ee52",1,"qwen3_8b_post",0
"eaa26561850adc57534a",1,"qwen3_8b_post",0
"bfcb18f3d4041bcca036",1,"qwen3_8b_post",0
"d38d147bc42c86cd89ec",1,"qwen3_8b_post",0
"aa271dc3b45ebc0d69c2",1,"qwen3_8b_post",0
"3af982ea91f40acefc39",1,"qwen3_8b_post",0
"845884eb11dc4625c5a6",1,"qwen3_8b_post",0
"1d81c00d9d358184ec50",1,"qwen3_8b_post",0
"7c31df09db9656cac5b1",1,"qwen3_8b_post",0
"ad7254f68508f55009f4",1,"qwen3_8b_post",0
"45ac6042d5d2f6b7e37a",1,"qwen3_8b_post",0
"1f4340688c51db319aaf",1,"qwen3_8b_post",0
"14f6a987c452123807c9",1,"qwen3_8b_post",0
"68501b9ce90e3c77d0fd",1,"qwen3_8b_post",0
"3b67c36ca1889914add4",1,"qwen3_8b_post",0
"b50de2d0e753e44681fe",1,"qwen3_8b_post",0
"8a83ffda8d8c5c6a0da7",1,"qwen3_8b_post",0
"0fc9c32ff11c09190196",1,"qwen3_8b_post",0
"8bb5b0b746d091cb3d26",1,"qwen3_8b_post",0
"f702c4c852bc97dfc0da",1,"qwen3_8b_post",0
"427701da35db37d5278a",1,"qwen3_8b_post",0
"aaefe49cb737e1f88a14",1,"qwen3_8b_post",0
"d65884b68f432f2f04d4",1,"qwen3_8b_post",0
"126642ca7912502798f5",1,"qwen3_8b_post",0
"91bb2052e91f1224cf12",1,"qwen3_8b_post",0
"068fc8db7bfc74fca265",1,"qwen3_8b_post",0
"f750cfe2ec6487336c1f",1,"qwen3_8b_post",0
"6a5eb5bb6c8f09e24cd4",1,"qwen3_8b_post",0
"18c74c3a5a7e5dde7789",1,"qwen3_8b_post",0
"fbb19813bc195f29d575",1,"qwen3_8b_post",0
"bb101e91e38ab5cae661",1,"qwen3_8b_post",0
"d5c350fe42023e9956ce",1,"qwen3_8b_post",0
"764ea72a096a9be2bf83",1,"qwen3_8b_post",0
"269f39f4f446ab4d68c3",1,"qwen3_8b_post",0
"6010472786dcd06f3124",1,"qwen3_8b_post",0
"b181a87f3dea651f2b20",1,"qwen3_8b_post",0
"9d83793ee592690693e4",1,"qwen3_8b_post",0
"17b24a66129ced510c06",1,"qwen3_8b_post",0
"8788c344067fd0aa86d2",1,"qwen3_8b_post",0
"943918c5c24e50648a1c",1,"qwen3_8b_post",0
"016393545a63695fd4da",1,"qwen3_8b_post",0
"652620cdb9cd534ff9a2",1,"qwen3_8b_post",0
"24f9b4055aecf5601d27",1,"qwen3_8b_post",0
"62ffbda81482cd76629b",1,"qwen3_8b_post",0
"e8fd3040e5de42e76404",1,"qwen3_8b_post",0
"85a1016d7359d976492a",1,"qwen3_8b_post",0
"7f70fe5766d8aaead9a2",1,"qwen3_8b_post",0
"a79425285d767de63bac",1,"qwen3_8b_post",0
"2acb4e952a29e645077e",1,"qwen3_8b_post",0
"bef51ea0a3fad8071ff8",1,"qwen3_8b_post",0
"99a3abaf105cb709a727",1,"qwen3_8b_post",0
"5e376657afa63f5c8445",1,"qwen3_8b_post",0
"8a9d023f1923988e19f6",1,"qwen3_8b_post",0
"4db1d01c076de6afe49c",1,"qwen3_8b_post",0
"7ad3300943e06ad93fb2",1,"qwen3_8b_post",0
"3e022fa36f9d18e8565c",1,"qwen3_8b_post",0
"9cb336aec8f922bad3bc",1,"qwen3_8b_post",0
"22e2eaaf73e0fa9066b3",1,"qwen3_8b_post",0
"29ba234537ccd9034129",1,"qwen3_8b_post",0
"64379d7a0f7f86982489",1,"qwen3_8b_post",0
"93625e70344a8ca740d9",1,"qwen3_8b_post",0
"e258db71ced167d93313",1,"qwen3_8b_post",0
"6dfd91f3790f52b627b4",1,"qwen3_8b_post",0
"72cdc99f12cf55c59b4d",1,"qwen3_8b_post",0
"1984483dfdda8e2dd6e9",1,"qwen3_8b_post",0
"4e8003370f029b5cf9f3",1,"qwen3_8b_post",0
"f37b40eab09666380619",1,"qwen3_8b_post",0
"ca9a65a204ef60f5b82c",1,"qwen3_8b_post",0
"39b43f685f34c4b362d5",1,"qwen3_8b_post",0
"286a1afb91c67d2987a3",1,"qwen3_8b_post",0
"b5921b35be2a8d9cc2a7",1,"qwen3_8b_post",0
"15923963082b1024bd08",1,"qwen3_8b_post",0
"960e8398d301cce8b368",1,"qwen3_8b_post",0
"507604c881a7028978b9",1,"qwen3_8b_post",0
"05245c825feb8c4a5fb3",1,"qwen3_8b_post",0
"72fea64f291eba3e0f47",1,"qwen3_8b_post",0
"7f45308c49a7234783ae",1,"qwen3_8b_post",0
"08f2cf332adabd56b7c9",1,"qwen3_8b_post",0
"2359de7e0b718c14956c",1,"qwen3_8b_post",0
"eb5e97beda55bf016ee0",1,"qwen3_8b_post",0
"15249708bfcf67a81110",1,"qwen3_8b_post",0
"de7e5aa1091c2531404a",1,"qwen3_8b_post",0
"93bfdcc57c074f1043be",1,"qwen3_8b_post",0
"a14e1900dd3c42ebe4ad",1,"qwen3_8b_post",0
"e779cfe1900a09bb68e9",1,"qwen3_8b_post",0
"59e8bf6d78c491f8adc0",1,"qwen3_8b_post",0
"ce65767b257e41783354",1,"qwen3_8b_post",0
"70d6affdd515b66ab33e",1,"qwen3_8b_post",0
"abf27ab3b951f489e875",1,"qwen3_8b_post",0
"c39cbe0e79048aced301",1,"qwen3_8b_post",0
"0f7ba786207427e5c6d3",1,"qwen3_8b_post",0
"2d750249a77905c6940e",1,"qwen3_8b_post",0
"9ef0654efe6dc8ec1168",1,"qwen3_8b_post",0
"7ca3ac8f4daea6c5d08d",1,"qwen3_8b_post",0
"f5be5dcdf052ef76ad47",1,"qwen3_8b_post",0
"79d5195d44df4c309c2a",1,"qwen3_8b_post",0
"98e098cab0bd446af91f",1,"qwen3_8b_post",0
"70846a524806cb03d8fa",1,"qwen3_8b_post",0
"ac3ea6d4b04b363edd07",1,"qwen3_8b_post",0
"b5bb725028427469bf25",1,"qwen3_8b_post",0
"aa5022f6df54cd514822",1,"qwen3_8b_post",0
"3ac0e7d0ebb9534d5a8e",1,"qwen3_8b_post",0
"710c89298c931643c7dc",1,"qwen3_8b_post",0
"47b2249dd2add7fdb8af",1,"qwen3_8b_post",0
"63b569697919708a930f",1,"qwen3_8b_post",0
"fc9edf2eecae29e265cc",1,"qwen3_8b_post",0
"5731abd7e6df381166ef",1,"qwen3_8b_post",0
"0b7f9d90d18eb9b78a08",1,"qwen3_8b_post",0
"c839ee3e100fe9de5c92",1,"qwen3_8b_post",0
"6680ea94ae277f9d39fa",1,"qwen3_8b_post",0
"b8e02497d62f32adf53d",1,"qwen3_8b_post",0
"71d04f928aab3e20438c",1,"qwen3_8b_post",0
"7d261c3b2b59bbdfac7b",1,"qwen3_8b_post",0
"48bc5157c8cd3c406741",1,"qwen3_8b_post",0
"314483336c23df83852b",1,"qwen3_8b_post",0
"2ce57255d538b6d0e8d6",1,"qwen3_8b_post",0
"c4c52a35fef3465be60d",1,"qwen3_8b_post",0
"d7919d97f6d3be8f25fb",1,"qwen3_8b_post",0
"2a23e1514401010bf66e",1,"qwen3_8b_post",0
"1851bb4e6100a25cd8be",1,"qwen3_8b_post",0
"33fd710c2899778c1fbc",1,"qwen3_8b_post",0
"c8f4d59c8a4a83cbc93b",1,"qwen3_8b_post",0
"465f163845ffad8477ab",1,"qwen3_8b_post",0
"ed34469735389143cd54",1,"qwen3_8b_post",0
"35932a7228124e741ac2",1,"qwen3_8b_post",0
"bcf1198992949481ab6a",1,"qwen3_8b_post",0
"3ca772960578a07933ea",1,"qwen3_8b_post",0
"2737f8058a5f0a868ffc",1,"qwen3_8b_post",0
"fa05e779ffb3b573f0f8",1,"qwen3_8b_post",0
"0b1c8e428bfdbf1ea14d",1,"qwen3_8b_post",0
"ecbf628ae07de4ac0551",1,"qwen3_8b_post",0
"0f238a9cc2f1e112be7b",1,"qwen3_8b_post",0
"8a51afed2aa849e8035e",1,"qwen3_8b_post",0
"e7453609af8d9ac45239",1,"qwen3_8b_post",0
"a4729e1624bb393373fa",1,"qwen3_8b_post",0
"00584991bc201b4147cd",1,"qwen3_8b_post",0
"bdd62691cf8ed3d885c2",1,"qwen3_8b_post",0
"ed1e9d9573e601124294",1,"qwen3_8b_post",0
"3be1a71459408df16163",1,"qwen3_8b_post",0
"7b4ec64d4c7a50be2efe",1,"qwen3_8b_post",0
"8957599527f5eccff5c0",1,"qwen3_8b_post",0
"6341ec021cb758c06136",1,"qwen3_8b_post",0
"7ae7b700b0b5dd87cd60",1,"qwen3_8b_post",0
"00d2c2a759fd0dfe0051",1,"qwen3_8b_post",0
"1b9817a3ec17766ba083",1,"qwen3_8b_post",0
"d68c92538643b90f9d55",1,"qwen3_8b_post",0
"68633ca082bf5c0a177c",1,"qwen3_8b_post",0
"941dc625eeae849852b2",1,"qwen3_8b_post",0
"47c444da219866d13b2f",1,"qwen3_8b_post",0
"8aaed897f8464dd913dc",1,"qwen3_8b_post",0
"16ba27bc09cf162fb48b",1,"qwen3_8b_post",0
"9b72060891d85add0150",1,"qwen3_8b_post",0
"a9419127211dc7f9b286",1,"qwen3_8b_post",0
"41f7ca32c3623bf6ba79",1,"qwen3_8b_post",0
"fec0a71913a5cb6092ad",1,"qwen3_8b_post",0
"f903ee582662b1177ea8",1,"qwen3_8b_post",0
"32f39aabc8671d3039ee",1,"qwen3_8b_post",0
"49cd9ba0dfa78be75b42",1,"qwen3_8b_post",0
"425c535c2ec44814e6db",1,"qwen3_8b_post",0
"31c5b9852f9548d367e4",1,"qwen3_8b_post",0
"80cc0dfcc04224f9311a",1,"qwen3_8b_post",0
"09a1310c9d000624f784",1,"qwen3_8b_post",0
"65a1452d67d303bf87c7",1,"qwen3_8b_post",0
"e2b1468c7a74307fe4cb",1,"qwen3_8b_post",0
"7b6243af1328134194d4",1,"qwen3_8b_post",0
"322618202871e8022cb3",1,"qwen3_8b_post",0
"0cce46bf0fbc01a340ac",1,"qwen3_8b_post",0
"4c67dbfe3e5ac68a15b3",1,"qwen3_8b_post",0
"153bfe2a7c52616acfbc",1,"qwen3_8b_post",0
"dc869101c0fe545576d5",1,"qwen3_8b_post",0
"8365d2e450b0d1c2eb7c",1,"qwen3_8b_post",0
"c5d028c9181b9e6c57d4",1,"qwen3_8b_post",0
"ffddf2eddbb2535543a1",1,"qwen3_8b_post",0
"ecb38810ecc4abbeb310",1,"qwen3_8b_post",0
"c7533ffd332ccd5fe6fd",1,"qwen3_8b_post",0
"040aba00944978ab5938",1,"qwen3_8b_post",0
"9edbb3374f6716b59008",1,"qwen3_8b_post",0
"95fa1a7a02c2be90b97d",1,"qwen3_8b_post",0
"bae4abee0dbf63d45224",1,"qwen3_8b_post",0
"e8567b0aa1d658f1541c",1,"qwen3_8b_post",0
"7b81f49d22039ab5af79",1,"qwen3_8b_post",0
"2eb842edeb43eb2639ba",1,"qwen3_8b_post",0
"d7a8a9a7af2ac76d1f5b",1,"qwen3_8b_post",0
"cd9eaab721cdbbea1dd9",1,"qwen3_8b_post",0
"51f405b2c7d81a9d1b58",1,"qwen3_8b_post",0
"0f3393a49610d488b967",1,"qwen3_8b_post",0
"382724b72e2a002bd2a2",1,"qwen3_8b_post",0
"63c27d5e4c8a0ecf362c",1,"qwen3_8b_post",0
"feed23e16b99260444b4",1,"qwen3_8b_post",0
"973efa7f7c6161b411b2",1,"qwen3_8b_post",0
"40049fb54dbc056488e2",1,"qwen3_8b_post",0
"f51110391bd2915bc071",1,"qwen3_8b_post",0
"f9e50bb70e467c3cfcd2",1,"qwen3_8b_post",0
"a9757c087f2e0ca0185e",1,"qwen3_8b_post",0
"db3505a6605582e4f692",1,"qwen3_8b_post",0
"b1d60e7fe0db88ce98e0",1,"qwen3_8b_post",0
"9e36008533de84ddb404",1,"qwen3_8b_post",0
"f8d7dc91f1762d545f5a",1,"qwen3_8b_post",0
"e3602464cafc80c11b5c",1,"qwen3_8b_post",0
"b32ccb04b8c8ef379dc0",1,"qwen3_8b_post",0
"383dd3fc76162013fbe9",1,"qwen3_8b_post",0
"457a0e738bfb3b9a1d36",1,"qwen3_8b_post",0
"ad7ba0a72c734085da73",1,"qwen3_8b_post",0
"e3d1e71308814ea23031",1,"qwen3_8b_post",0
"4ce8eff20ab5ae9c7c69",1,"qwen3_8b_post",0
"f62bad10ba6ef763c5db",1,"qwen3_8b_post",0
"7bef48c2774b1c638dda",1,"qwen3_8b_post",0
"91335200ebe7dfcd8e79",1,"qwen3_8b_post",0
"3799c2bfe51d20776d7c",1,"qwen3_8b_post",0
"6549cdf1a6c5020a8b1f",1,"qwen3_8b_post",0
"df03817984850ac9111a",1,"qwen3_8b_post",0
"1ff8c8dbc57d6daeb352",1,"qwen3_8b_post",0
"4100c4e1e9a08a9d5caf",1,"qwen3_8b_post",0
"d06e364de0536ede8775",1,"qwen3_8b_post",0
"3e2efa413a63838f260b",1,"qwen3_8b_post",0
"59953ff65cd49d5c6392",1,"qwen3_8b_post",0
"5950972fe88aea7533b8",1,"qwen3_8b_post",0
"35eeb17634684be1236d",1,"qwen3_8b_post",0
"4a73d4df2ab331035737",1,"qwen3_8b_post",0
"d9bdd236b39a58db2d11",1,"qwen3_8b_post",0
"fb7cc6ced561643baaa1",1,"qwen3_8b_post",0
"eb0240bec57819f74b5b",1,"qwen3_8b_post",0
"7b52024f8384f3b6be41",1,"qwen3_8b_post",0
"4053b96cc78d6b5e4b02",1,"qwen3_8b_post",0
"82913f074394f1e02fe2",1,"qwen3_8b_post",0
"2c36447486c1ce6e2ad4",1,"qwen3_8b_post",0
"55579dfbc672adbb2834",1,"qwen3_8b_post",0
"e4d9d88a782b6d60dcf0",1,"qwen3_8b_post",0
"b42289891ce197468b31",1,"qwen3_8b_post",0
"7ed5ca44792318a61152",1,"qwen3_8b_post",0
"f1106d6eabbeac7e27b8",1,"qwen3_8b_post",0
"8e1934bc4d6e492645af",1,"qwen3_8b_post",0
"a29fb708d10a18aaf421",1,"qwen3_8b_post",0
"11db6fc791cd65691216",1,"qwen3_8b_post",0
"d20c6fccc3de075b9fda",1,"qwen3_8b_post",0
"1d388d40ccd3da9f6498",1,"qwen3_8b_post",0
"afa2da9f495f5bb7febd",1,"qwen3_8b_post",0
"05df245928a9cad883bc",1,"qwen3_8b_post",0
"2664f9d81a76e089806b",1,"qwen3_8b_post",0
"caae22e1281ebb9d7689",1,"qwen3_8b_post",0
"98e19575421822178f00",1,"qwen3_8b_post",0
"9cc2a5834ce36612e37a",1,"qwen3_8b_post",0
"40ef5fd246edded1b356",1,"qwen3_8b_post",0
"4d56f3d363169d0ef85d",1,"qwen3_8b_post",0
"4fbc9c998bce8439c618",1,"qwen3_8b_post",0
"6b1dc8a66583d86660cd",1,"qwen3_8b_post",0
"e5ea83149e222a40c156",1,"qwen3_8b_post",0
"808e3636914ea9b363fd",1,"qwen3_8b_post",0
"897ad53b5eac996d4e37",1,"qwen3_8b_post",0
"2e73a5f2de96f7a0f7e9",1,"qwen3_8b_post",0
"93edb123d7b54bd60ce6",1,"qwen3_8b_post",0
"13c31ce37333a08899a5",1,"qwen3_8b_post",0
"7967b72eb8818cbf2d98",1,"qwen3_8b_post",0
"6878df1bd16494798d7f",1,"qwen3_8b_post",0
"75ebd3410e53505c2b6f",1,"qwen3_8b_post",0
"eeadb8e77c739d44071b",1,"qwen3_8b_post",0
"3a8679f874321e471cde",1,"qwen3_8b_post",0
"979d5b3c82a8a39cb2f2",1,"qwen3_8b_post",0
"4723fe954de7e1272927",1,"qwen3_8b_post",0
"84457bf516d13c8234a1",1,"qwen3_8b_post",0
"b534911f3b7c95b771f1",1,"qwen3_8b_post",0
"d105e1fd4be2cf07a555",1,"qwen3_8b_post",0
"9d59bc9dc13f3b01213a",1,"qwen3_8b_post",0
"f7bd01c9cf75d8019b87",1,"qwen3_8b_post",0
"2e8ca9770e3ac1acc3a8",1,"qwen3_8b_post",0
"8a94179aacd20fb95f41",1,"qwen3_8b_post",0
"dae1d0469c80d572426a",1,"qwen3_8b_post",0
"bd53220f8ac48d80c4fc",1,"qwen3_8b_post",0
"d327e356823735061eec",1,"qwen3_8b_post",0
"27d6de6138b77b948920",1,"qwen3_8b_post",0
"0b200de831018753af84",1,"qwen3_8b_post",0
"8e3b3011b95bac3a0b8f",1,"qwen3_8b_post",0
"cf3d9279491b12745583",1,"qwen3_8b_post",0
"b2d5b82fb4527d92b249",1,"qwen3_8b_post",0
"a66a1aa23662f92b350d",1,"qwen3_8b_post",0
"ee51d5ae4ac000258377",1,"qwen3_8b_post",0
"d4ca207938c11999f982",1,"qwen3_8b_post",0
"c585943db22a12e60052",1,"qwen3_8b_post",0
"67e0b5d741916a96efac",1,"qwen3_8b_post",0
"6b4ee4650efaabdf7330",1,"qwen3_8b_post",0
"dd12a0cfcfedf9b34ec2",1,"qwen3_8b_post",0
"d31b3a329aa9fd6ac6c0",1,"qwen3_8b_post",0
"223be1fb2dd673a48ddb",1,"qwen3_8b_post",0
"0de74a13f98482f42f6e",1,"qwen3_8b_post",0
"96604c2543ca7d54256a",1,"qwen3_8b_post",0
"77428a7b3988cfea1b75",1,"qwen3_8b_post",0
"72f78e67f2510aff6b49",1,"qwen3_8b_post",0
"957a41c4c04b619c9bff",1,"qwen3_8b_post",0
"5e5ac2f2dd9300b9c777",1,"qwen3_8b_post",0
"93d0dd6ce348ecd09249",1,"qwen3_8b_post",0
"648bed8e39c2d25026f7",1,"qwen3_8b_post",0
"c345952e7d921d4da4d6",1,"qwen3_8b_post",0
"f9880a0491a539c087ef",1,"qwen3_8b_post",0
"d862f2a65ec1af8f0bbc",1,"qwen3_8b_post",0
"037f2dc71b4f60120a92",1,"qwen3_8b_post",0
"86cd66e3b469da772858",1,"qwen3_8b_post",0
"651b290cb3986729d31a",1,"qwen3_8b_post",0
"7000e05077f206c06927",1,"qwen3_8b_post",0
"bcb47fe1ca6a8f251088",1,"qwen3_8b_post",0
"7233b12520b937686fd9",1,"qwen3_8b_post",0
"6b73a9d3eacd8f571cba",1,"qwen3_8b_post",0
"fc34df5815b7ee52eead",1,"qwen3_8b_post",0
"a0d61dcfdc2cf2a725da",1,"qwen3_8b_post",0
"420337892b17d0f83620",1,"qwen3_8b_post",0
"ed03e6076c5937b154a1",1,"qwen3_8b_post",0
"e108ff259830d712189e",1,"qwen3_8b_post",0
"a400c6a55761667952df",1,"qwen3_8b_post",0
"e26e9d6803c1a3bd4888",1,"qwen3_8b_post",0
"0f8244f8c63d499760b0",1,"qwen3_8b_post",0
"8a34282e4b3a4c34352b",1,"qwen3_8b_post",0
"b684d9ecfeae62595f74",1,"qwen3_8b_post",0
"0804e3a01b51fa0aa504",1,"qwen3_8b_post",0
"3cdbde4273981852042e",1,"qwen3_8b_post",0
"c65792f495952e7e08b8",1,"qwen3_8b_post",0
"9155a4cd042e1e3f4054",1,"qwen3_8b_post",0
"a0215f99349a37df66a8",1,"qwen3_8b_post",0
"6194f54c759a53019515",1,"qwen3_8b_post",0
"b8c12e3588e150b9c3cf",1,"qwen3_8b_post",0
"b40bbde06991c1d986ae",1,"qwen3_8b_post",0
"10a2b31cba954968faa2",1,"qwen3_8b_post",0
"681d88b04b042c9b9229",1,"qwen3_8b_post",0
"2f6ce4f6cd3465ac3877",1,"qwen3_8b_post",0
"b808a0a466c9663383c9",1,"qwen3_8b_post",0
"bb0d21d79c63ebe1a5dd",1,"qwen3_8b_post",0
"81d14dc3c64c31f195af",1,"qwen3_8b_post",0
"5085a47ed64c6d7ef32a",1,"qwen3_8b_post",0
"cb90657bd8840eddf64a",1,"qwen3_8b_post",0
"84c3eec0c3c4a7af979f",1,"qwen3_8b_post",0
"de5975bedff752a43610",1,"qwen3_8b_post",0
"d4892c953285e60b5638",1,"qwen3_8b_post",0
"7d46f53906fcab82d72a",1,"qwen3_8b_post",0
"72ee6c167138b9f3697c",1,"qwen3_8b_post",0
"0b807ee966ad0cbd3beb",1,"qwen3_8b_post",0
"5e8c00deb79310764608",1,"qwen3_8b_post",0
"60b7793dd612d80934b8",1,"qwen3_8b_post",0
"b7167a03ecb72ffd1809",1,"qwen3_8b_post",0
"0667402af4d4ab2688ca",1,"qwen3_8b_post",0
"02b6e6f9f6637712b35c",1,"qwen3_8b_post",0
"688a62651e5acb12d783",1,"qwen3_8b_post",0
"34431b4e5dba12cb42ac",1,"qwen3_8b_post",0
"8257628369ee9a1e9d1d",1,"qwen3_8b_post",0
"61350b913777571ce17d",1,"qwen3_8b_post",0
"169caeb00bcf6f2feac5",1,"qwen3_8b_post",0
"fc5b12c30b66cbebfd1e",1,"qwen3_8b_post",0
"5b74e4acf9455f244101",1,"qwen3_8b_post",0
"e4d2ff584e6aa690a662",1,"qwen3_8b_post",0
"c382c111ddd2c929035e",1,"qwen3_8b_post",0
"7160702811b53dc6144f",1,"qwen3_8b_post",0
"540f080b7b154a26de8a",1,"qwen3_8b_post",0
"bc9d138b0a23bcdcc717",1,"qwen3_8b_post",0
"26fe1dbcf7d60c75ebee",1,"qwen3_8b_post",0
"91f09f4579764ec9e556",1,"qwen3_8b_post",0
"78f5f2591bd61de56541",1,"qwen3_8b_post",0
"5e33499d5cf100c6fb2b",1,"qwen3_8b_post",0
"efde8d23379e368261ff",1,"qwen3_8b_post",0
"3fa281af7084281f481e",1,"qwen3_8b_post",0
"40b5aca0978b01254f62",1,"qwen3_8b_post",0
"e544584f0dd2004228c6",1,"qwen3_8b_post",0
"8ff7c52ac68003ed9aa6",1,"qwen3_8b_post",0
"cc6a3e27d0253d57d7cc",1,"qwen3_8b_post",0
"b9a7c6393470776cf491",1,"qwen3_8b_post",0
"7d90d6ca8edd0736204b",1,"qwen3_8b_post",0
"63f1126c3292c544eb8f",1,"qwen3_8b_post",0
"b4598d5912b79889c19f",1,"qwen3_8b_post",0
"38d8cd240efd6d61c643",1,"qwen3_8b_post",0
"7f8e6f286d9002d8af32",1,"qwen3_8b_post",0
"c0b2a7014a1d5e4a3cd2",1,"qwen3_8b_post",0
"67bb681410ebfa6c0ec8",1,"qwen3_8b_post",0
"d6e7e54695c0ae083d57",1,"qwen3_8b_post",0
"b508d8316da37375f4b8",1,"qwen3_8b_post",0
"71c647e87a3cbd858a88",1,"qwen3_8b_post",0
"cefe94ca21bdd7cff5e1",1,"qwen3_8b_post",0
"c713db5ef34a0a67263a",1,"qwen3_8b_post",0
"21c7041f417517c0604a",1,"qwen3_8b_post",0
"40e7f95153c85a47e5bf",1,"qwen3_8b_post",0
"49d694cf02762fe343f4",1,"qwen3_8b_post",0
"e6a4b23495ec3bd4ad26",1,"qwen3_8b_post",0
"8f5a76e0edac0b7dd102",1,"qwen3_8b_post",0
"85972b15ffca91b3f83e",1,"qwen3_8b_post",0
"043298143c3753783815",1,"qwen3_8b_post",0
"38ed6c53d5c4e6406518",1,"qwen3_8b_post",0
"14cc83a77ab5bbe3b1da",1,"qwen3_8b_post",0
"5f4841609df22e6eb732",1,"qwen3_8b_post",0
"f19e5ff8c72c9e05ecbe",1,"qwen3_8b_post",0
"5409988c55674ac179f5",1,"qwen3_8b_post",0
"5380357842f77b03dba9",1,"qwen3_8b_post",0
"ff61c71bc93d960921d8",1,"qwen3_8b_post",0
"51ee1b2bf5730bad2b0a",1,"qwen3_8b_post",0
"c3e278e4a6fa6bd73852",1,"qwen3_8b_post",0
"70cb6c6d4c3c17b581e4",1,"qwen3_8b_post",0
"075536e9a26cba508bc4",1,"qwen3_8b_post",0
"6ba3bccadf51941f9ab9",1,"qwen3_8b_post",0
"a4e8edb3aad150e8d457",1,"qwen3_8b_post",0
"bd3bf31f1cefa95d1dcb",1,"qwen3_8b_post",0
"a21736eb33a9aca8c32b",1,"qwen3_8b_post",0
"186d13cb5ccd50a695e3",1,"qwen3_8b_post",0
"2eadb1a5c89f1409e381",1,"qwen3_8b_post",0
"c91e13a72c4b9e580e63",1,"qwen3_8b_post",0
"3d0458b7bd74983bc429",1,"qwen3_8b_post",0
"665b19cdc790c22a539f",1,"qwen3_8b_post",0
"75e8b4fc0adb0c33e768",1,"qwen3_8b_post",0
"a2fb6e452f2f32144d26",1,"qwen3_8b_post",0
"d8e7fa7fdb115839a2a4",1,"qwen3_8b_post",0
"039d4b15730d84d88ebc",1,"qwen3_8b_post",0
"1c142dff9fecc738d0d7",1,"qwen3_8b_post",0
"f09dc7a216f5042fdb94",1,"qwen3_8b_post",0
"68d821436a0412fc14f0",1,"qwen3_8b_post",0
"84ae8556b0915b293152",1,"qwen3_8b_post",0
"31a83d94f4d9338b6bfd",1,"qwen3_8b_post",0
"acfe3f927c5cb54410f1",1,"qwen3_8b_post",0
"215d7df2b462fc06b0e4",1,"qwen3_8b_post",0
"8146686f633201ab79be",1,"qwen3_8b_post",0
"ef50d2213be3ab0fc3ad",1,"qwen3_8b_post",0
"70836be9fd2cb3fba7e4",1,"qwen3_8b_post",0
"095b69fbac5ebdca7e86",1,"qwen3_8b_post",0
"b7acc12e6d1db93de842",1,"qwen3_8b_post",0
"3597f254b3d3f060a6ab",1,"qwen3_8b_post",0
"a4a349a763bc521e6b5a",1,"qwen3_8b_post",0
"9b603e7ab123898c186f",1,"qwen3_8b_post",0
"253089dd7a4d938b128e",1,"qwen3_8b_post",0
"3d1964c18dae32bfbbdf",1,"qwen3_8b_post",0
"c84f033edd24bc257323",1,"qwen3_8b_post",0
"3040daadeae04450c797",1,"qwen3_8b_post",0
"4d9c0c167678afbcb387",1,"qwen3_8b_post",0
"e48d0a4c79225548ecd6",1,"qwen3_8b_post",0
"f1649c26cca4c45c20b8",1,"qwen3_8b_post",0
"cc41696703f7a3b65f8a",1,"qwen3_8b_post",0
"bc89a029f87ed6e9e8a2",1,"qwen3_8b_post",0
"de85947d94a5f07f407d",1,"qwen3_8b_post",0
"8f2aec537d9bfd7b3fd1",1,"qwen3_8b_post",0
"a9cb31b546a80c8b1300",1,"qwen3_8b_post",0
"ed43d5b41ebe1facc589",1,"qwen3_8b_post",0
"617afa285a30d295a992",1,"qwen3_8b_post",0
"b1ced31efc30ace80ac5",1,"qwen3_8b_post",0
"c557a72c3b495e7e0759",1,"qwen3_8b_post",0
"6da7b8e8b06430fdf8e0",1,"qwen3_8b_post",0
"76e14cb7cc7c1373a5ea",1,"qwen3_8b_post",0
"47e3f0e1cca38e596d53",1,"qwen3_8b_post",0
"aa8a72aa42563de17f40",1,"qwen3_8b_post",0
"9d670a86fea5e778aa5c",1,"qwen3_8b_post",0
"7879cfd47c9b0057dc96",1,"qwen3_8b_post",0
"15ea2e378ae29b6fbbc0",1,"qwen3_8b_post",0
"d6b5be07260f6b81268b",1,"qwen3_8b_post",0
"349b192a91b4451bac72",1,"qwen3_8b_post",0
"3c44636e60f6083bdbac",1,"qwen3_8b_post",0
"966f6ea52685141e3cc4",1,"qwen3_8b_post",0
"8a64bafb7b6e4391c89d",1,"qwen3_8b_post",0
"fc94da47ce814d544af7",1,"qwen3_8b_post",0
"5913c713d811eb6a772d",1,"qwen3_8b_post",0
"612fd2ce377963bb8842",1,"qwen3_8b_post",0
"e1811cdb17eb85fca5f9",1,"qwen3_8b_post",0
"ae9d527eecc6c08afdd2",1,"qwen3_8b_post",0
"2a9ace31a157206f350a",1,"qwen3_8b_post",0
"32c839b81dc1258a18e7",1,"qwen3_8b_post",0
"c95221131bf3ee011c73",1,"qwen3_8b_post",0
"c2ffaa098f5393bd0145",1,"qwen3_8b_post",0
"872b5ab60e59ca533684",1,"qwen3_8b_post",0
"7a4a1bf6c64d1473bb06",1,"qwen3_8b_post",0
"454a92b080e3d6fbf1fd",1,"qwen3_8b_post",0
"fbc8e2920f8bcdbc9159",1,"qwen3_8b_post",0
"ecdb656daf8a0de74d5f",1,"qwen3_8b_post",0
"a4e9e64c45447ca298d5",1,"qwen3_8b_post",0
"c19cc1bf03730a026d7b",1,"qwen3_8b_post",0
"e0f25e434e9bfb608d9d",1,"qwen3_8b_post",0
"6651af572e15749803b6",1,"qwen3_8b_post",0
"466b6ccd9ed127f39913",1,"qwen3_8b_post",0
"b335e716623d7629ce51",1,"qwen3_8b_post",0
"0edca6520c17cd681fee",1,"qwen3_8b_post",0
"d58d6d789db0040dad7d",1,"qwen3_8b_post",0
"9048eb22afa440b56d56",1,"qwen3_8b_post",0
"f3debfdd44b33ae9851d",1,"qwen3_8b_post",0
"c59cfcc5229964d1bbea",1,"qwen3_8b_post",0
"a4cc4c9d71c40ca78e36",1,"qwen3_8b_post",0
"bbf40cb4a072b717293e",1,"qwen3_8b_post",0
"0e36cb6693c08b9ea4c3",1,"qwen3_8b_post",0
"9b65f238b4a4394ad281",1,"qwen3_8b_post",0
"4041863769fd2430449e",1,"qwen3_8b_post",0
"fd6d72f9b8f2f32bd2f6",1,"qwen3_8b_post",0
"1f65da3e3316a279f641",1,"qwen3_8b_post",0
"aefc365916a0db714ac7",1,"qwen3_8b_post",0
"7ee9b56ad25727f5b868",1,"qwen3_8b_post",0
"9edb5d8fd1257ca3b38e",1,"qwen3_8b_post",0
"2df5282750e239a9b640",1,"qwen3_8b_post",0
"2b635945856e068d8553",1,"qwen3_8b_post",0
"28e44feb9a6e87ea5f6a",1,"qwen3_8b_post",0
"a91d942c82cb1ae7b853",1,"qwen3_8b_post",0
"25b3cfbe940d4065a8a7",1,"qwen3_8b_post",0
"9b1f2700c119b942436e",1,"qwen3_8b_post",0
"4154ea80745c82b5fecf",1,"qwen3_8b_post",0
"c0f5315373f6ac50c637",1,"qwen3_8b_post",0
"3aa84a3c12130b9b7b56",1,"qwen3_8b_post",0
"6423c296bab4503bcf8f",1,"qwen3_8b_post",0
"51a6f6847d4410a896e1",1,"qwen3_8b_post",0
"beaf300065ff4eb34d15",1,"qwen3_8b_post",0
"2c57d0e9a0a37dd3634a",1,"qwen3_8b_post",0
"b83c775cf3b7e21195f6",1,"qwen3_8b_post",0
"fc97cd7075a347a20b81",1,"qwen3_8b_post",0
"3e8bdeefe61c4f9b2310",1,"qwen3_8b_post",0
"715b0d5da398749e032c",1,"qwen3_8b_post",0
"78366e876fbb08f38d46",1,"qwen3_8b_post",0
"cf4513856f758e0b21c9",1,"qwen3_8b_post",0
"edaa907b476ed2f55db2",1,"qwen3_8b_post",0
"d10c8c9932c0f6028f9a",1,"qwen3_8b_post",0
"6c72f6b7831c59feb103",1,"qwen3_8b_post",0
"549c5f015a879c87308f",1,"qwen3_8b_post",0
"d02236f187d25563a67a",1,"qwen3_8b_post",0
"d5b8af7261c0c49c78fe",1,"qwen3_8b_post",0
"f9503d4d6efd5cecd6d6",1,"qwen3_8b_post",0
"1ca285d0a79fded1e700",1,"qwen3_8b_post",0
"e05a2641c90ee5baedff",1,"qwen3_8b_post",0
"7c98d06d5c0d5c6bea65",1,"qwen3_8b_post",0
"be9426357bc01c351e67",1,"qwen3_8b_post",0
"ad9634709243a59e6abe",1,"qwen3_8b_post",0
"50485314fe2c28dfb03b",1,"qwen3_8b_post",0
"9d7cde700bc6ca5cc98a",1,"qwen3_8b_post",0
"96dc73c19ab264247d3d",1,"qwen3_8b_post",0
"98762a618b02ac89e88d",1,"qwen3_8b_post",0
"8251bef6a082f6c06b18",1,"qwen3_8b_post",0
"f3264317a239221a3aa4",1,"qwen3_8b_post",0
"7deef7f9a552112096c6",1,"qwen3_8b_post",0
"480da74a5e8631ae6bba",1,"qwen3_8b_post",0
"e36eb7055128ac025175",1,"qwen3_8b_post",0
"6f95d1e57a178ec7d57b",1,"qwen3_8b_post",0
"bb9c60734f2e64068a2a",1,"qwen3_8b_post",0
"0e6ed7010752cd775605",1,"qwen3_8b_post",0
"a25d5b7eaee9a791749d",1,"qwen3_8b_post",0
"2826c7780aa0a4388ef4",1,"qwen3_8b_post",0
"0f50d729cd6fc36e3895",1,"qwen3_8b_post",0
"f917a232bb1f2157ecea",1,"qwen3_8b_post",0
"63432c4a467fce99cb6e",1,"qwen3_8b_post",0
"07ef2123454b1d71fd9a",1,"qwen3_8b_post",0
"64b1070fa9b40241aeaa",1,"qwen3_8b_post",0
"65eb959139f7749a83c4",1,"qwen3_8b_post",0
"92d4d2a4153607d97493",1,"qwen3_8b_post",0
"e8c344f5894e22c9e9b0",1,"qwen3_8b_post",0
"1b7f3fc49cd24467fb87",1,"qwen3_8b_post",0
"66b7f058d9118a0fa61b",1,"qwen3_8b_post",0
"c26c801cdf3a15545cb6",1,"qwen3_8b_post",0
"ed9b4d532449c1bb1b25",1,"qwen3_8b_post",0
"0eeb88f3625abf18b2e8",1,"qwen3_8b_post",0
"ae25ed0426143675adb7",1,"qwen3_8b_post",0
"97741aa233e190db4510",1,"qwen3_8b_post",0
"98eaa9836ef5d2b10d6e",1,"qwen3_8b_post",0
"432631dcfb386df0379f",1,"qwen3_8b_post",0
"aa7f89731730e2da909e",1,"qwen3_8b_post",0
"1cd8dc4a8088a5734a44",1,"qwen3_8b_post",0
"d0a2f3be906408bd705f",1,"qwen3_8b_post",0
"1b498ab6c9d285c89f7c",1,"qwen3_8b_post",0
"4c670c1d2b382980ef9e",1,"qwen3_8b_post",0
"7e7b1db6898cd4e08943",1,"qwen3_8b_post",0
"5de290db8d7e7e3bb057",1,"qwen3_8b_post",0
"622471e370a2e384ba65",1,"qwen3_8b_post",0
"63fa3492b0822125c0f0",1,"qwen3_8b_post",0
"f65ad554bb2ccf80f268",1,"qwen3_8b_post",0
"1a961978d6c4ace07306",1,"qwen3_8b_post",0
"80ff70f06d64e62dbf6c",1,"qwen3_8b_post",0
"8f0c0e9bb6f056e1d86f",1,"qwen3_8b_post",0
"4a8dbff03b01594fda18",1,"qwen3_8b_post",0
"c6cdada1f4a1424607be",1,"qwen3_8b_post",0
"98690a6a80053b5344ad",1,"qwen3_8b_post",0
"e89a56155833686cc752",1,"qwen3_8b_post",0
"d4b2a835869a9cb22ae2",1,"qwen3_8b_post",0
"cbbae56e59446a72f104",1,"qwen3_8b_post",0
"10ae7cf29660ad319caf",1,"qwen3_8b_post",0
"2a2164ff060b29f0a8de",1,"qwen3_8b_post",0
"7c3852eaf6d2d3f243dc",1,"qwen3_8b_post",0
"4a4485beb35005141ffa",1,"qwen3_8b_post",0
"d6001b04cc89ae0b285c",1,"qwen3_8b_post",0
"923029d53245ede1326c",1,"qwen3_8b_post",0
"0cc80fcfd67ea9293a77",1,"qwen3_8b_post",0
"e077247ca5a81a5df81e",1,"qwen3_8b_post",0
"7fe1f3d43eabf7f91c58",1,"qwen3_8b_post",0
"a39b937c159748274ad1",1,"qwen3_8b_post",0
"731575bfbc0822012f2b",1,"qwen3_8b_post",0
"92856c4f39be4b6a27e9",1,"qwen3_8b_post",0
"ed0545e5fab709f30db1",1,"qwen3_8b_post",0
"19a10667e7f7d5d53f37",1,"qwen3_8b_post",0
"c7f25cbf71f5d8ef40bf",1,"qwen3_8b_post",0
"2603a80f9a66eed62199",1,"qwen3_8b_post",0
"e15d2b4a7666b388f250",1,"qwen3_8b_post",0
"347a2c24c6d2d86fb986",1,"qwen3_8b_post",0
"175fd4d16714ecaebd9e",1,"qwen3_8b_post",0
"46669217cc915e644e3b",1,"qwen3_8b_post",0
"96731ef10b1013721cf7",1,"qwen3_8b_post",0
"ec13d734e4a7f9a46fcb",1,"qwen3_8b_post",0
"83dbc090b54be2eb3acc",1,"qwen3_8b_post",0
"a6720e19abc294e9868d",1,"qwen3_8b_post",0
"95ec203c292045d854f0",1,"qwen3_8b_post",0
"534c561e258a11d4d5ae",1,"qwen3_8b_post",0
"7494327c1be7a0b2c62a",1,"qwen3_8b_post",0
"d68b0d1ce4110e110def",1,"qwen3_8b_post",0
"2fd3d57fa3cd88a70ede",1,"qwen3_8b_post",0
"d789db7529e05fcda497",1,"qwen3_8b_post",0
"12cc3cac3b16dea5e083",1,"qwen3_8b_post",0
"a0e1dd13283f13100459",1,"qwen3_8b_post",0
"5698521f44161e35f50f",1,"qwen3_8b_post",0
"46031a3e355e788b1891",1,"qwen3_8b_post",0
"30391880fad14416a17c",1,"qwen3_8b_post",0
"1afb6c8b169d278dd5e4",1,"qwen3_8b_post",0
"9a471daa20bd0440386c",1,"qwen3_8b_post",0
"6a5d16573adcabbf733b",1,"qwen3_8b_post",0
"c4892bf6b702f4a2cd5b",1,"qwen3_8b_post",0
"83d89c1cec490a7f3a22",1,"qwen3_8b_post",0
"6c753c67865eb936d08b",1,"qwen3_8b_post",0
"f1dd0d3c560447b59365",1,"qwen3_8b_post",0
"e34d8f547239fd7508ab",1,"qwen3_8b_post",0
"e06440fed73b543ce1c1",1,"qwen3_8b_post",0
"9fb3b9c9b45d7cb81e56",1,"qwen3_8b_post",0
"d36172921ea7f51f8a18",1,"qwen3_8b_post",0
"ddfd1f1b05e84843f98e",1,"qwen3_8b_post",0
"a13aaf33dd907a64e0a4",1,"qwen3_8b_post",0
"85461d949405d4db6b9a",1,"qwen3_8b_post",0
"36db3b7ce4e2ac34c7d5",1,"qwen3_8b_post",0
"30340d0f6363083e0c2b",1,"qwen3_8b_post",0
"40292eaa0b19b96431ee",1,"qwen3_8b_post",0
"4d760b7e24532283259f",1,"qwen3_8b_post",0
"d7e2848f0fd92559ea57",1,"qwen3_8b_post",0
"d48accdc18fb5701ea67",1,"qwen3_8b_post",0
"702b45177b9624739f79",1,"qwen3_8b_post",0
"661e0cd8e78cffb8ca46",1,"qwen3_8b_post",0
"d64db5d56aedf83e2212",1,"qwen3_8b_post",0
"23542d0d6394e4eaf413",1,"qwen3_8b_post",0
"816987625cc8df0b3fe0",1,"qwen3_8b_post",0
"b89b4b973c57f5730b9a",1,"qwen3_8b_post",0
"8f9d57180789ff16c6f4",1,"qwen3_8b_post",0
"6b9435cc212e0ee116b6",1,"qwen3_8b_post",0
"07cf76bb175fa24507e1",1,"qwen3_8b_post",0
"a3bd82e15db8c4ff2ecb",1,"qwen3_8b_post",0
"1bc9402c54f5ef524ad7",1,"qwen3_8b_post",0
"85f85c76f43765b16657",1,"qwen3_8b_post",0
"c658ce82535e719b7be3",1,"qwen3_8b_post",0
"c668ab9adb5683fad333",1,"qwen3_8b_post",0
"86c81c6f49c74a40be17",1,"qwen3_8b_post",0
"96465befe3e6c162c544",1,"qwen3_8b_post",0
"65aa344dcd91f6528a06",1,"qwen3_8b_post",0
"a71d357b2b85d3451a5d",1,"qwen3_8b_post",0
"1acdbb6ae94460bb74fb",1,"qwen3_8b_post",0
"257b21c883cddacd6e6f",1,"qwen3_8b_post",0
"804d3ea491f90fd06be7",1,"qwen3_8b_post",0
"13489c7dbe47d98b3f64",1,"qwen3_8b_post",0
"482e55abc3a58e8c1597",1,"qwen3_8b_post",0
"4f87c23e1edf4227bfb0",1,"qwen3_8b_post",0
"62d511e1c23e3fede599",1,"qwen3_8b_post",0
"b3b02b74e5ca20c27228",1,"qwen3_8b_post",0
"ad5e0b1be1378cf1ef45",1,"qwen3_8b_post",0
"fd593f9d876efb59a680",1,"qwen3_8b_post",0
"cc294b1c3baf1a5cdd80",1,"qwen3_8b_post",0
"6c2c97e012967fe7039c",1,"qwen3_8b_post",0
"6541528fe7b8cb7dadeb",1,"qwen3_8b_post",0
"5688ea4e09ec74ed1f7e",1,"qwen3_8b_post",0
"08de281959398d795f6e",1,"qwen3_8b_post",0
"4dfecfad4b8c6c5a0ce9",1,"qwen3_8b_post",0
"e286b789ef5736ff487f",1,"qwen3_8b_post",0
"e5937f4831836bfbcb59",1,"qwen3_8b_post",0
"a61d1e0d0134c2d7d644",1,"qwen3_8b_post",0
"e478a94dd6747ef6fd3a",1,"qwen3_8b_post",0
"8d9d169b2bd37a180fff",1,"qwen3_8b_post",0
"88bfdbb0ea804ba55a5a",1,"qwen3_8b_post",0
"6cf3d5d6d1d1e1df5901",1,"qwen3_8b_post",0
"efcb28696bb8c5c0ed7d",1,"qwen3_8b_post",0
"3772021e675e574a431b",1,"qwen3_8b_post",0
"ddb8d37f946ba485cff5",1,"qwen3_8b_post",0
"3ed70091f0a5904533b6",1,"qwen3_8b_post",0
"24697208b7ebe93c4879",1,"qwen3_8b_post",0
"7cda443fc0faa382564d",1,"qwen3_8b_post",0
"d10185deef995e61424e",1,"qwen3_8b_post",0
"f6e19966d6a078156890",1,"qwen3_8b_post",0
"35087b7dc7137b388716",1,"qwen3_8b_post",0
"7cf91f7e952dcf2698d7",1,"qwen3_8b_post",0
"b69998544ec620548588",1,"qwen3_8b_post",0
"ccaf79864dfd3a300191",1,"qwen3_8b_post",0
"ed2893963a2130da50bb",1,"qwen3_8b_post",0
"36373ff2da0c6f46e027",1,"qwen3_8b_post",0
"f7b0b6a6ec12bc3021e0",1,"qwen3_8b_post",0
"dd069c7bf1c58d742e9a",1,"qwen3_8b_post",0
"e12a35a29aa0760b242c",1,"qwen3_8b_post",0
"e15d0d8119bddb008d6b",1,"qwen3_8b_post",0
"6a3bc7e979a8ac791f1b",1,"qwen3_8b_post",0
"f3ec4a4b87e7d512163d",1,"qwen3_8b_post",0
"54042dfba85cc6d36472",1,"qwen3_8b_post",0
"5664a251ac18b4da9cbc",1,"qwen3_8b_post",0
"2d381c44dd2a1c0ae84a",1,"qwen3_8b_post",0
"a4ac412cf5686be60b9e",1,"qwen3_8b_post",0
"6845be1d39ad0d6eb331",1,"qwen3_8b_post",0
"b44d06802ec5a28a1568",1,"qwen3_8b_post",0
"3ffce3f39fb52e66d1e6",1,"qwen3_8b_post",0
"9540c1c37b30dc326151",1,"qwen3_8b_post",0
"79c27555752b850386fa",1,"qwen3_8b_post",0
"4af27d596ffe9767afd3",1,"qwen3_8b_post",0
"c746c797709217d49737",1,"qwen3_8b_post",0
"c100a01f64a428521aff",1,"qwen3_8b_post",0
"c8c549d306e2e42ac6d9",1,"qwen3_8b_post",0
"1817a2b926ddb4f3f4e8",1,"qwen3_8b_post",0
"34964fa875184cb32844",1,"qwen3_8b_post",0
"9a695d4c345d46b70e9f",1,"qwen3_8b_post",0
"0c3684849488ed6145f4",1,"qwen3_8b_post",0
"586d8707b2700004c10a",1,"qwen3_8b_post",0
"08aa06be54dd4ba3ffd7",1,"qwen3_8b_post",0
"553addafe625b1e5209d",1,"qwen3_8b_post",0
"d28258af77973418d3ba",1,"qwen3_8b_post",0
"26a7fb12aa1f4051e337",1,"qwen3_8b_post",0
"a42806b2b62ede514699",1,"qwen3_8b_post",0
"19b3e042bdd644d17ae5",1,"qwen3_8b_post",0
"c0a097f19ea48c0c0f8f",1,"qwen3_8b_post",0
"8b20a3ce10c88ccc1b04",1,"qwen3_8b_post",0
"65cd4a5361373742013e",1,"qwen3_8b_post",0
"bc4d61174ade4e9952d6",1,"qwen3_8b_post",0
"e72140eaf4c32b2bb2ed",1,"qwen3_8b_post",0
"bf5495f8c822b24be254",1,"qwen3_8b_post",0
"6cdd8851d72d85df193f",1,"qwen3_8b_post",0
"ab421f8a593fb808b5ea",1,"qwen3_8b_post",0
"8eab43c570e1eaebac66",1,"qwen3_8b_post",0
"45e81fc70d2d1f4514e4",1,"qwen3_8b_post",0
"5be79956026d059ca24e",1,"qwen3_8b_post",0
"1ef61f84e2573d2ebbbb",1,"qwen3_8b_post",0
"4986995f35b63d6188b6",1,"qwen3_8b_post",0
"3faedd5555ea92129643",1,"qwen3_8b_post",0
"06365d1967c4fc6f13b1",1,"qwen3_8b_post",0
"73ec3f5c3fb1fa4d09a7",1,"qwen3_8b_post",0
"772623a12b5498aecf8d",1,"qwen3_8b_post",0
"5d36dcb1e658a7327912",1,"qwen3_8b_post",0
"feb418d512198670cba8",1,"qwen3_8b_post",0
"4a68fa686c48b82e78e6",1,"qwen3_8b_post",0
"02e3c3fd985c35b99644",1,"qwen3_8b_post",0
"ea81d001b5360014670f",1,"qwen3_8b_post",0
"fd73c4628d1612a368ef",1,"qwen3_8b_post",0
"e4ff9f6d7931e715c9bd",1,"qwen3_8b_post",0
"d3f3031f12c6a1311d4f",1,"qwen3_8b_post",0
"600ec7bb6721eb72369b",1,"qwen3_8b_post",0
"701d3d8fb11510a10320",1,"qwen3_8b_post",0
"fb66ae33729cc1a14fa5",1,"qwen3_8b_post",0
"b208d758d50ea0207caf",1,"qwen3_8b_post",0
"b80024fe42665c264879",1,"qwen3_8b_post",0
"7d2ed887136a3e41c795",1,"qwen3_8b_post",0
"e733ab1fc79c96b75e97",1,"qwen3_8b_post",0
"02ddd86caf4d9f686992",1,"qwen3_8b_post",0
"130ef7ec4ca97d39e37d",1,"qwen3_8b_post",0
"5b3552f20ec3c38ad4f8",1,"qwen3_8b_post",0
"d76a271f99f3472cc99a",1,"qwen3_8b_post",0
"8112da5db07e69ef2803",1,"qwen3_8b_post",0
"8a902adbbfed2c6e8803",1,"qwen3_8b_post",0
"ac68013a4f146a58e4bf",1,"qwen3_8b_post",0
"711bebfea660ba0cdd7b",1,"qwen3_8b_post",0
"96d814ad646f20c8ff52",1,"qwen3_8b_post",0
"598da39b90bdaa44efde",1,"qwen3_8b_post",0
"6c2e0a104e6677391c5f",1,"qwen3_8b_post",0
"4de0ead1113e28c9b601",1,"qwen3_8b_post",0
"b3970f5a1b02195ac886",1,"qwen3_8b_post",0
"c1f017fdb3eebc2cb52a",1,"qwen3_8b_post",0
"5ce00944b97d2467cf8a",1,"qwen3_8b_post",0
"4f64a19dd57ff0a2254c",1,"qwen3_8b_post",0
"2b566d053cd28951675d",1,"qwen3_8b_post",0
"2e4428fd9a48cfbc7c87",1,"qwen3_8b_post",0
"b450bd79c9866fbcfc77",1,"qwen3_8b_post",0
"730101b6d96124ec0085",1,"qwen3_8b_post",0
"8e5b90a7577b71b4470c",1,"qwen3_8b_post",0
"79538c008322319d2d13",1,"qwen3_8b_post",0
"5c2c8ab1150b27d09b9d",1,"qwen3_8b_post",0
"f5e33a90066b8dbdf000",1,"qwen3_8b_post",0
"c3424215812147ddfccb",1,"qwen3_8b_post",0
"6f8dbf23fbcad123f034",1,"qwen3_8b_post",0
"16653c856813959b5ae1",1,"qwen3_8b_post",0
"5ff7da937603319fdee7",1,"qwen3_8b_post",0
"cbd1bf172aeed722f60a",1,"qwen3_8b_post",0
"c154c4eb20b57b6e1c80",1,"qwen3_8b_post",0
"7728adba56d4b7dc0f55",1,"qwen3_8b_post",0
"1f006740f5812c9be208",1,"qwen3_8b_post",0
"866e98dc3346001701c6",1,"qwen3_8b_post",0
"52b0cd5d916134b81be3",1,"qwen3_8b_post",0
"908be65806a2ae738a7d",1,"qwen3_8b_post",0
"61cf75d037a7d3d5cf4e",1,"qwen3_8b_post",0
"861431a9fb10fe73ac74",1,"qwen3_8b_post",0
"dc80ffa5c6b89110bd5d",1,"qwen3_8b_post",0
"e4e241b6704dc0a4f530",1,"qwen3_8b_post",0
"e4c93428f88a3c2b7d0e",1,"qwen3_8b_post",0
"c20512489d256668e3c8",1,"qwen3_8b_post",0
"bac15b762cda4c5eb51e",1,"qwen3_8b_post",0
"e50ca71ade65de8549f8",1,"qwen3_8b_post",0
"283ad5a859281e732496",1,"qwen3_8b_post",0
"e6db881b28d517e46202",1,"qwen3_8b_post",0
"b7e51a8f1b92f6583925",1,"qwen3_8b_post",0
"1df7482a7ad2faad550e",1,"qwen3_8b_post",0
"23c44d775e3653e14362",1,"qwen3_8b_post",0
"388328190bc232c11ef4",1,"qwen3_8b_post",0
"c74952bcc28eaf1421fe",1,"qwen3_8b_post",0
"2e67d735351fef6366a4",1,"qwen3_8b_post",0
"7466d2872e982186b8e4",1,"qwen3_8b_post",0
"0639fa269cf2b7d1f95a",1,"qwen3_8b_post",0
"d7fdcba9d2f053196b49",1,"qwen3_8b_post",0
"de0f3d8b5780a66902fd",1,"qwen3_8b_post",0
"87a9dd2d151d265fcc95",1,"qwen3_8b_post",0
"336b96dbe170014bacd1",1,"qwen3_8b_post",0
"b53171b8f80d9b6a096f",1,"qwen3_8b_post",0
"a5b08c1ef82e4ab1a720",1,"qwen3_8b_post",0
"3c5ae2ef68699e101a8b",1,"qwen3_8b_post",0
"b1ae77baaab7daa831e5",1,"qwen3_8b_post",0
"252dd4c2c42aff3e510c",1,"qwen3_8b_post",0
"0455cf0d8281f867e8a7",1,"qwen3_8b_post",0
"c9e72d7b3c7d141b8ff6",1,"qwen3_8b_post",0
"6718887f5755118ab6e5",1,"qwen3_8b_post",0
"90ec2db8e8a83118a994",1,"qwen3_8b_post",0
"d02fb881156ca1d9c476",1,"qwen3_8b_post",0
"614a373e6c5ae5c08609",1,"qwen3_8b_post",0
"46cc296a8c6d83354035",1,"qwen3_8b_post",0
"0e11024e0bc6d3be3637",1,"qwen3_8b_post",0
"340450ad44c3802459b9",1,"qwen3_8b_post",0
"cc20ac7d9696ae78e730",1,"qwen3_8b_post",0
"bb6c90c33020a2587900",1,"qwen3_8b_post",0
"6763283eea1460613a03",1,"qwen3_8b_post",0
"84de57c7cce97ff17538",1,"qwen3_8b_post",0
"914d5ea2f98b736bc1c3",1,"qwen3_8b_post",0
"9dd3b8a1bd02df757aa8",1,"qwen3_8b_post",0
"a22bc9ee59e1cab4d9b9",1,"qwen3_8b_post",0
"b7afee4eecff91ebcffa",1,"qwen3_8b_post",0
"f5afafd8851fe32b3649",1,"qwen3_8b_post",0
"bee2e7466cf0db541a33",1,"qwen3_8b_post",0
"f8582087da53c4f9645f",1,"qwen3_8b_post",0
"fe1bd92b91eb3374ddae",1,"qwen3_8b_post",0
"1a6ceeef514209c1e6d5",1,"qwen3_8b_post",0
"abf45c029906183aa872",1,"qwen3_8b_post",0
"e9fc8d23bb89863b1c32",1,"qwen3_8b_post",0
"a6cd55adaee2e89a87d4",1,"qwen3_8b_post",0
"55e467b430df2e44a7f7",1,"qwen3_8b_post",0
"21dfd772182752362b26",1,"qwen3_8b_post",0
"a0b3a1cbd0fbd849a3f0",1,"qwen3_8b_post",0
"6bef4c708cef49c67856",1,"qwen3_8b_post",0
"e851ccd0dffdf3a74ed0",1,"qwen3_8b_post",0
"ae956b33417b4ea41c62",1,"qwen3_8b_post",0
"64dca16604b18222be20",1,"qwen3_8b_post",0
"7768943e35d80c172fcd",1,"qwen3_8b_post",0
"1e9bd6600f2c894fd3ee",1,"qwen3_8b_post",0
"62cfe64b24f1215e800f",1,"qwen3_8b_post",0
"eae0a3d0052870ac9d48",1,"qwen3_8b_post",0
"9d64db6463e6984408c2",1,"qwen3_8b_post",0
"76a6bfe6d1c73c9a4d9f",1,"qwen3_8b_post",0
"2bd781ad2e102d20a003",1,"qwen3_8b_post",0
"2e676ffd1ae992bb99bc",1,"qwen3_8b_post",0
"20e04fac3cfbd89af587",1,"qwen3_8b_post",0
"6e1cda605d4556e50286",1,"qwen3_8b_post",0
"da7ec4d95415c79012aa",1,"qwen3_8b_post",0
"1004018be0b4ee856746",1,"qwen3_8b_post",0
"8718a0c8178ef34f12bb",1,"qwen3_8b_post",0
"cbea97a839e265813b2c",1,"qwen3_8b_post",0
"74c8c0b3eca44b458b62",1,"qwen3_8b_post",0
"ba5215726ccbdaaa5aa7",1,"qwen3_8b_post",0
"50af0d965b29c5b50d5c",1,"qwen3_8b_post",0
"5fe5703371b98560c398",1,"qwen3_8b_post",0
"9c30e6c2d39dfbb968e2",1,"qwen3_8b_post",0
"80bc453d28dd36c90285",1,"qwen3_8b_post",0
"7fcb87bd43d7db6d764d",1,"qwen3_8b_post",0
"12000cee247dd85103aa",1,"qwen3_8b_post",0
"efdabd1be4a05ffb881f",1,"qwen3_8b_post",0
"acc3f48afae28d988de0",1,"qwen3_8b_post",0
"8fc1b95f01477d6e3549",1,"qwen3_8b_post",0
"aa57f28b61256a2a8586",1,"qwen3_8b_post",0
"c34edfcbe044953517c4",1,"qwen3_8b_post",0
"c774b14c320ec545d394",1,"qwen3_8b_post",0
"f56a116276b392c790bd",1,"qwen3_8b_post",0
"9d72da0d73ebeb833384",1,"qwen3_8b_post",0
"b731e3b23a6c341665e5",1,"qwen3_8b_post",0
"70609577bf4078a18df4",1,"qwen3_8b_post",0
"75dff31579b04927ba3d",1,"qwen3_8b_post",0
"30b505873e4f1d865f8b",1,"qwen3_8b_post",0
"eb858062986e63821926",1,"qwen3_8b_post",0
"b26accbd31cb583ea069",1,"qwen3_8b_post",0
"0a45e3eaa3ea04727766",1,"qwen3_8b_post",0
"0a08bf1ba5cb6dd4213b",1,"qwen3_8b_post",0
"ba45d17ee999ba09b3e8",1,"qwen3_8b_post",0
"e0e5276e77070f3b3e79",1,"qwen3_8b_post",0
"6ee7aabade4ef3b19432",1,"qwen3_8b_post",0
"59fa3a70240de2589d8b",1,"qwen3_8b_post",0
"24d5ac2b8d062de78d8b",1,"qwen3_8b_post",0
"35f1bee9ee15136cfe45",1,"qwen3_8b_post",0
"15349eb1dffc46d0a878",1,"qwen3_8b_post",0
"03fab7713d96ba0c5670",1,"qwen3_8b_post",0
"3801baecaafbf6f1a335",1,"qwen3_8b_post",0
"4e4f5cfd450095a40ed2",1,"qwen3_8b_post",0
"61dfd33fe9cefa2f23e2",1,"qwen3_8b_post",0
"a470bcc577b75471b2a2",1,"qwen3_8b_post",0
"6c60765eecf26d9bfbb8",1,"qwen3_8b_post",0
"6148418b119ddbc2946a",1,"qwen3_8b_post",0
"df1bb76017a419b200f8",1,"qwen3_8b_post",0
"3225bf01099c8c32fcdc",1,"qwen3_8b_post",0
"5c1cca16ff7f585c11cd",1,"qwen3_8b_post",0
"0e900634925b36465374",1,"qwen3_8b_post",0
"d4aee659a081c3305435",1,"qwen3_8b_post",0
"cc87dfaca8a7f40d76ed",1,"qwen3_8b_post",0
"6b40f202157dc81edf64",1,"qwen3_8b_post",0
"d80c141c80ddb9a654f6",1,"qwen3_8b_post",0
"a7755bc0f185ab92cb84",1,"qwen3_8b_post",0
"abf7300cb4e436e6bf57",1,"qwen3_8b_post",0
"945cc684019958bd554d",1,"qwen3_8b_post",0
"9dabf4b9b57a970c7603",1,"qwen3_8b_post",0
"de1180e987c077da6f0f",1,"qwen3_8b_post",0
"e6b1e2f1360568aaabab",1,"qwen3_8b_post",0
"a384cfaf079776039a7f",1,"qwen3_8b_post",0
"01de67c08744eeb857a2",1,"qwen3_8b_post",0
"e551963c8d740c967f09",1,"qwen3_8b_post",0
"e0567d5f24fd7f607346",1,"qwen3_8b_post",0
"438ff5ffe3512ba5d857",1,"qwen3_8b_post",0
"5bba4e331862b573bc44",1,"qwen3_8b_post",0
"3f631bf68044eeb2639a",1,"qwen3_8b_post",0
"d4c00329777f0b9caa14",1,"qwen3_8b_post",0
"a497aa709af54be3c8c9",1,"qwen3_8b_post",0
"dd79cde835a63feb789b",1,"qwen3_8b_post",0
"57ef7c9a9b76d8009477",1,"qwen3_8b_post",0
"d503217340ffb6d52196",1,"qwen3_8b_post",0
"2875275c0bb64221fde8",1,"qwen3_8b_post",0
"013d90b7d87dd4e995b0",1,"qwen3_8b_post",0
"05013ddd05ed5765a897",1,"qwen3_8b_post",0
"510688608b00100204ac",1,"qwen3_8b_post",0
"24cd2c4fc3dce813eaa5",1,"qwen3_8b_post",0
"e45348338869f38ff6c4",1,"qwen3_8b_post",0
"b42839ce10e921d5682c",1,"qwen3_8b_post",0
"5027e89f6367b98db669",1,"qwen3_8b_post",0
"859286df44b0b2d7de44",1,"qwen3_8b_post",0
"8e94eaef9f619655e1b2",1,"qwen3_8b_post",0
"a8fb26a133029aafd48d",1,"qwen3_8b_post",0
"6004f4579f7f9bed15c6",1,"qwen3_8b_post",0
"3d6518222b9b733be3b3",1,"qwen3_8b_post",0
"52f5af5d358c8c74d7ba",1,"qwen3_8b_post",0
"1754f678f81092ae46c1",1,"qwen3_8b_post",0
"16fab4c5c6a64ebdce1e",1,"qwen3_8b_post",0
"5318bc7be2664f720ae7",1,"qwen3_8b_post",0
"ce4fb3f49f65de577a17",1,"qwen3_8b_post",0
"825d9e03619664412a87",1,"qwen3_8b_post",0
"88c1c2dd16e0a64f6a76",1,"qwen3_8b_post",0
"1716c85f43adb6236c8a",1,"qwen3_8b_post",0
"a828920d2f858668ed8c",1,"qwen3_8b_post",0
"7e3ac7cfec8aafdd4e47",1,"qwen3_8b_post",0
"f279d5fdd47cc817923a",1,"qwen3_8b_post",0
"d21493a75968df7ab05b",1,"qwen3_8b_post",0
"299a0273f48360f33bf1",1,"qwen3_8b_post",0
"5beaf65d1f3fadd6f1c7",1,"qwen3_8b_post",0
"9430b346adfac2ff6808",1,"qwen3_8b_post",0
"06cf4afe23ab1f1111fc",1,"qwen3_8b_post",0
"a55160e46f0b7b2c5149",1,"qwen3_8b_post",0
"5edfd8fdfc07cb133c41",1,"qwen3_8b_post",0
"d850416c802ae10eaa64",1,"qwen3_8b_post",0
"e0190ea35102cc288b37",1,"qwen3_8b_post",0
"06593e0833e612d66983",1,"qwen3_8b_post",0
"a91882a1d5990ccbe5b3",1,"qwen3_8b_post",0
"7026d396e479df99b258",1,"qwen3_8b_post",0
"22e6a05908ceba608402",1,"qwen3_8b_post",0
"b2c4d5e23ed7a6d9a518",1,"qwen3_8b_post",0
"48ee664ecdffa3a98bac",1,"qwen3_8b_post",0
"40279fb7c9a8b9e3fb1f",1,"qwen3_8b_post",0
"030eb8ea7e9a46ca4150",1,"qwen3_8b_post",0
"2dfb65db46e45b56addb",1,"qwen3_8b_post",0
"213962b91086ffc6a1d6",1,"qwen3_8b_post",0
"36c0889ba1b9c783bbab",1,"qwen3_8b_post",0
"40f9f927ffc065cd1eaf",1,"qwen3_8b_post",0
"b34c038cbcd76107a14b",1,"qwen3_8b_post",0
"24e4472bc3d5f5d9e79f",1,"qwen3_8b_post",0
"87cabdf05dfa5c2de0cf",1,"qwen3_8b_post",0
"c9274c19623ce13258d0",1,"qwen3_8b_post",0
"4a846200835f4371aaef",1,"qwen3_8b_post",0
"ca25818860fb780a1345",1,"qwen3_8b_post",0
"178291a9b05e5ebd9462",1,"qwen3_8b_post",0
"d94d4706bed59f2b2612",1,"qwen3_8b_post",0
"a49421afe41d68d80d3f",1,"qwen3_8b_post",0
"502fd7ae8f48729248b8",1,"qwen3_8b_post",0
"d4b3167ce73c00b8cf4f",1,"qwen3_8b_post",0
"853df47a5e73ed930856",1,"qwen3_8b_post",0
"019297f825c68d1c6855",1,"qwen3_8b_post",0
"52d5464e92559dac5b1a",1,"qwen3_8b_post",0
"23b9834cfefa9d54ec0c",1,"qwen3_8b_post",0
"a3001230e88eaff6b477",1,"qwen3_8b_post",0
"23f61fd581868e5ecf40",1,"qwen3_8b_post",0
"5ddbed8cf929f0ca1d2f",1,"qwen3_8b_post",0
"8beb00e616ce6da3a13b",1,"qwen3_8b_post",0
"ddd87ad6637be32a3b22",1,"qwen3_8b_post",0
"a5d44253c4cda6344bd8",1,"qwen3_8b_post",0
"d16e8453a3908370630e",1,"qwen3_8b_post",0
"99d74f4293a0a7ef9b20",1,"qwen3_8b_post",0
"cecb954f49145f50036f",1,"qwen3_8b_post",0
"9d69131e3fcfdfa15821",1,"qwen3_8b_post",0
"c045b69b51bdf7839d9f",1,"qwen3_8b_post",0
"c39b40d60cf96288e030",1,"qwen3_8b_post",0
"e2d334fd8d9b8e79636a",1,"qwen3_8b_post",0
"60eef109d72360647421",1,"qwen3_8b_post",0
"7ba27ae950b065028d16",1,"qwen3_8b_post",0
"647bd6b7f141df7eff1c",1,"qwen3_8b_post",0
"a2181734047b8b212543",1,"qwen3_8b_post",0
"916ca0991b6e5306918b",1,"qwen3_8b_post",0
"38ad07feaabefd9fe322",1,"qwen3_8b_post",0
"8b7327c5dfaf6f7f7f40",1,"qwen3_8b_post",0
"982de51fb414219a450a",1,"qwen3_8b_post",0
"68f0b64e6196d9b039df",1,"qwen3_8b_post",0
"fde21ffcc6d687fd28d5",1,"qwen3_8b_post",0
"cbff087f8edd13f5d730",1,"qwen3_8b_post",0
"6689daa69d9a343d3e70",1,"qwen3_8b_post",0
"a902932ca9cce8e27a79",1,"qwen3_8b_post",0
"66f01e61bba4ffbd1447",1,"qwen3_8b_post",0
"6cbd721f81fe90a20e70",1,"qwen3_8b_post",0
"a6db2269bea9191555c2",1,"qwen3_8b_post",0
"ea489633dbff259b2ebb",1,"qwen3_8b_post",0
"044156f37b67e0913b95",1,"qwen3_8b_post",0
"a8bf77a4ba5365e0dc67",1,"qwen3_8b_post",0
"d3c9518fff10116fa2b6",1,"qwen3_8b_post",0
"4153af5e573cdec0bc09",1,"qwen3_8b_post",0
"1abae40f94ed23618ef7",1,"qwen3_8b_post",0
"ec193bc9a37c4627ce51",1,"qwen3_8b_post",0
"2db64a512ad99885967b",1,"qwen3_8b_post",0
"5dd159f58e56f1aec822",1,"qwen3_8b_post",0
"ff0d7a5dc3f8bec0789a",1,"qwen3_8b_post",0
"9d1419cad86c14668265",1,"qwen3_8b_post",0
"d28509dd75771bc95fbe",1,"qwen3_8b_post",0
"91487c8dd8c38445afb7",1,"qwen3_8b_post",0
"e67a79cfbb3ac953a444",1,"qwen3_8b_post",0
"30bc1a4f3e300ab7a100",1,"qwen3_8b_post",0
"9f1132613a81a20e4922",1,"qwen3_8b_post",0
"59dc8f4391d2cc498bd0",1,"qwen3_8b_post",0
"36e08d3d7ddc52039d95",1,"qwen3_8b_post",0
"c3e120cdad80438ef5d9",1,"qwen3_8b_post",0
"a76c00d3a2e3a4f88ef4",1,"qwen3_8b_post",0
"b2a589d16ddec37c2611",1,"qwen3_8b_post",0
"1bd58e0af73c8ea36d4f",1,"qwen3_8b_post",0
"e2420523ed24000c775e",1,"qwen3_8b_post",0
"4205e17b8670a310d652",1,"qwen3_8b_post",0
"b1a1d75ad109975b2b67",1,"qwen3_8b_post",0
"df8b9d8147ab48231213",1,"qwen3_8b_post",0
"de716fdddde744558d9a",1,"qwen3_8b_post",0
"251c50c6b3118470053c",1,"qwen3_8b_post",0
"cfdcb73d39717820733e",1,"qwen3_8b_post",0
"e4d70ef59eba9607fd13",1,"qwen3_8b_post",0
"1ab6c19539d3fb12b684",1,"qwen3_8b_post",0
"91028202089495e6c0cc",1,"qwen3_8b_post",0
"f81aa088f4211b0675b3",1,"qwen3_8b_post",0
"44dd8106d715959e8c26",1,"qwen3_8b_post",0
"673346207ed712425f40",1,"qwen3_8b_post",0
"4deca1c42033a415113b",1,"qwen3_8b_post",0
"102d6f64b9cf384fb979",1,"qwen3_8b_post",0
"afaec882d53ee7d7da3f",1,"qwen3_8b_post",0
"819f3b52cd9b6299be11",1,"qwen3_8b_post",0
"63c28b9aba29b770c016",1,"qwen3_8b_post",0
"028986223739ae7fe4fd",1,"qwen3_8b_post",0
"735ab71b0f5cee0d69ad",1,"qwen3_8b_post",0
"c730fbfae37347e1b2ee",1,"qwen3_8b_post",0
"81b6fc01bb17cf962b47",1,"qwen3_8b_post",0
"1eb11c3b75899abd3d18",1,"qwen3_8b_post",0
"0919044217aa309a2a5f",1,"qwen3_8b_post",0
"4a16dae1a27d1bc1d0e6",1,"qwen3_8b_post",0
"c833b1c7f9fee21a6bbb",1,"qwen3_8b_post",0
"a178bbf5c9a53936833b",1,"qwen3_8b_post",0
"836641f2f424cce26c48",1,"qwen3_8b_post",0
"f5305e9ed43ba4295984",1,"qwen3_8b_post",0
"663184d0f575f120ff21",1,"qwen3_8b_post",0
"c1a3b2ca7bced3314acd",1,"qwen3_8b_post",0
"1c59a70b74e5bf61f292",1,"qwen3_8b_post",0
"8523634a17b740492c83",1,"qwen3_8b_post",0
"8b6411a34bee413a6cb8",1,"qwen3_8b_post",0
"81f526f02f85c4443d56",1,"qwen3_8b_post",0
"49043defb2fd8e75106a",1,"qwen3_8b_post",0
"3d5ca1f034c82eba2155",1,"qwen3_8b_post",0
"937946a3603eef4009b4",1,"qwen3_8b_post",0
"8316a671334bfddff629",1,"qwen3_8b_post",0
"75827a87efa71d59fb01",1,"qwen3_8b_post",0
"0ea68cabd4def614d0d2",1,"qwen3_8b_post",0
"c4120365d7c9973f381f",1,"qwen3_8b_post",0
"b82517c7eb6ebade1a85",1,"qwen3_8b_post",0
"e9bf33daa8213770790b",1,"qwen3_8b_post",0
"0b48409b8d13778f0461",1,"qwen3_8b_post",0
"c17eca1edf2996d254da",1,"qwen3_8b_post",0
"afde333be41800de3a17",1,"qwen3_8b_post",0
"ae643e31a8ef6c8fef65",1,"qwen3_8b_post",0
"651c81cdd0fa35040813",1,"qwen3_8b_post",0
"d04289008e2318a083f4",1,"qwen3_8b_post",0
"30a5d718506e89793228",1,"qwen3_8b_post",0
"9512529f6988dc7cec28",1,"qwen3_8b_post",0
"c597ca14684613c17b45",1,"qwen3_8b_post",0
"68ca6175667b5c373525",1,"qwen3_8b_post",0
"603d8fe60123b4d10e19",1,"qwen3_8b_post",0
"bbe4cab06148891da3ae",1,"qwen3_8b_post",0
"f5784d2501f2cde339b2",1,"qwen3_8b_post",0
"b3ef6ca5887b6dbf92b3",1,"qwen3_8b_post",0
"96b8ec7228e6a762e3a6",1,"qwen3_8b_post",0
"937d259b7439ac0816a1",1,"qwen3_8b_post",0
"d8f0e038d5406638bfa1",1,"qwen3_8b_post",0
"6bfd4c4897694da74d15",1,"qwen3_8b_post",0
"731c093dcb37422d968e",1,"qwen3_8b_post",0
"bedd4bb5909c8c2f8646",1,"qwen3_8b_post",0
"1b1874eced9560a70165",1,"qwen3_8b_post",0
"b7cd03cf17eb6ce77dd0",1,"qwen3_8b_post",0
"1199a10602cbcd2bec1c",1,"qwen3_8b_post",0
"dfa86fef9b9c40209e8f",1,"qwen3_8b_post",0
"d2f6f072639f9c3decb2",1,"qwen3_8b_post",0
"5cda134bcaf4b8d8a81a",1,"qwen3_8b_post",0
"11649ea6bc2f3c3b9ea3",1,"qwen3_8b_post",0
"1657da45cf7ec45e4710",1,"qwen3_8b_post",0
"506728becb39ebbe2a90",1,"qwen3_8b_post",0
"f312e7f8e202e155e7d8",1,"qwen3_8b_post",0
"27637a393a9ea486edbe",1,"qwen3_8b_post",0
"9024fe43cbac32892d87",1,"qwen3_8b_post",0
"90f3234ab2316fca87cc",1,"qwen3_8b_post",0
"8d5653e0dd7cb9150df8",1,"qwen3_8b_post",0
"6cd01b1f840f19ba73d9",1,"qwen3_8b_post",0
"a085b198176e98a0e47e",1,"qwen3_8b_post",0
"3c68da0e3a61d83898d0",1,"qwen3_8b_post",0
"488e07fd507dc7b605be",1,"qwen3_8b_post",0
"bceda60698d88e904eb0",1,"qwen3_8b_post",0
"a11fe2a8f19dadf2f7c4",1,"qwen3_8b_post",0
"696fa38205b0cb98c6e4",1,"qwen3_8b_post",0
"a0c3bb7f0c38f8e341cf",1,"qwen3_8b_post",0
"0a6c86e726a652cf5646",1,"qwen3_8b_post",0
"f93de17a690d0f8c898e",1,"qwen3_8b_post",0
"d4bed5473d021464d71a",1,"qwen3_8b_post",0
"f884a569f4cf4df77df5",1,"qwen3_8b_post",0
"9733a0bd7822fb41dbc0",1,"qwen3_8b_post",0
"631ce0042a6b2abe1f10",1,"qwen3_8b_post",0
"a52fd90e73a923a2a043",1,"qwen3_8b_post",0
"d151013cf23583b602ae",1,"qwen3_8b_post",0
"7e1e809ed51196be3b00",1,"qwen3_8b_post",0
"5a7fda89956530509d2d",1,"qwen3_8b_post",0
"4fa3ec769f68716bd3ce",1,"qwen3_8b_post",0
"b71964a04cd82fda482e",1,"qwen3_8b_post",0
"efb9c534bf9052599e65",1,"qwen3_8b_post",0
"302ae7ad283f486c8cd8",1,"qwen3_8b_post",0
"15abf32345fc5fdc6a09",1,"qwen3_8b_post",0
"4093f06f29d1745365b9",1,"qwen3_8b_post",0
"dc2b49714c71860fd766",1,"qwen3_8b_post",0
"3a95d5c0ba0f099493b6",1,"qwen3_8b_post",0
"8e3f83439f87ada8455d",1,"qwen3_8b_post",0
"d0a28db228c4b3b0535e",1,"qwen3_8b_post",0
"3ccf0afa1508adcb032d",1,"qwen3_8b_post",0
"29e69ec6f2364cecd023",1,"qwen3_8b_post",0
"7f828d736f79e8481820",1,"qwen3_8b_post",0
"a85af3af867e2b7e54c5",1,"qwen3_8b_post",0
"df3f0d40ac995950ae73",1,"qwen3_8b_post",0
"30e87320e7454c62d240",1,"qwen3_8b_post",0
"5869611d9b88601920b4",1,"qwen3_8b_post",0
"011eb62644fd0df7aee5",1,"qwen3_8b_post",0
"4adc872136099b7bb386",1,"qwen3_8b_post",0
"a226f84e1f903e50355c",1,"qwen3_8b_post",0
"29931e97265e929f66ff",1,"qwen3_8b_post",0
"f40526eddddbfd5eace6",1,"qwen3_8b_post",0
"9eae209af3e1e71980fa",1,"qwen3_8b_post",0
"6078d77fa6e539555396",1,"qwen3_8b_post",0
"4eee9bfa90d386236073",1,"qwen3_8b_post",0
"9cc8788884c0da8322ac",1,"qwen3_8b_post",0
"40e3d705eba9ee7cb284",1,"qwen3_8b_post",0
"31caafa8dea6df17072b",1,"qwen3_8b_post",0
"aeb02836bdd39d841656",1,"qwen3_8b_post",0
"75d81a1be8b1ed4d1c77",1,"qwen3_8b_post",0
"b46462a21422b982ea13",1,"qwen3_8b_post",0
"6fb85ead96ec652e8f95",1,"qwen3_8b_post",0
"933cf9020859f7ed4c00",1,"qwen3_8b_post",0
"ec84c54c6c814fa4f483",1,"qwen3_8b_post",0
"365d8dc40fa723fd9317",1,"qwen3_8b_post",0
"09633b4598bc10c9e68d",1,"qwen3_8b_post",0
"3ee67b9063baa0623c60",1,"qwen3_8b_post",0
"75a26e38ed30d7ae54e0",1,"qwen3_8b_post",0
"beabf2e39fe45b2fddd1",1,"qwen3_8b_post",0
"94e1e358a0be4cb3a857",1,"qwen3_8b_post",0
"4752e074077e6ea574a7",1,"qwen3_8b_post",0
"1484fa357a7559e93171",1,"qwen3_8b_post",0
"6855821691e31d1b0546",1,"qwen3_8b_post",0
"9f203a40d8349ce261ae",1,"qwen3_8b_post",0
"2ac3c0241e8d748f8880",1,"qwen3_8b_post",0
"511240a2cf40fdd6a35f",1,"qwen3_8b_post",0
"25be25528955d106ecfc",1,"qwen3_8b_post",0
"dca525b36fed2a04e2b2",1,"qwen3_8b_post",0
"5ffcebb4fb2673d2439e",1,"qwen3_8b_post",0
"40f83f9ffa53f2ded993",1,"qwen3_8b_post",0
"adb57f96380ae99d9571",1,"qwen3_8b_post",0
"2b33414faa728d2dc825",1,"qwen3_8b_post",0
"6b8f82ba26fc36a4820c",1,"qwen3_8b_post",0
"0252713458b9de68fbeb",1,"qwen3_8b_post",0
"414400b18f99222e8c24",1,"qwen3_8b_post",0
"a244fde8b42bebd87951",1,"qwen3_8b_post",0
"0813875693b2593276b3",1,"qwen3_8b_post",0
"71173221da42fd860ece",1,"qwen3_8b_post",0
"c34eae43176c647a7504",1,"qwen3_8b_post",0
"a8dbe17906ac23f8c568",1,"qwen3_8b_post",0
"0b64012b2281aa7ab096",1,"qwen3_8b_post",0
"2ef29f7b9cdc06ea6ca3",1,"qwen3_8b_post",0
"0a19927231d6f30463a8",1,"qwen3_8b_post",0
"f850fba16c1da9cfdffe",1,"qwen3_8b_post",0
"a078cbc18d4075ad8f22",1,"qwen3_8b_post",0
"0e47e935a1de4fc121a3",1,"qwen3_8b_post",0
"7b835028acb332dc272b",1,"qwen3_8b_post",0
"92e9c8b0eb707f872f08",1,"qwen3_8b_post",0
"b06e5646bcbfeda5c53a",1,"qwen3_8b_post",0
"9bb8356cb566fcef3bd2",1,"qwen3_8b_post",0
"2243439b343eaeaf8361",1,"qwen3_8b_post",0
"f882320903d32c2840ea",1,"qwen3_8b_post",0
"e08a1675a3ba45d5dd49",1,"qwen3_8b_post",0
"66345ec265c6587d2fdd",1,"qwen3_8b_post",0
"53c22c88b9663fd0526b",1,"qwen3_8b_post",0
"32b17e638a7094b7ef4f",1,"qwen3_8b_post",0
"d78591dacddf244d128f",1,"qwen3_8b_post",0
"71248684a93a59ed3ed1",1,"qwen3_8b_post",0
"dbf785d0df660eefd23f",1,"qwen3_8b_post",0
"1eafc91d0e7789fd53e5",1,"qwen3_8b_post",0
"3a548da036dafac28cce",1,"qwen3_8b_post",0
"64086a4269ff43ba7f2b",1,"qwen3_8b_post",0
"072b57a2f96de115018d",1,"qwen3_8b_post",0
"9b6175289dd0117f80d6",1,"qwen3_8b_post",0
"26f48fe75e7d57dbe10d",1,"qwen3_8b_post",0
"eb65bdcfd61726ace957",1,"qwen3_8b_post",0
"ac14a1ad4cd3f0268830",1,"qwen3_8b_post",0
"0b89865efd63a6d3cd53",1,"qwen3_8b_post",0
"e52885c937ff89ae6fb2",1,"qwen3_8b_post",0
"5164ab7af7e4e216aa7a",1,"qwen3_8b_post",0
"1432d22842079ccb95ad",1,"qwen3_8b_post",0
"4cdd821f500cf50aeac1",1,"qwen3_8b_post",0
"47698dd6923c5f41f66b",1,"qwen3_8b_post",0
"dd747f173c65c2a1adb9",1,"qwen3_8b_post",0
"2c45c3e3a266e61797ff",1,"qwen3_8b_post",0
"fd4493d4a5a7fed4bd84",1,"qwen3_8b_post",0
"f5fd134d540f28a066f2",1,"qwen3_8b_post",0
"92d3992ce1da031d137b",1,"qwen3_8b_post",0
"e2064c1056dd2050a471",1,"qwen3_8b_post",0
"b53b6c562d582c5ddf05",1,"qwen3_8b_post",0
"eac00fa43751970b5889",1,"qwen3_8b_post",0
"535bb3846eb556cd351e",1,"qwen3_8b_post",0
"9ec5a7f0b4d5e210d84f",1,"qwen3_8b_post",0
"de5976173c8bd4cb54df",1,"qwen3_8b_post",0
"29b5f3888116887dfdde",1,"qwen3_8b_post",0
"fdeaea25678ca8f44abc",1,"qwen3_8b_post",0
"ba3b9756a71dc296f008",1,"qwen3_8b_post",0
"64bca9b738edbf113e84",1,"qwen3_8b_post",0
"4f2119e001d19c452737",1,"qwen3_8b_post",0
"20b6838c2e9a83798227",1,"qwen3_8b_post",0
"f9032f51d2aca6cb9246",1,"qwen3_8b_post",0
"14f1ec286f0aa5597a45",1,"qwen3_8b_post",0
"342fa8f6512ccfa7973c",1,"qwen3_8b_post",0
"29ae0cd27670cae3fdeb",1,"qwen3_8b_post",0
"a97eb245f9f1efd8309a",1,"qwen3_8b_post",0
"497313d4e766653bbab3",1,"qwen3_8b_post",0
"23fe2b112b8987c4f8cf",1,"qwen3_8b_post",0
"ebd3895a494165cf035b",1,"qwen3_8b_post",0
"83c34a805866693bc4fc",1,"qwen3_8b_post",0
"5546f3ff5ee28c653b10",1,"qwen3_8b_post",0
"3534a5540dd61568844e",1,"qwen3_8b_post",0
"775fc61f7063f368c58e",1,"qwen3_8b_post",0
"2abee894aefb229094f0",1,"qwen3_8b_post",0
"e3f204991d37a0312611",1,"qwen3_8b_post",0
"2f103811ec037e09c101",1,"qwen3_8b_post",0
"5eae69e972edd2f71d13",1,"qwen3_8b_post",0
"53b8c7cb146247953aad",1,"qwen3_8b_post",0
"7f7a43ba91797fc8fd51",1,"qwen3_8b_post",0
"69c3eec3b7cd2305e80e",1,"qwen3_8b_post",0
"6326c1b1c7b79f8e5b8c",1,"qwen3_8b_post",0
"1f6752a74caeb4bcc616",1,"qwen3_8b_post",0
"6f94d804c022237b1b1b",1,"qwen3_8b_post",0
"3b7e8be1331c15eea2fa",1,"qwen3_8b_post",0
"b267251d41dc4510efed",1,"qwen3_8b_post",0
"0c6e470390cb29fa95a8",1,"qwen3_8b_post",0
"0580dd29112daebe1f6d",1,"qwen3_8b_post",0
"83aff87cef2edcae7cf7",1,"qwen3_8b_post",0
"b0e5e373c8d700e5dd13",1,"qwen3_8b_post",0
"233a45ee5f05917be1b7",1,"qwen3_8b_post",0
"2b765d8890b38fd7d385",1,"qwen3_8b_post",0
"65bec48dc74e8885f776",1,"qwen3_8b_post",0
"e92cce8d38efef4654e1",1,"qwen3_8b_post",0
"53064fbb4cee32be1fe1",1,"qwen3_8b_post",0
"2b33f4237ef3589be0fb",1,"qwen3_8b_post",0
"c15c035943a62c8ff780",1,"qwen3_8b_post",0
"92254bd3c2f21bea702d",1,"qwen3_8b_post",0
"48c183569e26679643e5",1,"qwen3_8b_post",0
"41f5659fa0db6ff3300a",1,"qwen3_8b_post",0
"7ee5bf09ad94fdbee277",1,"qwen3_8b_post",0
"061c23841bb2042eefed",1,"qwen3_8b_post",0
"0084b96d5e2aadf78170",1,"qwen3_8b_post",0
"8e21fc88183fb3da0001",1,"qwen3_8b_post",0
"2b606f7eb721a42131ae",1,"qwen3_8b_post",0
"bfbdcea58bd37ff5ab4e",1,"qwen3_8b_post",0
"9a954f91b42a973aff38",1,"qwen3_8b_post",0
"2e82928dc3e66af497cf",1,"qwen3_8b_post",0
"a8f3a21af67094bdd465",1,"qwen3_8b_post",0
"b337d838d8b9c2f93de5",1,"qwen3_8b_post",0
"baded249c180fea4b68a",1,"qwen3_8b_post",0
"67bc58c1b943b66974f3",1,"qwen3_8b_post",0
"f508583b479617ed44ba",1,"qwen3_8b_post",0
"e0f18980796844bdaae8",1,"qwen3_8b_post",0
"85a233a107994f2729ff",1,"qwen3_8b_post",0
"b331ab12bf0551da405a",1,"qwen3_8b_post",0
"84f9ebd0f86678e36f2c",1,"qwen3_8b_post",0
"48a8c3ff97076c22be4e",1,"qwen3_8b_post",0
"c89d3869a2a497acdd0d",1,"qwen3_8b_post",0
"c691389b10579c2480ee",1,"qwen3_8b_post",0
"c816b743a0dd0a3d0b14",1,"qwen3_8b_post",0
"6abe400fb6ec3f34e878",1,"qwen3_8b_post",0
"deb63b0c25eef753a1df",1,"qwen3_8b_post",0
"08ad124ca4d6fb8b0617",1,"qwen3_8b_post",0
"b80a1db0fa6a3e997c48",1,"qwen3_8b_post",0
"db8e06567de937d74bf9",1,"qwen3_8b_post",0
"8639c6b00c4b1346a86a",1,"qwen3_8b_post",0
"334493df77cc57f478b0",1,"qwen3_8b_post",0
"7736ed256312f14ac651",1,"qwen3_8b_post",0
"5cb76e8f20b2ec5e6770",1,"qwen3_8b_post",0
"676fb6a68d663b32b0e5",1,"qwen3_8b_post",0
"760bbba1f4b53bc216b3",1,"qwen3_8b_post",0
"02c1c3dcacc8e563eb17",1,"qwen3_8b_post",0
"6380f72f71e68df65463",1,"qwen3_8b_post",0
"b484af74604e3ad5aae4",1,"qwen3_8b_post",0
"58aa69da782314bdd93b",1,"qwen3_8b_post",0
"1fa6e6d0b2878d26eedd",1,"qwen3_8b_post",0
"a132881706813a01ce69",1,"qwen3_8b_post",0
"444f7df176c63180d775",1,"qwen3_8b_post",0
"ef98538aa376d6154388",1,"qwen3_8b_post",0
"d13b0e304200be329225",1,"qwen3_8b_post",0
"48469677df729ab748f9",1,"qwen3_8b_post",0
"d59e996221740038dcb4",1,"qwen3_8b_post",0
"295e8af865c34f23a737",1,"qwen3_8b_post",0
"52283c8927b8737697c4",1,"qwen3_8b_post",0
"f7f6121f83bb06b74ff2",1,"qwen3_8b_post",0
"de33671b793704b1b84f",1,"qwen3_8b_post",0
"500466657b034e6ab6f1",1,"qwen3_8b_post",0
"699e399576ea216b83c8",1,"qwen3_8b_post",0
"218c1eefe0761310703f",1,"qwen3_8b_post",0
"3145bbd39ba81dd9d6c5",1,"qwen3_8b_post",0
"725dda7ad4d932eda5a3",1,"qwen3_8b_post",0
"2a22ad09713a48760d9d",1,"qwen3_8b_post",0
"bb4fa06910d36f09e283",1,"qwen3_8b_post",0
"ed5cad50b0959894876f",1,"qwen3_8b_post",0
"6a3247b43ad961cd02de",1,"qwen3_8b_post",0
"73d5d38a068bde6c0968",1,"qwen3_8b_post",0
"b4b8790b675f6f2293a2",1,"qwen3_8b_post",0
"ac8618c6bb5fdb95823d",1,"qwen3_8b_post",0
"1786525dbd73b98aaebb",1,"qwen3_8b_post",0
"17ebc2a31a42b1f22d88",1,"qwen3_8b_post",0
"0a905938e3e66713f47c",1,"qwen3_8b_post",0
"5209db39a354adaa9a95",1,"qwen3_8b_post",0
"18c988a0979fede84ba7",1,"qwen3_8b_post",0
"2e9032d8cbfc7bbd4b17",1,"qwen3_8b_post",0
"bdebee9bd3c7b7cfbc70",1,"qwen3_8b_post",0
"a8d507c7e05f1e46614c",1,"qwen3_8b_post",0
"ee6cbafcece1da53248a",1,"qwen3_8b_post",0
"e915392a95b664c0a25a",1,"qwen3_8b_post",0
"b23157edf8d20cf4be68",1,"qwen3_8b_post",0
"dae0049d6e9f72354c2c",1,"qwen3_8b_post",0
"a1dcb258d58fced4a9bb",1,"qwen3_8b_post",0
"e4e9b9ca9391ad74f665",1,"qwen3_8b_post",0
"8d0739d03c31d31396d0",1,"qwen3_8b_post",0
"4a0e541fab7308f4e2f8",1,"qwen3_8b_post",0
"ff57c1e8d2bdf5d0dd9c",1,"qwen3_8b_post",0
"fb755b2e52ea3db2979c",1,"qwen3_8b_post",0
"cf9cf64a3a4e1ea633da",1,"qwen3_8b_post",0
"909b1168eb6da4b2bb28",1,"qwen3_8b_post",0
"013b6a2733dd2f4b1a29",1,"qwen3_8b_post",0
"65ba63d840f752e1479d",1,"qwen3_8b_post",0
"49a28a2bbdfc19b6b813",1,"qwen3_8b_post",0
"a76caa85b57cc182602f",1,"qwen3_8b_post",0
"5e28c6383fbd43f0da93",1,"qwen3_8b_post",0
"120f45eb7d6b0733b202",1,"qwen3_8b_post",0
"b73df6d64b1ba1fe651a",1,"qwen3_8b_post",0
"b0c95b72792e7dc8037b",1,"qwen3_8b_post",0
"32e4bf1590f2d403fc0d",1,"qwen3_8b_post",0
"b30246698532e90376f3",1,"qwen3_8b_post",0
"eaed24cb5804b54cb96d",1,"qwen3_8b_post",0
"d4bb80d1c19547160855",1,"qwen3_8b_post",0
"4936c9338a591c53bdca",1,"qwen3_8b_post",0
"4728552b9526bfa9e53b",1,"qwen3_8b_post",0
"7aca08f655bfefd6564a",1,"qwen3_8b_post",0
"6fb045803da672876a13",1,"qwen3_8b_post",0
"eb63c331af9d76e70caa",1,"qwen3_8b_post",0
"1585e476173f185b10eb",1,"qwen3_8b_post",0
"2b70b6c6295d483dd685",1,"qwen3_8b_post",0
"7316153d429626251df9",1,"qwen3_8b_post",0
"fc1995be1a80f9707854",1,"qwen3_8b_post",0
"aa3902c335855a5868db",1,"qwen3_8b_post",0
"c34381a940d57f2058bb",1,"qwen3_8b_post",0
"88c189bcb9efe5d4000b",1,"qwen3_8b_post",0
"7b23439a10379df048db",1,"qwen3_8b_post",0
"c6d548ffa3ddcced0145",1,"qwen3_8b_post",0
"6fd51b24048ed54181f5",1,"qwen3_8b_post",0
"428acac002d618808eaf",1,"qwen3_8b_post",0
"9d6d5655278d7373f5f5",1,"qwen3_8b_post",0
"0eb72e1987d4dee33ce6",1,"qwen3_8b_post",0
"de8444a241ceae8bdf4e",1,"qwen3_8b_post",0
"299ee626007c36c15486",1,"qwen3_8b_post",0
"441129b61c812a33cb1f",1,"qwen3_8b_post",0
"58aa50e9b773d19c960e",1,"qwen3_8b_post",0
"584a587fe3fad50e8128",1,"qwen3_8b_post",0
"42b308abfce46c66ab41",1,"qwen3_8b_post",0
"d2bc814bb520237b2f9f",1,"qwen3_8b_post",0
"bea19d7cb71e3d83acd3",1,"qwen3_8b_post",0
"85a292c9f2c18e2be890",1,"qwen3_8b_post",0
"4422b3acdbfa09934c52",1,"qwen3_8b_post",0
"3b871ba6abc6ea7f2722",1,"qwen3_8b_post",0
"0366de51877fc5858b2b",1,"qwen3_8b_post",0
"9ed3c8ffb4a44647465c",1,"qwen3_8b_post",0
"fc7be3cc89c4a9b59529",1,"qwen3_8b_post",0
"d9f7cbb36dded851ee31",1,"qwen3_8b_post",0
"b20b4778363b81735c57",1,"qwen3_8b_post",0
"7b31c904131c6db2be32",1,"qwen3_8b_post",0
"46618e285b0dfe6034a4",1,"qwen3_8b_post",0
"2e3c5d578197147f2917",1,"qwen3_8b_post",0
"1ddf22a4cd69561d4ea5",1,"qwen3_8b_post",0
"7d4e6f9a39cebbada74d",1,"qwen3_8b_post",0
"475e103ba0cd867ac808",1,"qwen3_8b_post",0
"2a371e0464ed387e949a",1,"qwen3_8b_post",0
"b291f6995a1bd65a5b1e",1,"qwen3_8b_post",0
"2880c75d43d0a50f6521",1,"qwen3_8b_post",0
"9b43980f1ce81dae9a84",1,"qwen3_8b_post",0
"5af05a24a9282a0baac7",1,"qwen3_8b_post",0
"941b67839ded6f7c4098",1,"qwen3_8b_post",0
"3a5f30433f16ea09cbe1",1,"qwen3_8b_post",0
"9973c041be14a9a1bace",1,"qwen3_8b_post",0
"b3201ca773aca3018935",1,"qwen3_8b_post",0
"1c8ca7c972d642c72cd6",1,"qwen3_8b_post",0
"14c61cbc38ab00636f26",1,"qwen3_8b_post",0
"76957789a8c6607279d8",1,"qwen3_8b_post",0
"fccd3d428ac3ee548bb0",1,"qwen3_8b_post",0
"96548cb39caddeaa23ff",1,"qwen3_8b_post",0
"39811125679300551028",1,"qwen3_8b_post",0
"2e6416f5cb21de5eba71",1,"qwen3_8b_post",0
"26dea5b9e0695776eb2e",1,"qwen3_8b_post",0
"23a5a50ea77c17437d30",1,"qwen3_8b_post",0
"dd304506971b98912f3c",1,"qwen3_8b_post",0
"ec0aa13d5efe46180785",1,"qwen3_8b_post",0
"db47f64c5b947802e23a",1,"qwen3_8b_post",0
"4e99942e2012ef5936cc",1,"qwen3_8b_post",0
"9a22ec6a53eb20c8585b",1,"qwen3_8b_post",0
"e1425bbc27c10e58335b",1,"qwen3_8b_post",0
"cbe6299a078a2e682fd8",1,"qwen3_8b_post",0
"5c1ec94cb9b778a8fbeb",1,"qwen3_8b_post",0
"11b24b686c42d699e1d4",1,"qwen3_8b_post",0
"6f452665a00692534333",1,"qwen3_8b_post",0
"dc1ffb5bd1aab05251c1",1,"qwen3_8b_post",0
"d5bb30407fabe71ede71",1,"qwen3_8b_post",0
"05aba47f9618738f515f",1,"qwen3_8b_post",0
"98419162a297afc474e9",1,"qwen3_8b_post",0
"a3be8bdd13da9d72684f",1,"qwen3_8b_post",0
"a90e92c1b95ec0dc1222",1,"qwen3_8b_post",0
"47c13617917ea29c5a2e",1,"qwen3_8b_post",0
"e5952e6b2e978fa81b3f",1,"qwen3_8b_post",0
"9c3732d4bbaa331efb0a",1,"qwen3_8b_post",0
"664c551c314bbd0722e2",1,"qwen3_8b_post",0
"7894687201707c5fd19f",1,"qwen3_8b_post",0
"85b5acfe9691c44c40de",1,"qwen3_8b_post",0
"a95a69d8a2e985ada8b6",1,"qwen3_8b_post",0
"6a4554b2b66adb27f574",1,"qwen3_8b_post",0
"251aec1ec40476a84dd5",1,"qwen3_8b_post",0
"83703d38a2e8c4def7fd",1,"qwen3_8b_post",0
"e0ee70ea540d8d0e9acf",1,"qwen3_8b_post",0
"3b905c82414605f1b6ee",1,"qwen3_8b_post",0
"78141edc87280b764a43",1,"qwen3_8b_post",0
"2c1fa54c3d51461d0c1d",1,"qwen3_8b_post",0
"b7f941d4493aac12e5d6",1,"qwen3_8b_post",0
"96b2bdcb53ae75a90482",1,"qwen3_8b_post",0
"b9f2b9b8618bcb3be63d",1,"qwen3_8b_post",0
"c4b68b3d0eb0b54dd8ee",1,"qwen3_8b_post",0
"0f12b5eb68c728d1afa5",1,"qwen3_8b_post",0
"3801b0720b905df9cb30",1,"qwen3_8b_post",0
"029da61f0c165cd29592",1,"qwen3_8b_post",0
"ec8b4b4703a2df5f4491",1,"qwen3_8b_post",0
"bbd7986086191873715e",1,"qwen3_8b_post",0
"c888487707004f6f204a",1,"qwen3_8b_post",0
"cb43ad57d29023e73676",1,"qwen3_8b_post",0
"2ad16cfa40c69a4b0ada",1,"qwen3_8b_post",0
"d54e63fbaf77b65759cc",1,"qwen3_8b_post",0
"e9413cd74481b8f587f2",1,"qwen3_8b_post",0
"d4e4d5de240cf9b08b5b",1,"qwen3_8b_post",0
"edf8fefea416d819198a",1,"qwen3_8b_post",0
"201421c2d69c19b76776",1,"qwen3_8b_post",0
"bc8f378168a5a3d46915",1,"qwen3_8b_post",0
"ed510aaa8d99db0c0096",1,"qwen3_8b_post",0
"22ff3fbe6984555671d0",1,"qwen3_8b_post",0
"716df567eb39bf81ae50",1,"qwen3_8b_post",0
"92b4a23736eb18870e2a",1,"qwen3_8b_post",0
"91a1589b6ae64b0fd07c",1,"qwen3_8b_post",0
"0faabfd35c9c7ed4dcd0",1,"qwen3_8b_post",0
"6b15e4458a2029b903ef",1,"qwen3_8b_post",0
"9f831c1aaba69100ac49",1,"qwen3_8b_post",0
"ee552e888564662ae992",1,"qwen3_8b_post",0
"4708c0a0967c3194137f",1,"qwen3_8b_post",0
"e85b42acf4ad3b520cac",1,"qwen3_8b_post",0
"57f510cd97333cf0e328",1,"qwen3_8b_post",0
"5960c6e5b0d9c055244c",1,"qwen3_8b_post",0
"21155f1b3fd31e81cdfe",1,"qwen3_8b_post",0
"687f4b1135542b8168eb",1,"qwen3_8b_post",0
"419c1b6e985e2c92b9ef",1,"qwen3_8b_post",0
"1bdce39771efbd66e78d",1,"qwen3_8b_post",0
"58adfa8287973fcb5ade",1,"qwen3_8b_post",0
"f033193a73e08978d043",1,"qwen3_8b_post",0
"f09bfb6a628617bd0bdc",1,"qwen3_8b_post",0
"d210b9b62aca15dd2544",1,"qwen3_8b_post",0
"62f28f28f8046d029f5e",1,"qwen3_8b_post",0
"af29f346551adbc02261",1,"qwen3_8b_post",0
"1367a1c6c14904634b22",1,"qwen3_8b_post",0
"de2441e254f233c06a82",1,"qwen3_8b_post",0
"72516da8959d9ebe0b51",1,"qwen3_8b_post",0
"2a571b4fd65ca8b849dc",1,"qwen3_8b_post",0
"54aa4eff8fb3554be68d",1,"qwen3_8b_post",0
"d55d6b2965e67b4e52c4",1,"qwen3_8b_post",0
"3c57678208fc9bc1222c",1,"qwen3_8b_post",0
"18f911802a6d480ef592",1,"qwen3_8b_post",0
"e5a831a4736e4b366f8f",1,"qwen3_8b_post",0
"1f4842e887b942a1a642",1,"qwen3_8b_post",0
"84b98391f46388831399",1,"qwen3_8b_post",0
"fb93610ca52d14c165e0",1,"qwen3_8b_post",0
"e037a225b7110b96afbd",1,"qwen3_8b_post",0
"0e0a4b1e1c4982c5ae40",1,"qwen3_8b_post",0
"f81888120748c728deab",1,"qwen3_8b_post",0
"1ff465b8557de292b81e",1,"qwen3_8b_post",0
"b890756f7f872bb7dbb3",1,"qwen3_8b_post",0
"1407b74e169a94decdb9",1,"qwen3_8b_post",0
"ac42e3b165768638c60c",1,"qwen3_8b_post",0
"fe0f7a70fb6b852f3fbb",1,"qwen3_8b_post",0
"c7022fcf8525f26b17e9",1,"qwen3_8b_post",0
"c0ab73d830efa776f5fe",1,"qwen3_8b_post",0
"1f206ba29961831dbf67",1,"qwen3_8b_post",0
"0a538a9721b50e1c4b49",1,"qwen3_8b_post",0
"6ccd10979b1847835a93",1,"qwen3_8b_post",0
"ba16cb6e9a3ee77a8bc6",1,"qwen3_8b_post",0
"89eef5c769ccfe214425",1,"qwen3_8b_post",0
"82f9202c31e7ca4dd225",1,"qwen3_8b_post",0
"91fc1198cbafeb108b50",1,"qwen3_8b_post",0
"3a56af7ad4f9358a25d5",1,"qwen3_8b_post",0
"ccfed3bee505fd9d6dcf",1,"qwen3_8b_post",0
"eeea208af75e0098d74b",1,"qwen3_8b_post",0
"fa5451f59d5bf0870980",1,"qwen3_8b_post",0
"ab4eb72fc195d40628d3",1,"qwen3_8b_post",0
"930c4d18805c0ebab7e9",1,"qwen3_8b_post",0
"d877c4122f1c812333a4",1,"qwen3_8b_post",0
"84dde04da6dc0f344867",1,"qwen3_8b_post",0
"6a517384298af2c24c36",1,"qwen3_8b_post",0
"6823bfe2b88a733746db",1,"qwen3_8b_post",0
"84a76bf7be8b7676a654",1,"qwen3_8b_post",0
"8427dd891a935b38a16f",1,"qwen3_8b_post",0
"c7363ccb60563a5e64b3",1,"qwen3_8b_post",0
"7b1e8a1bd90b5206ca77",1,"qwen3_8b_post",0
"fe746c9f25a859aa84c8",1,"qwen3_8b_post",0
"e49f11157de3b9c37ddc",1,"qwen3_8b_post",0
"795928785f52651a6e73",1,"qwen3_8b_post",0
"939390aca9483165fec3",1,"qwen3_8b_post",0
"f246e0024134633313a5",1,"qwen3_8b_post",0
"95cd0aae800b33d1b54b",1,"qwen3_8b_post",0
"5c1c5757f8a8c207de6c",1,"qwen3_8b_post",0
"b668f2e043d3f948550d",1,"qwen3_8b_post",0
"ce3571564e3f6c481b75",1,"qwen3_8b_post",0
"c07103183a20954c6801",1,"qwen3_8b_post",0
"fd1f1b09ecfa0782291c",1,"qwen3_8b_post",0
"736521366d90d32f3299",1,"qwen3_8b_post",0
"dbc048e15b69a3734f30",1,"qwen3_8b_post",0
"be2c4b281a8abe4bde94",1,"qwen3_8b_post",0
"38ed2bcfba293589fd2b",1,"qwen3_8b_post",0
"f8bd9a38b275f7c2ad52",1,"qwen3_8b_post",0
"7d08ecfcabaeea9af9d7",1,"qwen3_8b_post",0
"3ada26eb146e57e0a4c7",1,"qwen3_8b_post",0
"b88440fa455c7a0a1eb6",1,"qwen3_8b_post",0
"311c38e8d322cc1fc314",1,"qwen3_8b_post",0
"2167dff41f1b1e82f67b",1,"qwen3_8b_post",0
"dfcfbfca28f2bd7c4ebd",1,"qwen3_8b_post",0
"2cd1652458543a8827e1",1,"qwen3_8b_post",0
"d565ab650db990ec989b",1,"qwen3_8b_post",0
"83fcb5ed389668d41c1a",1,"qwen3_8b_post",0
"bc5bdeb9905a7f89fc49",1,"qwen3_8b_post",0
"2be06a60927a719526a4",1,"qwen3_8b_post",0
"7fe4f1918771bfaf9005",1,"qwen3_8b_post",0
"aea03c1caabcbfe68292",1,"qwen3_8b_post",0
"02c90554333db6b90b19",1,"qwen3_8b_post",0
"a919af940afd8c0fe99a",1,"qwen3_8b_post",0
"9b9d3cd6e0654e354e3a",1,"qwen3_8b_post",0
"5bbaacec70fbacfef066",1,"qwen3_8b_post",0
"b1edff9603d253198945",1,"qwen3_8b_post",0
"902dad865f9598062c2e",1,"qwen3_8b_post",0
"ff3ef5ca01f2ac982f44",1,"qwen3_8b_post",0
"6c030a09680a6e803c3e",1,"qwen3_8b_post",0
"dd39b0bd1b88b6f31e65",1,"qwen3_8b_post",0
"a80dec28e27f08c598ff",1,"qwen3_8b_post",0
"39007c1fd55213d816c6",1,"qwen3_8b_post",0
"93c6df70e8e2301af009",1,"qwen3_8b_post",0
"185d573003ce37a92e4e",1,"qwen3_8b_post",0
"e998ae6596860a2397db",1,"qwen3_8b_post",0
"b82b359a9b3706c94dd5",1,"qwen3_8b_post",0
"a8e6dc4e0e3dbe8f4343",1,"qwen3_8b_post",0
"bff87bc66407d1322e0a",1,"qwen3_8b_post",0
"f1c3bc375cae9a467afc",1,"qwen3_8b_post",0
"5aa71ace398150b5bcec",1,"qwen3_8b_post",0
"7b28d7ceaacca7e7d7cb",1,"qwen3_8b_post",0
"9b58296312a75559ae38",1,"qwen3_8b_post",0
"c25c010f21988568013d",1,"qwen3_8b_post",0
"a1d9be423a8234c97c12",1,"qwen3_8b_post",0
"56d9c92adda32798aa83",1,"qwen3_8b_post",0
"e35829da4c11d2330a04",1,"qwen3_8b_post",0
"433b91a2b6da819efa69",1,"qwen3_8b_post",0
"ef311f224be1a62e0c06",1,"qwen3_8b_post",0
"de9a6a298e2dfe67ff44",1,"qwen3_8b_post",0
"c7a123ae810d6575be07",1,"qwen3_8b_post",0
"3b0e945931e789f1cd36",1,"qwen3_8b_post",0
"8c37f3215937c1a69fe6",1,"qwen3_8b_post",0
"bebf0105b6bbf1080505",1,"qwen3_8b_post",0
"a5b1f8563f1b50af9bf2",1,"qwen3_8b_post",0
"5c513918b0cb045da2a0",1,"qwen3_8b_post",0
"b89ac20e2d2159a81108",1,"qwen3_8b_post",0
"1f73742ad94232d2ec00",1,"qwen3_8b_post",0
"145982068fceb9ffbe17",1,"qwen3_8b_post",0
"a92b64e9338ef639c4b4",1,"qwen3_8b_post",0
"1e9cbfdd5a3aedecb3f9",1,"qwen3_8b_post",0
"fda0428b935439535fee",1,"qwen3_8b_post",0
"be5b43980a10afcac2ef",1,"qwen3_8b_post",0
"473841098d542f74ac93",1,"qwen3_8b_post",0
"f468d8cb51e63638e947",1,"qwen3_8b_post",0
"fc6e56187d9ac482272c",1,"qwen3_8b_post",0
"9a2ecfbd2bcf940e4493",1,"qwen3_8b_post",0
"1b9f4eab7c67af571acc",1,"qwen3_8b_post",0
"052b8f7018970510ac9c",1,"qwen3_8b_post",0
"03e77b0931b6e0975390",1,"qwen3_8b_post",0
"846f16b946967df25859",1,"qwen3_8b_post",0
"9f49c87f9ab217366d6c",1,"qwen3_8b_post",0
"91f54e2154d719c5c5fd",1,"qwen3_8b_post",0
"9b2ad76e50231c4926eb",1,"qwen3_8b_post",0
"6b5402075cf0066168c8",1,"qwen3_8b_post",0
"d8d5765122ad3ee6154e",1,"qwen3_8b_post",0
"162bf270f5823afe1bf5",1,"qwen3_8b_post",0
"d2e8fad6be96e3d60a17",1,"qwen3_8b_post",0
"00dfac9b9c88b9b3e1e3",1,"qwen3_8b_post",0
"7c4a3528508ab9a2f6d4",1,"qwen3_8b_post",0
"896caa3ecdb2dcf1ea96",1,"qwen3_8b_post",0
"ccfaec8b9b5624dea2e6",1,"qwen3_8b_post",0
"4bfc37228aa9c5e0ca87",1,"qwen3_8b_post",0
"2512a1dcae96c195e939",1,"qwen3_8b_post",0
"5dc90143f37d7908d0d2",1,"qwen3_8b_post",0
"5c4d0b95a31ae04c361d",1,"qwen3_8b_post",0
"f04a71cd6beb482ac85c",1,"qwen3_8b_post",0
"c1194e3cacaca414019f",1,"qwen3_8b_post",0
"2ecfc43c060e44807da3",1,"qwen3_8b_post",0
"e0213ba51095a6f63392",1,"qwen3_8b_post",0
"614de0f2c63ae090399e",1,"qwen3_8b_post",0
"7b5a3edc68169b3ed476",1,"qwen3_8b_post",0
"df484815ec3a4a448f29",1,"qwen3_8b_post",0
"97767e51d87185e3148f",1,"qwen3_8b_post",0
"a9196ca6f5a0ab2effe3",1,"qwen3_8b_post",0
"b5a2dc6b3e56b1a20469",1,"qwen3_8b_post",0
"a4a20a5bc7fe4e07f13b",1,"qwen3_8b_post",0
"f382ee22cf44a8ca4ab2",1,"qwen3_8b_post",0
"6effcb23a408d9bd0164",1,"qwen3_8b_post",0
"d025c2b11d7df02e0de8",1,"qwen3_8b_post",0
"7d0b2d1c35c819eff1b3",1,"qwen3_8b_post",0
"a68ade7ca7a7c344c8c2",1,"qwen3_8b_post",0
"96dee012da384682d979",1,"qwen3_8b_post",0
"743764e44b49c0cf2e81",1,"qwen3_8b_post",0
"742e3a18a65cbd473dd5",1,"qwen3_8b_post",0
"da0dfa06f8b9d5d1b046",1,"qwen3_8b_post",0
"91b6ba29c4fec4dd2c52",1,"qwen3_8b_post",0
"cd75690106e1f009226a",1,"qwen3_8b_post",0
"d4ae8fe917708b29c844",1,"qwen3_8b_post",0
"e9069271543e35ff45a4",1,"qwen3_8b_post",0
"b7084b965260ea933a82",1,"qwen3_8b_post",0
"a0ed59e1c409ff047204",1,"qwen3_8b_post",0
"d19d76093f803a8ef465",1,"qwen3_8b_post",0
"064c8dbdf8c4e53fcf5b",1,"qwen3_8b_post",0
"8682d9ceb7bd708e9772",1,"qwen3_8b_post",0
"56f8a0e2b46dd7a15dba",1,"qwen3_8b_post",0
"9e240e6c1037a83ed4d1",1,"qwen3_8b_post",0
"4168f82e3cc108c6640d",1,"qwen3_8b_post",0
"a19900cc1fad0acbb48c",1,"qwen3_8b_post",0
"9e2a2e485e32227add3a",1,"qwen3_8b_post",0
"afa139dd8836097cdc9f",1,"qwen3_8b_post",0
"428e086b9dadb3c2d47d",1,"qwen3_8b_post",0
"093095c5850c75b23084",1,"qwen3_8b_post",0
"922569b56a103994f79b",1,"qwen3_8b_post",0
"6e0a52f861ae87bf8d52",1,"qwen3_8b_post",0
"ec73a850aac9ee463d8f",1,"qwen3_8b_post",0
"28148db73d8b8d28d75a",1,"qwen3_8b_post",0
"541b9015af335a0eceef",1,"qwen3_8b_post",0
"6f86dabefcd4caea83f8",1,"qwen3_8b_post",0
"716ae7e49a5aa83372bb",1,"qwen3_8b_post",0
"b336f911af2441720ba7",1,"qwen3_8b_post",0
"b1053ba05b9671712d41",1,"qwen3_8b_post",0
"024c832c56328c7a8d1c",1,"qwen3_8b_post",0
"1e8fa66a37ea56d27994",1,"qwen3_8b_post",0
"d6b4f273b5713ac818bb",1,"qwen3_8b_post",0
"f0dd57361e443df74c46",1,"qwen3_8b_post",0
"a57f781d132f54ade8c0",1,"qwen3_8b_post",0
"766b0ca348acd0e98e4e",1,"qwen3_8b_post",0
"0079c54ea10baec9051a",1,"qwen3_8b_post",0
"923905ae86ca69705de9",1,"qwen3_8b_post",0
"9b5207c4e00549ac17e8",1,"qwen3_8b_post",0
"7749eb50e1c4ec54f585",1,"qwen3_8b_post",0
"67e2a5f456ce9f8063be",1,"qwen3_8b_post",0
"2d5fa223c8405c46f4f5",1,"qwen3_8b_post",0
"8ef8f2ca3b098f8ea076",1,"qwen3_8b_post",0
"48c8c16f2816077bbf13",1,"qwen3_8b_post",0
"d59b79411c23907462b7",1,"qwen3_8b_post",0
"2a04a422520973b6e06c",1,"qwen3_8b_post",0
"bc7a24cc68e16c2add8e",1,"qwen3_8b_post",0
"4dd286f49d5ac2b6dd53",1,"qwen3_8b_post",0
"d331915a209ba9f08d33",1,"qwen3_8b_post",0
"298a271be146b24b11ff",1,"qwen3_8b_post",0
"f45a2b9b0189c594046e",1,"qwen3_8b_post",0
"b4a7cc5b1f599d1f9f51",1,"qwen3_8b_post",0
"411db21f044282daf12b",1,"qwen3_8b_post",0
"db879b0f326bc175a68e",1,"qwen3_8b_post",0
"28654f08fefcd1f80edc",1,"qwen3_8b_post",0
"6fde2b38f6b559582cb4",1,"qwen3_8b_post",0
"cd0192f917fd2fc3295c",1,"qwen3_8b_post",0
"bc5a526bce0d5c9bfee8",1,"qwen3_8b_post",0
"16d97251be514d44fdab",1,"qwen3_8b_post",0
"bcf7a869c30bded70f24",1,"qwen3_8b_post",0
"319c5cb2d89a00758f76",1,"qwen3_8b_post",0
"b2ac6bd1bae5091b1a2e",1,"qwen3_8b_post",0
"925bd01a514240d2a781",1,"qwen3_8b_post",0
"e65c1738e4f6d7551603",1,"qwen3_8b_post",0
"2f8791ddb83ba4169e5d",1,"qwen3_8b_post",0
"1c50353604a3b3a0900c",1,"qwen3_8b_post",0
"8dcf9e49372b9249becd",1,"qwen3_8b_post",0
"08752dcf691cba3aa774",1,"qwen3_8b_post",0
"2adc9e03433bba29206e",1,"qwen3_8b_post",0
"9ce8e33b956597483489",1,"qwen3_8b_post",0
"ffb0f359f3e5d6b07cb2",1,"qwen3_8b_post",0
"92205bf0827ccd7c0874",1,"qwen3_8b_post",0
"552a33bd3e4e20ab6be3",1,"qwen3_8b_post",0
"865f330992a5efece31e",1,"qwen3_8b_post",0
"66d5af94f606950d55ba",1,"qwen3_8b_post",0
"136cb34ca8c9c198b666",1,"qwen3_8b_post",0
"714058f8ea5ddd6a61fd",1,"qwen3_8b_post",0
"ede00e411a914c2f7196",1,"qwen3_8b_post",0
"85d48f72778bcd0ea726",1,"qwen3_8b_post",0
"6fc4f8093da7d00ca156",1,"qwen3_8b_post",0
"0f3cce54a991800cca03",1,"qwen3_8b_post",0
"4e321e884dc0b73b682c",1,"qwen3_8b_post",0
"a2b01cf8772f6d464452",1,"qwen3_8b_post",0
"73152937a5d619017ae4",1,"qwen3_8b_post",0
"f4d092858c0996765046",1,"qwen3_8b_post",0
"a0a8042453d5a3812266",1,"qwen3_8b_post",0
"15e0c3e7c80e946d5e88",1,"qwen3_8b_post",0
"c44943ca848c07ab3487",1,"qwen3_8b_post",0
"d6f60dcc09710bcc0083",1,"qwen3_8b_post",0
"01cc6e97c8626a6b6956",1,"qwen3_8b_post",0
"24c9d4034bf1ec1afad1",1,"qwen3_8b_post",0
"76ca0d8b786c5cf4d21b",1,"qwen3_8b_post",0
"43c10e2668857e91e418",1,"qwen3_8b_post",0
"0891d1972cebfae497a3",1,"qwen3_8b_post",0
"6718bc4a714243a72dca",1,"qwen3_8b_post",0
"b466f9e786df5ffd47b1",1,"qwen3_8b_post",0
"55857c4ec79806f40e5b",1,"qwen3_8b_post",0
"0d3286673fd4369a9719",1,"qwen3_8b_post",0
"00bf1189a3181fb3a62a",1,"qwen3_8b_post",0
"6db98428e0d1deacd524",1,"qwen3_8b_post",0
"50983cfd17a0138eae14",1,"qwen3_8b_post",0
"82fc63b2ff7c090051d6",1,"qwen3_8b_post",0
"a22710077124b350e92f",1,"qwen3_8b_post",0
"14459b2f6c871a9b3a80",1,"qwen3_8b_post",0
"bd8984a96294ce2df225",1,"qwen3_8b_post",0
"e567d2081aca14d3eb40",1,"qwen3_8b_post",0
"a277f5c29d781ef1b9ab",1,"qwen3_8b_post",0
"8f6d331784c14495da5e",1,"qwen3_8b_post",0
"05eece0f7753881553f8",1,"qwen3_8b_post",0
"ee4c87ad3cc0532fdd58",1,"qwen3_8b_post",0
"f46690e90d63cbd15b15",1,"qwen3_8b_post",0
"55f746ee53994e813c65",1,"qwen3_8b_post",0
"2615d7d5065620252489",1,"qwen3_8b_post",0
"a3ed80a7e27d4efec817",1,"qwen3_8b_post",0
"7e0ba5f4394263559062",1,"qwen3_8b_post",0
"d1db5d7694167b6ea0f1",1,"qwen3_8b_post",0
"a8e93ae2acc206c61cb4",1,"qwen3_8b_post",0
"5e661410962b95da8912",1,"qwen3_8b_post",0
"b389028b0eb59ed8f1e3",1,"qwen3_8b_post",0
"4ccc32960f3bb411a094",1,"qwen3_8b_post",0
"3910fe54e6676ee95ba2",1,"qwen3_8b_post",0
"781aa9da515bdee5553d",1,"qwen3_8b_post",0
"250cdca72769abbdcddb",1,"qwen3_8b_post",0
"9d6296ea5deb3a7dec14",1,"qwen3_8b_post",0
"a1607442b63950c3deb5",1,"qwen3_8b_post",0
"a52ca593178ae8af9780",1,"qwen3_8b_post",0
"a1376dd99a28340de7d0",1,"qwen3_8b_post",0
"af192260eec832775faa",1,"qwen3_8b_post",0
"ae6ebba44aa9af544680",1,"qwen3_8b_post",0
"2d964ab2efad6c4cefcd",1,"qwen3_8b_post",0
"16e807c388241a76bfc4",1,"qwen3_8b_post",0
"0247440eebdddfabc2d1",1,"qwen3_8b_post",0
"2c807c994eeb768893d5",1,"qwen3_8b_post",0
"79c4b9132c8134883556",1,"qwen3_8b_post",0
"b1bd7cff95dbb0b4b3fa",1,"qwen3_8b_post",0
"007040e2c1c57799c402",1,"qwen3_8b_post",0
"d48cca2f918626e9fc2e",1,"qwen3_8b_post",0
"439e6aad0bba328fc1bb",1,"qwen3_8b_post",0
"d0cd0bd8d9d7020b28d7",1,"qwen3_8b_post",0
"610b39593698b34f81f5",1,"qwen3_8b_post",0
"881a35cee71c50ca9192",1,"qwen3_8b_post",0
"961f0495774904267fa9",1,"qwen3_8b_post",0
"c07c85be35cd1662caee",1,"qwen3_8b_post",0
"3968d81b0124fd13427c",1,"qwen3_8b_post",0
"40129d29db399c3a58eb",1,"qwen3_8b_post",0
"970849cd723b7bedbee1",1,"qwen3_8b_post",0
"7c19c3c4385dcd37de45",1,"qwen3_8b_post",0
"43a7068d1aeba6d69db3",1,"qwen3_8b_post",0
"3f35a3906e67f8931ec7",1,"qwen3_8b_post",0
"5e14f2a88e5f9a1f1343",1,"qwen3_8b_post",0
"814c530286421e224204",1,"qwen3_8b_post",0
"ff6305a83c28c09d6c11",1,"qwen3_8b_post",0
"a6b9e659f90d53310062",1,"qwen3_8b_post",0
"08ee08bb6d9492e4c058",1,"qwen3_8b_post",0
"c4bbcf2fc7218c693583",1,"qwen3_8b_post",0
"666d74393b7236380be6",1,"qwen3_8b_post",0
"c16504023a8c05fa8058",1,"qwen3_8b_post",0
"62746585f91a84724e44",1,"qwen3_8b_post",0
"93431dd926d9164dd278",1,"qwen3_8b_post",0
"19ac17915a63036c390b",1,"qwen3_8b_post",0
"9d08c8714d3835f00533",1,"qwen3_8b_post",0
"82d20c3e768859472e1c",1,"qwen3_8b_post",0
"c3bfbc625baafd8a6722",1,"qwen3_8b_post",0
"1948d4f5e9c2a6f42b5b",1,"qwen3_8b_post",0
"2803f178bad31133a540",1,"qwen3_8b_post",0
"0e962db2fa40ed5166ad",1,"qwen3_8b_post",0
"9f53fbd18d81de3ea924",1,"qwen3_8b_post",0
"b2f033a8ae63c2edc496",1,"qwen3_8b_post",0
"694a3f4174035d3c5f1b",1,"qwen3_8b_post",0
"c95eb0c347f01636453c",1,"qwen3_8b_post",0
"548a24435ed1f0eaefab",1,"qwen3_8b_post",0
"38e33c0d99a33b4c2b2f",1,"qwen3_8b_post",0
"ce5285d2904d91d993f6",1,"qwen3_8b_post",0
"df2e77380e5fc6f9ae3e",1,"qwen3_8b_post",0
"0b5e4ccf24174d44f65a",1,"qwen3_8b_post",0
"0cdd239bd420350a9c79",1,"qwen3_8b_post",0
"e09a6ab2d1c1764027d1",1,"qwen3_8b_post",0
"752b682ea5e3a588d2b0",1,"qwen3_8b_post",0
"24b256d5b66171a24fc2",1,"qwen3_8b_post",0
"a207579dfdcbf32ba723",1,"qwen3_8b_post",0
"01a9b3c8d61557dbad35",1,"qwen3_8b_post",0
"f6a2c0f65fdf8e408115",1,"qwen3_8b_post",0
"87e1423c6c41e6af3b47",1,"qwen3_8b_post",0
"6e85a9ec794129b382fb",1,"qwen3_8b_post",0
"791748961742b2fce615",1,"qwen3_8b_post",0
"4899cac0b7e9aab49bb1",1,"qwen3_8b_post",0
"f5190c00cf072b67df56",1,"qwen3_8b_post",0
"af7a2c71fe8265bc930a",1,"qwen3_8b_post",0
"2e09639860c2049ad79d",1,"qwen3_8b_post",0
"238b6895a4ef2b14aba6",1,"qwen3_8b_post",0
"973e5416b41e9bacc845",1,"qwen3_8b_post",0
"353e1b8d2689728ffe0b",1,"qwen3_8b_post",0
"bd25f4dce8d9c6dbeea4",1,"qwen3_8b_post",0
"51d143e3439f9c0e849d",1,"qwen3_8b_post",0
"f42a8c935eb32a8ab6c3",1,"qwen3_8b_post",0
"fa7abc68d0eb8e33f16f",1,"qwen3_8b_post",0
"e7d0529b02131c6c1855",1,"qwen3_8b_post",0
"464e4a8af21d921c83c2",1,"qwen3_8b_post",0
"ca3a570d7fb40ce702b3",1,"qwen3_8b_post",0
"d070215d6195139e85c1",1,"qwen3_8b_post",0
"f6f3aff52742925a6601",1,"qwen3_8b_post",0
"6bc3b4c32ea29f95866d",1,"qwen3_8b_post",0
"ef8a8aec95906fda0fbe",1,"qwen3_8b_post",0
"828c62f3c4721ca785b4",1,"qwen3_8b_post",0
"8cd13fe633547dcb1150",1,"qwen3_8b_post",0
"ab2ecafa5b20d3ee169e",1,"qwen3_8b_post",0
"ead76a2ba663b40d8773",1,"qwen3_8b_post",0
"1017c507d9c897e7b483",1,"qwen3_8b_post",0
"94c8d0e802e90d05cbef",1,"qwen3_8b_post",0
"fe03d113bb77b00e8e24",1,"qwen3_8b_post",0
"4831aad8fedda0503ffa",1,"qwen3_8b_post",0
"9e7c0e09c40cc6602e04",1,"qwen3_8b_post",0
"fd8de7db69e232e10ad4",1,"qwen3_8b_post",0
"567030b5617d093f5e4d",1,"qwen3_8b_post",0
"d117e1927a4a6d76a4c0",1,"qwen3_8b_post",0
"8993b6b9953ee2265b07",1,"qwen3_8b_post",0
"48b643135ab5abd8ff39",1,"qwen3_8b_post",0
"da1eb5dd3dfd577926e5",1,"qwen3_8b_post",0
"e79b64a52f36c951a9af",1,"qwen3_8b_post",0
"7ab9f034d3a4567acf80",1,"qwen3_8b_post",0
"fa1ff7534887ed85a355",1,"qwen3_8b_post",0
"a020d3c96ee3fa61a0b1",1,"qwen3_8b_post",0
"19cc6ca5986f763ca0ee",1,"qwen3_8b_post",0
"d8bf2a9834713aa61643",1,"qwen3_8b_post",0
"2523a628fce515defcf8",1,"qwen3_8b_post",0
"f750bc9df2b041613515",1,"qwen3_8b_post",0
"94ac750ab0108f0d51db",1,"qwen3_8b_post",0
"f510d0b3f7439880031c",1,"qwen3_8b_post",0
"1a15e7790a543a80b900",1,"qwen3_8b_post",0
"5ccadf8a092770c6d3c6",1,"qwen3_8b_post",0
"64fd23ca1dbbb60dd867",1,"qwen3_8b_post",0
"30caebe560c4ccc4f886",1,"qwen3_8b_post",0
"ec3b11f2d0a355ce76a3",1,"qwen3_8b_post",0
"43e76946d7f8276242ee",1,"qwen3_8b_post",0
"22541281db28d2e3fa6a",1,"qwen3_8b_post",0
"a2b018760f1ba7dc540e",1,"qwen3_8b_post",0
"22a29ff7ee3d6b14e606",1,"qwen3_8b_post",0
"954e5d3803478c14c4fd",1,"qwen3_8b_post",0
"131464370633c972713d",1,"qwen3_8b_post",0
"53d62c8a922f5c259ff2",1,"qwen3_8b_post",0
"833191e4be44d0f0a7be",1,"qwen3_8b_post",0
"3d47adcc7b9dccaeb861",1,"qwen3_8b_post",0
"bf2159a3ba2362746896",1,"qwen3_8b_post",0
"85a821279aabdf26fe50",1,"qwen3_8b_post",0
"6adf11b4f70fe61bb6a8",1,"qwen3_8b_post",0
"75d754bc1c2c5ca0973b",1,"qwen3_8b_post",0
"0200cb5fc6b04d000793",1,"qwen3_8b_post",0
"b6e56814102d91accc0f",1,"qwen3_8b_post",0
"6119071b84fe97f91ea3",1,"qwen3_8b_post",0
"519ea52d16c625b7e30a",1,"qwen3_8b_post",0
"d5c03bacf711bdcd879f",1,"qwen3_8b_post",0
"5fa323958673bafbe80d",1,"qwen3_8b_post",0
"b2b9008b1f6a7ff40373",1,"qwen3_8b_post",0
"4ef8aa1c091285d69469",1,"qwen3_8b_post",0
"57b4746289ff33778cfa",1,"qwen3_8b_post",0
"d81ef17d9b0bc0885985",1,"qwen3_8b_post",0
"e07a9fab3d55923aa0f8",1,"qwen3_8b_post",0
"eae41d19b0f9b6dd23e3",1,"qwen3_8b_post",0
"df436e42a0d42085fcae",1,"qwen3_8b_post",0
"646f81f628a298b6ead6",1,"qwen3_8b_post",0
"e85d70550c9282dcc45a",1,"qwen3_8b_post",0
"95fc854079e9929568a6",1,"qwen3_8b_post",0
"3e265a4d31d3951f0fbf",1,"qwen3_8b_post",0
"670a913ae4a7329be735",1,"qwen3_8b_post",0
"1eae13484de481045374",1,"qwen3_8b_post",0
"18ac685de5e4b2a6225c",1,"qwen3_8b_post",0
"c6bf4b73bb19d4f724ee",1,"qwen3_8b_post",0
"f60617d0adf3b40e0fb8",1,"qwen3_8b_post",0
"be9e9d49089e6f54c9fd",1,"qwen3_8b_post",0
"00df639ddf37be8ec0e1",1,"qwen3_8b_post",0
"06cd1a2fde1fc7ddae3e",1,"qwen3_8b_post",0
"fa4dd86161b3963f6541",1,"qwen3_8b_post",0
"c96a876f2215ede0807b",1,"qwen3_8b_post",0
"5226c85aa8552afba70b",1,"qwen3_8b_post",0
"fee014aa02e4738797b9",1,"qwen3_8b_post",0
"9e3d926c47311eaa2033",1,"qwen3_8b_post",0
"9d01776110f45580fb7a",1,"qwen3_8b_post",0
"7e902d830ad6f4b00bd3",1,"qwen3_8b_post",0
"d3f63547093ceeb37193",1,"qwen3_8b_post",0
"d7e243ca75fd71634521",1,"qwen3_8b_post",0
"24e202f8d120f2e3ed66",1,"qwen3_8b_post",0
"32cb83ec4abdb34b5480",1,"qwen3_8b_post",0
"be84c10d664c671be4ef",1,"qwen3_8b_post",0
"1b4815f54a4ec380cf6b",1,"qwen3_8b_post",0
"8a2e9db976a88cdda778",1,"qwen3_8b_post",0
"0c3efb3978a873984a99",1,"qwen3_8b_post",0
"6baa46ba047a1ab98d86",1,"qwen3_8b_post",0
"79da156dc08fd9eaddd4",1,"qwen3_8b_post",0
"08913e2c7e24366e3ac3",1,"qwen3_8b_post",0
"70cdd726f3d940b467e3",1,"qwen3_8b_post",0
"14baf011781d4c989582",1,"qwen3_8b_post",0
"be4e0a4e679f51dd1386",1,"qwen3_8b_post",0
"b91ca025732ba6169026",1,"qwen3_8b_post",0
"2a5c6b56f0703ea7724c",1,"qwen3_8b_post",0
"cecd85a41271d9d3bb33",1,"qwen3_8b_post",0
"54d2b2b0a4a0446b28e4",1,"qwen3_8b_post",0
"03560797f3ef00f8281a",1,"qwen3_8b_post",0
"bc226dd09c8b0c9c558e",1,"qwen3_8b_post",0
"a2d3831822f1ceef9ab9",1,"qwen3_8b_post",0
"eb638a1863ce06bfd74e",1,"qwen3_8b_post",0
"6a53928ee7115ed6633d",1,"qwen3_8b_post",0
"e741ed415bcfa1e4d2fb",1,"qwen3_8b_post",0
"327dfd7c7d37a78d7f15",1,"qwen3_8b_post",0
"5a3bcf4da2f760bbb1a7",1,"qwen3_8b_post",0
"844846cda300dbb3c98a",1,"qwen3_8b_post",0
"4eacf222905458392cc5",1,"qwen3_8b_post",0
"7a6841f3edde80a3fbea",1,"qwen3_8b_post",0
"ae751b12c8b1a696ed08",1,"qwen3_8b_post",0
"1f16fcbdefbdba55b6c6",1,"qwen3_8b_post",0
"0c2be105e2c34e81775c",1,"qwen3_8b_post",0
"00f34f0e66f9c82b7f64",1,"qwen3_8b_post",0
"a60922379ee0662bde40",1,"qwen3_8b_post",0
"652584ef27ec8ae54a2d",1,"qwen3_8b_post",0
"18f2ed9167faedfa0df9",1,"qwen3_8b_post",0
"249bf045c894b336ef44",1,"qwen3_8b_post",0
"5db5b2d0cdc77aa60747",1,"qwen3_8b_post",0
"777dd8a3089ea9301108",1,"qwen3_8b_post",0
"32be96c73c870761c240",1,"qwen3_8b_post",0
"8e67cdd0c8fd8a893c2f",1,"qwen3_8b_post",0
"1529c93e1b58e74b7c60",1,"qwen3_8b_post",0
"450ea2e2f449bc922566",1,"qwen3_8b_post",0
"09aae5d46f2a1cd3c8c2",1,"qwen3_8b_post",0
"adc92c20591e9e4e7fcc",1,"qwen3_8b_post",0
"9802c550ae683848707f",1,"qwen3_8b_post",0
"63473f7be01358269526",1,"qwen3_8b_post",0
"fc45fe1b933c8c97c419",1,"qwen3_8b_post",0
"d8304e764e1f74a78b21",1,"qwen3_8b_post",0
"020cb1cb259d5e28ff09",1,"qwen3_8b_post",0
"e7807effabe567b9c6e8",1,"qwen3_8b_post",0
"dbb201ebca6f47537856",1,"qwen3_8b_post",0
"0a00d30147883a880532",1,"qwen3_8b_post",0
"67af8d3eda3216b855d3",1,"qwen3_8b_post",0
"69303c279afb90d12c65",1,"qwen3_8b_post",0
"46b1e13ac5d72ed5239a",1,"qwen3_8b_post",0
"114c0f360407fdf084f8",1,"qwen3_8b_post",0
"b3aeb87283f0b1f5dc47",1,"qwen3_8b_post",0
"49743247cc2a7182e72c",1,"qwen3_8b_post",0
"e2217637465b731d6502",1,"qwen3_8b_post",0
"6a7488894e68c43d31b4",1,"qwen3_8b_post",0
"61ba5b6a6217cc3bc85e",1,"qwen3_8b_post",0
"e1dff5c1b2fdfd99930c",1,"qwen3_8b_post",0
"11e9c71b7ac749749ced",1,"qwen3_8b_post",0
"69455c2859593c451630",1,"qwen3_8b_post",0
"49d2b2ec431d71c7d886",1,"qwen3_8b_post",0
"b5a024c874621e0b36e2",1,"qwen3_8b_post",0
"1b974182930ce9a92ea4",1,"qwen3_8b_post",0
"e09fdc105de122cafe2c",1,"qwen3_8b_post",0
"aa411926e61799cc48fd",1,"qwen3_8b_post",0
"c2367d2aa00e2e09b386",1,"qwen3_8b_post",0
"8f6c94804ebfc15eb66d",1,"qwen3_8b_post",0
"873441968b75c0ed411e",1,"qwen3_8b_post",0
"846ce047f50992aa66d7",1,"qwen3_8b_post",0
"50c698cc0cf19410a410",1,"qwen3_8b_post",0
"e37d78352b19032055e6",1,"qwen3_8b_post",0
"c7c581ab12fff2f82a6c",1,"qwen3_8b_post",0
"c0a9f52b7b29332a221d",1,"qwen3_8b_post",0
"ef9a3fe260bdeb3c5d59",1,"qwen3_8b_post",0
"167595779c5841cabcde",1,"qwen3_8b_post",0
"e3c51c1cec1fb1a83994",1,"qwen3_8b_post",0
"1e8362371ef0e8fcb04d",1,"qwen3_8b_post",0
"2df6ca3bdc7028bf3851",1,"qwen3_8b_post",0
"bd466f76682ecbe839e3",1,"qwen3_8b_post",0
"3fc282364b47665eb66b",1,"qwen3_8b_post",0
"0cef0b934dc8f03a15c1",1,"qwen3_8b_post",0
"a06c3807162887dfdcfd",1,"qwen3_8b_post",0
"f18610133a333fc1560f",1,"qwen3_8b_post",0
"d62ee5fc393ab2465b10",1,"qwen3_8b_post",0
"5883f86dceebdd298728",1,"qwen3_8b_post",0
"19a40bcc7211766ab2b3",1,"qwen3_8b_post",0
"56e4ad73259de9270619",1,"qwen3_8b_post",0
"c7f4504a6a5369c12941",1,"qwen3_8b_post",0
"1025a20980a21bcc4428",1,"qwen3_8b_post",0
"6da8f25f8432e5b9391f",1,"qwen3_8b_post",0
"9cc133bfebc8e6ad62dd",1,"qwen3_8b_post",0
"7777e04a749361e83610",1,"qwen3_8b_post",0
"086102a922d6082366fe",1,"qwen3_8b_post",0
"aa6cf61380d5c09a9e65",1,"qwen3_8b_post",0
"98de9af8659ffd9ab81d",1,"qwen3_8b_post",0
"9ac247d95a9cea0469f5",1,"qwen3_8b_post",0
"059696f979ad0d5f2520",1,"qwen3_8b_post",0
"d2a0949cf9d129296785",1,"qwen3_8b_post",0
"d730d9e75ae2935326c2",1,"qwen3_8b_post",0
"4f5ef40bec9c1283727b",1,"qwen3_8b_post",0
"223ca1b8142652e0271b",1,"qwen3_8b_post",0
"fefe362f46848a3c78b6",1,"qwen3_8b_post",0
"a4811981879790e82c97",1,"qwen3_8b_post",0
"8e01c3b62e033698fcb1",1,"qwen3_8b_post",0
"f6704e7dee3a613c157e",1,"qwen3_8b_post",0
"16f3f8b12ee0c1b214a7",1,"qwen3_8b_post",0
"305842276dc0248f7004",1,"qwen3_8b_post",0
"cd47aa53d375ee055c9d",1,"qwen3_8b_post",0
"e1c5596f0e3d374e42e0",1,"qwen3_8b_post",0
"e963b5c15491716e54e5",1,"qwen3_8b_post",0
"a33c5fe5f356ec6f0da1",1,"qwen3_8b_post",0
"9a70053d47c0a69eb6ad",1,"qwen3_8b_post",0
"a63dc1fa820f17067429",1,"qwen3_8b_post",0
"ad7e1a1b99f5b1f726ad",1,"qwen3_8b_post",0
"4083191af08914fb64d3",1,"qwen3_8b_post",0
"495885d9f303ab08aff5",1,"qwen3_8b_post",0
"5b30062795dec4cfe548",1,"qwen3_8b_post",0
"cca8133473286b9ced22",1,"qwen3_8b_post",0
"69e1e7faa0585bab3f50",1,"qwen3_8b_post",0
"ba5b833665cc6047e7ee",1,"qwen3_8b_post",0
"f135f906f6db80a1512c",1,"qwen3_8b_post",0
"a8e33916789689171d9b",1,"qwen3_8b_post",0
"7ee30c7b0d144a1d0203",1,"qwen3_8b_post",0
"8536fbeeec9d4d9b2c19",1,"qwen3_8b_post",0
"36441f9378b55a307e67",1,"qwen3_8b_post",0
"76b1b7d523ae733f53e6",1,"qwen3_8b_post",0
"abbaae095ba8741d4caf",1,"qwen3_8b_post",0
"991d4007a8d785dbd07f",1,"qwen3_8b_post",0
"79fc7a0a05a1e120580e",1,"qwen3_8b_post",0
"e26e402378a5f3eb4e1e",1,"qwen3_8b_post",0
"eb7da2a7c391d60709fb",1,"qwen3_8b_post",0
"897b45aae5a78f30ee56",1,"qwen3_8b_post",0
"7a3016b422621755d335",1,"qwen3_8b_post",0
"348f03a8d7d2066ab00b",1,"qwen3_8b_post",0
"7f8768be74f278bea562",1,"qwen3_8b_post",0
"4f1648cbda76d07e6880",1,"qwen3_8b_post",0
"9328b87970dddbbef52e",1,"qwen3_8b_post",0
"b8907e21e7995a69e369",1,"qwen3_8b_post",0
"0909e803b32476035a0b",1,"qwen3_8b_post",0
"65cd1c70a093606cec78",1,"qwen3_8b_post",0
"eec0d4795d6600e45c61",1,"qwen3_8b_post",0
"096d3cd33648310ec3f2",1,"qwen3_8b_post",0
"43746c0490b44b301252",1,"qwen3_8b_post",0
"68fc9fa3e3bc0be9849a",1,"qwen3_8b_post",0
"8d487ad723dcdfe67a7d",1,"qwen3_8b_post",0
"ea5861c5b917e85667c8",1,"qwen3_8b_post",0
"9af5c6a3101d4c530059",1,"qwen3_8b_post",0
"b392ba7b7a7b4e4fa386",1,"qwen3_8b_post",0
"3e28142b3640b036d6cd",1,"qwen3_8b_post",0
"ec3f21c007cddcb98544",1,"qwen3_8b_post",0
"0a9b27603d70ec01c479",1,"qwen3_8b_post",0
"562516d907a37731d4de",1,"qwen3_8b_post",0
"78741016ffa4fee882ac",1,"qwen3_8b_post",0
"5011f804eb5dacfc8be5",1,"qwen3_8b_post",0
"d92adbc0a9c767fa77de",1,"qwen3_8b_post",0
"0c4538e3000fdda56df6",1,"qwen3_8b_post",0
"379be06db9def7677b20",1,"qwen3_8b_post",0
"a17b2cdc28f00c7bd172",1,"qwen3_8b_post",0
"b8ce2a4adca087089ea1",1,"qwen3_8b_post",0
"4e07d9b1f0ec53ec310e",1,"qwen3_8b_post",0
"ca003ffba7d6bb3d3b97",1,"qwen3_8b_post",0
"d2dc47346b2e28e5b8cf",1,"qwen3_8b_post",0
"758353c7e2453cbe8a9d",1,"qwen3_8b_post",0
"e2149c77f6c3ae65489b",1,"qwen3_8b_post",0
"51f1a879976183b5e389",1,"qwen3_8b_post",0
"a31d78e3a3aaf59871f7",1,"qwen3_8b_post",0
"acc239d0a62dc89a710e",1,"qwen3_8b_post",0
"4e26aec2959d09840747",1,"qwen3_8b_post",0
"441647af5ce1ffe5a5b3",1,"qwen3_8b_post",0
"5cf53073309a07742840",1,"qwen3_8b_post",0
"b3e4f525878bb923849a",1,"qwen3_8b_post",0
"d3b17b335680d77d41f5",1,"qwen3_8b_post",0
"23f97fe343c5683b390b",1,"qwen3_8b_post",0
"7e3353b1730359646774",1,"qwen3_8b_post",0
"c362f9c04ea433a4537d",1,"qwen3_8b_post",0
"9497e163d3c11a381e00",1,"qwen3_8b_post",0
"4708f178ba38026e0650",1,"qwen3_8b_post",0
"8d7eaf8cce3cf3cfe001",1,"qwen3_8b_post",0
"f68753a241267b4b2787",1,"qwen3_8b_post",0
"f7502421a57649835a29",1,"qwen3_8b_post",0
"016750ada7720d6a69ba",1,"qwen3_8b_post",0
"9000323252ac97f0a499",1,"qwen3_8b_post",0
"2768a5a07f09e3bd5177",1,"qwen3_8b_post",0
"d9323173c5e4e268c3ea",1,"qwen3_8b_post",0
"8efbdcae3e63f2e74252",1,"qwen3_8b_post",0
"eac820c355a402d892e7",1,"qwen3_8b_post",0
"fc192decbce77866dcc9",1,"qwen3_8b_post",0
"38e17449ac4a1e25a73e",1,"qwen3_8b_post",0
"bdad57fbff65b87e9e7e",1,"qwen3_8b_post",0
"4958494917c058424af1",1,"qwen3_8b_post",0
"965d2a4371db713284bb",1,"qwen3_8b_post",0
"0aa2ce9580f028237b00",1,"qwen3_8b_post",0
"68b4a4f56418117b64de",1,"qwen3_8b_post",0
"3db4e524143eda1708e3",1,"qwen3_8b_post",0
"ff602bda2fdab60db2fe",1,"qwen3_8b_post",0
"88478643aa849e5d4137",1,"qwen3_8b_post",0
"4a07af75b6ee71a99309",1,"qwen3_8b_post",0
"8689940ccc34021b2ecd",1,"qwen3_8b_post",0
"f644f4267751510c4a26",1,"qwen3_8b_post",0
"f0dd3149e647a6581f85",1,"qwen3_8b_post",0
"22ab1e3685693a1d9d1d",1,"qwen3_8b_post",0
"9f424f2c88217e2e8f08",1,"qwen3_8b_post",0
"2fe9fc348d9bdfbe1518",1,"qwen3_8b_post",0
"d8fa088ca3ba320b85aa",1,"qwen3_8b_post",0
"3f2daa6aee14a037bcae",1,"qwen3_8b_post",0
"6b161adca8ba6e952fbb",1,"qwen3_8b_post",0
"dd770fac990772c20d01",1,"qwen3_8b_post",0
"b8f556fe8dacec500284",1,"qwen3_8b_post",0
"6f7ed5e8ed4761746f3b",1,"qwen3_8b_post",0
"b104286fdd440a191780",1,"qwen3_8b_post",0
"f3a4cd331aa048416909",1,"qwen3_8b_post",0
"8a9a42c41d58a1b44747",1,"qwen3_8b_post",0
"bd311e6c9b9a082dd9b8",1,"qwen3_8b_post",0
"daf01412a5a1a81a0149",1,"qwen3_8b_post",0
"ba34f5b94d509162e48e",1,"qwen3_8b_post",0
"bbaf009a3e494ba3587f",1,"qwen3_8b_post",0
"a7f9118a7fc31b7675d4",1,"qwen3_8b_post",0
"209caae6a94eff5746c9",1,"qwen3_8b_post",0
"bf52f2b1112c82600610",1,"qwen3_8b_post",0
"9e53e615acc297700223",1,"qwen3_8b_post",0
"e5174f0fcf1fbfe78d33",1,"qwen3_8b_post",0
"686167b2ede3fd4db970",1,"qwen3_8b_post",0
"9b453616ab841f48a985",1,"qwen3_8b_post",0
"c8be0faad9ad3a7ab515",1,"qwen3_8b_post",0
"b7c7c77b8bc475522d33",1,"qwen3_8b_post",0
"1763817049d526a610da",1,"qwen3_8b_post",0
"95ef40c2fb73de1e12f2",1,"qwen3_8b_post",0
"25e7f922f5f516c8089f",1,"qwen3_8b_post",0
"8acbd2086fa6ba7377ba",1,"qwen3_8b_post",0
"ef8fec3983223389f583",1,"qwen3_8b_post",0
"94ce6ed0c4a730d56cb9",1,"qwen3_8b_post",0
"55c32cfd3c044a75ac02",1,"qwen3_8b_post",0
"56d1cda366720f89ad1b",1,"qwen3_8b_post",0
"b385186689cd0dc56b04",1,"qwen3_8b_post",0
"f0f0fd9e4d5a6b68a5d2",1,"qwen3_8b_post",0
"f5269e7be4f3097e24af",1,"qwen3_8b_post",0
"a458a8fc557badbc3dd2",1,"qwen3_8b_post",0
"c073c344eae5af2e978d",1,"qwen3_8b_post",0
"f178391e2a79ddf6dc73",1,"qwen3_8b_post",0
"79bd7ce726e0effe8d44",1,"qwen3_8b_post",0
"6a29c7a68b8d8a8d3f3f",1,"qwen3_8b_post",0
"d273b0d1401d15dcbdd8",1,"qwen3_8b_post",0
"ce4838d4978075031ab1",1,"qwen3_8b_post",0
"f4c63e6c71262bdacfc3",1,"qwen3_8b_post",0
"1dcbf875fc3314337d0d",1,"qwen3_8b_post",0
"ac8f766cf66f1efdcaea",1,"qwen3_8b_post",0
"e443bc8549af34ba7937",1,"qwen3_8b_post",0
"60d709bec349ee336702",1,"qwen3_8b_post",0
"82ed681611de2fe59168",1,"qwen3_8b_post",0
"ea6b4ffc9f5545c708fc",1,"qwen3_8b_post",0
"79e55f3d7a713a849cae",1,"qwen3_8b_post",0
"728248414a351be50d93",1,"qwen3_8b_post",0
"ffb57b1caa8afe64f86a",1,"qwen3_8b_post",0
"5ed4aea5e6717e1b522b",1,"qwen3_8b_post",0
"edc9e5bc1a1871abc72f",1,"qwen3_8b_post",0
"e9c9af4a7a84dff30a9e",1,"qwen3_8b_post",0
"ae458e16aa7f2fbd633a",1,"qwen3_8b_post",0
"4b801d200e2ca152e64f",1,"qwen3_8b_post",0
"715d6c453a3a97ffda66",1,"qwen3_8b_post",0
"38fdc048c05a0a7faa5c",1,"qwen3_8b_post",0
"5f82d438a607f6d271e3",1,"qwen3_8b_post",0
"c5f204139592936c6978",1,"qwen3_8b_post",0
"17e367b06713e32fe498",1,"qwen3_8b_post",0
"331670566d9625795e6e",1,"qwen3_8b_post",0
"f3f4075beb8f013c0fbc",1,"qwen3_8b_post",0
"8f867702c4329979b257",1,"qwen3_8b_post",0
"ea1664fcdd54ab97a4ed",1,"qwen3_8b_post",0
"743dcf4906958e2ebfb2",1,"qwen3_8b_post",0
"432d6bbbe33e952a1370",1,"qwen3_8b_post",0
"131bb304a32242b1922e",1,"qwen3_8b_post",0
"dc88854a9cb2e641f65b",1,"qwen3_8b_post",0
"962c3138b7444ce42a94",1,"qwen3_8b_post",0
"69f76c8af0de40bc82aa",1,"qwen3_8b_post",0
"ea61aeb4f1a48833b7b0",1,"qwen3_8b_post",0
"9e2c9e8f16f4e9276b4f",1,"qwen3_8b_post",0
"95574fd13d015e7c3f51",1,"qwen3_8b_post",0
"17ff176aff6ca7f86da1",1,"qwen3_8b_post",0
"b881a68885b54955405a",1,"qwen3_8b_post",0
"4aa26b29f9f872e160f3",1,"qwen3_8b_post",0
"a5dadc911268be7cf16d",1,"qwen3_8b_post",0
"b2a51e002546ce49c755",1,"qwen3_8b_post",0
"f252c7fc91499d79a8a7",1,"qwen3_8b_post",0
"b74cb32b4f2ce0d32ed3",1,"qwen3_8b_post",0
"5b0a0321fe75117b2f98",1,"qwen3_8b_post",0
"9b150ee7ff876b36f190",1,"qwen3_8b_post",0
"bc460742ba14d05fa569",1,"qwen3_8b_post",0
"8efa5804f33eaf0da149",1,"qwen3_8b_post",0
"9a9a5f421ae15c12b08c",1,"qwen3_8b_post",0
"c250dedd0d4d18077479",1,"qwen3_8b_post",0
"58e25c078dcd32f17bf9",1,"qwen3_8b_post",0
"24c39366277dd4fb9a24",1,"qwen3_8b_post",0
"37f861d960645d0a7f36",1,"qwen3_8b_post",0
"d1ddc92b4a0f9ced73b0",1,"qwen3_8b_post",0
"3711b7e2f81ffd0d2bc8",1,"qwen3_8b_post",0
"8d9a7d68552deb7bd186",1,"qwen3_8b_post",0
"f03ed21bf8a6485c9bc9",1,"qwen3_8b_post",0
"13e990b307aeb5303925",1,"qwen3_8b_post",0
"894fcde1526e08387200",1,"qwen3_8b_post",0
"a743dd9f799ba5e055c8",1,"qwen3_8b_post",0
"26444127ca5c5804c355",1,"qwen3_8b_post",0
"40b1ebfbb9eba32d025b",1,"qwen3_8b_post",0
"03b5c8c80281c11ca0ba",1,"qwen3_8b_post",0
"d295adcbda8357fdf557",1,"qwen3_8b_post",0
"3c0e753ebf26dad4c5c8",1,"qwen3_8b_post",0
"399b356f53a806446289",1,"qwen3_8b_post",0
"0a9e460b4d1b6053ba75",1,"qwen3_8b_post",0
"c22f7a3c0c305a9ce8c1",1,"qwen3_8b_post",0
"b19dc35158f235fa1e57",1,"qwen3_8b_post",0
"3b90b67f4e5dcc6ac426",1,"qwen3_8b_post",0
"05bd7882bbfa5bd393f3",1,"qwen3_8b_post",0
"78e13f465e97eac48c60",1,"qwen3_8b_post",0
"a48e6cd3777b4c2ff179",1,"qwen3_8b_post",0
"3fdd47bc5073a2c156d0",1,"qwen3_8b_post",0
"a83bc195dc944788618d",1,"qwen3_8b_post",0
"8ff618718dd92bee63df",1,"qwen3_8b_post",0
"54473d3900802a91a300",1,"qwen3_8b_post",0
"375b9f6f4db2904ecc00",1,"qwen3_8b_post",0
"49e31ade8426afb051ad",1,"qwen3_8b_post",0
"4ad0bdfd11b25178125d",1,"qwen3_8b_post",0
"cfaba1f2518a236da950",1,"qwen3_8b_post",0
"825136db43583f93cf52",1,"qwen3_8b_post",0
"13f3198b67ec7969589a",1,"qwen3_8b_post",0
"da41fd6743dd4f6415d1",1,"qwen3_8b_post",0
"02f996a1c148a9ea3c80",1,"qwen3_8b_post",0
"4b5381d5d150810848ce",1,"qwen3_8b_post",0
"5f432e3c120dd2f7bf3b",1,"qwen3_8b_post",0
"c1f52bfa93979a1018f2",1,"qwen3_8b_post",0
"eb6565b04ddfc105e570",1,"qwen3_8b_post",0
"764eec522dbbccb12f45",1,"qwen3_8b_post",0
"b3a9c4f383859df1bbf8",1,"qwen3_8b_post",0
"afbda623ad0b162e26b3",1,"qwen3_8b_post",0
"7933d7bf034dd2d7b7fd",1,"qwen3_8b_post",0
"0557b1a33d01817ab1f3",1,"qwen3_8b_post",0
"d6940c8f4eb5ff8ac049",1,"qwen3_8b_post",0
"4212a90b82e4b426c736",1,"qwen3_8b_post",0
"7355f2a789ccc68bf9dc",1,"qwen3_8b_post",0
"e2b825281e09b6a0d853",1,"qwen3_8b_post",0
"b6c1b3f15ef968e9a138",1,"qwen3_8b_post",0
"69bbb7009c5b179d6b9b",1,"qwen3_8b_post",0
"6ff9fff0a3a64f923c45",1,"qwen3_8b_post",0
"62a9f7cbd5be9bd06576",1,"qwen3_8b_post",0
"388d841e48c844e9658f",1,"qwen3_8b_post",0
"562c11db670c0feffb41",1,"qwen3_8b_post",0
"15f32fc6a8d72da1de07",1,"qwen3_8b_post",0
"c79575c6a0dda45330ab",1,"qwen3_8b_post",0
"a0a28c7b8d3fb563644c",1,"qwen3_8b_post",0
"79d90830d574679c7d9f",1,"qwen3_8b_post",0
"8ae18995147a659991b3",1,"qwen3_8b_post",0
"fb733b426fbefe2567d9",1,"qwen3_8b_post",0
"147ab2f772996de4deaa",1,"qwen3_8b_post",0
"74fee5dbca49b7323c10",1,"qwen3_8b_post",0
"a3db7bb3ad97df87b7cb",1,"qwen3_8b_post",0
"7b4748c87106cefa4c4a",1,"qwen3_8b_post",0
"ac685249e19751c8a4ff",1,"qwen3_8b_post",0
"b7826e6210bcd7e254fc",1,"qwen3_8b_post",0
"c25fa44edafe422c9256",1,"qwen3_8b_post",0
"8323fa7d6bbfca01bdde",1,"qwen3_8b_post",0
"4c46e6eec3683ea0f660",1,"qwen3_8b_post",0
"d24c156dc1b8c026acb3",1,"qwen3_8b_post",0
"34b042681dc1908afca5",1,"qwen3_8b_post",0
"8a19de02aa191a4418bd",1,"qwen3_8b_post",0
"fb2d4e5d3ebc684dd4cc",1,"qwen3_8b_post",0
"d4b358577df6fbaeebc2",1,"qwen3_8b_post",0
"7a297f7abdb6e9ec131b",1,"qwen3_8b_post",0
"7d50d17a59cd3c9f8d09",1,"qwen3_8b_post",0
"878573ba54ccc45460e9",1,"qwen3_8b_post",0
"d02854a6c9c675dbe25c",1,"qwen3_8b_post",0
"6a0543f8178f2f20c892",1,"qwen3_8b_post",0
"5dd49df6481aac04ada5",1,"qwen3_8b_post",0
"8c642c0d578be653bfe4",1,"qwen3_8b_post",0
"e56683b53de308f4e171",1,"qwen3_8b_post",0
"0f47681dd6b2cac9fa03",1,"qwen3_8b_post",0
"8e0e06d04407f9d77830",1,"qwen3_8b_post",0
"9db4ba751f4c96f56f2f",1,"qwen3_8b_post",0
"e301612964def1345ae6",1,"qwen3_8b_post",0
"aeada8523846a50fbc20",1,"qwen3_8b_post",0
"58c99f64db959dc8db68",1,"qwen3_8b_post",0
"df86b4695d305f7c635b",1,"qwen3_8b_post",0
"efd17abfcbf629574b0e",1,"qwen3_8b_post",0
"ceb8b56e2bd4af0870fa",1,"qwen3_8b_post",0
"cdb1dadcf2f47bc591df",1,"qwen3_8b_post",0
"f68bb6c7998ed28f169a",1,"qwen3_8b_post",0
"2152c8bcb8f3257a4413",1,"qwen3_8b_post",0
"3cdc3b72be19ece80354",1,"qwen3_8b_post",0
"9804ad4e4503e00f7e23",1,"qwen3_8b_post",0
"4454cb63a1e021495038",1,"qwen3_8b_post",0
"5a23939a467965733135",1,"qwen3_8b_post",0
"4279b1ac887af5488f57",1,"qwen3_8b_post",0
"6e842d082aadbaf1583f",1,"qwen3_8b_post",0
"ad07080444886858d309",1,"qwen3_8b_post",0
"1165b7eb5ffe48ed7da7",1,"qwen3_8b_post",0
"91fa3fb96440f90fcb04",1,"qwen3_8b_post",0
"7884a4aa2a01f7fe446d",1,"qwen3_8b_post",0
"a8522267d4505136d80b",1,"qwen3_8b_post",0
"ef3846ff8481b9accf21",1,"qwen3_8b_post",0
"d7e855c7a05e6578e0d3",1,"qwen3_8b_post",0
"e4d679698d22d7daa79f",1,"qwen3_8b_post",0
"29771876e6a202c5a656",1,"qwen3_8b_post",0
"5956529ea428b3c38ff9",1,"qwen3_8b_post",0
"66cacd78abca03e6020e",1,"qwen3_8b_post",0
"d69823cdba9627e474dc",1,"qwen3_8b_post",0
"7b208af49ead836442f9",1,"qwen3_8b_post",0
"7055d0f4be3d195099f2",1,"qwen3_8b_post",0
"0a1a1c00ce8becc736a2",1,"qwen3_8b_post",0
"802d4102f355fed68d28",1,"qwen3_8b_post",0
"c050a832e00e3a24ee4f",1,"qwen3_8b_post",0
"6a680b0005a9eacef56a",1,"qwen3_8b_post",0
"38a5ee9b63dffcce59e7",1,"qwen3_8b_post",0
"0d3968d540af8d307c61",1,"qwen3_8b_post",0
"7c9aaa97cfa18bddbc4e",1,"qwen3_8b_post",0
"9b1d5708823fc7e56167",1,"qwen3_8b_post",0
"2e9e3a4de57039736fe9",1,"qwen3_8b_post",0
"d967da0e23e949a9b90c",1,"qwen3_8b_post",0
"f423fe3a6878935db245",1,"qwen3_8b_post",0
"797e189a560ecb3418f9",1,"qwen3_8b_post",0
"98aa737786997bdd752c",1,"qwen3_8b_post",0
"a8468e1f927c0a81f3a4",1,"qwen3_8b_post",0
"81415ac1594543ace675",1,"qwen3_8b_post",0
"d5138a6ad9bb828ea182",1,"qwen3_8b_post",0
"16cfbe5d2f2194131756",1,"qwen3_8b_post",0
"9066c8d5f35d2f8c6e75",1,"qwen3_8b_post",0
"826c36614ba6bcb4777f",1,"qwen3_8b_post",0
"046d67423aa3a50c87ce",1,"qwen3_8b_post",0
"7ccbbec9a42fed036404",1,"qwen3_8b_post",0
"7c2e9bc6e7a22d1ae026",1,"qwen3_8b_post",0
"ab7e50b15d07e6e63ac1",1,"qwen3_8b_post",0
"bf995cdef21fb75ea527",1,"qwen3_8b_post",0
"0f05f5467baf89bfb0f5",1,"qwen3_8b_post",0
"a4a1174ebcaac30c62e0",1,"qwen3_8b_post",0
"5f170268770ae8c036b5",1,"qwen3_8b_post",0
"a1267e599bcefdd12310",1,"qwen3_8b_post",0
"05557fb9186e68cc8db8",1,"qwen3_8b_post",0
"90199f898de75004209d",1,"qwen3_8b_post",0
"cd88fb55c07a0a127c70",1,"qwen3_8b_post",0
"6f61b523e065c55c0796",1,"qwen3_8b_post",0
"1dce58517f63a8297c0c",1,"qwen3_8b_post",0
"deb06962065f6a2082ff",1,"qwen3_8b_post",0
"f499683bc37e1d16ce63",1,"qwen3_8b_post",0
"4825fd17cee52af33edb",1,"qwen3_8b_post",0
"cdb12c6a5ce6b99158dd",1,"qwen3_8b_post",0
"af9b71b2dadda2798e8b",1,"qwen3_8b_post",0
"f2eedc292351ad94adc5",1,"qwen3_8b_post",0
"1eaaa2d0e70d48ca8c60",1,"qwen3_8b_post",0
"5489e1a85333ba5440df",1,"qwen3_8b_post",0
"02694bd97733f83a4198",1,"qwen3_8b_post",0
"799422cbd76b652dda04",1,"qwen3_8b_post",0
"69fbee112a025f9a7b16",1,"qwen3_8b_post",0
"b38e3950212e95582bb2",1,"qwen3_8b_post",0
"2e1632c69a7c6ea04e51",1,"qwen3_8b_post",0
"d233fa439ecd6235f978",1,"qwen3_8b_post",0
"7cd52aa902f7882d0f7f",1,"qwen3_8b_post",0
"5998b9d79f0679df6b48",1,"qwen3_8b_post",0
"f4e639ba596d3f2ff334",1,"qwen3_8b_post",0
"36974e42df8b6477e24f",1,"qwen3_8b_post",0
"861c5680b681e2193188",1,"qwen3_8b_post",0
"3050a9576a1612fe8507",1,"qwen3_8b_post",0
"845cc78dd21871b0b995",1,"qwen3_8b_post",0
"7e3da8af710154b2778a",1,"qwen3_8b_post",0
"eeabb71d7b0998f442c4",1,"qwen3_8b_post",0
"c57a9f8405da3279b3f7",1,"qwen3_8b_post",0
"da68571321769e2ae93f",1,"qwen3_8b_post",0
"82b207fffe4d8d233ddf",1,"qwen3_8b_post",0
"5281637ba3534b4579aa",1,"qwen3_8b_post",0
"40e5ff0dc4500d5b0cca",1,"qwen3_8b_post",0
"701173fc894219d17a2d",1,"qwen3_8b_post",0
"b52847c63cf72dfbc1b4",1,"qwen3_8b_post",0
"2f9e59ecef4a6e72f409",1,"qwen3_8b_post",0
"97632228995ddad02247",1,"qwen3_8b_post",0
"46b5018937d894b7fe72",1,"qwen3_8b_post",0
"c7184eee7345bc7c388e",1,"qwen3_8b_post",0
"deb212468b0bc3eb7ec5",1,"qwen3_8b_post",0
"44e7f48bc6fefb6fef84",1,"qwen3_8b_post",0
"227bf0306dfe0bec4a0a",1,"qwen3_8b_post",0
"6977ff77ea116c1635a4",1,"qwen3_8b_post",0
"d964bd657a20fae474f2",1,"qwen3_8b_post",0
"d209183618ed9686bc8f",1,"qwen3_8b_post",0
"54f7d0f01123c6fbea76",1,"qwen3_8b_post",0
"426ed938d06f27b8f7fd",1,"qwen3_8b_post",0
"0afd5275f5d3dcac1baa",1,"qwen3_8b_post",0
"d8ad093327b9af6f6c4d",1,"qwen3_8b_post",0
"5da2e67a0188702c1f0f",1,"qwen3_8b_post",0
"6272aa4fa637240055aa",1,"qwen3_8b_post",0
"8cc04521848dd07d407e",1,"qwen3_8b_post",0
"077c3d974c3ed8991019",1,"qwen3_8b_post",0
"91921b9bd5070d066e08",1,"qwen3_8b_post",0
"7a2fc897402153b53cfc",1,"qwen3_8b_post",0
"7d283a12d2acb6adba2e",1,"qwen3_8b_post",0
"af4dba3848025a2adac3",1,"qwen3_8b_post",0
"41e1503fde02423712e9",1,"qwen3_8b_post",0
"aebea3d5254b09a221db",1,"qwen3_8b_post",0
"17b138bf9d52609e4132",1,"qwen3_8b_post",0
"f2fa900045fd627a8105",1,"qwen3_8b_post",0
"873120c25d92a1486417",1,"qwen3_8b_post",0
"f372885ffaaa348b2b56",1,"qwen3_8b_post",0
"df0c364b28aa92f01ad3",1,"qwen3_8b_post",0
"152b421093d7bb91dfd6",1,"qwen3_8b_post",0
"0ad5b562fb6ec465c8ed",1,"qwen3_8b_post",0
"496a4ba38f1731c6c5ca",1,"qwen3_8b_post",0
"495dea6c8c9b52f46f2e",1,"qwen3_8b_post",0
"e0921aae093493af8076",1,"qwen3_8b_post",0
"f9dd24c1a57dc627e517",1,"qwen3_8b_post",0
"d0b268ed49e9fbb7ea98",1,"qwen3_8b_post",0
"9e900b84d294aa656e3d",1,"qwen3_8b_post",0
"caa2603929a070ca9352",1,"qwen3_8b_post",0
"9836a1e1b18b259bbcc1",1,"qwen3_8b_post",0
"a0ecf1aa745d4c6543ee",1,"qwen3_8b_post",0
"55f32d466d7946115f14",1,"qwen3_8b_post",0
"ee2e7a17d39390ddd0d6",1,"qwen3_8b_post",0
"4ded244d024fa6d7954e",1,"qwen3_8b_post",0
"e30722b3973256107aba",1,"qwen3_8b_post",0
"0fbbf7e97f7ac0d962f2",1,"qwen3_8b_post",0
"ce85fc83cd66680ca928",1,"qwen3_8b_post",0
"0c88b5aadcd822528d9f",1,"qwen3_8b_post",0
"83a9183f653b6ef63fdf",1,"qwen3_8b_post",0
"9a4c2c3772aaca0e5982",1,"qwen3_8b_post",0
"9ad85eb2ed7656b4b7aa",1,"qwen3_8b_post",0
"97cd2b24ae94fae9b964",1,"qwen3_8b_post",0
"ec054097c6e979942cd2",1,"qwen3_8b_post",0
"b324cad68de197a537b4",1,"qwen3_8b_post",0
"71b1f3ae097e88836371",1,"qwen3_8b_post",0
"969306d59c6f6ec583c8",1,"qwen3_8b_post",0
"a7f71a2a13fbd6fd385e",1,"qwen3_8b_post",0
"61290524fdfe6bf98a66",1,"qwen3_8b_post",0
"bc42027e499046278027",1,"qwen3_8b_post",0
"30ec31681d50882133d3",1,"qwen3_8b_post",0
"8979a195db8eb494b2e4",1,"qwen3_8b_post",0
"1134e2bc0271b1026cbe",1,"qwen3_8b_post",0
"f7d48fc3fe9c28d55dd8",1,"qwen3_8b_post",0
"2fbd4fe67b535ea0daf9",1,"qwen3_8b_post",0
"161e20cfcd0a6b8b34a6",1,"qwen3_8b_post",0
"49912679d4716280e649",1,"qwen3_8b_post",0
"2083e7f11a53009ea100",1,"qwen3_8b_post",0
"26c5b1da0318988b8744",1,"qwen3_8b_post",0
"7f3af075c2d9e3241038",1,"qwen3_8b_post",0
"a0cc4560f10aef2393ff",1,"qwen3_8b_post",0
"b43e1ac4ff70d0a9de39",1,"qwen3_8b_post",0
"b6bfd23c9a788d481479",1,"qwen3_8b_post",0
"59309b316697687ee2ef",1,"qwen3_8b_post",0
"5ee127e6bddc80de0c95",1,"qwen3_8b_post",0
"933802e77fab4fd495a4",1,"qwen3_8b_post",0
"be00e76458471c99a1ee",1,"qwen3_8b_post",0
"6d89cabd224581520c6a",1,"qwen3_8b_post",0
"0a37d19120e08410d6dd",1,"qwen3_8b_post",0
"f68980205ecde284782d",1,"qwen3_8b_post",0
"5723880e6bd6426b1378",1,"qwen3_8b_post",0
"38266809c83f4434fcd3",1,"qwen3_8b_post",0
"709b8ea181170c3225cd",1,"qwen3_8b_post",0
"a4d2b580a9701d95e8cd",1,"qwen3_8b_post",0
"1ec97a9771c3ca6ee6f4",1,"qwen3_8b_post",0
"47021918e9b21c2e72c6",1,"qwen3_8b_post",0
"300cdfacd1889ea9c8f9",1,"qwen3_8b_post",0
"e47750c65b46766e2b2e",1,"qwen3_8b_post",0
"5657d57e168d7504ce0d",1,"qwen3_8b_post",0
"5bdef8eeb0be09e40553",1,"qwen3_8b_post",0
"8e939fec21c1af946f56",1,"qwen3_8b_post",0
"a08caaa134a0eca42d05",1,"qwen3_8b_post",0
"87094843b3215915d97b",1,"qwen3_8b_post",0
"ed6617f75245ef6ec0b8",1,"qwen3_8b_post",0
"a6f38205dcfd51bb97c4",1,"qwen3_8b_post",0
"80c5626585f94ecaadd7",1,"qwen3_8b_post",0
"0315f9ed848385ccda1e",1,"qwen3_8b_post",0
"cf4674752dcd7799cd07",1,"qwen3_8b_post",0
"65c05aae04f1761bf798",1,"qwen3_8b_post",0
"5ef692bfc07818e48f5f",1,"qwen3_8b_post",0
"afda3eecf278f4ec202c",1,"qwen3_8b_post",0
"3540f5f8ee147c1b041c",1,"qwen3_8b_post",0
"0948266fa22509f3e098",1,"qwen3_8b_post",0
"bf8f7016dd7f12279419",1,"qwen3_8b_post",0
"38fa0bebc2621dc36ba1",1,"qwen3_8b_post",0
"48b1bdd1e7e77dab2a93",1,"qwen3_8b_post",0
"2d78346701b09b55206a",1,"qwen3_8b_post",0
"9c53982091600b8f5816",1,"qwen3_8b_post",0
"15ff56cb04ae57c23b26",1,"qwen3_8b_post",0
"4820c8e765d068719c49",1,"qwen3_8b_post",0
"5a7c0c43d2d733fd89bd",1,"qwen3_8b_post",0
"7c90d379364ee6b46689",1,"qwen3_8b_post",0
"58128916c5c65efb6c0f",1,"qwen3_8b_post",0
"b445f7ec70033cf9926a",1,"qwen3_8b_post",0
"295efab41eb2370d0b17",1,"qwen3_8b_post",0
"0f09337681c3ea2c932d",1,"qwen3_8b_post",0
"6517ae2532987adf4763",1,"qwen3_8b_post",0
"8a38356299c67c5ca88c",1,"qwen3_8b_post",0
"c3d4a489fd17fbeefee9",1,"qwen3_8b_post",0
"f45c9d5a4457429c3700",1,"qwen3_8b_post",0
"3685f045eb9bbd2abe7b",1,"qwen3_8b_post",0
"7805934bc74177e9e2d9",1,"qwen3_8b_post",0
"f7c6a7189554aa6c348f",1,"qwen3_8b_post",0
"f54ef9db46e27e7f2ba8",1,"qwen3_8b_post",0
"8e907040cbe3e727f604",1,"qwen3_8b_post",0
"8e99dbee055516aa37c2",1,"qwen3_8b_post",0
"0757b2babdb22fac841d",1,"qwen3_8b_post",0
"c3c72a638c07b7662b5d",1,"qwen3_8b_post",0
"178cbcb322bc604b2131",1,"qwen3_8b_post",0
"efe9ea601795e194c4fb",1,"qwen3_8b_post",0
"ab9fe7d7caa6bc1394cc",1,"qwen3_8b_post",0
"dcee0066c498ea77f2e7",1,"qwen3_8b_post",0
"239c26bf7e57b9df6cbc",1,"qwen3_8b_post",0
"8f6cb8712220fab4bf73",1,"qwen3_8b_post",0
"5992192bb084fd60ad7b",1,"qwen3_8b_post",0
"aed1571863590d5c878c",1,"qwen3_8b_post",0
"4085dc26d877c576e591",1,"qwen3_8b_post",0
"3db4ca3b31a4b42e549a",1,"qwen3_8b_post",0
"79143bffdd8ffd1dd7b1",1,"qwen3_8b_post",0
"d33e27743917b781ac7e",1,"qwen3_8b_post",0
"ff66917d226d8f4d568f",1,"qwen3_8b_post",0
"b348d4acba7f330e521e",1,"qwen3_8b_post",0
"9b94bf4e16a0b14bfa19",1,"qwen3_8b_post",0
"ab67b2c5322475da36cb",1,"qwen3_8b_post",0
"317042081174f9dc7a17",1,"qwen3_8b_post",0
"b824abe808262135d742",1,"qwen3_8b_post",0
"5404ca2192b5e55c71b5",1,"qwen3_8b_post",0
"2f8a0ba7059640f932ef",1,"qwen3_8b_post",0
"a4eabb16e70269ff52c2",1,"qwen3_8b_post",0
"eda5a85c2a9dd20c7d75",1,"qwen3_8b_post",0
"ec63f62e7046d0f2529a",1,"qwen3_8b_post",0
"6d4d31bd6c258f74cc88",1,"qwen3_8b_post",0
"d96b9bd9c60a042dc7ec",1,"qwen3_8b_post",0
"d166d6cff62bc9630446",1,"qwen3_8b_post",0
"721305326a060b96dc7b",1,"qwen3_8b_post",0
"3f17bc16d083e748df11",1,"qwen3_8b_post",0
"2db583d0d7f0f5ee944b",1,"qwen3_8b_post",0
"21619a9ee813faabf6d5",1,"qwen3_8b_post",0
"557ef78515144182b386",1,"qwen3_8b_post",0
"4026317342e0e4193166",1,"qwen3_8b_post",0
"4131c926f3b162e35c12",1,"qwen3_8b_post",0
"4b24fac489a6ca85f81b",1,"qwen3_8b_post",0
"6785f5b6aa82ab7e37fd",1,"qwen3_8b_post",0
"23f9cc89ad70107f3e14",1,"qwen3_8b_post",0
"a9da6aed6ff2aa023516",1,"qwen3_8b_post",0
"4f3d43ac5ae72257c2c1",1,"qwen3_8b_post",0
"ab3b39de49e2ebbccbe1",1,"qwen3_8b_post",0
"e710964a8789c9a00d7b",1,"qwen3_8b_post",0
"b97c4030a8139ac5be69",1,"qwen3_8b_post",0
"46903b3fb935f8925a6b",1,"qwen3_8b_post",0
"0b0ca0e5fbb6738f7789",1,"qwen3_8b_post",0
"5dd488f62dd7c11f6964",1,"qwen3_8b_post",0
"f91994fd1e2a38d76cd3",1,"qwen3_8b_post",0
"ddd617da1a6a81b40854",1,"qwen3_8b_post",0
"05cf67a9ccffebfb6e78",1,"qwen3_8b_post",0
"6d268d78cdd11261e251",1,"qwen3_8b_post",0
"6c9ad560a4fab7f8672d",1,"qwen3_8b_post",0
"8664bc0992d71a217103",1,"qwen3_8b_post",0
"a6e63cb04d9e9f56c800",1,"qwen3_8b_post",0
"df57fa3100a5222b36cc",1,"qwen3_8b_post",0
"c480343d6829dfb2d7e5",1,"qwen3_8b_post",0
"823629e094496102f7e8",1,"qwen3_8b_post",0
"171d3785caf37720ccb3",1,"qwen3_8b_post",0
"66d43f1bf26aa21e4295",1,"qwen3_8b_post",0
"863b67eb8a536346a9da",1,"qwen3_8b_post",0
"03dcb0afd12ec27a68f6",1,"qwen3_8b_post",0
"0aa525ff597758af3e25",1,"qwen3_8b_post",0
"19c78c7b54ff492d90d3",1,"qwen3_8b_post",0
"6ea51d1ddff3460fd9d2",1,"qwen3_8b_post",0
"70cc69b142ac78263736",1,"qwen3_8b_post",0
"65fcb4272038236901ac",1,"qwen3_8b_post",0
"32a1f522aa9d05d5757a",1,"qwen3_8b_post",0
"8b86bfd54f78f4776524",1,"qwen3_8b_post",0
"1959ade96a719339ca0f",1,"qwen3_8b_post",0
"0000a2c19a86f4da5ff4",1,"qwen3_8b_post",0
"20eea37f399ac780bc33",1,"qwen3_8b_post",0
"1d2e682f237e0828e8b1",1,"qwen3_8b_post",0
"06b1c2c3000d88002fb3",1,"qwen3_8b_post",0
"76dc7e6cebaa36a9f334",1,"qwen3_8b_post",0
"32e47381adc02209a701",1,"qwen3_8b_post",0
"ea2cd4129aafe8ebb2d6",1,"qwen3_8b_post",0
"24b1a9110b722254ddc2",1,"qwen3_8b_post",0
"c211715554259e8dc1c7",1,"qwen3_8b_post",0
"b6e221ba348d0bbf8033",1,"qwen3_8b_post",0
"5ce843f176a030845a7e",1,"qwen3_8b_post",0
"d60b77cd0239250541f7",1,"qwen3_8b_post",0
"3b8ea4d15729d34a0b4b",1,"qwen3_8b_post",0
"2159e2405246d99fcbf2",1,"qwen3_8b_post",0
"2378aa29a31d8b61d7ef",1,"qwen3_8b_post",0
"5f2fc1f305ae14b9c608",1,"qwen3_8b_post",0
"5d1335feda79c6bef3a7",1,"qwen3_8b_post",0
"0ca47bb2fd415fa8383f",1,"qwen3_8b_post",0
"d8d2a02be22ff3f1f6e6",1,"qwen3_8b_post",0
"13c33de9fae693678a9e",1,"qwen3_8b_post",0
"1ab4beb042da289e3877",1,"qwen3_8b_post",0
"71d670181435d056bd18",1,"qwen3_8b_post",0
"e0f38af9c0dada5854e5",1,"qwen3_8b_post",0
"87dbfbba7420db1104b1",1,"qwen3_8b_post",0
"da47fc4771c5df80583d",1,"qwen3_8b_post",0
"5f1e7f2c91e037db26f6",1,"qwen3_8b_post",0
"789b6242ec8cb90ee71e",1,"qwen3_8b_post",0
"730112bcd4f5f57dfc89",1,"qwen3_8b_post",0
"6695b7dfd5a8c3921201",1,"qwen3_8b_post",0
"82b048fdd5b3a5203548",1,"qwen3_8b_post",0
"2ef449646de9f845ce7c",1,"qwen3_8b_post",0
"a803a4813e2220bd31c3",1,"qwen3_8b_post",0
"46281f2a8ff24c4ec029",1,"qwen3_8b_post",0
"10f7dcd62ebb95a989c7",1,"qwen3_8b_post",0
"9123ffb39f2b78de2448",1,"qwen3_8b_post",0
"97d79c17c6d9b18bec97",1,"qwen3_8b_post",0
"db4bebc50fc3c2d3f082",1,"qwen3_8b_post",0
"e9ce1c2df7dded7b252e",1,"qwen3_8b_post",0
"d4503b43be179d84c6bc",1,"qwen3_8b_post",0
"b40ea42b1d8b53a25841",1,"qwen3_8b_post",0
"7df1908ec274b310ff3d",1,"qwen3_8b_post",0
"fc11ddd4831df516a7ad",1,"qwen3_8b_post",0
"a96cbe1ada0ec24e4255",1,"qwen3_8b_post",0
"444bf6abbbe6eb8a7fe7",1,"qwen3_8b_post",0
"a27fc55d7f72deb6671b",1,"qwen3_8b_post",0
"c7fb756e1319f8ab2681",1,"qwen3_8b_post",0
"93c4c66c60ddab49624c",1,"qwen3_8b_post",0
"eba595a4ed4fdc9c40a7",1,"qwen3_8b_post",0
"1f7bb457a48f55e233a5",1,"qwen3_8b_post",0
"c27c572e5efc9c612e3e",1,"qwen3_8b_post",0
"c9d92ea4ef5b445b836f",1,"qwen3_8b_post",0
"df4a53cce6abfacddd9e",1,"qwen3_8b_post",0
"e107af4d7bf53413f0eb",1,"qwen3_8b_post",0
"0e10a5027b63b5ba7c8f",1,"qwen3_8b_post",0
"a613144ab2c412619a8c",1,"qwen3_8b_post",0
"a01584c46c4f45a646c5",1,"qwen3_8b_post",0
"041580f2efffbfebf03b",1,"qwen3_8b_post",0
"0106e2b19d21ced68c72",1,"qwen3_8b_post",0
"5908064881a6d888f705",1,"qwen3_8b_post",0
"24493cdf0c76783703a7",1,"qwen3_8b_post",0
"7e460d207dfd03856d47",1,"qwen3_8b_post",0
"7b4d697b1fdba010a927",1,"qwen3_8b_post",0
"41880b2f7dcf6ebd7501",1,"qwen3_8b_post",0
"26b7b776f175d8c39564",1,"qwen3_8b_post",0
"98552ed160732555e6b9",1,"qwen3_8b_post",0
"8ba25f0c1596b233a903",1,"qwen3_8b_post",0
"28835f6127bf5d26a809",1,"qwen3_8b_post",0
"7c8bbe29f26e9f8ff155",1,"qwen3_8b_post",0
"0f634d67aaf5c7fc01fa",1,"qwen3_8b_post",0
"34d1999a1ca99529d879",1,"qwen3_8b_post",0
"093096315e26462a1589",1,"qwen3_8b_post",0
"2e31c7393bcd23bee9f6",1,"qwen3_8b_post",0
"4368da00b0d893bda4ff",1,"qwen3_8b_post",0
"0b00b833584090b5c8a8",1,"qwen3_8b_post",0
"704fbd81b9834dd43e42",1,"qwen3_8b_post",0
"0be6cf47f4681679fc50",1,"qwen3_8b_post",0
"946be05eb393c653029e",1,"qwen3_8b_post",0
"800b5de815f4cd8d584f",1,"qwen3_8b_post",0
"ecbbfd5a081316be30be",1,"qwen3_8b_post",0
"bdb7e71c8daf0c009761",1,"qwen3_8b_post",0
"ae0b184b338ba32c53cf",1,"qwen3_8b_post",0
"a50e59c98d3dbf44a8b0",1,"qwen3_8b_post",0
"18d7faae0073c93d968c",1,"qwen3_8b_post",0
"1de20a684c0676c7e142",1,"qwen3_8b_post",0
"7ba5ad2f479bdd95c99d",1,"qwen3_8b_post",0
"c74de68d9306f2b5946a",1,"qwen3_8b_post",0
"bb16ec1dc82e2c7228c0",1,"qwen3_8b_post",0
"d36cec38088dc2638aeb",1,"qwen3_8b_post",0
"3dbd6951da7e85821eea",1,"qwen3_8b_post",0
"bc9c848a9529ea65830c",1,"qwen3_8b_post",0
"b45b5e8ca169a6ecf159",1,"qwen3_8b_post",0
"190a725e72e4e179f906",1,"qwen3_8b_post",0
"3e780e154ba5246bba65",1,"qwen3_8b_post",0
"91b6e4f3d35e368ee1c6",1,"qwen3_8b_post",0
"f8524283a88d04b9b738",1,"qwen3_8b_post",0
"421eefb2538b714db89d",1,"qwen3_8b_post",0
"1ae655c123c5d0bd0cfc",1,"qwen3_8b_post",0
"8c001220d0bce71be74a",1,"qwen3_8b_post",0
"eed0826bf9c2ec87afca",1,"qwen3_8b_post",0
"eea46ed4ba9a2a906ece",1,"qwen3_8b_post",0
"28ccd661719a1c9d8a21",1,"qwen3_8b_post",0
"372dac90ccfd8675ef4b",1,"qwen3_8b_post",0
"4c7a79e5e265090a894a",1,"qwen3_8b_post",0
"429e5c54aaedb9ba3b24",1,"qwen3_8b_post",0
"428eb8029ec0696fc3f3",1,"qwen3_8b_post",0
"229d65c735d91548317c",1,"qwen3_8b_post",0
"a24031cbd9ff4f79b950",1,"qwen3_8b_post",0
"d18d6c9750e22243f001",1,"qwen3_8b_post",0
"18df60195fc2e724e610",1,"qwen3_8b_post",0
"33924dfe38478fb0a2cf",1,"qwen3_8b_post",0
"025c7630d66fdbfd5fc8",1,"qwen3_8b_post",0
"e9a95369fcec639df96e",1,"qwen3_8b_post",0
"c68f8ad5ee34ef90043d",1,"qwen3_8b_post",0
"0d671924c4a2e9b81d69",1,"qwen3_8b_post",0
"c6eea2c3a60a85d06978",1,"qwen3_8b_post",0
"8602a842b902957cca6e",1,"qwen3_8b_post",0
"70797352e0b0b9c15a90",1,"qwen3_8b_post",0
"d9fa2304efacb64e9418",1,"qwen3_8b_post",0
"8c764fd256cdd67f2e79",1,"qwen3_8b_post",0
"3fb4cc884d91233a52d3",1,"qwen3_8b_post",0
"1586df5ac248af7ff8e1",1,"qwen3_8b_post",0
"4a114c1a2e29b33934c3",1,"qwen3_8b_post",0
"3d1590471ce6c0028b36",1,"qwen3_8b_post",0
"699097486f685b010cd8",1,"qwen3_8b_post",0
"ee869b91d963bdf6c599",1,"qwen3_8b_post",0
"20968aa57546548b3821",1,"qwen3_8b_post",0
"add6395ce801c0b6b99f",1,"qwen3_8b_post",0
"63623d66ee227d1ade90",1,"qwen3_8b_post",0
"fdb6f864536ae84411f7",1,"qwen3_8b_post",0
"e6b2d43719b72b8d7d97",1,"qwen3_8b_post",0
"11c329e6805dedfb2cdd",1,"qwen3_8b_post",0
"4f85a8bd4e8685d410f9",1,"qwen3_8b_post",0
"ecdc39326aacdfb363a4",1,"qwen3_8b_post",0
"7a66fc0d4bd8f31f655c",1,"qwen3_8b_post",0
"0d5f614e8ee78f4a2a61",1,"qwen3_8b_post",0
"d15142ed50536931a869",1,"qwen3_8b_post",0
"76d8b6d7a11993674cb0",1,"qwen3_8b_post",0
"a795bd35968f5f7908eb",1,"qwen3_8b_post",0
"0588f1ab4f284647e09f",1,"qwen3_8b_post",0
"77776f84ef65908cbd56",1,"qwen3_8b_post",0
"137aa49cf6c1dd3bbe17",1,"qwen3_8b_post",0
"e636b2b919726a8d64d4",1,"qwen3_8b_post",0
"8f563457990caf0645c9",1,"qwen3_8b_post",0
"3f374e47ad37ef960b71",1,"qwen3_8b_post",0
"1aaab0aeb4932abf75ae",1,"qwen3_8b_post",0
"002a45ad9c7413de3270",1,"qwen3_8b_post",0
"b74e5ab6a19597958bf4",1,"qwen3_8b_post",0
"c1e7f6f9012dfbaf1686",1,"qwen3_8b_post",0
"9e5ab776310e3998f3fc",1,"qwen3_8b_post",0
"58ca159c94504ab2b58c",1,"qwen3_8b_post",0
"3fdc28dd5ede61b7124b",1,"qwen3_8b_post",0
"abcc01bfd77db35727ec",1,"qwen3_8b_post",0
"ebae7122264600b51a24",1,"qwen3_8b_post",0
"fa474c20a90470cad144",1,"qwen3_8b_post",0
"b88452cf9e9c3837e208",1,"qwen3_8b_post",0
"a6aa3e77fe6614efca33",1,"qwen3_8b_post",0
"a39d350e2cf6983d12b9",1,"qwen3_8b_post",0
"d6c670e8f2e6e05a6677",1,"qwen3_8b_post",0
"048f9741d182caab8aff",1,"qwen3_8b_post",0
"fc1d66208bd61fca3dd8",1,"qwen3_8b_post",0
"4f0d809837a739a64ed5",1,"qwen3_8b_post",0
"09be0209a4d0cebdbdaf",1,"qwen3_8b_post",0
"1d3af98d807acb300fce",1,"qwen3_8b_post",0
"1447208fac293af7ad7c",1,"qwen3_8b_post",0
"503288b1fb09d317cda7",1,"qwen3_8b_post",0
"3806734da31faf0f42c6",1,"qwen3_8b_post",0
"27bae0a0cf79e6213139",1,"qwen3_8b_post",0
"ba5263c0c32140d53898",1,"qwen3_8b_post",0
"6207168bbe097b83e41e",1,"qwen3_8b_post",0
"dcf87104fdfa4c6787c1",1,"qwen3_8b_post",0
"23974f97dbb68c201345",1,"qwen3_8b_post",0
"aeb583225470e2be88f1",1,"qwen3_8b_post",0
"922d1d0dc0156937885a",1,"qwen3_8b_post",0
"d54c6b6b28a7ae052bbd",1,"qwen3_8b_post",0
"d22564943f539b61b478",1,"qwen3_8b_post",0
"2cdabc2ca9532c4f5a3f",1,"qwen3_8b_post",0
"b087284e18c8b851c2a4",1,"qwen3_8b_post",0
"a73021ed8357b589e3e0",1,"qwen3_8b_post",0
"7fdc8663135d863a01f2",1,"qwen3_8b_post",0
"fa8d60bf24d91eb9f43f",1,"qwen3_8b_post",0
"a3c357a214ef3115db5c",1,"qwen3_8b_post",0
"3bd860f6f93bf8919386",1,"qwen3_8b_post",0
"82feac8c857e79c552e4",1,"qwen3_8b_post",0
"b9a19aead0d20fed56e9",1,"qwen3_8b_post",0
"304fd980b08a30ffede7",1,"qwen3_8b_post",0
"24165f4a21b087517cc3",1,"qwen3_8b_post",0
"bd083fc36dadf8d765e8",1,"qwen3_8b_post",0
"5bb45afa25844a6fab18",1,"qwen3_8b_post",0
"fe4948fdd6863a7eafb0",1,"qwen3_8b_post",0
"05aa9ea5637c0a83d66a",1,"qwen3_8b_post",0
"37dbbc3107fc02c7309c",1,"qwen3_8b_post",0
"a0d0d66dbd06f40ec803",1,"qwen3_8b_post",0
"bd95da600f693d04ca05",1,"qwen3_8b_post",0
"a54c028dbd5148f69703",1,"qwen3_8b_post",0
"66aec79c63ee46dea29f",1,"qwen3_8b_post",0
"04b0480770e58c3857c4",1,"qwen3_8b_post",0
"8e005f9ef096825ac351",1,"qwen3_8b_post",0
"a0a81f6b8fef5d480a23",1,"qwen3_8b_post",0
"8be45b7ebdcdd26e692d",1,"qwen3_8b_post",0
"ac75abc37c02c06607d1",1,"qwen3_8b_post",0
"88389b5ef68e4186de32",1,"qwen3_8b_post",0
"a961204624eedcb3bad1",1,"qwen3_8b_post",0
"a0755e093f21eb852e98",1,"qwen3_8b_post",0
"c008cfbc159a1972fa66",1,"qwen3_8b_post",0
"2eef704101e514dad6a7",1,"qwen3_8b_post",0
"fe67b47bebe133fe6248",1,"qwen3_8b_post",0
"4a8a0aca92594366596a",1,"qwen3_8b_post",0
"e2bb1160b6c091c94e22",1,"qwen3_8b_post",0
"7812038488c66a3ec161",1,"qwen3_8b_post",0
"8a67283bcaa00aee2130",1,"qwen3_8b_post",0
"76867fd76b689df73b2c",1,"qwen3_8b_post",0
"ed9a5c06175a59242de8",1,"qwen3_8b_post",0
"8a493feb3709f226b98b",1,"qwen3_8b_post",0
"c5e714fbe635305cbf50",1,"qwen3_8b_post",0
"a9163e584a04dbe9beaa",1,"qwen3_8b_post",0
"b1382db72c97c1d2a955",1,"qwen3_8b_post",0
"44c631c9f2365cd6af5f",1,"qwen3_8b_post",0
"415268f790571257b4b9",1,"qwen3_8b_post",0
"5c252de14fcc4b72995a",1,"qwen3_8b_post",0
"b24102d5114e624086ae",1,"qwen3_8b_post",0
"298b9395a4e692ebfbc2",1,"qwen3_8b_post",0
"265b1d570e33b84bd07f",1,"qwen3_8b_post",0
"0004549bb58e5fb7bfc3",1,"qwen3_8b_post",0
"2e6d25e6801ee098812f",1,"qwen3_8b_post",0
"6ac9b5c237ab33d50810",1,"qwen3_8b_post",0
"063a68a606b8f4aeee52",1,"qwen3_8b_post",0
"012cd9632cd2e683d1a4",1,"qwen3_8b_post",0
"8c8e109358ee4f292033",1,"qwen3_8b_post",0
"1d5ad5c123485c58104f",1,"qwen3_8b_post",0
"5c1711b6d305fb59ea0d",1,"qwen3_8b_post",0
"3190a9f6605afc40015e",1,"qwen3_8b_post",0
"47cfa3e2ef019a5fed8e",1,"qwen3_8b_post",0
"78c1060c0858eb3a17e9",1,"qwen3_8b_post",0
"1ed8ebeb02175eed30ed",1,"qwen3_8b_post",0
"5507a825972e8250819b",1,"qwen3_8b_post",0
"0a469bc568d710549f70",1,"qwen3_8b_post",0
"0158cfd1f79f18a50e89",1,"qwen3_8b_post",0
"11791b539f1061df67b0",1,"qwen3_8b_post",0
"7e2a6d266ea5211f36c5",1,"qwen3_8b_post",0
"f32cc229bd3da430fdbe",1,"qwen3_8b_post",0
"e5a39b27800141c2311d",1,"qwen3_8b_post",0
"4655df8c7d2f43adb294",1,"qwen3_8b_post",0
"97b9e0b9efae1518d26e",1,"qwen3_8b_post",0
"3a9b66a0aad2afa3a2f0",1,"qwen3_8b_post",0
"c14cdd7cbe25dacce0d7",1,"qwen3_8b_post",0
"b780b4a874803d41f154",1,"qwen3_8b_post",0
"929238917e4d1f22d4d8",1,"qwen3_8b_post",0
"b55774baef462618d004",1,"qwen3_8b_post",0
"b434075ea0a123a3c7d2",1,"qwen3_8b_post",0
"51f1e1244b8029b5d82b",1,"qwen3_8b_post",0
"2828c78b2de93ccd7293",1,"qwen3_8b_post",0
"e2063776b8e26fb76969",1,"qwen3_8b_post",0
"09bd5b12f7dcc58cd122",1,"qwen3_8b_post",0
"df8d101b43bd9f4c190d",1,"qwen3_8b_post",0
"9bc5ce02c4c69578e3f7",1,"qwen3_8b_post",0
"1faf084b1bf9c925d2de",1,"qwen3_8b_post",0
"77335a3cce4d7619066f",1,"qwen3_8b_post",0
"68fb0a90b6b0e3784a2a",1,"qwen3_8b_post",0
"fc6302ccdede554d12ea",1,"qwen3_8b_post",0
"3af6bc663ae1a61c4e0b",1,"qwen3_8b_post",0
"f4b4a447526e8e4550f1",1,"qwen3_8b_post",0
"a85c33d2d6f09fc984ec",1,"qwen3_8b_post",0
"7a1f76f8d1f04ab7514e",1,"qwen3_8b_post",0
"c37b126a004c22017380",1,"qwen3_8b_post",0
"dc289c5d2d6daac5c7ee",1,"qwen3_8b_post",0
"2b26e22483bb35fefee5",1,"qwen3_8b_post",0
"f0e4a6a87840b71c53c3",1,"qwen3_8b_post",0
"fdbaae96590983884d23",1,"qwen3_8b_post",0
"94485c6a8aad1c5376f4",1,"qwen3_8b_post",0
"4415a6f1bc0b04e25453",1,"qwen3_8b_post",0
"7526ed4dc6570cb32d99",1,"qwen3_8b_post",0
"b8aa0ca1b3f6f6a82869",1,"qwen3_8b_post",0
"608e56411fdb29e01e5d",1,"qwen3_8b_post",0
"43fcb05fe067c9dec418",1,"qwen3_8b_post",0
"a5d960633dae509447ef",1,"qwen3_8b_post",0
"d83af76ba0b0cc95a889",1,"qwen3_8b_post",0
"a2dd2d9e36bdc152b33b",1,"qwen3_8b_post",0
"6be1f65169ffcce9d824",1,"qwen3_8b_post",0
"9869b0eff5ab3b03d718",1,"qwen3_8b_post",0
"53e37c1573e0e4f95d38",1,"qwen3_8b_post",0
"9de112e27b5fd537b889",1,"qwen3_8b_post",0
"75e94b4a71a9deeb6fe1",1,"qwen3_8b_post",0
"cb2781c6323aa6425536",1,"qwen3_8b_post",0
"f96bfaf76ade14cb3d4a",1,"qwen3_8b_post",0
"49e23ae16f6bcba7b65e",1,"qwen3_8b_post",0
"54628cbb2bfd81245834",1,"qwen3_8b_post",0
"acd974d9e2b0bcc6d184",1,"qwen3_8b_post",0
"e84a8cda200d27580f01",1,"qwen3_8b_post",0
"37b072ce922e0e9475e5",1,"qwen3_8b_post",0
"9ce393b1c80e5a7d08ac",1,"qwen3_8b_post",0
"cf603502a675bf06cd2b",1,"qwen3_8b_post",0
"3744aa493e9a172ef461",1,"qwen3_8b_post",0
"a5d5a5b07950683b7d9a",1,"qwen3_8b_post",0
"508b6dfaf659aaa13659",1,"qwen3_8b_post",0
"587b1954187799af24d7",1,"qwen3_8b_post",0
"01ec79f28d1e5fe1d3c8",1,"qwen3_8b_post",0
"0382a7aea196ae6ace0f",1,"qwen3_8b_post",0
"5942bcff2a497b064de2",1,"qwen3_8b_post",0
"4b9203df7f0a1be3ec40",1,"qwen3_8b_post",0
"9cf1d2e1be7ac8275e9a",1,"qwen3_8b_post",0
"89c1e91c9660a1ac8c19",1,"qwen3_8b_post",0
"29f545d587d47485bc75",1,"qwen3_8b_post",0
"958454669fe7d9b748b1",1,"qwen3_8b_post",0
"1333ead1af6f322d4af2",1,"qwen3_8b_post",0
"375a8b36adee2c9aeaba",1,"qwen3_8b_post",0
"f4b346f1914debd62079",1,"qwen3_8b_post",0
"55c77277b018a24624c0",1,"qwen3_8b_post",0
"74e4ce531fcaaf6ab407",1,"qwen3_8b_post",0
"0a078a50b750beeed2f2",1,"qwen3_8b_post",0
"89ec312ad250d9343db8",1,"qwen3_8b_post",0
"206c5cc6ab65c9e20454",1,"qwen3_8b_post",0
"336dfa41cc8c5c983b40",1,"qwen3_8b_post",0
"9e96766c6b34967c945e",1,"qwen3_8b_post",0
"29e1dc09bad9a396ecec",1,"qwen3_8b_post",0
"28181c05ec934f8bca61",1,"qwen3_8b_post",0
"08676cf70c48b8b57d0a",1,"qwen3_8b_post",0
"d45cf2ad401047369d7c",1,"qwen3_8b_post",0
"f99a40821ef4aa17c070",1,"qwen3_8b_post",0
"a22f92b203dd7c9d1bc5",1,"qwen3_8b_post",0
"4da9d599e3c98a9cc5e9",1,"qwen3_8b_post",0
"e905110226c2861fe013",1,"qwen3_8b_post",0
"9130377c7e12436d62bf",1,"qwen3_8b_post",0
"c54b065fdff0007f5e7d",1,"qwen3_8b_post",0
"5861bc1374a6674d6595",1,"qwen3_8b_post",0
"2e2c59d99f0fc52a0da1",1,"qwen3_8b_post",0
"d020eeba6332db885a9b",1,"qwen3_8b_post",0
"b64c65bfa0161d0f4130",1,"qwen3_8b_post",0
"7fd4b097fec4bec6baa7",1,"qwen3_8b_post",0
"27baa151578401860e4f",1,"qwen3_8b_post",0
"51854bcdc0ca838beedb",1,"qwen3_8b_post",0
"93ab3ac1465353abcd79",1,"qwen3_8b_post",0
"d4fe0a572a772763a7c4",1,"qwen3_8b_post",0
"5e55a8a0302c3519f37b",1,"qwen3_8b_post",0
"031aa61b2d19aba71886",1,"qwen3_8b_post",0
"49ddfec870994a189270",1,"qwen3_8b_post",0
"009fda925211cf929bcc",1,"qwen3_8b_post",0
"ad71cf5c4289226354e2",1,"qwen3_8b_post",0
"d72f194c82b1f060a9c6",1,"qwen3_8b_post",0
"8f7a9c5ccdb3330d1326",1,"qwen3_8b_post",0
"62cddbc3155139c256f2",1,"qwen3_8b_post",0
"71ad4f79d283f505527f",1,"qwen3_8b_post",0
"282647c04058cfefffb4",1,"qwen3_8b_post",0
"c094f0c3290b1a3fe886",1,"qwen3_8b_post",0
"cf528bb57d6882b5d2cb",1,"qwen3_8b_post",0
"48cbc3852f3adc8c90bc",1,"qwen3_8b_post",0
"9f1f7e2006807a14dada",1,"qwen3_8b_post",0
"ad026b015ebe8dcdf423",1,"qwen3_8b_post",0
"fd842cc051621f333640",1,"qwen3_8b_post",0
"e52ea170dc76eea0f365",1,"qwen3_8b_post",0
"6986ced8f9a40a5da16c",1,"qwen3_8b_post",0
"2e1061940b0e79596e34",1,"qwen3_8b_post",0
"f803f229430f2932b5f8",1,"qwen3_8b_post",0
"6385254db502556c4489",1,"qwen3_8b_post",0
"6daf748434e258959acd",1,"qwen3_8b_post",0
"ae60d1114b836ea43266",1,"qwen3_8b_post",0
"7e9f3b3754c30f8cd3b8",1,"qwen3_8b_post",0
"a4a4df3c03c4f94dc033",1,"qwen3_8b_post",0
"ad9ae8d376fa918ae77b",1,"qwen3_8b_post",0
"9d098aa95a699ffffd6f",1,"qwen3_8b_post",0
"9886ba301655576c2501",1,"qwen3_8b_post",0
"223aab18c684344a558a",1,"qwen3_8b_post",0
"8b1fc402172fc5445d43",1,"qwen3_8b_post",0
"5aa10bc54557d1df4548",1,"qwen3_8b_post",0
"994d65c7a4cba8dad7b2",1,"qwen3_8b_post",0
"013b1006e7e072e28730",1,"qwen3_8b_post",0
"e9d9af6a5d26f9e7e9ce",1,"qwen3_8b_post",0
"1a0a436659eaa63c3c92",1,"qwen3_8b_post",0
"eb7f8f48d6de9e6c84d7",1,"qwen3_8b_post",0
"bd6049d2f1b43143732e",1,"qwen3_8b_post",0
"3e678eb2406cd47ac64d",1,"qwen3_8b_post",0
"2a854fcc5844e1f157ef",1,"qwen3_8b_post",0
"8c652b1733ca8c127888",1,"qwen3_8b_post",0
"14f0d0d5628ae4f81036",1,"qwen3_8b_post",0
"1f6ca9ecb59c40b97d80",1,"qwen3_8b_post",0
"6c6ffe1c16f7719d6433",1,"qwen3_8b_post",0
"1604da6bc2ff966b7035",1,"qwen3_8b_post",0
"d7abdd1d035d86397610",1,"qwen3_8b_post",0
"8ecfc8400dbe654286e1",1,"qwen3_8b_post",0
"39f872bcbbbd8a88b79a",1,"qwen3_8b_post",0
"8e5c1e4ab39a6f26dbe4",1,"qwen3_8b_post",0
"3b11613734f22faf6148",1,"qwen3_8b_post",0
"d2cca583d03751cda5e6",1,"qwen3_8b_post",0
"eea3d6a897c84780998f",1,"qwen3_8b_post",0
"1d99af2a5790de087520",1,"qwen3_8b_post",0
"70656495cc1b1fb1c842",1,"qwen3_8b_post",0
"a6a80ddf236144f71d3b",1,"qwen3_8b_post",0
"fffb1b327571b3ecc288",1,"qwen3_8b_post",0
"412af71b31c93317478c",1,"qwen3_8b_post",0
"a40dd78cc2790bd926e6",1,"qwen3_8b_post",0
"ae230ab3ed6768a0e4ca",1,"qwen3_8b_post",0
"c2c023b4d4e84f77dffe",1,"qwen3_8b_post",0
"04806bdc745991caee52",1,"qwen3_8b_post",0
"cb623f9f8ed4eff07a77",1,"qwen3_8b_post",0
"82ee8e9ac5c302593e34",1,"qwen3_8b_post",0
"e2fa6912a8dcef343c15",1,"qwen3_8b_post",0
"62ddb3fe119c9d1df696",1,"qwen3_8b_post",0
"44998e9490d353369900",1,"qwen3_8b_post",0
"6670f21eebc6c749b9b9",1,"qwen3_8b_post",0
"1f8ef641cb7f8a4bc59f",1,"qwen3_8b_post",0
"f3b80078682af46c6cf0",1,"qwen3_8b_post",0
"9912833d48f13bf89bf6",1,"qwen3_8b_post",0
"d4bf8619c5a945c679fd",1,"qwen3_8b_post",0
"6016ee5c93d34ba42df3",1,"qwen3_8b_post",0
"5d223ddc326cda593968",1,"qwen3_8b_post",0
"07fa44af2f3e7c09788b",1,"qwen3_8b_post",0
"781772a0c35faf393e33",1,"qwen3_8b_post",0
"c45797c0737c6a8d073e",1,"qwen3_8b_post",0
"4fa7bae76729445e91f5",1,"qwen3_8b_post",0
"f7d77bf4dc808f997a87",1,"qwen3_8b_post",0
"db1ba5a111046183d883",1,"qwen3_8b_post",0
"d34d5403f0b2d48a1fb5",1,"qwen3_8b_post",0
"470e3f2a5e4746b5366c",1,"qwen3_8b_post",0
"2d3764d56b79178f42b0",1,"qwen3_8b_post",0
"3de8e1dc1c7035195203",1,"qwen3_8b_post",0
"f2864b9bfdd3e22ea4d3",1,"qwen3_8b_post",0
"e7af7b905dd011536e70",1,"qwen3_8b_post",0
"b4b10c779b5a46edfdd9",1,"qwen3_8b_post",0
"ba1fabb9dded5d55139b",1,"qwen3_8b_post",0
"c3956e82a94283016745",1,"qwen3_8b_post",0
"9c65e16ebf7f48629fc7",1,"qwen3_8b_post",0
"db38db8565f2364212fe",1,"qwen3_8b_post",0
"3a2f96c97b35be3f5524",1,"qwen3_8b_post",0
"769ca9de405fa03760a6",1,"qwen3_8b_post",0
"862d79a64d82b5ca4deb",1,"qwen3_8b_post",0
"362ff395e5003f4703a2",1,"qwen3_8b_post",0
"63f1ce80122ae28551d3",1,"qwen3_8b_post",0
"0e53d4f14d69bca75277",1,"qwen3_8b_post",0
"d80a2ada54e1b4b1ddc4",1,"qwen3_8b_post",0
"7f55b0e6a7c2d77aae75",1,"qwen3_8b_post",0
"057023f932611db0a5f4",1,"qwen3_8b_post",0
"4af50fce99c83c408f38",1,"qwen3_8b_post",0
"fee147292059fcb1279b",1,"qwen3_8b_post",0
"216735b6f149aaf70630",1,"qwen3_8b_post",0
"20c7c367fdcf90ce546a",1,"qwen3_8b_post",0
"bf0276229e261adbcbb4",1,"qwen3_8b_post",0
"223e3d34fdf50999532e",1,"qwen3_8b_post",0
"edfc27855367a8424291",1,"qwen3_8b_post",0
"a927777d8f3c6003022f",1,"qwen3_8b_post",0
"5e614a7942f2884d9a49",1,"qwen3_8b_post",0
"d5a55e96e537020677cb",1,"qwen3_8b_post",0
"79cf23cb616476a71cf3",1,"qwen3_8b_post",0
"595ea2234e2df4b5c0a8",1,"qwen3_8b_post",0
"10ac64ebf63c6d1b828a",1,"qwen3_8b_post",0
"47b1af973860e0ee00a2",1,"qwen3_8b_post",0
"141dc095271b226622a3",1,"qwen3_8b_post",0
"b5d30e68645ea8b528c6",1,"qwen3_8b_post",0
"3bb3ec9f71b158059cf6",1,"qwen3_8b_post",0
"a93234e35dcdb159adf3",1,"qwen3_8b_post",0
"36acfbf77d4c8d37d95a",1,"qwen3_8b_post",0
"36efe3f75f940f666b19",1,"qwen3_8b_post",0
"4d78de2c79d5e57a044d",1,"qwen3_8b_post",0
"c11e3639a419917c271d",1,"qwen3_8b_post",0
"b8caa2e8dbfa6db43ad7",1,"qwen3_8b_post",0
"4b30f10cfa56c671aac3",1,"qwen3_8b_post",0
"c97205da48e575e4f0c7",1,"qwen3_8b_post",0
"a1a4482b6625ef1b3229",1,"qwen3_8b_post",0
"f41e75ce5d6de1081997",1,"qwen3_8b_post",0
"362d73cafd2dc2827028",1,"qwen3_8b_post",0
"e13df8d5dc36e7d839a9",1,"qwen3_8b_post",0
"999a5fa1517f3382e93d",1,"qwen3_8b_post",0
"652e60ed5374ea92b105",1,"qwen3_8b_post",0
"71ddf8af3e502a356c0a",1,"qwen3_8b_post",0
"442c0cdb68cd644aa4de",1,"qwen3_8b_post",0
"ade70802fbf5cb73e386",1,"qwen3_8b_post",0
"76de3f653055cf33b0ea",1,"qwen3_8b_post",0
"6076c58c2044fad55423",1,"qwen3_8b_post",0
"e9b88004406391954995",1,"qwen3_8b_post",0
"1c4e8ff8c7ce0d3d0b3b",1,"qwen3_8b_post",0
"400a364aaa9d7bcae0df",1,"qwen3_8b_post",0
"36a96c01a492adb4391d",1,"qwen3_8b_post",0
"3212a241c74abbd93ac2",1,"qwen3_8b_post",0
"dd804ae567e7f916bdb4",1,"qwen3_8b_post",0
"a2bb1a5280e5c73b9463",1,"qwen3_8b_post",0
"747a5e63f841fc22abc4",1,"qwen3_8b_post",0
"6cb790b2f65fb369a272",1,"qwen3_8b_post",0
"ac963201ae788c4f2fa3",1,"qwen3_8b_post",0
"e5e0330173f05b100f2a",1,"qwen3_8b_post",0
"603c0aff2de5da9a402b",1,"qwen3_8b_post",0
"fc9f282b23854ed41bf0",1,"qwen3_8b_post",0
"d2e893ca7fe1fb05f46c",1,"qwen3_8b_post",0
"614c9c382bad48b54f3a",1,"qwen3_8b_post",0
"c94cdc2108d0b3663054",1,"qwen3_8b_post",0
"dcf1feb1cb38f3ed3525",1,"qwen3_8b_post",0
"722d8bd335225891831c",1,"qwen3_8b_post",0
"159619d0581a175f8387",1,"qwen3_8b_post",0
"6d6ca14de1d13b7d536b",1,"qwen3_8b_post",0
"609852bda993c5198add",1,"qwen3_8b_post",0
"fc0eda4a6526300453e5",1,"qwen3_8b_post",0
"bc3058e658e641bac05a",1,"qwen3_8b_post",0
"3fd7223753e046bff71c",1,"qwen3_8b_post",0
"ffd2db0e38a14a20016f",1,"qwen3_8b_post",0
"9a61d26e50251d0ff0a9",1,"qwen3_8b_post",0
"f5edc2fa56c0debb0699",1,"qwen3_8b_post",0
"1bedb4479d720b509e54",1,"qwen3_8b_post",0
"e1f543eb7eedde9e03e0",1,"qwen3_8b_post",0
"d4329dd8a447d147b8dc",1,"qwen3_8b_post",0
"7cf141c3b7b07cf7bc9b",1,"qwen3_8b_post",0
"9dd7fc01ea29e4e57bf6",1,"qwen3_8b_post",0
"fc17dbbf01e5413feaff",1,"qwen3_8b_post",0
"31a1355d8a2a4f2ccc51",1,"qwen3_8b_post",0
"e2dde441ae96158e0e7e",1,"qwen3_8b_post",0
"b077d17b3e519f4f2ad2",1,"qwen3_8b_post",0
"2143d3f97cf67a613ef8",1,"qwen3_8b_post",0
"8da38de10b2bb72aafb9",1,"qwen3_8b_post",0
"7ee234530fb9615b4b06",1,"qwen3_8b_post",0
"ca0ea66dd930024bc963",1,"qwen3_8b_post",0
"c04d794fd1facf274c91",1,"qwen3_8b_post",0
"96d099e63344faab6265",1,"qwen3_8b_post",0
"e05ccbdee1b8f80fae1f",1,"qwen3_8b_post",0
"a8af8416dd62aec97fcc",1,"qwen3_8b_post",0
"fa10a5067570f114a1f1",1,"qwen3_8b_post",0
"b62b64322913a96f98d7",1,"qwen3_8b_post",0
"1947cf393402fcd9347e",1,"qwen3_8b_post",0
"1e7f928816f7505ed369",1,"qwen3_8b_post",0
"2ea00a3b3f5576685fda",1,"qwen3_8b_post",0
"d0e0882feee67cd65c11",1,"qwen3_8b_post",0
"d22d7f0c892cc05524b1",1,"qwen3_8b_post",0
"c9b01e296ae339b6591a",1,"qwen3_8b_post",0
"13471e950af5f490c22f",1,"qwen3_8b_post",0
"b5a587b53f411fc7b48e",1,"qwen3_8b_post",0
"bc25327b7a37aa4b403d",1,"qwen3_8b_post",0
"544cd907772da4f02359",1,"qwen3_8b_post",0
"bfd14246f285c34fa1d6",1,"qwen3_8b_post",0
"62ba17f0ab623f7689d3",1,"qwen3_8b_post",0
"cf3e8471e36d1dd6b0df",1,"qwen3_8b_post",0
"15cc4e497ebc2cd58143",1,"qwen3_8b_post",0
"ac4a83141875c139fe4f",1,"qwen3_8b_post",0
"b39665314b5aa025a20a",1,"qwen3_8b_post",0
"e7b65f9011fda0e4e479",1,"qwen3_8b_post",0
"2553c75512002430eb75",1,"qwen3_8b_post",0
"91759531d4d28ea420b1",1,"qwen3_8b_post",0
"df9534ef95723f065bfc",1,"qwen3_8b_post",0
"9b259090d88e775e6f5c",1,"qwen3_8b_post",0
"4d75c6313c01c81b2464",1,"qwen3_8b_post",0
"6bc6d48b9cec36bc5fb2",1,"qwen3_8b_post",0
"a2decbbd3060f0697736",1,"qwen3_8b_post",0
"b3994bea39fc72c4fd1c",1,"qwen3_8b_post",0
"b6089ecf3c28dd487eb0",1,"qwen3_8b_post",0
"43e994c7b236e103ca30",1,"qwen3_8b_post",0
"1a3e7976c96c648aa111",1,"qwen3_8b_post",0
"95320eeb447a7a646dbb",1,"qwen3_8b_post",0
"d2f6fab68e9cb9c2a390",1,"qwen3_8b_post",0
"1a5820fcd430b1d96c8a",1,"qwen3_8b_post",0
"dec8f7e150f5ca58c0a2",1,"qwen3_8b_post",0
"7cc858f63ba0e91fc67f",1,"qwen3_8b_post",0
"6b2727f909f5f56c403b",1,"qwen3_8b_post",0
"e9156180697ff04d621a",1,"qwen3_8b_post",0
"440d05ec1720841de7ed",1,"qwen3_8b_post",0
"5f897b920b4ace29e964",1,"qwen3_8b_post",0
"86ddf5d09020df57babb",1,"qwen3_8b_post",0
"95b415e3774dc2a4e38f",1,"qwen3_8b_post",0
"cb87e8ad9d7ffcbd55d6",1,"qwen3_8b_post",0
"b41bf3f00dfd8e8e95ab",1,"qwen3_8b_post",0
"969c29e34451ec3ca2e5",1,"qwen3_8b_post",0
"4729bbd45205cb690b07",1,"qwen3_8b_post",0
"4687bbf7c9353d1c30f2",1,"qwen3_8b_post",0
"510a73ed35ae55a02cbd",1,"qwen3_8b_post",0
"c4afdd0acfcce8881657",1,"qwen3_8b_post",0
"87564dd8c24b81a8fd54",1,"qwen3_8b_post",0
"3389a998edb13dbbd0fd",1,"qwen3_8b_post",0
"33b5edca3ab4d5a8fc3c",1,"qwen3_8b_post",0
"26ba16f71df186065551",1,"qwen3_8b_post",0
"f31c3329171252e99578",1,"qwen3_8b_post",0
"459c625c11e62051a532",1,"qwen3_8b_post",0
"762a5ec3ba3f84d4c7aa",1,"qwen3_8b_post",0
"b913d3609471c050d022",1,"qwen3_8b_post",0
"d054e0c308028e3c9c7f",1,"qwen3_8b_post",0
"73458d81c9781598b2b6",1,"qwen3_8b_post",0
"b9b7c4a72d8abe8ac701",1,"qwen3_8b_post",0
"dfba821e8bc7dbec20c9",1,"qwen3_8b_post",0
"108affe35c07c896f1fc",1,"qwen3_8b_post",0
"aa2731c98bb70a47e6d8",1,"qwen3_8b_post",0
"567b7e069d9d9428ad30",1,"qwen3_8b_post",0
"3ab21678fe27a060f25e",1,"qwen3_8b_post",0
"e2d2a3343279413ceba8",1,"qwen3_8b_post",0
"ee274b81895df5e802e2",1,"qwen3_8b_post",0
"da43015ee1c34ae4828c",1,"qwen3_8b_post",0
"c69fa9a34b6cdc16f6c7",1,"qwen3_8b_post",0
"98b8233d0ca8c6cb5e21",1,"qwen3_8b_post",0
"7e43ab6ed6a03fa0412f",1,"qwen3_8b_post",0
"d9c7514005377a3e38da",1,"qwen3_8b_post",0
"609c0c847951edca7761",1,"qwen3_8b_post",0
"fa48a9a7333b4b604dea",1,"qwen3_8b_post",0
"5aef924e56e38d11af1b",1,"qwen3_8b_post",0
"8afa11dd4d0673658cdb",1,"qwen3_8b_post",0
"cee8ea0762e483294683",1,"qwen3_8b_post",0
"afbc3ee4e223985004d7",1,"qwen3_8b_post",0
"e468855ea027b87bac36",1,"qwen3_8b_post",0
"0b2e0fb5875c5d525dfe",1,"qwen3_8b_post",0
"49d925d98559971c141e",1,"qwen3_8b_post",0
"8c9280fdbc7e0066cb83",1,"qwen3_8b_post",0
"96881f2ea3125b408edc",1,"qwen3_8b_post",0
"550a129e985e34b016ed",1,"qwen3_8b_post",0
"d8bfb14269ab17555757",1,"qwen3_8b_post",0
"cd55de332cbe7261b719",1,"qwen3_8b_post",0
"7ca61df53485fc4b59cd",1,"qwen3_8b_post",0
"f39636eebb2282c9e979",1,"qwen3_8b_post",0
"4ff3cf849cc40a29ab96",1,"qwen3_8b_post",0
"19129a5b3d9e65a83e65",1,"qwen3_8b_post",0
"64367a4e3161fb4cc954",1,"qwen3_8b_post",0
"d3619bbe260cd9823938",1,"qwen3_8b_post",0
"bbd3769c9c57054740b4",1,"qwen3_8b_post",0
"9f968c24b63441366784",1,"qwen3_8b_post",0
"ed4c0d08ef2795a54cd6",1,"qwen3_8b_post",0
"6c72af2da83e7aabfd4a",1,"qwen3_8b_post",0
"85d4d2b91b10631b4cc4",1,"qwen3_8b_post",0
"b15bf9bf5d1d715f69c4",1,"qwen3_8b_post",0
"97a25638ef0c1bbec0f6",1,"qwen3_8b_post",0
"5dd8546a401c8cb089b3",1,"qwen3_8b_post",0
"d63f347b0cd105a32fb5",1,"qwen3_8b_post",0
"2b2cb7413822c5bd1da8",1,"qwen3_8b_post",0
"a22597b5f5db6e2ccdbd",1,"qwen3_8b_post",0
"c79cde4dcdb275b1a459",1,"qwen3_8b_post",0
"b2c9739ff8818040b43f",1,"qwen3_8b_post",0
"f978bd9a3f6473ea8f4f",1,"qwen3_8b_post",0
"8027b55984d1e7641d34",1,"qwen3_8b_post",0
"ff9f0136e6e67e6430b6",1,"qwen3_8b_post",0
"66ff5e83e4fee663b835",1,"qwen3_8b_post",0
"354dfab9b5cd6845c15f",1,"qwen3_8b_post",0
"58ce7386740c61c9612f",1,"qwen3_8b_post",0
"19cdcc060d6929ac1e6f",1,"qwen3_8b_post",0
"d9da805bc383fa1c9e9b",1,"qwen3_8b_post",0
"3223cf72fc46e4cc962f",1,"qwen3_8b_post",0
"60059c5d837524dc4829",1,"qwen3_8b_post",0
"430651ae4fa69521259d",1,"qwen3_8b_post",0
"1ea3dfaa33f3817f539b",1,"qwen3_8b_post",0
"02f4e96bd7999f927a9d",1,"qwen3_8b_post",0
"d46cbb6ab179dd07ea5e",1,"qwen3_8b_post",0
"c9ae93a96194f715196c",1,"qwen3_8b_post",0
"16da5e1a662f3616ed16",1,"qwen3_8b_post",0
"b139d27ec7aa1e5e6bb5",1,"qwen3_8b_post",0
"ea8cb9f67feb4e268ca9",1,"qwen3_8b_post",0
"0e98cbf4e8a809fd85ed",1,"qwen3_8b_post",0
"4b4a1cd26bd7ea80fdc6",1,"qwen3_8b_post",0
"b27c5592eb292354861a",1,"qwen3_8b_post",0
"91039a2a555ce319b48b",1,"qwen3_8b_post",0
"1a358201a0cce97a2e3e",1,"qwen3_8b_post",0
"00d25aa38d324f03212f",1,"qwen3_8b_post",0
"d2836dc15f4ce6222597",1,"qwen3_8b_post",0
"3c9c00afcdedda01ecd3",1,"qwen3_8b_post",0
"8d8836b0695a3f53af23",1,"qwen3_8b_post",0
"532e0ce1f1de9aa05485",1,"qwen3_8b_post",0
"2011e736c46774e97058",1,"qwen3_8b_post",0
"9d198f103462e92a8d9e",1,"qwen3_8b_post",0
"1dc5ad6394b38a17d583",1,"qwen3_8b_post",0
"1a21b742f1625fb9dd73",1,"qwen3_8b_post",0
"23fa0f489ff51b8b0cde",1,"qwen3_8b_post",0
"058a647616076bb3f258",1,"qwen3_8b_post",0
"7763a369cd9b3fa19c20",1,"qwen3_8b_post",0
"2d181d9fd4bb6886f5f4",1,"qwen3_8b_post",0
"0096649cacaa04a454de",1,"qwen3_8b_post",0
"5d5b8a5b6594ae0b844b",1,"qwen3_8b_post",0
"107c68e4bbc426c0b867",1,"qwen3_8b_post",0
"aed95a8a0b8b3fc2f876",1,"qwen3_8b_post",0
"6ba7ab33fc866eacc0ac",1,"qwen3_8b_post",0
"21193564fb735fe496db",1,"qwen3_8b_post",0
"f1e908563a997575828f",1,"qwen3_8b_post",0
"399128b1224d7a8b6c2d",1,"qwen3_8b_post",0
"fc176f96a1db2c47c5aa",1,"qwen3_8b_post",0
"c3e170f1d6240608cfcf",1,"qwen3_8b_post",0
"d177df3539cde5527589",1,"qwen3_8b_post",0
"eabcf3d5dd1fce29ddcb",1,"qwen3_8b_post",0
"6db633e1ca2d1d7695f7",1,"qwen3_8b_post",0
"3113b795d1bd05a1a553",1,"qwen3_8b_post",0
"ca819f03d332ea9accc5",1,"qwen3_8b_post",0
"9a0a2433dbecbafcec4b",1,"qwen3_8b_post",0
"1354d786340fd3f1981e",1,"qwen3_8b_post",0
"378af8beff022f49fb41",1,"qwen3_8b_post",0
"65e20b2626793fa8027f",1,"qwen3_8b_post",0
"eaad646a7eb480d3c014",1,"qwen3_8b_post",0
"1c427f262d375ba56a67",1,"qwen3_8b_post",0
"2d1e8f3131cdf83a8c1b",1,"qwen3_8b_post",0
"7963c745c5829d674c3e",1,"qwen3_8b_post",0
"624b42eff3d130856a4d",1,"qwen3_8b_post",0
"8ffac8903f2845ce8812",1,"qwen3_8b_post",0
"5a9c42e9a4803f74b328",1,"qwen3_8b_post",0
"ec0711382a80b7ca1cac",1,"qwen3_8b_post",0
"f73cf509be86710b2ab3",1,"qwen3_8b_post",0
"a92373d820b910e4ac3a",1,"qwen3_8b_post",0
"a7db2accd6cbdf8f8e66",1,"qwen3_8b_post",0
"22a2fc0943aa5ab2387a",1,"qwen3_8b_post",0
"05a4cc54bec6e2de7f46",1,"qwen3_8b_post",0
"981af4dbac44d1a2cfe9",1,"qwen3_8b_post",0
"d0f41f7abd9ac73659c3",1,"qwen3_8b_post",0
"d7d0dc16af9d3725019f",1,"qwen3_8b_post",0
"bd67d142a588ccab45eb",1,"qwen3_8b_post",0
"820dcea8d3dfe2359aa3",1,"qwen3_8b_post",0
"26246918f99e90661c76",1,"qwen3_8b_post",0
"8c6788e1e458cbb8af47",1,"qwen3_8b_post",0
"f9988c38005a156fb441",1,"qwen3_8b_post",0
"367c4b44e5c30b67f36f",1,"qwen3_8b_post",0
"cf256eb496ac8992556a",1,"qwen3_8b_post",0
"2d7ad59fb731fd0c3120",1,"qwen3_8b_post",0
"30e124a1143ca7f9b347",1,"qwen3_8b_post",0
"aa447b1f0296888f0932",1,"qwen3_8b_post",0
"cc3b6715a018632fd027",1,"qwen3_8b_post",0
"6f6c72d46b7f4671b01a",1,"qwen3_8b_post",0
"fec1b9b97f80d8217d35",1,"qwen3_8b_post",0
"1d5d8f3889bd3c43cb4b",1,"qwen3_8b_post",0
"c1ae49699be99ad4ea0a",1,"qwen3_8b_post",0
"58b51561c8e8f7889252",1,"qwen3_8b_post",0
"35833687ced44d291787",1,"qwen3_8b_post",0
"fed9b2122fe61988c981",1,"qwen3_8b_post",0
"f0c76e2357fb737a78e3",1,"qwen3_8b_post",0
"0c9c9e6c308947bdc383",1,"qwen3_8b_post",0
"f56338891dc11b64ce62",1,"qwen3_8b_post",0
"61fbcd0472a99433cbae",1,"qwen3_8b_post",0
"11b71d0a6e40764a98cb",1,"qwen3_8b_post",0
"4fb9087443662c533ae5",1,"qwen3_8b_post",0
"3078a804121f38a7a103",1,"qwen3_8b_post",0
"51001a2ae713202e8253",1,"qwen3_8b_post",0
"af476b62a921a21b3e2d",1,"qwen3_8b_post",0
"b207812a7aae9a43556c",1,"qwen3_8b_post",0
"9af11959e4b1b0bb1c02",1,"qwen3_8b_post",0
"0ff0b7a75f2bde13b5fb",1,"qwen3_8b_post",0
"7bf58acaa7ed1a0e48f7",1,"qwen3_8b_post",0
"b920673cc627da28810c",1,"qwen3_8b_post",0
"e06dda059468d392afc8",1,"qwen3_8b_post",0
"d6ad411fbe2f685fc08a",1,"qwen3_8b_post",0
"32ceb641e98d9a0706fd",1,"qwen3_8b_post",0
"5a88d18d1f23191cb049",1,"qwen3_8b_post",0
"a7d68f8dc01f1aa80b6a",1,"qwen3_8b_post",0
"4f0f2ad66e2cc2f0477a",1,"qwen3_8b_post",0
"18eff8d77bb0e9c28c75",1,"qwen3_8b_post",0
"1f3b97ec5caf4c7ef81a",1,"qwen3_8b_post",0
"58c8f397af12d4f28c33",1,"qwen3_8b_post",0
"425bc4efabb0115a5fb5",1,"qwen3_8b_post",0
"7fc5f3a0f4feb390bc1d",1,"qwen3_8b_post",0
"d8aa06cb25a6fd1a71a6",1,"qwen3_8b_post",0
"7ab8b847bb68fe0e69bd",1,"qwen3_8b_post",0
"2fbb3e64207e5e20eb2b",1,"qwen3_8b_post",0
"7846299c4c412f25f6fc",1,"qwen3_8b_post",0
"0bb5fd25b4ec39c50a0e",1,"qwen3_8b_post",0
"01a830bc2384706ee9f2",1,"qwen3_8b_post",0
"a83ef6cac4bdcdb84d20",1,"qwen3_8b_post",0
"69a8fc626bcdc5163f64",1,"qwen3_8b_post",0
"eb9e1e729b0ef32c056d",1,"qwen3_8b_post",0
"b3848822285ed2b473f3",1,"qwen3_8b_post",0
"80076d612c3d1456a1fa",1,"qwen3_8b_post",0
"7c75fe20a92aea63fc95",1,"qwen3_8b_post",0
"760b8c4470479fd01c9f",1,"qwen3_8b_post",0
"831e6383b58dc2d063d6",1,"qwen3_8b_post",0
"4e87d5cfc9ce16bc9ac5",1,"qwen3_8b_post",0
"fd88a8a6476a726b7eae",1,"qwen3_8b_post",0
"a8f1f5706b9a2c3e0bf4",1,"qwen3_8b_post",0
"ab05e8317d00cbb5ba9b",1,"qwen3_8b_post",0
"558f459a2d3c060b98d9",1,"qwen3_8b_post",0
"b9a70904e3022a57fc50",1,"qwen3_8b_post",0
"5d73b26d70c440e22328",1,"qwen3_8b_post",0
"794b7893b24d0af5e339",1,"qwen3_8b_post",0
"498f1e88126a9faf3d63",1,"qwen3_8b_post",0
"c70aac777254e2b69911",1,"qwen3_8b_post",0
"86c5411fd3412889a8a7",1,"qwen3_8b_post",0
"0fec8922e214c063aa8e",1,"qwen3_8b_post",0
"5812d1b0af643efbcc50",1,"qwen3_8b_post",0
"aadb19c942711a432595",1,"qwen3_8b_post",0
"10df236d8d0eb7ad99b4",1,"qwen3_8b_post",0
"00bb1114072e0261736f",1,"qwen3_8b_post",0
"cd3447b0f9c542d8e8f0",1,"qwen3_8b_post",0
"fd1e9d1d60a101d8f38d",1,"qwen3_8b_post",0
"a570f9be5ba0741cd1b6",1,"qwen3_8b_post",0
"856824c46bc131d225d7",1,"qwen3_8b_post",0
"ee09ca135ac0a420ef3a",1,"qwen3_8b_post",0
"b422a55a3fbc6d7b0aa0",1,"qwen3_8b_post",0
"a00df0ff9f8b4c9fbdea",1,"qwen3_8b_post",0
"92b5044838ab1cdf2618",1,"qwen3_8b_post",0
"9dd89585fc2a69012a45",1,"qwen3_8b_post",0
"8c217a1eaf63ef7e7c75",1,"qwen3_8b_post",0
"376daf5568972779f419",1,"qwen3_8b_post",0
"6ddb95d29e31ef8234ce",1,"qwen3_8b_post",0
"0ad636b3c69cfded295d",1,"qwen3_8b_post",0
"72fba2a3ac736162d870",1,"qwen3_8b_post",0
"916c2bbb160e3c40fa9d",1,"qwen3_8b_post",0
"6108b78ae9a951d7ebb3",1,"qwen3_8b_post",0
"90e6c74cd7e2aadbf74e",1,"qwen3_8b_post",0
"5e458d16676707bc9184",1,"qwen3_8b_post",0
"f2915b69d5b5319a956e",1,"qwen3_8b_post",0
"a557d7be267cf947c7b7",1,"qwen3_8b_post",0
"a72c305a7a1d2ae1d694",1,"qwen3_8b_post",0
"34f26f7e153e7ed3ded4",1,"qwen3_8b_post",0
"fa3cddd9670d87a5b4d3",1,"qwen3_8b_post",0
"0ac46d1512e5b25e1bbc",1,"qwen3_8b_post",0
"fc00234f1cb69c3f0a83",1,"qwen3_8b_post",0
"a5d5b4767382f7e8307d",1,"qwen3_8b_post",0
"65391c2d37f6f7bbd4b3",1,"qwen3_8b_post",0
"74bde28837df14f1978e",1,"qwen3_8b_post",0
"b84ee1440bec247b92dd",1,"qwen3_8b_post",0
"7292d6047ee8b9bd8490",1,"qwen3_8b_post",0
"6b7ecf8238a0e708ffb4",1,"qwen3_8b_post",0
"78f6a9f96ad6c3457efb",1,"qwen3_8b_post",0
"746f3942e4c8ec35dc33",1,"qwen3_8b_post",0
"080c03b2c4e774a7e355",1,"qwen3_8b_post",0
"6b11820bf6c0eeaf7f55",1,"qwen3_8b_post",0
"24e8ff7e0cb956c20e32",1,"qwen3_8b_post",0
"c7b6194f503d573b66a5",1,"qwen3_8b_post",0
"166a31fb51385bfce36c",1,"qwen3_8b_post",0
"7deba8664572e462e13c",1,"qwen3_8b_post",0
"51f0f773e1ce3072bb9a",1,"qwen3_8b_post",0
"d816f8c4ca64658837c4",1,"qwen3_8b_post",0
"39c568d536cd8cdfe94c",1,"qwen3_8b_post",0
"e21916fbcd0091863fef",1,"qwen3_8b_post",0
"b233e1dc3badbf9896f7",1,"qwen3_8b_post",0
"65d251a101be7ec7e4f5",1,"qwen3_8b_post",0
"8e013b9915dfef45cfd5",1,"qwen3_8b_post",0
"78deccb448edce8d60c9",1,"qwen3_8b_post",0
"c59d4574c6ec26e51102",1,"qwen3_8b_post",0
"1d8cd73ec0a10d1b334b",1,"qwen3_8b_post",0
"d780b418c65295cc6aeb",1,"qwen3_8b_post",0
"43ef51d5368d1be41194",1,"qwen3_8b_post",0
"c4d8a1291ae96a96a55d",1,"qwen3_8b_post",0
"6360ae428adfb442fc54",1,"qwen3_8b_post",0
"a6d1bb597f8aa198e93b",1,"qwen3_8b_post",0
"dabd3b0edd2505a0b587",1,"qwen3_8b_post",0
"9dcbff374141c91ea66a",1,"qwen3_8b_post",0
"aaa1d106663b194f2b17",1,"qwen3_8b_post",0
"059194a41652057db52d",1,"qwen3_8b_post",0
"96706350b48093997ea5",1,"qwen3_8b_post",0
"371e7cab1488dd3ac8e8",1,"qwen3_8b_post",0
"0eff9c4c7d40f8333d60",1,"qwen3_8b_post",0
"ac83b8239e08fa71ed46",1,"qwen3_8b_post",0
"5cb9caf33779036839c7",1,"qwen3_8b_post",0
"f60f59778c7b03f978a3",1,"qwen3_8b_post",0
"61be4bc601381a2c245a",1,"qwen3_8b_post",0
"d36826ee8c47666c3fe9",1,"qwen3_8b_post",0
"befbde2e02b3281da326",1,"qwen3_8b_post",0
"a9c446a1c58cd6e82c7a",1,"qwen3_8b_post",0
"e76903c642b061228003",1,"qwen3_8b_post",0
"18981941afe268c53de6",1,"qwen3_8b_post",0
"473eb6957f8c97d324b2",1,"qwen3_8b_post",0
"d0e4c6cddb3369760c3c",1,"qwen3_8b_post",0
"9bdd473cdd24f0e12bc4",1,"qwen3_8b_post",0
"43cd07fe3f177124c89a",1,"qwen3_8b_post",0
"4dd9da10db5b6bebf1e8",1,"qwen3_8b_post",0
"a4d66e217ab9ea68945a",1,"qwen3_8b_post",0
"f5dbebe31838ce57f388",1,"qwen3_8b_post",0
"1cc6761d72f3912fd433",1,"qwen3_8b_post",0
"d874fdacc2c8320ce373",1,"qwen3_8b_post",0
"635930fc6d9680547e68",1,"qwen3_8b_post",0
"09cc11be5bf1145d9321",1,"qwen3_8b_post",0
"96cf5352ce315d7b5678",1,"qwen3_8b_post",0
"da91fc5bdf90dd137817",1,"qwen3_8b_post",0
"000747a995de52a71f13",1,"qwen3_8b_post",0
"8334b14321b3a23b0f70",1,"qwen3_8b_post",0
"67482b8c8f46061e40b0",1,"qwen3_8b_post",0
"2bec53d76e4af4bc9fbc",1,"qwen3_8b_post",0
"12105002c5b6c36b3ff0",1,"qwen3_8b_post",0
"425ed06ff603dc6a9189",1,"qwen3_8b_post",0
"19fff82bf164e147b3c4",1,"qwen3_8b_post",0
"f7b2cd53a6dc89dcc586",1,"qwen3_8b_post",0
"b3b9b66a609ada9f26aa",1,"qwen3_8b_post",0
"a61b96d87ec9cf4f27cf",1,"qwen3_8b_post",0
"5067596612d3f5acf70b",1,"qwen3_8b_post",0
"29b2119d7938f7c0b52c",1,"qwen3_8b_post",0
"10bd39cf0ab344865f38",1,"qwen3_8b_post",0
"2233758f9abe95db9e82",1,"qwen3_8b_post",0
"918271d03f5c84b3fd44",1,"qwen3_8b_post",0
"58715406129f1291bf03",1,"qwen3_8b_post",0
"0734478175f9482bfcce",1,"qwen3_8b_post",0
"a72d223b20193d4d52c7",1,"qwen3_8b_post",0
"8bd6d2146d54efad4656",1,"qwen3_8b_post",0
"dd8994d47de8236e35f3",1,"qwen3_8b_post",0
"1c221cac5ceb3e8abcfb",1,"qwen3_8b_post",0
"d57725b6b2a49ceabdad",1,"qwen3_8b_post",0
"624cdbbecdfea228db09",1,"qwen3_8b_post",0
"0da982234d36d2067bf2",1,"qwen3_8b_post",0
"5770b5fb7ef2eead7993",1,"qwen3_8b_post",0
"097a878f14404fd1a3b3",1,"qwen3_8b_post",0
"6dbc052c953750c61555",1,"qwen3_8b_post",0
"39f66e91298ab6cc5422",1,"qwen3_8b_post",0
"1304eea62676ef0c62aa",1,"qwen3_8b_post",0
"53b102c0472ffd2ab80d",1,"qwen3_8b_post",0
"d49f7ee5a937b8f9fa80",1,"qwen3_8b_post",0
"93e210626a28da2a5435",1,"qwen3_8b_post",0
"6be90bab5acf33717ec1",1,"qwen3_8b_post",0
"2494a83e5c13f1cacb9f",1,"qwen3_8b_post",0
"1d227e2ec6e5efbeeb88",1,"qwen3_8b_post",0
"dc5e28460be0be552c16",1,"qwen3_8b_post",0
"8cebdb36a8ed8525d2e8",1,"qwen3_8b_post",0
"7b934823f26ca6cbe2e5",1,"qwen3_8b_post",0
"d7ab40a0d94040acafa1",1,"qwen3_8b_post",0
"766df4edab795c223d6d",1,"qwen3_8b_post",0
"c137893557a06c4c2be4",1,"qwen3_8b_post",0
"da76b6af975977e7e8a4",1,"qwen3_8b_post",0
"3e0997032055434801c3",1,"qwen3_8b_post",0
"8edb83d950456a13de2d",1,"qwen3_8b_post",0
"83ccdf4c1aa064113f8c",1,"qwen3_8b_post",0
"9e6ab43f39b32d21c6d8",1,"qwen3_8b_post",0
"a8fea112cc7d1e22f352",1,"qwen3_8b_post",0
"d96024a12acb8caa92ce",1,"qwen3_8b_post",0
"f5b788546476bfe3e079",1,"qwen3_8b_post",0
"a07151f0a1658527af4f",1,"qwen3_8b_post",0
"ea63eff067286f061457",1,"qwen3_8b_post",0
"2595fec2e726ef78cfce",1,"qwen3_8b_post",0
"a5acf027492b0401219b",1,"qwen3_8b_post",0
"bb50d2c5f1e06b3c686d",1,"qwen3_8b_post",0
"8d36e0dff08949ab73a4",1,"qwen3_8b_post",0
"0e2ba0c043952bf4fdad",1,"qwen3_8b_post",0
"65d36520fbb3c6481c87",1,"qwen3_8b_post",0
"60e70920ebc06bb93fcf",1,"qwen3_8b_post",0
"b5d0febbfbc02139a455",1,"qwen3_8b_post",0
"1a090cb9f1702c6261ca",1,"qwen3_8b_post",0
"277a8c1b3206a3b7a5d7",1,"qwen3_8b_post",0
"efe681da7e1dd527680b",1,"qwen3_8b_post",0
"1412f1f27d259c4dff3d",1,"qwen3_8b_post",0
"6793c94e6cf6f6ff54ff",1,"qwen3_8b_post",0
"3670f96cdcaea50e3ee0",1,"qwen3_8b_post",0
"80449e1e309c6c7f3331",1,"qwen3_8b_post",0
"b3fcb310e1bc3b2d1e78",1,"qwen3_8b_post",0
"cc7eddc6da9987d42333",1,"qwen3_8b_post",0
"42ca9adbda5ffcac5f7f",1,"qwen3_8b_post",0
"1165b0dff6aafddf9ccb",1,"qwen3_8b_post",0
"935948c26242a850c0d7",1,"qwen3_8b_post",0
"00ffb9507376a5395599",1,"qwen3_8b_post",0
"fd3429e9b88ba3a0e983",1,"qwen3_8b_post",0
"dd7f5556f463a7982a19",1,"qwen3_8b_post",0
"b5318de681d12a978afb",1,"qwen3_8b_post",0
"b00447b8193a11b7f9bb",1,"qwen3_8b_post",0
"6d7f8c5a0460254121d3",1,"qwen3_8b_post",0
"35d299a4a392586e4d43",1,"qwen3_8b_post",0
"ddf60a5e1b386441120b",1,"qwen3_8b_post",0
"8a18b2835b40f7779bae",1,"qwen3_8b_post",0
"30de092ada23143d5b4b",1,"qwen3_8b_post",0
"b9b29527bdb9879e0b10",1,"qwen3_8b_post",0
"481ca3fd911af5287ea1",1,"qwen3_8b_post",0
"2d692723b4f121d96dbe",1,"qwen3_8b_post",0
"de8e7a279d03559bc2c2",1,"qwen3_8b_post",0
"9d0189bb5671a23cec02",1,"qwen3_8b_post",0
"eae91be88fdfcb0c28cb",1,"qwen3_8b_post",0
"afe82a086422d8db1c93",1,"qwen3_8b_post",0
"f963f9bfa736c0e339b1",1,"qwen3_8b_post",0
"ca58d4a81704bce7078c",1,"qwen3_8b_post",0
"0b47b8103976fea634f7",1,"qwen3_8b_post",0
"518fabb074ef22b4726e",1,"qwen3_8b_post",0
"980ce9c16991d7149a6b",1,"qwen3_8b_post",0
"8f44af04643911652e7a",1,"qwen3_8b_post",0
"fd9890039cbd765a1c21",1,"qwen3_8b_post",0
"6b766c9b7e2b0cebffd4",1,"qwen3_8b_post",0
"2c4b97ce734fce8443ec",1,"qwen3_8b_post",0
"97fa5b10a2d916eff5ae",1,"qwen3_8b_post",0
"484119e6f4e755363a46",1,"qwen3_8b_post",0
"6354ad6a991b95736b50",1,"qwen3_8b_post",0
"c8bb92ee9f15d0ee95ab",1,"qwen3_8b_post",0
"a3a34375a83a73e96ae9",1,"qwen3_8b_post",0
"a4d04894b7709184c846",1,"qwen3_8b_post",0
"207db107dd5bceeef352",1,"qwen3_8b_post",0
"20543ee9aa1680005b42",1,"qwen3_8b_post",0
"9dcc15e276a3573c9adf",1,"qwen3_8b_post",0
"099eff80d5ad9d9f9bb7",1,"qwen3_8b_post",0
"fb63f3656089660088ba",1,"qwen3_8b_post",0
"4542160133b90fbc03c3",1,"qwen3_8b_post",0
"e81ef7ff7fe45eec7e71",1,"qwen3_8b_post",0
"3b14fd0a1f192adcad53",1,"qwen3_8b_post",0
"cdf4548beef6923085dd",1,"qwen3_8b_post",0
"dfe2b188beb245d52038",1,"qwen3_8b_post",0
"eac6394e17af07a2c24c",1,"qwen3_8b_post",0
"7f85deb79fbbf86897d1",1,"qwen3_8b_post",0
"b8a33a1974d808fa8d9b",1,"qwen3_8b_post",0
"40697bc901df91ef98b3",1,"qwen3_8b_post",0
"c2cf82c3cd3af014d576",1,"qwen3_8b_post",0
"53db68e5f6391becc2b5",1,"qwen3_8b_post",0
"904c719f715312f90b5d",1,"qwen3_8b_post",0
"284b0f93f2f4c9e85bd1",1,"qwen3_8b_post",0
"e94d8191860233b4de6d",1,"qwen3_8b_post",0
"20a23026a428ff00862d",1,"qwen3_8b_post",0
"ff2870b97b9c9c22828d",1,"qwen3_8b_post",0
"d188435a6c0d9ecb217a",1,"qwen3_8b_post",0
"3a980dec5aecfcf3c280",1,"qwen3_8b_post",0
"4e1cbe7809b67ccc823e",1,"qwen3_8b_post",0
"a529d8eab3822ad6061f",1,"qwen3_8b_post",0
"ee27203c86ae7f79f569",1,"qwen3_8b_post",0
"def0d7619faecb533fd6",1,"qwen3_8b_post",0
"4a183da1d2ac2da8c7f2",1,"qwen3_8b_post",0
"ba194f1fc9a229cc736a",1,"qwen3_8b_post",0
"52177fb762373b31bd04",1,"qwen3_8b_post",0
"e343062d57b3aa173a31",1,"qwen3_8b_post",0
"64eccab52159b1f2c028",1,"qwen3_8b_post",0
"3f9c1b08d3eea33f942b",1,"qwen3_8b_post",0
"6ebd5d51fbc47f284614",1,"qwen3_8b_post",0
"ad1efce5c337e9d72139",1,"qwen3_8b_post",0
"904490dc61fb485a4adc",1,"qwen3_8b_post",0
"38d717dcb61917eef63d",1,"qwen3_8b_post",0
"351d135841fbb74d7e37",1,"qwen3_8b_post",0
"e5e0c1921e69b2a2e139",1,"qwen3_8b_post",0
"f651707636e9f0251079",1,"qwen3_8b_post",0
"ccd4d6e3790e90894f02",1,"qwen3_8b_post",0
"3c53970fce832d135428",1,"qwen3_8b_post",0
"e60010dba5a4d39ab77d",1,"qwen3_8b_post",0
"2ccf926f5845c4c2cfdb",1,"qwen3_8b_post",0
"33bc89eac196d8b57e97",1,"qwen3_8b_post",0
"a05e76f558d8aa8530dc",1,"qwen3_8b_post",0
"414d2b4226deda0ecaf9",1,"qwen3_8b_post",0
"d133f9d9e44dda8fbc29",1,"qwen3_8b_post",0
"a1c54135bdd2471eadd6",1,"qwen3_8b_post",0
"5f860290a10b2dd45803",1,"qwen3_8b_post",0
"1795a603eccf96f7dbd7",1,"qwen3_8b_post",0
"2958c51e842f64c2e9e7",1,"qwen3_8b_post",0
"6a1ecb65c669c35a18bc",1,"qwen3_8b_post",0
"102adace550f2f7fed87",1,"qwen3_8b_post",0
"84075ea49515a9d30719",1,"qwen3_8b_post",0
"9c260e55e0a49f82656f",1,"qwen3_8b_post",0
"f261b80b92d7cac356df",1,"qwen3_8b_post",0
"c4863ed3da6c6705b338",1,"qwen3_8b_post",0
"bdac42da1f5715af271a",1,"qwen3_8b_post",0
"260cb0c919cbe358e1c8",1,"qwen3_8b_post",0
"5f0588d9d293cd386096",1,"qwen3_8b_post",0
"ee2a62da89f511b7fdb5",1,"qwen3_8b_post",0
"d994286f6d3e4fe9a230",1,"qwen3_8b_post",0
"d19d0878e4f1b191193c",1,"qwen3_8b_post",0
"974b07e78944fd848215",1,"qwen3_8b_post",0
"031901e6fbd222d6bda5",1,"qwen3_8b_post",0
"0f65fb613e6d44b98c7d",1,"qwen3_8b_post",0
"3afd8969362c98c84d7e",1,"qwen3_8b_post",0
"f6701a1efdd8f1977894",1,"qwen3_8b_post",0
"2e2c73b7491a46616211",1,"qwen3_8b_post",0
"9953725772550911ffb6",1,"qwen3_8b_post",0
"772244ed895cdffacb98",1,"qwen3_8b_post",0
"235634cc58f41791a756",1,"qwen3_8b_post",0
"09347d54d6f363cbe1fe",1,"qwen3_8b_post",0
"424066afecbc2c51efbe",1,"qwen3_8b_post",0
"9a5bcf4bcf59fa262997",1,"qwen3_8b_post",0
"5493997618f5a9f273bd",1,"qwen3_8b_post",0
"4d5256698a1282b0c46f",1,"qwen3_8b_post",0
"972b333adacb31046e1e",1,"qwen3_8b_post",0
"8616579879701f9bb367",1,"qwen3_8b_post",0
"f2d295ccca20efbae973",1,"qwen3_8b_post",0
"6886a4c84f346c07b046",1,"qwen3_8b_post",0
"a20b90dab7a41a2e31af",1,"qwen3_8b_post",0
"68687815f0e47315ce65",1,"qwen3_8b_post",0
"5776547e30dcc636a78e",1,"qwen3_8b_post",0
"db68ff6746296d8dab22",1,"qwen3_8b_post",0
"8f1b45b3b0182f421a82",1,"qwen3_8b_post",0
"7e83b2e056d1b21f5095",1,"qwen3_8b_post",0
"c674ff013cfc0833e044",1,"qwen3_8b_post",0
"40591beec12091b4b6a5",1,"qwen3_8b_post",0
"0c0aa7bf3c5013d5e601",1,"qwen3_8b_post",0
"5e63d8b994e238f80986",1,"qwen3_8b_post",0
"4068df05e0a6bfe0ef68",1,"qwen3_8b_post",0
"28775232ba1d168d5fd5",1,"qwen3_8b_post",0
"95b27cbf4847622dfeb1",1,"qwen3_8b_post",0
"7225e80bd02c16e85409",1,"qwen3_8b_post",0
"4ba36b402c4150a561b3",1,"qwen3_8b_post",0
"fe1a847a2e94756ff617",1,"qwen3_8b_post",0
"1bc4ef787188a30c4906",1,"qwen3_8b_post",0
"ca394f637a89c6e59bb9",1,"qwen3_8b_post",0
"af0a8ca8f75b93aaec89",1,"qwen3_8b_post",0
"f460ac1e1fd09b8d26ed",1,"qwen3_8b_post",0
"c40022683758356c809e",1,"qwen3_8b_post",0
"b8239c06f8a2e0fb5ad2",1,"qwen3_8b_post",0
"7bbf1e185bd8439d3a19",1,"qwen3_8b_post",0
"4d6aac71f13705d61972",1,"qwen3_8b_post",0
"88b47029194309739e6e",1,"qwen3_8b_post",0
"c9916e93f66cf48e6c28",1,"qwen3_8b_post",0
"1e0c187eb91e2956fc65",1,"qwen3_8b_post",0
"a16b92df7b22be9a8cec",1,"qwen3_8b_post",0
"30f5cc9c79e7faee5a7e",1,"qwen3_8b_post",0
"5eacc652ee0ed1372272",1,"qwen3_8b_post",0
"f2da6338fb5ceb0a9141",1,"qwen3_8b_post",0
"59889ab3da4800266986",1,"qwen3_8b_post",0
"3a2c2d303c935c769072",1,"qwen3_8b_post",0
"997a5155dfc6bbcdfd0b",1,"qwen3_8b_post",0
"6c9a026ecf7aefdc5ab9",1,"qwen3_8b_post",0
"d1ff2758ec486e0135f8",1,"qwen3_8b_post",0
"fbdb6b946440171a9da8",1,"qwen3_8b_post",0
"a3ed1395592d60454129",1,"qwen3_8b_post",0
"a34e063090b03cb40ad7",1,"qwen3_8b_post",0
"d2f26c741f85f818f498",1,"qwen3_8b_post",0
"f18b72a54936b2f971b8",1,"qwen3_8b_post",0
"a1688ef65bb885f8253d",1,"qwen3_8b_post",0
"9f8b1c6a39042e70f27b",1,"qwen3_8b_post",0
"d11985cec5440ea90eaa",1,"qwen3_8b_post",0
"7920a24bb55804d1fa7d",1,"qwen3_8b_post",0
"50bb6f989747bbac9c1c",1,"qwen3_8b_post",0
"ad6e1dbc5612db39350f",1,"qwen3_8b_post",0
"9edf5c1ccd8606fbc84e",1,"qwen3_8b_post",0
"205ab3b503a26cfffc11",1,"qwen3_8b_post",0
"aa96b121504d0db5409f",1,"qwen3_8b_post",0
"69acd962fece77f28bf0",1,"qwen3_8b_post",0
"e424f9fbe50428f5345c",1,"qwen3_8b_post",0
"fcc8d8614c9ab481e077",1,"qwen3_8b_post",0
"ea396776bfc2fa61ab67",1,"qwen3_8b_post",0
"c1e51a0215cc6339fba3",1,"qwen3_8b_post",0
"d1fb383249bf5d261d89",1,"qwen3_8b_post",0
"a6edcb57c351626cf0b8",1,"qwen3_8b_post",0
"cb22b4eb3daf3615c64a",1,"qwen3_8b_post",0
"11a0e982ec708177af2d",1,"qwen3_8b_post",0
"844ae136cb6055943e21",1,"qwen3_8b_post",0
"7ecca4d2f574a6cd1a70",1,"qwen3_8b_post",0
"36dade5547cdc0563628",1,"qwen3_8b_post",0
"a5b2e0ffa6d007d82b3e",1,"qwen3_8b_post",0
"1848ca8bd53ca38ddc8a",1,"qwen3_8b_post",0
"5c4b27c4a9382194e513",1,"qwen3_8b_post",0
"43026be54f6e873e483f",1,"qwen3_8b_post",0
"4c8603346a4d541a8084",1,"qwen3_8b_post",0
"23fafa7e67b5cf4178da",1,"qwen3_8b_post",0
"5ce01b0951ea31a82917",1,"qwen3_8b_post",0
"087faa7bd4dd162d9fd0",1,"qwen3_8b_post",0
"2fda9b6f076dda19e5fe",1,"qwen3_8b_post",0
"afeaf24c16ddc71246e8",1,"qwen3_8b_post",0
"67c286d9e872c8895e39",1,"qwen3_8b_post",0
"36961393abd454297212",1,"qwen3_8b_post",0
"cb6434c554534adcca27",1,"qwen3_8b_post",0
"04c58ed82c2356ecf051",1,"qwen3_8b_post",0
"15127f40b01fe89a89ac",1,"qwen3_8b_post",0
"b4c18d3c997a3d4bae7a",1,"qwen3_8b_post",0
"9086a9ab6dc2581e97ff",1,"qwen3_8b_post",0
"e85af9ad500e26926564",1,"qwen3_8b_post",0
"be2ee7a3cd50f49433e5",1,"qwen3_8b_post",0
"b6f144013c48c305edc4",1,"qwen3_8b_post",0
"2e1a0c4e81ce62fc1a19",1,"qwen3_8b_post",0
"06269dbcc594d2e4a8c1",1,"qwen3_8b_post",0
"f298265fa4d58a89c15c",1,"qwen3_8b_post",0
"a035a54dd15d2f053e40",1,"qwen3_8b_post",0
"d092f12e29425f8c92bc",1,"qwen3_8b_post",0
"5758ce482e545f33d996",1,"qwen3_8b_post",0
"7d27ce3e2efddf3c08bd",1,"qwen3_8b_post",0
"60b8af1bd2430619b4cb",1,"qwen3_8b_post",0
"6f436959c169cd506cd5",1,"qwen3_8b_post",0
"d102692370c3896941ae",1,"qwen3_8b_post",0
"9cd3d39d63619aba1883",1,"qwen3_8b_post",0
"aa14069a1adcf24270ef",1,"qwen3_8b_post",0
"b9add74257b0adf10bb6",1,"qwen3_8b_post",0
"982640347a7c9c3c3c4a",1,"qwen3_8b_post",0
"b5d6632ba282a3540ce3",1,"qwen3_8b_post",0
"fe36fe00cd062a3f7f13",1,"qwen3_8b_post",0
"ba1d0cc78695eba7df82",1,"qwen3_8b_post",0
"812c1d89ee770543f4cc",1,"qwen3_8b_post",0
"9fdc9ca6a47463ef1a1d",1,"qwen3_8b_post",0
"c06ba44ba8b390f7e40f",1,"qwen3_8b_post",0
"53ae89a79dfcddd19e91",1,"qwen3_8b_post",0
"5dacd1272bc46ed138e0",1,"qwen3_8b_post",0
"d1b86629b13e5ba83182",1,"qwen3_8b_post",0
"d0483d08c0fc853e14b9",1,"qwen3_8b_post",0
"115bf7d94bc026367340",1,"qwen3_8b_post",0
"9de4a46a12295e165ed9",1,"qwen3_8b_post",0
"31365115ff4022c2ea97",1,"qwen3_8b_post",0
"7ce0067a3650edffe30b",1,"qwen3_8b_post",0
"5721759a894c93d894ad",1,"qwen3_8b_post",0
"8f4e0bb11487fd02e3ea",1,"qwen3_8b_post",0
"6c4dc7b1900fc7259e1b",1,"qwen3_8b_post",0
"a8c6b49328f0a0386a43",1,"qwen3_8b_post",0
"f8c0edb066f2921454e7",1,"qwen3_8b_post",0
"b09383233c944c69fd84",1,"qwen3_8b_post",0
"7d36c5ce0467e0b20884",1,"qwen3_8b_post",0
"d6cd681d580a07636c05",1,"qwen3_8b_post",0
"5d86530faa3ddbb4a364",1,"qwen3_8b_post",0
"b861288dc3c2fd783e5b",1,"qwen3_8b_post",0
"42205868595726fa097e",1,"qwen3_8b_post",0
"07599a0695791b6bb281",1,"qwen3_8b_post",0
"e5b7d8331e588db5b742",1,"qwen3_8b_post",0
"94da00966e3f3679709f",1,"qwen3_8b_post",0
"072c8b2246365de43c64",1,"qwen3_8b_post",0
"af8d51a28fe961e30f77",1,"qwen3_8b_post",0
"aa4ebb55672c0f66dad4",1,"qwen3_8b_post",0
"2f1ae8127cee74704d83",1,"qwen3_8b_post",0
"a848509c88b6ba1e545b",1,"qwen3_8b_post",0
"6cbef1ebbd08cc85c303",1,"qwen3_8b_post",0
"6a46b2472aae9694b506",1,"qwen3_8b_post",0
"ac07926504ec353ee260",1,"qwen3_8b_post",0
"0c49915a346296945d38",1,"qwen3_8b_post",0
"a3e82d9dcd91719c7f69",1,"qwen3_8b_post",0
"eaa48eec4bf96dc92887",1,"qwen3_8b_post",0
"adb417b282954bd2dccd",1,"qwen3_8b_post",0
"1da2c237f54b093f8240",1,"qwen3_8b_post",0
"dd0e361705bb5450557d",1,"qwen3_8b_post",0
"ebf3cf27600661b5dbec",1,"qwen3_8b_post",0
"eba789a6411cd2984fbc",1,"qwen3_8b_post",0
"54faf6fe8178e7dd1ce7",1,"qwen3_8b_post",0
"7bb0b20411aa0a82cc17",1,"qwen3_8b_post",0
"ae29fda631ba41e13191",1,"qwen3_8b_post",0
"1915e52d61ea3c2fc5a1",1,"qwen3_8b_post",0
"99e90f57e36c4a8f5bf4",1,"qwen3_8b_post",0
"fab2c1919e59162e8ab5",1,"qwen3_8b_post",0
"9920f42eda1b2fa3966e",1,"qwen3_8b_post",0
"14a64d87c3c0a38fdc65",1,"qwen3_8b_post",0
"039a9681b37dcc131dd6",1,"qwen3_8b_post",0
"175f59f422ae8e384e0d",1,"qwen3_8b_post",0
"e5d46a494f35963e5411",1,"qwen3_8b_post",0
"2679ed2eed880c50c421",1,"qwen3_8b_post",0
"26723ec9327b00efa3ed",1,"qwen3_8b_post",0
"dd19da05fdeaf9a66dca",1,"qwen3_8b_post",0
"f96a622084cb31221ab7",1,"qwen3_8b_post",0
"e446a2d5e02ff651e5d0",1,"qwen3_8b_post",0
"53ed412bebae8cb711d7",1,"qwen3_8b_post",0
"298df4ab8d15fa3feaad",1,"qwen3_8b_post",0
"cf770870c576172cbe96",1,"qwen3_8b_post",0
"c1768f3c16fd22017b26",1,"qwen3_8b_post",0
"96fba65ecc232ed2dc63",1,"qwen3_8b_post",0
"9cd9a31acd24c19a4051",1,"qwen3_8b_post",0
"f30f6fa58a70106296ca",1,"qwen3_8b_post",0
"2d03be2fabfbb7817877",1,"qwen3_8b_post",0
"251c1cd0c39f6f7de238",1,"qwen3_8b_post",0
"4a59502cf5c5dc3f769c",1,"qwen3_8b_post",0
"7462db72f891fa8bddbb",1,"qwen3_8b_post",0
"4da69466fa4541fc8281",1,"qwen3_8b_post",0
"7322cca90a1863e5311f",1,"qwen3_8b_post",0
"99949125cb733568f745",1,"qwen3_8b_post",0
"4660eca00109c5bb14d3",1,"qwen3_8b_post",0
"a960cb80f1d49eda6530",1,"qwen3_8b_post",0
"802e682d4b2c5997a5ab",1,"qwen3_8b_post",0
"d380be2d9de3b594681b",1,"qwen3_8b_post",0
"f72ea144f200b637eecb",1,"qwen3_8b_post",0
"f8885b51367516312207",1,"qwen3_8b_post",0
"cbc0c0564b90f8ed4f7e",1,"qwen3_8b_post",0
"e1efcd7422406fb1bb9d",1,"qwen3_8b_post",0
"2ac8212ae8b081d659e8",1,"qwen3_8b_post",0
"39bae4e3e71722d70c15",1,"qwen3_8b_post",0
"0a97476a8891ab527ca6",1,"qwen3_8b_post",0
"76bdbffa9a10cf5b3ea3",1,"qwen3_8b_post",0
"4d91fdb6ae876e21c3ec",1,"qwen3_8b_post",0
"58a2ee98366d81d1cc34",1,"qwen3_8b_post",0
"739ee439c1aa7c7fdc11",1,"qwen3_8b_post",0
"d6647159110d0da00120",1,"qwen3_8b_post",0
"4e31148b6360c03e46bc",1,"qwen3_8b_post",0
"28f63812321fb42ab3e8",1,"qwen3_8b_post",0
"619730856bfe2c921519",1,"qwen3_8b_post",0
"ae880d86fbf14f36fda2",1,"qwen3_8b_post",0
"be1760051935b802d705",1,"qwen3_8b_post",0
"c37eed8fe073b185af42",1,"qwen3_8b_post",0
"a8c125a290aa3ef8e01b",1,"qwen3_8b_post",0
"547fe3a312e27251f8d9",1,"qwen3_8b_post",0
"4f5f0513f630971e0494",1,"qwen3_8b_post",0
"8f6c8e22ef229195b5fb",1,"qwen3_8b_post",0
"061d2f4c4122e62e3950",1,"qwen3_8b_post",0
"61d1e3fc092a9b72fe96",1,"qwen3_8b_post",0
"43fb89aad2c97230597c",1,"qwen3_8b_post",0
"7c79e0f3393bd314b614",1,"qwen3_8b_post",0
"21948e64685a3c252076",1,"qwen3_8b_post",0
"f0b32a3b7fbe5bb56f86",1,"qwen3_8b_post",0
"b989aa478f4235663c2c",1,"qwen3_8b_post",0
"c50c6ecd89242872119e",1,"qwen3_8b_post",0
"a23b5a0ff84dac430146",1,"qwen3_8b_post",0
"64140a1b9260f2a7333b",1,"qwen3_8b_post",0
"b856dc67da0fed7f8e48",1,"qwen3_8b_post",0
"dc8e806541d2488fa9e8",1,"qwen3_8b_post",0
"bb78de586088376cd8df",1,"qwen3_8b_post",0
"1e7a00831fdad5090c2e",1,"qwen3_8b_post",0
"b475fa23b2a50d167ee0",1,"qwen3_8b_post",0
"1c845507fa8f3b5bf3ea",1,"qwen3_8b_post",0
"121a6091a1f73f22965b",1,"qwen3_8b_post",0
"2cf4f605e5f50bdb5203",1,"qwen3_8b_post",0
"6924ae405a281f9a7e41",1,"qwen3_8b_post",0
"500edca9a01b4af87671",1,"qwen3_8b_post",0
"a819ebe9ce97c5845838",1,"qwen3_8b_post",0
"238acc03d995d639815d",1,"qwen3_8b_post",0
"959f4432003b6353eb1f",1,"qwen3_8b_post",0
"1d752794efe0b471e19a",1,"qwen3_8b_post",0
"f38082bb52dcba6464c6",1,"qwen3_8b_post",0
"40d4e7129fe54e0902c4",1,"qwen3_8b_post",0
"6dcada2e7a1123bd817e",1,"qwen3_8b_post",0
"142df9c5a69d67f006bd",1,"qwen3_8b_post",0
"af1c2be86fc22548678f",1,"qwen3_8b_post",0
"9ae9e89816f0a8960993",1,"qwen3_8b_post",0
"884f4f4c49c14fa5d0e9",1,"qwen3_8b_post",0
"64a06059c0e92f5acdf4",1,"qwen3_8b_post",0
"e1eab7ef5149609af542",1,"qwen3_8b_post",0
"03480ffe2026ced6e503",1,"qwen3_8b_post",0
"d4a599a7fd8a29610b08",1,"qwen3_8b_post",0
"71aa2efe41152891b86b",1,"qwen3_8b_post",0
"2d23172d43371a7ec177",1,"qwen3_8b_post",0
"5d7ee81c4eda1dd1135e",1,"qwen3_8b_post",0
"a0aa0369a41b34c697f4",1,"qwen3_8b_post",0
"a64a724a538d11a452ed",1,"qwen3_8b_post",0
"0403caaa7f28011247b9",1,"qwen3_8b_post",0
"8032122d45f219822169",1,"qwen3_8b_post",0
"eb8c6f21abed0e98294d",1,"qwen3_8b_post",0
"52c1acd53dc8c945d0ad",1,"qwen3_8b_post",0
"c253bfaea4000d3bb8d5",1,"qwen3_8b_post",0
"1de485eb9fb103109c41",1,"qwen3_8b_post",0
"7fda2b162b6ab049ad0c",1,"qwen3_8b_post",0
"660ecae4a3eba0c26a6d",1,"qwen3_8b_post",0
"b7b53e821e44c781249a",1,"qwen3_8b_post",0
"142441adc29f92247ec9",1,"qwen3_8b_post",0
"3f56087b8303916c1533",1,"qwen3_8b_post",0
"cadb87663ac830a79d6a",1,"qwen3_8b_post",0
"381c258edaef03459190",1,"qwen3_8b_post",0
"df58b96523b5a3b244f6",1,"qwen3_8b_post",0
"b18ed65f0442a0741fc8",1,"qwen3_8b_post",0
"e60aea9794d148330a5a",1,"qwen3_8b_post",0
"80fc6f4e8c44515d7ec7",1,"qwen3_8b_post",0
"442fa177410449e0f987",1,"qwen3_8b_post",0
"9b9750559c8031061427",1,"qwen3_8b_post",0
"d3238ab91deaf0a44e55",1,"qwen3_8b_post",0
"2ee2f5937cf7d126fa89",1,"qwen3_8b_post",0
"a0842809f561016eefee",1,"qwen3_8b_post",0
"29de266bf9a2b11dfded",1,"qwen3_8b_post",0
"b7db022500ccf649ad27",1,"qwen3_8b_post",0
"548abd0c0f4124b2aee7",1,"qwen3_8b_post",0
"c18b0b159a1e7e4e0edf",1,"qwen3_8b_post",0
"e2402421f2e8afef45b4",1,"qwen3_8b_post",0
"f60b8432a82d875f8633",1,"qwen3_8b_post",0
"77bf5c651b55b9c41b8c",1,"qwen3_8b_post",0
"53b0d3562dd9690399c3",1,"qwen3_8b_post",0
"24c3e35d0c8326f18f77",1,"qwen3_8b_post",0
"842afdb46407c7e2f7ca",1,"qwen3_8b_post",0
"874b6ab399b7df90e401",1,"qwen3_8b_post",0
"45327dfd917d32005214",1,"qwen3_8b_post",0
"4c97915f5e600d40cfdc",1,"qwen3_8b_post",0
"3ceabfca6bb4f3e1ac02",1,"qwen3_8b_post",0
"3b2fb7770d9ecd201307",1,"qwen3_8b_post",0
"5318b49f5d8ec7714a88",1,"qwen3_8b_post",0
"0e77eff3aab61bb8b778",1,"qwen3_8b_post",0
"430368f82c9aca70e837",1,"qwen3_8b_post",0
"1e5012d2b598e49e710d",1,"qwen3_8b_post",0
"82b574fba1fe742f7748",1,"qwen3_8b_post",0
"9fdd417dd2fc34b13a89",1,"qwen3_8b_post",0
"6551d6aafcc3f189d85b",1,"qwen3_8b_post",0
"d2391a3560412d6825e0",1,"qwen3_8b_post",0
"1e9e10a474f1890fbee2",1,"qwen3_8b_post",0
"728545eb7676b3e4e11b",1,"qwen3_8b_post",0
"ebc3d7944d84e97aed27",1,"qwen3_8b_post",0
"cfa8bc13a9a0948db051",1,"qwen3_8b_post",0
"bf56e295863e75d20e27",1,"qwen3_8b_post",0
"1ca483e484b364ff06c3",1,"qwen3_8b_post",0
"95cac568c12423bef9fd",1,"qwen3_8b_post",0
"225070a6ba7be0bda3a4",1,"qwen3_8b_post",0
"7f3b732d1a2293943c15",1,"qwen3_8b_post",0
"3edd01aa605a12c6b367",1,"qwen3_8b_post",0
"82452d7a558d1ad09e32",1,"qwen3_8b_post",0
"f1dc036f71a64c427e24",1,"qwen3_8b_post",0
"35a5c1b284c35338ccb9",1,"qwen3_8b_post",0
"56dabbb8fba7fee93fdd",1,"qwen3_8b_post",0
"3d812f3055bbca7941db",1,"qwen3_8b_post",0
"84bfe34a97b2b977164d",1,"qwen3_8b_post",0
"cfcd07dedb7e1db3000a",1,"qwen3_8b_post",0
"8dfe31c83419088952be",1,"qwen3_8b_post",0
"ca44f39a7438e93bbca8",1,"qwen3_8b_post",0
"6af929eeab722d996a2f",1,"qwen3_8b_post",0
"243c86d7d645218378cc",1,"qwen3_8b_post",0
"bb93b60dc5f9f3f38819",1,"qwen3_8b_post",0
"bf2a9594f3a5ba3a0ed9",1,"qwen3_8b_post",0
"f242a760c7a107ed6f93",1,"qwen3_8b_post",0
"63d0b6649eb2edda1961",1,"qwen3_8b_post",0
"0ca52172ceaceeba0a00",1,"qwen3_8b_post",0
"c131f42b092517edff7b",1,"qwen3_8b_post",0
"aa5f194c4ed41decb00d",1,"qwen3_8b_post",0
"67355e5991ff046f1e02",1,"qwen3_8b_post",0
"37c872eb9aeda452cb05",1,"qwen3_8b_post",0
"24e0699f2d06ca7076e7",1,"qwen3_8b_post",0
"6a10cf36a35c2bf442ed",1,"qwen3_8b_post",0
"a5f41a77b53d334fbd64",1,"qwen3_8b_post",0
"a80248683d289aaa9648",1,"qwen3_8b_post",0
"0bf834b799e9bcbd599e",1,"qwen3_8b_post",0
"f902b57ca80e0fe86393",1,"qwen3_8b_post",0
"deabc24068e23f1038c6",1,"qwen3_8b_post",0
"84e42578674cc7f2a8a6",1,"qwen3_8b_post",0
"8a4350e344f18e7d7887",1,"qwen3_8b_post",0
"3817f742d55b00336388",1,"qwen3_8b_post",0
"8e31f587e8b2a0ba9cf7",1,"qwen3_8b_post",0
"a135dfd8e7a02f8d7084",1,"qwen3_8b_post",0
"7d685244b7fa5de7e42a",1,"qwen3_8b_post",0
"8375142791e289f0139e",1,"qwen3_8b_post",0
"853da7e7776c89947dd9",1,"qwen3_8b_post",0
"f5620db0780dd5d21ae5",1,"qwen3_8b_post",0
"c2cafb0f957b03a00eec",1,"qwen3_8b_post",0
"86cc63571e68874e3496",1,"qwen3_8b_post",0
"da201425db21eabcc02b",1,"qwen3_8b_post",0
"cd531a08c1bd63e56fd4",1,"qwen3_8b_post",0
"3caa7c475db3b12a5149",1,"qwen3_8b_post",0
"f3e8d64cfb1b251a1d27",1,"qwen3_8b_post",0
"90aa899cc855642cddb4",1,"qwen3_8b_post",0
"224ceaf7f3d5616d4495",1,"qwen3_8b_post",0
"4ac995d6f56ac50466ec",1,"qwen3_8b_post",0
"d59dbaa4e55b4b011166",1,"qwen3_8b_post",0
"8248759ec62c05f54b02",1,"qwen3_8b_post",0
"7df30232b4345696723f",1,"qwen3_8b_post",0
"b7b9b41c29df8e2953f0",1,"qwen3_8b_post",0
"d2400197991d9bd2b8a0",1,"qwen3_8b_post",0
"c3747fd8d0e1f0cb3bc9",1,"qwen3_8b_post",0
"0821c4e97f6c80a6997e",1,"qwen3_8b_post",0
"42597b4a6b818ffaf898",1,"qwen3_8b_post",0
"1b809aa67920c600d995",1,"qwen3_8b_post",0
"3c00bc5b60b3222a717a",1,"qwen3_8b_post",0
"e1cb0922ab21bf6e3dad",1,"qwen3_8b_post",0
"229cb22220c9f91eb77d",1,"qwen3_8b_post",0
"80d2ef0dffd1e2ba77a8",1,"qwen3_8b_post",0
"ca83855cf1686eb39c63",1,"qwen3_8b_post",0
"d6ef37c0b53d1065d1c5",1,"qwen3_8b_post",0
"199dcad3906c268540d5",1,"qwen3_8b_post",0
"00a7aebb275dde613d0d",1,"qwen3_8b_post",0
"7717a8b998bd40050d52",1,"qwen3_8b_post",0
"69d4052a62513630f6f6",1,"qwen3_8b_post",0
"e0c083fbaf2c7b880328",1,"qwen3_8b_post",0
"d4b3b4286f126b19a21d",1,"qwen3_8b_post",0
"31eb2aa2e802c41c79ca",1,"qwen3_8b_post",0
"bcba4d885cea5610f2d3",1,"qwen3_8b_post",0
"a8def0f7e0546c8ec22c",1,"qwen3_8b_post",0
"8206ec7bbe53fc74e584",1,"qwen3_8b_post",0
"684f5b32d2ea93008d34",1,"qwen3_8b_post",0
"24b93e3bb39b89dd3ce7",1,"qwen3_8b_post",0
"4cfb8ca2175d662b4dca",1,"qwen3_8b_post",0
"b539482e3dc5782d322f",1,"qwen3_8b_post",0
"4f88a9376fed4e871945",1,"qwen3_8b_post",0
"639df7ad0dae81a8df2c",1,"qwen3_8b_post",0
"f23438d5224385c8203d",1,"qwen3_8b_post",0
"7621603fd8560e995463",1,"qwen3_8b_post",0
"6f29ed2a1a1e2e81a80f",1,"qwen3_8b_post",0
"ca1f9b4f970d42b9b825",1,"qwen3_8b_post",0
"5c603f01c548b9b5c71d",1,"qwen3_8b_post",0
"692f9452fbe15938b95e",1,"qwen3_8b_post",0
"e1e07d82d69ade3c4241",1,"qwen3_8b_post",0
"fcbf6e01e9488dec3bc0",1,"qwen3_8b_post",0
"a72d63bdc59628c5cfb7",1,"qwen3_8b_post",0
"7ed8f912c5fa5c8b75da",1,"qwen3_8b_post",0
"881523b76f5d89721c82",1,"qwen3_8b_post",0
"6e5f6b3cf79843399179",1,"qwen3_8b_post",0
"50b720e601cac8180114",1,"qwen3_8b_post",0
"6a29c22b1551080a5bdb",1,"qwen3_8b_post",0
"a178b120f7ce4c93421e",1,"qwen3_8b_post",0
"58969aadaf8106d9432a",1,"qwen3_8b_post",0
"19fd6386e9effedf9906",1,"qwen3_8b_post",0
"6c9d5c5259bd0cbab879",1,"qwen3_8b_post",0
"02140776dc27f6f146ec",1,"qwen3_8b_post",0
"5e6623d19cbaece3ff65",1,"qwen3_8b_post",0
"a0a41958d448db8f1fc0",1,"qwen3_8b_post",0
"ecf7cccdb55c6df93d31",1,"qwen3_8b_post",0
"1c6b611803ca7edf9400",1,"qwen3_8b_post",0
"28ea627752d2c62fe524",1,"qwen3_8b_post",0
"745d95b11ebd193a3984",1,"qwen3_8b_post",0
"71e8fee968f42f9499de",1,"qwen3_8b_post",0
"79ec97a9e29ef6ec1193",1,"qwen3_8b_post",0
"510966e5fcfc98b22843",1,"qwen3_8b_post",0
"8e1962e990ee587e1089",1,"qwen3_8b_post",0
"67d0f5e114fbbaad911e",1,"qwen3_8b_post",0
"80ecf3e9c70eb7a90716",1,"qwen3_8b_post",0
"e477b3f11fd77da2fb65",1,"qwen3_8b_post",0
"acbe0bd87bbe0be5a0a5",1,"qwen3_8b_post",0
"fb3ee9fb3fd383302ded",1,"qwen3_8b_post",0
"84acd43a8a5277704f11",1,"qwen3_8b_post",0
"a64b897cb8269e7c6827",1,"qwen3_8b_post",0
"367ca86bfdab9eabf419",1,"qwen3_8b_post",0
"0b29349aff97c29bc8fb",1,"qwen3_8b_post",0
"336e8a0efd028824bafc",1,"qwen3_8b_post",0
"95dba588b5b956f96fa2",1,"qwen3_8b_post",0
"e7a6f850ebaf3a2848da",1,"qwen3_8b_post",0
"36acc80880159442d470",1,"qwen3_8b_post",0
"c4eec5107f2998534bae",1,"qwen3_8b_post",0
"7ebcfd302ef0034878bc",1,"qwen3_8b_post",0
"e7b99a9940f132b1f6de",1,"qwen3_8b_post",0
"855fbd8243c592a20541",1,"qwen3_8b_post",0
"91deb3c0c8f6c9e8d97e",1,"qwen3_8b_post",0
"1a67769d0ac386cc5b64",1,"qwen3_8b_post",0
"d8cea16a41ceccfc3ba9",1,"qwen3_8b_post",0
"2b41ee19a7e04af661fa",1,"qwen3_8b_post",0
"2b432ac0b44278254dc6",1,"qwen3_8b_post",0
"d66dd6568b5c76382edf",1,"qwen3_8b_post",0
"91e46d9fc754466a803b",1,"qwen3_8b_post",0
"e0bf7728c5f6cd2295a1",1,"qwen3_8b_post",0
"77ba496c9c2ff94c43d2",1,"qwen3_8b_post",0
"c756007eeae49d5503a0",1,"qwen3_8b_post",0
"ad1c708f674d5911cdbf",1,"qwen3_8b_post",0
"302e992357d9164a6272",1,"qwen3_8b_post",0
"cf72094b1bef21d525c5",1,"qwen3_8b_post",0
"14d7fcf79a0d1d2aa172",1,"qwen3_8b_post",0
"084d28f898614aaaead7",1,"qwen3_8b_post",0
"cd36150775fa6f6947e5",1,"qwen3_8b_post",0
"c0be27d73f492b6433f3",1,"qwen3_8b_post",0
"f6ff149a3c86853cba08",1,"qwen3_8b_post",0
"b0240b49e651093d96ae",1,"qwen3_8b_post",0
"5b5dd7a706fdbcf7e728",1,"qwen3_8b_post",0
"84077b840f85fbaaaf39",1,"qwen3_8b_post",0
"d813ef2f5a4bcbd5f5fb",1,"qwen3_8b_post",0
"f49e26358e38e0e8d757",1,"qwen3_8b_post",0
"080f347e4d43644e05b5",1,"qwen3_8b_post",0
"1e0c9de66245afd6943f",1,"qwen3_8b_post",0
"ddcaac6200acd4380882",1,"qwen3_8b_post",0
"fdefdd6dd8405764442e",1,"qwen3_8b_post",0
"a990edf883279df563c6",1,"qwen3_8b_post",0
"3695c538a51797e82d05",1,"qwen3_8b_post",0
"b5395cd23168768db1aa",1,"qwen3_8b_post",0
"4f2a8583ec605ad618e6",1,"qwen3_8b_post",0
"eaa3164a814c43a477b8",1,"qwen3_8b_post",0
"d2ec302a48dfbd3605f4",1,"qwen3_8b_post",0
"bc3a76c99e49f1a1406b",1,"qwen3_8b_post",0
"8c4dca9a0f8609f7f8f6",1,"qwen3_8b_post",0
"624602bbe0d93ba130ce",1,"qwen3_8b_post",0
"372dfdee53c7ce9620d3",1,"qwen3_8b_post",0
"a91d1c5d5313ea6e08f4",1,"qwen3_8b_post",0
"a424cb5e6520d8badf62",1,"qwen3_8b_post",0
"8706a07060cf82e4fc8f",1,"qwen3_8b_post",0
"697e378dd7168b1e31f5",1,"qwen3_8b_post",0
"045e50fa435a72f81434",1,"qwen3_8b_post",0
"36f212940fcfe626bfb4",1,"qwen3_8b_post",0
"d6dd3854874a3121ce00",1,"qwen3_8b_post",0
"ea2c580623cb308b1c3e",1,"qwen3_8b_post",0
"f66f6ddab2bcd3c8fabc",1,"qwen3_8b_post",0
"0bb6d56358e9cc492cdd",1,"qwen3_8b_post",0
"f0437aaa3e155278081c",1,"qwen3_8b_post",0
"748af88ed4a92a3627a0",1,"qwen3_8b_post",0
"9776ceb0031699e4265f",1,"qwen3_8b_post",0
"e540b1baa7b5beb271a8",1,"qwen3_8b_post",0
"7fa8e3b786d7e5325e16",1,"qwen3_8b_post",0
"476ec6e1feb1bbfe5379",1,"qwen3_8b_post",0
"bae5c18f3ed3fdeeefbd",1,"qwen3_8b_post",0
"259f3e8b9e2d6aba9ff8",1,"qwen3_8b_post",0
"2ba5cfc57e3c46a54c59",1,"qwen3_8b_post",0
"08fe5c6acf8bfb0d5b40",1,"qwen3_8b_post",0
"6d0a86267f62c042ee3b",1,"qwen3_8b_post",0
"732478d9d0f9e78a7fa6",1,"qwen3_8b_post",0
"a0be55226225b69de60e",1,"qwen3_8b_post",0
"7afed690901ca7b9dbb0",1,"qwen3_8b_post",0
"73c29000e8b9d23f9c74",1,"qwen3_8b_post",0
"bbd42c14051729e96fb8",1,"qwen3_8b_post",0
"9e200bb4da3f29e934c6",1,"qwen3_8b_post",0
"5f37187c3eb92ed68a33",1,"qwen3_8b_post",0
"73a3df713a4d9d11316c",1,"qwen3_8b_post",0
"d5750a02ad5410b6c932",1,"qwen3_8b_post",0
"e97aff2da05fbf52e027",1,"qwen3_8b_post",0
"d1b1ea2592401e516d53",1,"qwen3_8b_post",0
"a847a341c8939a3ccda1",1,"qwen3_8b_post",0
"1e7febb77af62b196716",1,"qwen3_8b_post",0
"34bfb670461e9b2b191f",1,"qwen3_8b_post",0
"7ec543763373b9bb6d90",1,"qwen3_8b_post",0
"c5ca6d19cf05ffebaa5b",1,"qwen3_8b_post",0
"67942a59c3a498c605bf",1,"qwen3_8b_post",0
"4832385b69352a142ecb",1,"qwen3_8b_post",0
"e411ced82f1479a9ebc4",1,"qwen3_8b_post",0
"9cede13f8ed01d64bc39",1,"qwen3_8b_post",0
"4cfd0e7d22286eeb27d4",1,"qwen3_8b_post",0
"917bc9b8b16246a62c2c",1,"qwen3_8b_post",0
"7e502139fcdd3e72ae20",1,"qwen3_8b_post",0
"0d3e1fac415453270afd",1,"qwen3_8b_post",0
"f2ab9b8d7fa5d9a92125",1,"qwen3_8b_post",0
"60f5a45b2f3b40d53943",1,"qwen3_8b_post",0
"ac6e2b36507a90179d20",1,"qwen3_8b_post",0
"ecac244b008088130626",1,"qwen3_8b_post",0
"ccf5d4d0fe4bd02db6f5",1,"qwen3_8b_post",0
"2c553addf52a352db23a",1,"qwen3_8b_post",0
"2936c30b8b2e3285befe",1,"qwen3_8b_post",0
"39d808456bdb53bfac48",1,"qwen3_8b_post",0
"4e9d0bd1655a8cee6429",1,"qwen3_8b_post",0
"b00fdf678e2966c5956c",1,"qwen3_8b_post",0
"25e017bc8f00f28397c2",1,"qwen3_8b_post",0
"2016ac7cb0ad6a0bbd3d",1,"qwen3_8b_post",0
"355c61bc4a1a19822b1b",1,"qwen3_8b_post",0
"af54f2f8fd31d7ad3629",1,"qwen3_8b_post",0
"62474d8bbdabaf0c90d1",1,"qwen3_8b_post",0
"c2bc616e0399ffa95b41",1,"qwen3_8b_post",0
"c7c00c8277d38ff96946",1,"qwen3_8b_post",0
"e4b8d4f14c40fac79d77",1,"qwen3_8b_post",0
"6e20730bd0fb214d596c",1,"qwen3_8b_post",0
"b318f1cd9450625c9f3b",1,"qwen3_8b_post",0
"5b7a489ce049c5146d45",1,"qwen3_8b_post",0
"6815c670cd9c4f0c69b0",1,"qwen3_8b_post",0
"99dbf1b898c7f2710090",1,"qwen3_8b_post",0
"be507f9b2865d1d453fb",1,"qwen3_8b_post",0
"0db3a2a4eadd22f424ff",1,"qwen3_8b_post",0
"f34796f76081dd7cf59b",1,"qwen3_8b_post",0
"7c273b5b84ab5a436abc",1,"qwen3_8b_post",0
"3ec6c8534ddd2ebcf699",1,"qwen3_8b_post",0
"bc4b916b70e7bff254d6",1,"qwen3_8b_post",0
"b90e9b890debb47dacc5",1,"qwen3_8b_post",0
"8ece6123b53c75010af5",1,"qwen3_8b_post",0
"eaf97b1f3cca73fd24c1",1,"qwen3_8b_post",0
"975b5585d79af99ce2d4",1,"qwen3_8b_post",0
"e9e1c31c8b415491dd56",1,"qwen3_8b_post",0
"e00879586f0dbdf281bd",1,"qwen3_8b_post",0
"d7855e96bc8bfb86579b",1,"qwen3_8b_post",0
"7cc6e32a774d5f907fa4",1,"qwen3_8b_post",0
"39b32661aea32c904ddc",1,"qwen3_8b_post",0
"4bb4bf1d439fabeff2f8",1,"qwen3_8b_post",0
"3aa90605f8e8732cae11",1,"qwen3_8b_post",0
"fa2cdb9eb3d55edb7375",1,"qwen3_8b_post",0
"6d225eed33d2700603cd",1,"qwen3_8b_post",0
"5d3e365d2270fd3470bd",1,"qwen3_8b_post",0
"0696628e5dc9391e3459",1,"qwen3_8b_post",0
"53c0236337f5a0ce28d1",1,"qwen3_8b_post",0
"5e0666d1df720fd0ade6",1,"qwen3_8b_post",0
"999ecd051f2476fcff54",1,"qwen3_8b_post",0
"79645f8e3cc15867fe31",1,"qwen3_8b_post",0
"6e18a8198532ffd0be6e",1,"qwen3_8b_post",0
"d9f99b21c4c56214c798",1,"qwen3_8b_post",0
"fa1f1f72bf318492f1f9",1,"qwen3_8b_post",0
"906686676807f126fb77",1,"qwen3_8b_post",0
"e81d20ff6dd3fadee033",1,"qwen3_8b_post",0
"f0140f8d3cb813f93f3d",1,"qwen3_8b_post",0
"5203c3a2530d4cb22ded",1,"qwen3_8b_post",0
"58759157b51921f353c7",1,"qwen3_8b_post",0
"ebc3ba3198a49a58f38b",1,"qwen3_8b_post",0
"5e056e91e555c578dc89",1,"qwen3_8b_post",0
"282cdfed62c38071b6ea",1,"qwen3_8b_post",0
"65801ae4254a8aaa4e09",1,"qwen3_8b_post",0
"a66050e93fb2e592df27",1,"qwen3_8b_post",0
"605060ee92ef3793f12e",1,"qwen3_8b_post",0
"d26c631f7d2340052d2d",1,"qwen3_8b_post",0
"512d305f36874ab1e742",1,"qwen3_8b_post",0
"97a9eb8a52c96b25a746",1,"qwen3_8b_post",0
"66b975a8c0574d72e046",1,"qwen3_8b_post",0
"a45ef98f4674fb8bdc96",1,"qwen3_8b_post",0
"f27da32e94519f0f9ee5",1,"qwen3_8b_post",0
"737f3f215e7d7eec1d5c",1,"qwen3_8b_post",0
"1aa06362be604b120bde",1,"qwen3_8b_post",0
"16780b14de9ba35e7ef0",1,"qwen3_8b_post",0
"02f0cac28616c6b18c08",1,"qwen3_8b_post",0
"9af4991f807796077358",1,"qwen3_8b_post",0
"6bbe0345811a46704144",1,"qwen3_8b_post",0
"abde1e69e6d906083633",1,"qwen3_8b_post",0
"5eeaeb85c5980cf5ac2a",1,"qwen3_8b_post",0
"a38b7df9983fe6f4ea25",1,"qwen3_8b_post",0
"e90da38c246b9fb992dd",1,"qwen3_8b_post",0
"e0521a6a5275db02cb97",1,"qwen3_8b_post",0
"a03a5b325b4a26624385",1,"qwen3_8b_post",0
"d81db93dd88215d97458",1,"qwen3_8b_post",0
"1642c3200d245149a2dc",1,"qwen3_8b_post",0
"254e7255000e7e898ef2",1,"qwen3_8b_post",0
"58f86112637b9c214407",1,"qwen3_8b_post",0
"ddf75fffcc0b77a0327d",1,"qwen3_8b_post",0
"9ac4736351b8453165ab",1,"qwen3_8b_post",0
"1afae18008e3fe2b30bb",1,"qwen3_8b_post",0
"2362111b3f2c1323195d",1,"qwen3_8b_post",0
"f142ab8e9cc236f1869d",1,"qwen3_8b_post",0
"0569c810d2c14da77cd1",1,"qwen3_8b_post",0
"5b3e2984730d4f168889",1,"qwen3_8b_post",0
"f1957d975226766d0dc9",1,"qwen3_8b_post",0
"619368288bbcbebeae60",1,"qwen3_8b_post",0
"6e2b72c06a8bf34583dc",1,"qwen3_8b_post",0
"e2cd4dcfa19bbd8fc1e3",1,"qwen3_8b_post",0
"fbffe2fa23861c257ced",1,"qwen3_8b_post",0
"2ac9bd8d8e3c584a0e29",1,"qwen3_8b_post",0
"4e4ca79095356285d2e2",1,"qwen3_8b_post",0
"0f343b90c04a05cf6fde",1,"qwen3_8b_post",0
"645c07e154f5ce140d08",1,"qwen3_8b_post",0
"ae1a9538b4d99d94ec7b",1,"qwen3_8b_post",0
"b9e6babb451b19dcf781",1,"qwen3_8b_post",0
"8a542b754f4325e71dab",1,"qwen3_8b_post",0
"70fb99c1443cb456be1d",1,"qwen3_8b_post",0
"646e7736d4c7ac3cce15",1,"qwen3_8b_post",0
"f8291359f2d51f0e831c",1,"qwen3_8b_post",0
"5c5a3631aaad352574c0",1,"qwen3_8b_post",0
"e617ec0034a64c90b8b4",1,"qwen3_8b_post",0
"f1e8a88885f2537a4160",1,"qwen3_8b_post",0
"5be776d1544c630cf347",1,"qwen3_8b_post",0
"e0be451737fa265d2769",1,"qwen3_8b_post",0
"5e19ec025375f09a3545",1,"qwen3_8b_post",0
"6832f7dd46eab7f1691b",1,"qwen3_8b_post",0
"c187d41b8f6de987248e",1,"qwen3_8b_post",0
"9d71a4cd4c463a6594e0",1,"qwen3_8b_post",0
"557b7abcc01d0109af65",1,"qwen3_8b_post",0
"3cae0d4ed67a74f2c2cd",1,"qwen3_8b_post",0
"eb67f69b2a2528478845",1,"qwen3_8b_post",0
"52a63084dba9d88c316b",1,"qwen3_8b_post",0
"0561aa8a6d883d3a998c",1,"qwen3_8b_post",0
"48ae85f92c05ff00bb68",1,"qwen3_8b_post",0
"9bd1d7bd87ecbf46decd",1,"qwen3_8b_post",0
"b6d70b56dc5c07d3feff",1,"qwen3_8b_post",0
"c8f744daa9e63e625ce4",1,"qwen3_8b_post",0
"533aba7858593302c997",1,"qwen3_8b_post",0
"8166dfa9000a0a773746",1,"qwen3_8b_post",0
"116cf875a44bfb0db1a8",1,"qwen3_8b_post",0
"cee99a0f680667992048",1,"qwen3_8b_post",0
"988f1c0dd56800e177a6",1,"qwen3_8b_post",0
"6e144d6ac7e399a98df1",1,"qwen3_8b_post",0
"3f94a33768c9477d36ba",1,"qwen3_8b_post",0
"eae1d992821476b8d2d0",1,"qwen3_8b_post",0
"cbe7b705947c3f8d26cb",1,"qwen3_8b_post",0
"d3e3f891c4f5a236bf2d",1,"qwen3_8b_post",0
"c2d17e5929ede11f98df",1,"qwen3_8b_post",0
"c6df8490fa64f0c0324f",1,"qwen3_8b_post",0
"80ff5f713891739c7dba",1,"qwen3_8b_post",0
"0cfdd7d6618fdbc31ae4",1,"qwen3_8b_post",0
"9c944a7a757382d7729a",1,"qwen3_8b_post",0
"19e6905aa1cd38c956ec",1,"qwen3_8b_post",0
"1abc6cb0fa3ad95923d5",1,"qwen3_8b_post",0
"8514540e27a67c9963f2",1,"qwen3_8b_post",0
"a81d2e905adc581ff4b5",1,"qwen3_8b_post",0
"df3ad90cce9fe0113ba9",1,"qwen3_8b_post",0
"7d52bf607328afd979e1",1,"qwen3_8b_post",0
"3012c155736c0c091758",1,"qwen3_8b_post",0
"2a742b0baab0f6e99c51",1,"qwen3_8b_post",0
"28f396bac71516dd8555",1,"qwen3_8b_post",0
"4ea690217d20404166d9",1,"qwen3_8b_post",0
"829cfac139f6015f7c8b",1,"qwen3_8b_post",0
"6ee661996b9636dd5f1b",1,"qwen3_8b_post",0
"c151d8e2578b38983301",1,"qwen3_8b_post",0
"69919e3adb0afdcb5a10",1,"qwen3_8b_post",0
"351dfc532bc3bc57843b",1,"qwen3_8b_post",0
"b8b017560010af3c366e",1,"qwen3_8b_post",0
"6f5cf4baa53aa0a69e7e",1,"qwen3_8b_post",0
"a40726e56342d9ae3b11",1,"qwen3_8b_post",0
"ef853566a6d56d40f750",1,"qwen3_8b_post",0
"55e1652c84377dc38654",1,"qwen3_8b_post",0
"2d7a61ab774040acc323",1,"qwen3_8b_post",0
"c8cba09333f98166a1d3",1,"qwen3_8b_post",0
"b3fe772488ae7d2bd712",1,"qwen3_8b_post",0
"2e10855be8ac7ece615a",1,"qwen3_8b_post",0
"4b7c435cd653b773f732",1,"qwen3_8b_post",0
"ba87aa9d4eadd9c12a3a",1,"qwen3_8b_post",0
"e21dd3a19d1efbf14c78",1,"qwen3_8b_post",0
"2a978bd4de45587f8dac",1,"qwen3_8b_post",0
"67fc99c7524dcb071104",1,"qwen3_8b_post",0
"5a4d44995cbc1c780144",1,"qwen3_8b_post",0
"7766fc7ab349d660e50d",1,"qwen3_8b_post",0
"b04ed8ac623749aee1f8",1,"qwen3_8b_post",0
"2525cc63bb7221dc5932",1,"qwen3_8b_post",0
"c58db218587eac2d5e66",1,"qwen3_8b_post",0
"ad39276f104c81876e5a",1,"qwen3_8b_post",0
"a9e772ef2634f14affe8",1,"qwen3_8b_post",0
"bc2fe8297b112c5e00f7",1,"qwen3_8b_post",0
"25d8e84fc5d917049c8f",1,"qwen3_8b_post",0
"951627a5afcf1a491666",1,"qwen3_8b_post",0
"ff36ec66aec2a64edbc1",1,"qwen3_8b_post",0
"bc28b1bb7ae5edfccc27",1,"qwen3_8b_post",0
"0dd4495d62083a9942d6",1,"qwen3_8b_post",0
"18b7169f4c8edd8e7510",1,"qwen3_8b_post",0
"042b86d3fb3a3c07bb9b",1,"qwen3_8b_post",0
"ba2f863de3f9c41ad970",1,"qwen3_8b_post",0
"8ca8cea7429dd553cb09",1,"qwen3_8b_post",0
"9e35c385ae3c8c2a485f",1,"qwen3_8b_post",0
"cb0983b4ac1d741d73e4",1,"qwen3_8b_post",0
"d9a02bfe87d5fc17be20",1,"qwen3_8b_post",0
"cb34550d690a61208e15",1,"qwen3_8b_post",0
"4444548e6bece436312a",1,"qwen3_8b_post",0
"bde1f0118859cd7926f9",1,"qwen3_8b_post",0
"940a5756e03283fa7d36",1,"qwen3_8b_post",0
"f13388c70eb4cf8b0448",1,"qwen3_8b_post",0
"28c687e6a11d1e5242ec",1,"qwen3_8b_post",0
"8478b779a2bf7eb56929",1,"qwen3_8b_post",0
"e78e0f12621d783291d4",1,"qwen3_8b_post",0
"042c8f5e51add91bc213",1,"qwen3_8b_post",0
"d11730c0bdeff934d56f",1,"qwen3_8b_post",0
"2675df30df9c9f542a2b",1,"qwen3_8b_post",0
"0154c0bb8e75aa7c0b14",1,"qwen3_8b_post",0
"f975e6df2e97645d026a",1,"qwen3_8b_post",0
"2b9ca861e34a910edb20",1,"qwen3_8b_post",0
"5111b015e1be61ddf7db",1,"qwen3_8b_post",0
"d1a36c4172cf3b9c0e64",1,"qwen3_8b_post",0
"66db72da917ef05993e1",1,"qwen3_8b_post",0
"b750aa60b429ff76f254",1,"qwen3_8b_post",0
"9c79e8f22f26454c12c1",1,"qwen3_8b_post",0
"3158996ee19c5eddc0b1",1,"qwen3_8b_post",0
"8c3c03cee803a498ee91",1,"qwen3_8b_post",0
"fbf772d5c1bc11da4e61",1,"qwen3_8b_post",0
"aa0c76bfa2edf6ec1b4d",1,"qwen3_8b_post",0
"3be010439b70d4b96209",1,"qwen3_8b_post",0
"b8666741d2f26535892b",1,"qwen3_8b_post",0
"886c89489921a23b5a5d",1,"qwen3_8b_post",0
"2096202dacb652324509",1,"qwen3_8b_post",0
"e7d9081ce10e6444220c",1,"qwen3_8b_post",0
"da5689b546fd36951456",1,"qwen3_8b_post",0
"276d051b73aac2ea8a3b",1,"qwen3_8b_post",0
"29d511dfacf60ff0c28f",1,"qwen3_8b_post",0
"306404b05a4b28eeee53",1,"qwen3_8b_post",0
"e970c2842407faf7d8a8",1,"qwen3_8b_post",0
"00b70ce280ea206eb2c5",1,"qwen3_8b_post",0
"705d6e0f50cd9d68aa41",1,"qwen3_8b_post",0
"aaf0c54a7adba254343d",1,"qwen3_8b_post",0
"6fe2c6e3a5f280533132",1,"qwen3_8b_post",0
"9c7db474a3416e9e8157",1,"qwen3_8b_post",0
"eff90e6f43ae39c7e09b",1,"qwen3_8b_post",0
"29f8707ff85f064490a2",1,"qwen3_8b_post",0
"239c40afc49a4f16ed41",1,"qwen3_8b_post",0
"303d8ff16de3a62c4451",1,"qwen3_8b_post",0
"c14f4338c4f8533f51a0",1,"qwen3_8b_post",0
"d6c2a9609d360a36a847",1,"qwen3_8b_post",0
"90dec6764ce5d0d58975",1,"qwen3_8b_post",0
"c17cd4b4a6c9ac572c87",1,"qwen3_8b_post",0
"286ec5a6498ef819164b",1,"qwen3_8b_post",0
"c122cec87e269fc14a34",1,"qwen3_8b_post",0
"9c8401873d9d3b6bf89b",1,"qwen3_8b_post",0
"3f498266a40e419ca2e7",1,"qwen3_8b_post",0
"46f0745f63bf9a92e049",1,"qwen3_8b_post",0
"3067e868c71bc591450f",1,"qwen3_8b_post",0
"58aafc9a8189418a9acb",1,"qwen3_8b_post",0
"398a59e8df35372ac7eb",1,"qwen3_8b_post",0
"9701fdd4a3afc08f8128",1,"qwen3_8b_post",0
"94135bfc4bb0a843f5f4",1,"qwen3_8b_post",0
"12fc84a68f3563299cbb",1,"qwen3_8b_post",0
"901f1933c87dedf71fc3",1,"qwen3_8b_post",0
"392742588b1571501613",1,"qwen3_8b_post",0
"8dcc4d2dc2f127d24daa",1,"qwen3_8b_post",0
"184d3ec32a3811e3d51e",1,"qwen3_8b_post",0
"2e86eb10657a39db8f32",1,"qwen3_8b_post",0
"f3a348a0e57752daf1e6",1,"qwen3_8b_post",0
"48cad3f887c0f120105a",1,"qwen3_8b_post",0
"3d9a4d8b309f2fd1a654",1,"qwen3_8b_post",0
"7fc8fa259d8c2d40c3ac",1,"qwen3_8b_post",0
"3a10d4a34f1d7ef29d6b",1,"qwen3_8b_post",0
"4f30a59c89be9d681a42",1,"qwen3_8b_post",0
"c18ea622298280b74970",1,"qwen3_8b_post",0
"f566456d824e2c752a1b",1,"qwen3_8b_post",0
"006967d48f2bf485c3a0",1,"qwen3_8b_post",0
"c1ee819bc2d8e1b44000",1,"qwen3_8b_post",0
"3155d9a132516bb35a47",1,"qwen3_8b_post",0
"288b9c3534491ba9d66b",1,"qwen3_8b_post",0
"4295708d64e1b05c98b9",1,"qwen3_8b_post",0
"af32c6fdc40de8f236a6",1,"qwen3_8b_post",0
"3a122fe9a4a02c6378b8",1,"qwen3_8b_post",0
"d4874fd097ac992c6532",1,"qwen3_8b_post",0
"979ff45ab9be8058cb0e",1,"qwen3_8b_post",0
"7ea302f360408d7a48ca",1,"qwen3_8b_post",0
"2aa49cc22de0e8f38b27",1,"qwen3_8b_post",0
"023338b7d1a906f37e07",1,"qwen3_8b_post",0
"3ab758512e041d56b9c8",1,"qwen3_8b_post",0
"22cc164b9b766f3868f3",1,"qwen3_8b_post",0
"21f8d55a0142bf4f7c4a",1,"qwen3_8b_post",0
"d6d9e33cef4764383139",1,"qwen3_8b_post",0
"5a749d27ac947be74c56",1,"qwen3_8b_post",0
"2696f7d8a80e54ff069e",1,"qwen3_8b_post",0
"971ee16376df58f353a7",1,"qwen3_8b_post",0
"9039f2d5f09e4fe66646",1,"qwen3_8b_post",0
"9a0065b169eef7fa7239",1,"qwen3_8b_post",0
"2c8c1a94b4ac6c5a42db",1,"qwen3_8b_post",0
"d3563c5c04bc18f196c7",1,"qwen3_8b_post",0
"977170dd7fb7223e2bb3",1,"qwen3_8b_post",0
"72d5a2c59e83bdbf5e1d",1,"qwen3_8b_post",0
"39c7c43269e436473d7f",1,"qwen3_8b_post",0
"e8f04d6b95bf9fc8d5ad",1,"qwen3_8b_post",0
"966b9af1f78d5461fb92",1,"qwen3_8b_post",0
"4627f55e012d73e015a0",1,"qwen3_8b_post",0
"9dd60d0818d3234e238d",1,"qwen3_8b_post",0
"3ef7f11fd847c1a99968",1,"qwen3_8b_post",0
"641ad4abd055dc6a150d",1,"qwen3_8b_post",0
"f3bc73fd3173535cdd7f",1,"qwen3_8b_post",0
"8f5d41ea651006eea675",1,"qwen3_8b_post",0
"cab0918cd39d2225aa60",1,"qwen3_8b_post",0
"bb6de02056443b914602",1,"qwen3_8b_post",0
"5053f627f8fd0974fb29",1,"qwen3_8b_post",0
"cc1a2d463af8452e2397",1,"qwen3_8b_post",0
"1a9491900422a9575ef0",1,"qwen3_8b_post",0
"847d3332e86155aadebb",1,"qwen3_8b_post",0
"5a31d33157da6b794010",1,"qwen3_8b_post",0
"9911190dbb1ba1d32895",1,"qwen3_8b_post",0
"c140726b98528e18e37c",1,"qwen3_8b_post",0
"4d486decaf3ff8e11bbc",1,"qwen3_8b_post",0
"1ed3ee12ef83823e1a6b",1,"qwen3_8b_post",0
"59ed69a72d2e7ad017a7",1,"qwen3_8b_post",0
"69a7808038985d9eb7c6",1,"qwen3_8b_post",0
"32534f8f4e0f97fcdd28",1,"qwen3_8b_post",0
"f306def00ca4b140d42d",1,"qwen3_8b_post",0
"fa74a19aae82e8128e4b",1,"qwen3_8b_post",0
"dcbf46f914a858e5d74e",1,"qwen3_8b_post",0
"d01954d7f90d689a4d1c",1,"qwen3_8b_post",0
"709bed31b0d16196dc6c",1,"qwen3_8b_post",0
"1c6ef24507e8e558d57e",1,"qwen3_8b_post",0
"9bb2ca7f5f96564538a5",1,"qwen3_8b_post",0
"bbfb1ef8e88bddef2ae6",1,"qwen3_8b_post",0
"5024b531f7f21e4a58a0",1,"qwen3_8b_post",0
"19f9a5c0a104cbe0ee9c",1,"qwen3_8b_post",0
"5e4dccb16c7e620ed595",1,"qwen3_8b_post",0
"e795f4fc953513ab507c",1,"qwen3_8b_post",0
"440b9a9791f104852416",1,"qwen3_8b_post",0
"edd79c655c38a7cd7f35",1,"qwen3_8b_post",0
"1a815403d7de007163bb",1,"qwen3_8b_post",0
"5f063f3a7a3a82194be9",1,"qwen3_8b_post",0
"fba98f92616286e37d58",1,"qwen3_8b_post",0
"96957cb415a92e83509a",1,"qwen3_8b_post",0
"1201c738e671a7209726",1,"qwen3_8b_post",0
"06dc609bd41aea8acc3a",1,"qwen3_8b_post",0
"2873a5c227a71195da1d",1,"qwen3_8b_post",0
"7bcbbbbe4b7062b4f611",1,"qwen3_8b_post",0
"d22d91c9635039e213e6",1,"qwen3_8b_post",0
"a0a0c39fec34591a1ac9",1,"qwen3_8b_post",0
"f841ff9db02e4ffa100d",1,"qwen3_8b_post",0
"4b4e765ad69d61c592b7",1,"qwen3_8b_post",0
"77149664b1a017ccf271",1,"qwen3_8b_post",0
"0df0d34bc77e8ed41124",1,"qwen3_8b_post",0
"43c99ec8f634b95ab361",1,"qwen3_8b_post",0
"4c7ff427e9a402b2693f",1,"qwen3_8b_post",0
"c593edec860a555b0235",1,"qwen3_8b_post",0
"da949dacaddeb6e99950",1,"qwen3_8b_post",0
"3e51fae2e4083dad378e",1,"qwen3_8b_post",0
"cc6d90c5a96cf0ca7428",1,"qwen3_8b_post",0
"7b65abfb228ec229ae77",1,"qwen3_8b_post",0
"d1eddda092222165c65d",1,"qwen3_8b_post",0
"c263de7e41c4d13c1a00",1,"qwen3_8b_post",0
"eb097a8730e1b21a5696",1,"qwen3_8b_post",0
"16d3ef28ef4646df264b",1,"qwen3_8b_post",0
"0569eb5fb585ac5aefd6",1,"qwen3_8b_post",0
"63774471ff5f4e9e5ab6",1,"qwen3_8b_post",0
"857e3dcede9895c2aa4c",1,"qwen3_8b_post",0
"1cb7caeaff034644c66d",1,"qwen3_8b_post",0
"1b00329723bc00b307a7",1,"qwen3_8b_post",0
"4996aeca27705bc28921",1,"qwen3_8b_post",0
"a675138f4d7e997f3766",1,"qwen3_8b_post",0
"74b99a3eaf38ec9a858e",1,"qwen3_8b_post",0
"f876cf26238ca052348c",1,"qwen3_8b_post",0
"7f42aa3f694ba13b2c44",1,"qwen3_8b_post",0
"a60e7bd460fd33fb1492",1,"qwen3_8b_post",0
"eeab93cc4c10721d1203",1,"qwen3_8b_post",0
"d5b5cee8c6afbc4828bd",1,"qwen3_8b_post",0
"f3347c0c6f12ef6fb76b",1,"qwen3_8b_post",0
"f280f34a98a672809028",1,"qwen3_8b_post",0
"6a5595fe5089ed18e461",1,"qwen3_8b_post",0
"1ab09221294f1731577e",1,"qwen3_8b_post",0
"de73dfbdfc75caf7cafb",1,"qwen3_8b_post",0
"69d2a223985188a15c30",1,"qwen3_8b_post",0
"45f6e896f42ffbce3c0e",1,"qwen3_8b_post",0
"8872b4c9c1bee44c08eb",1,"qwen3_8b_post",0
"de8b8ae25f28e185446a",1,"qwen3_8b_post",0
"243dbd51789feeb5c7f7",1,"qwen3_8b_post",0
"8e734d08deb56f0bc371",1,"qwen3_8b_post",0
"4380c78a698dde79c5b2",1,"qwen3_8b_post",0
"26b020a76f5c121aa55e",1,"qwen3_8b_post",0
"7ce1371093501af8b577",1,"qwen3_8b_post",0
"306c163c54753079877e",1,"qwen3_8b_post",0
"aed33bf82a75b8207c74",1,"qwen3_8b_post",0
"472a0b29309717c27c7b",1,"qwen3_8b_post",0
"722f28cb6c6d82be7d64",1,"qwen3_8b_post",0
"7597f462695f3da53d62",1,"qwen3_8b_post",0
"f33e26f65cff03b5298c",1,"qwen3_8b_post",0
"82356db7dd17cbb4b343",1,"qwen3_8b_post",0
"2eebf73d24d4a633a6e0",1,"qwen3_8b_post",0
"fda9980a9dc93bb5abec",1,"qwen3_8b_post",0
"01704316b2cafc22b076",1,"qwen3_8b_post",0
"8c4560d1d4d21f250624",1,"qwen3_8b_post",0
"0155719b24ca9d41d708",1,"qwen3_8b_post",0
"38d83a8aa625a0addf35",1,"qwen3_8b_post",0
"f473c7a58b6538c3ce83",1,"qwen3_8b_post",0
"0f6e6391cd67afa7b066",1,"qwen3_8b_post",0
"19877837ce50598420ba",1,"qwen3_8b_post",0
"b4b68965e4d5b36f149e",1,"qwen3_8b_post",0
"dad7fb7e2595d15b67b8",1,"qwen3_8b_post",0
"377f81929cd545fa5538",1,"qwen3_8b_post",0
"bc1642c5c16da1d685ed",1,"qwen3_8b_post",0
"9958fdb2c8f965417005",1,"qwen3_8b_post",0
"260babf248df0cdb8dba",1,"qwen3_8b_post",0
"1acaffa1478904818722",1,"qwen3_8b_post",0
"294b93f1aa8e3ed924bd",1,"qwen3_8b_post",0
"0ef6b8989ea2922cfb2e",1,"qwen3_8b_post",0
"3e8ed956ddcdbfe4b0f8",1,"qwen3_8b_post",0
"e4c389e7d3a2a6d925b2",1,"qwen3_8b_post",0
"5ce6da421955d4a49e00",1,"qwen3_8b_post",0
"5bdde5b4ea41bcf05e7e",1,"qwen3_8b_post",0
"89915f22f39bf0773017",1,"qwen3_8b_post",0
"6b91d951a3dcf11305b8",1,"qwen3_8b_post",0
"1fce38413ca4e23e786d",1,"qwen3_8b_post",0
"9eaeac12732021f556fd",1,"qwen3_8b_post",0
"1ce7b3e2b1137b432010",1,"qwen3_8b_post",0
"39035b47386262be29b7",1,"qwen3_8b_post",0
"1ce84a50d70d32e024ca",1,"qwen3_8b_post",0
"6176ca3d8324ade7f8f9",1,"qwen3_8b_post",0
"b957932af0a20ac3a19a",1,"qwen3_8b_post",0
"7b343a1b474150f2a33e",1,"qwen3_8b_post",0
"d080bdcd1bf615e4b120",1,"qwen3_8b_post",0
"f45b6161d7b46274050d",1,"qwen3_8b_post",0
"4e9bbe3d609ae55135c4",1,"qwen3_8b_post",0
"904b732f3b6805e89ccc",1,"qwen3_8b_post",0
"c6b3d425ed7755775f34",1,"qwen3_8b_post",0
"d19efdb78eea53f9d284",1,"qwen3_8b_post",0
"0be6651e52d42180e194",1,"qwen3_8b_post",0
"1f589d9518a1f5eb910d",1,"qwen3_8b_post",0
"7a040ad7c2be9d0d7c81",1,"qwen3_8b_post",0
"35e42e1bd872b0f7ca70",1,"qwen3_8b_post",0
"5656e91404e4e73e795c",1,"qwen3_8b_post",0
"c32cb80bb2c10dcbc7cc",1,"qwen3_8b_post",0
"f69750574e1ee2c5b417",1,"qwen3_8b_post",0
"9d19c58445a3af4af3f0",1,"qwen3_8b_post",0
"43db1e002c7159b3e8aa",1,"qwen3_8b_post",0
"fe57e9ad0bce768da14a",1,"qwen3_8b_post",0
"4170753d99a874ead62d",1,"qwen3_8b_post",0
"de7b86569dea2a31b0f6",1,"qwen3_8b_post",0
"2bd59b0f2056e0e34792",1,"qwen3_8b_post",0
"cbfee43a81bb991952b6",1,"qwen3_8b_post",0
"0f9b212d8c690541c3aa",1,"qwen3_8b_post",0
"ca4891f697c712909359",1,"qwen3_8b_post",0
"7fa9381962b967f71c2e",1,"qwen3_8b_post",0
"1a5ee135060f311b1e4e",1,"qwen3_8b_post",0
"e025da08d3512be1248b",1,"qwen3_8b_post",0
"17e8f32730ed865c4f7f",1,"qwen3_8b_post",0
"9435959d926ff212ec52",1,"qwen3_8b_post",0
"e92be24a9df661e42429",1,"qwen3_8b_post",0
"79a7f2e24b550e01fd0e",1,"qwen3_8b_post",0
"2c9de326ca056886fae0",1,"qwen3_8b_post",0
"f45c122c1bc2f79b3c80",1,"qwen3_8b_post",0
"42fdd49671617c796b33",1,"qwen3_8b_post",0
"724c00f1885d4d2c543e",1,"qwen3_8b_post",0
"22f4056b458a7bbe278a",1,"qwen3_8b_post",0
"edc90b30d9269811814a",1,"qwen3_8b_post",0
"6cc1d7c17cec1fbea537",1,"qwen3_8b_post",0
"bd0e207c4d765db7c60d",1,"qwen3_8b_post",0
"8b70780e46dea81be9d2",1,"qwen3_8b_post",0
"53a7aa50ac4875f540ef",1,"qwen3_8b_post",0
"99527127461091d73dc2",1,"qwen3_8b_post",0
"108993f88bf05d8bd9dc",1,"qwen3_8b_post",0
"82cc8a37476a3a2f63e2",1,"qwen3_8b_post",0
"fca20c11338303a03940",1,"qwen3_8b_post",0
"3f391420db8cbd23e307",1,"qwen3_8b_post",0
"b5811ec67200fcf5cdac",1,"qwen3_8b_post",0
"7653ffca2183b601b529",1,"qwen3_8b_post",0
"6f494fbbf5d86bfa5667",1,"qwen3_8b_post",0
"0b2d76915639c7505fbf",1,"qwen3_8b_post",0
"980a3b4662413280b42f",1,"qwen3_8b_post",0
"041e5483aa211328531c",1,"qwen3_8b_post",0
"f00bcd1bb29b241e888f",1,"qwen3_8b_post",0
"c80bb00ace92895400ca",1,"qwen3_8b_post",0
"70bbcb982a79561c6dd0",1,"qwen3_8b_post",0
"7a8a0ade543ff75b1cbc",1,"qwen3_8b_post",0
"38167434ee6eb31766c2",1,"qwen3_8b_post",0
"2722bb09291a812020db",1,"qwen3_8b_post",0
"3a89592b76a2eaadfcb4",1,"qwen3_8b_post",0
"3ddde4ff0c539ad2ef86",1,"qwen3_8b_post",0
"79687a0e008ff646784d",1,"qwen3_8b_post",0
"b6a33531f1cd406da3fb",1,"qwen3_8b_post",0
"726800b22c634b2e5606",1,"qwen3_8b_post",0
"ea8789df9b1f66e36163",1,"qwen3_8b_post",0
"8084be8ce137897ab7ce",1,"qwen3_8b_post",0
"219d0ed3308dc4afae47",1,"qwen3_8b_post",0
"bc2a7c6e680bd984e007",1,"qwen3_8b_post",0
"10da3c4cbefab2cbfb50",1,"qwen3_8b_post",0
"be5372aff8edd5363f40",1,"qwen3_8b_post",0
"9cb99dd5e001702913f1",1,"qwen3_8b_post",0
"6dff2bf85d71e2004f80",1,"qwen3_8b_post",0
"56672e900f2bfbd75535",1,"qwen3_8b_post",0
"5dd2726cc55de6a72bdf",1,"qwen3_8b_post",0
"dc6536ce3a79b79eb1fb",1,"qwen3_8b_post",0
"7293af22fc0786895483",1,"qwen3_8b_post",0
"54440d3b8fb36b0308f6",1,"qwen3_8b_post",0
"b81ecea4ab60283f878c",1,"qwen3_8b_post",0
"ceca3184944216c9e561",1,"qwen3_8b_post",0
"9f1fade6a983680f8486",1,"qwen3_8b_post",0
"59ad6880e0194a2cda09",1,"qwen3_8b_post",0
"c0fb61b6c0a7456ed6ad",1,"qwen3_8b_post",0
"af91b1a9195661a2339e",1,"qwen3_8b_post",0
"4d32d02fec038f6eded3",1,"qwen3_8b_post",0
"1b89b1ce18f40089e09c",1,"qwen3_8b_post",0
"989b96a593b1745d2320",1,"qwen3_8b_post",0
"626c954668b5a9e68fc3",1,"qwen3_8b_post",0
"f3029491f2fcc9c93682",1,"qwen3_8b_post",0
"333fd8c8b712adfbdbb7",1,"qwen3_8b_post",0
"c3884cf6fe4f70216376",1,"qwen3_8b_post",0
"687848dd211e2b4a6d1e",1,"qwen3_8b_post",0
"b51c7bc6b945cb00f773",1,"qwen3_8b_post",0
"13041907b65e042e3b2e",1,"qwen3_8b_post",0
"0f7534208e97180144c4",1,"qwen3_8b_post",0
"07e83b43bf88baac267e",1,"qwen3_8b_post",0
"82f433ee88469619fb81",1,"qwen3_8b_post",0
"1dffe3a91a84612f01ad",1,"qwen3_8b_post",0
"7e46e3e99d1a5eb9ee87",1,"qwen3_8b_post",0
"4ee4ef2a4cfe232f1cb3",1,"qwen3_8b_post",0
"3ca9fa23050b833dad19",1,"qwen3_8b_post",0
"eef26a574bc3f748c329",1,"qwen3_8b_post",0
"43f8f96f9d878f91656e",1,"qwen3_8b_post",0
"75cc9835f99b7b124ec9",1,"qwen3_8b_post",0
"4f85b8e0d68e4d2fcd34",1,"qwen3_8b_post",0
"bd35e73cafa3213beb2b",1,"qwen3_8b_post",0
"b06f7136eae69522f369",1,"qwen3_8b_post",0
"6b45a7af132029797270",1,"qwen3_8b_post",0
"1d87291872c3d16ba2b8",1,"qwen3_8b_post",0
"a36ae64a5d999b28e608",1,"qwen3_8b_post",0
"845f77b4f0c7a602ae51",1,"qwen3_8b_post",0
"d2dae11e44d64e264c3e",1,"qwen3_8b_post",0
"1209da69374ee95504f7",1,"qwen3_8b_post",0
"bbdb4700cd9882438c7b",1,"qwen3_8b_post",0
"31856ffd415654637cd2",1,"qwen3_8b_post",0
"7dda5d6b16a3995865ce",1,"qwen3_8b_post",0
"fa92c470bb965e4715ed",1,"qwen3_8b_post",0
"6e901c30d62ba904bf4a",1,"qwen3_8b_post",0
"a6c3410177af4bf4b91a",1,"qwen3_8b_post",0
"bd311249ed63dcbefb94",1,"qwen3_8b_post",0
"677c4a0eeb0715004ac9",1,"qwen3_8b_post",0
"5fe8d9f0e16a7b14f335",1,"qwen3_8b_post",0
"ce982fbe78d123116815",1,"qwen3_8b_post",0
"0d72815f8590f4e82e6e",1,"qwen3_8b_post",0
"858f1fcf45ff8b095298",1,"qwen3_8b_post",0
"d939649db5f987a4cdf9",1,"qwen3_8b_post",0
"a5f0b398163f2804e58e",1,"qwen3_8b_post",0
"8c9c13fef2cf875aeae6",1,"qwen3_8b_post",0
"545800e23c1fb600f2b3",1,"qwen3_8b_post",0
"d580d3ac5b03eaa495a8",1,"qwen3_8b_post",0
"72950af45b132c27eb94",1,"qwen3_8b_post",0
"77a65118af2ce10b354c",1,"qwen3_8b_post",0
"5900565be1cc9eefff5f",1,"qwen3_8b_post",0
"4f6bf40051a507143bb9",1,"qwen3_8b_post",0
"93eeaac2a3bfb4e75154",1,"qwen3_8b_post",0
"d21d458b7f828ec94ab5",1,"qwen3_8b_post",0
"f11e9a78008d11503444",1,"qwen3_8b_post",0
"12cfa7eadbd1051cb21a",1,"qwen3_8b_post",0
"bef320dc4baaeb152df3",1,"qwen3_8b_post",0
"1f4526fb400f44c1dde1",1,"qwen3_8b_post",0
"09da15f89ed44eaebcae",1,"qwen3_8b_post",0
"bce1f19220b5692feee6",1,"qwen3_8b_post",0
"c7a164f0b97c849266dc",1,"qwen3_8b_post",0
"86d23ca4df69a69ed3f9",1,"qwen3_8b_post",0
"30efd0f7741d0f2ada60",1,"qwen3_8b_post",0
"7d8df6117944b59fd38e",1,"qwen3_8b_post",0
"19dd550427b72a8bea24",1,"qwen3_8b_post",0
"9a5f2641d387cfef9c47",1,"qwen3_8b_post",0
"27985b8839ad60c03103",1,"qwen3_8b_post",0
"9811a76cdc76a874a7cc",1,"qwen3_8b_post",0
"7e384fa14b71f3d0702c",1,"qwen3_8b_post",0
"49d86f25b14592aec91a",1,"qwen3_8b_post",0
"8ab12dd4c2566f5ceab5",1,"qwen3_8b_post",0
"f6f50324ffbb7ca589c7",1,"qwen3_8b_post",0
"060959025172c13381a6",1,"qwen3_8b_post",0
"6acd15b70efae74d0014",1,"qwen3_8b_post",0
"fecd8b459d05dcd562ec",1,"qwen3_8b_post",0
"054af07540332e072a16",1,"qwen3_8b_post",0
"5ad1fd3df9a871ff1391",1,"qwen3_8b_post",0
"1a3c1c9f17ac349485ae",1,"qwen3_8b_post",0
"459a0c8a800a5a366486",1,"qwen3_8b_post",0
"20996c6456e300d6e693",1,"qwen3_8b_post",0
"019362b671fd51bbd82f",1,"qwen3_8b_post",0
"d0a5b9b7a72de2548b4a",1,"qwen3_8b_post",0
"e4db3464baf52e5c2a2c",1,"qwen3_8b_post",0
"1054158cd75188282b73",1,"qwen3_8b_post",0
"4324fafbcee0c71ac359",1,"qwen3_8b_post",0
"30f25e96cd166dd1361f",1,"qwen3_8b_post",0
"f58b4f23f01af4175868",1,"qwen3_8b_post",0
"7ab5b22e130a63121d15",1,"qwen3_8b_post",0
"0a48f3058bb6a40b2d2a",1,"qwen3_8b_post",0
"bed05bb5b9c51c2ab3b5",1,"qwen3_8b_post",0
"bcabb9951940a8dde089",1,"qwen3_8b_post",0
"10bd644eb7bba5eb61b1",1,"qwen3_8b_post",0
"44bf2dd2040ef67892db",1,"qwen3_8b_post",0
"1b3271429817307aa91f",1,"qwen3_8b_post",0
"10c55cb46624506baca7",1,"qwen3_8b_post",0
"16bc3c648f52ab045a20",1,"qwen3_8b_post",0
"b5cc6d9a3ffb654cf942",1,"qwen3_8b_post",0
"3a5dabded694220d7edb",1,"qwen3_8b_post",0
"8eb13f9731fa2b03f3a0",1,"qwen3_8b_post",0
"cb39b9c95c5daaf36a80",1,"qwen3_8b_post",0
"dd3df962fb512c47b99e",1,"qwen3_8b_post",0
"2b4840873edff60a2698",1,"qwen3_8b_post",0
"7695df7d7b9ebe6a4770",1,"qwen3_8b_post",0
"1aa9d7be6fcf07cfe521",1,"qwen3_8b_post",0
"69749404688ddd260155",1,"qwen3_8b_post",0
"afe3e2fca3264bd62656",1,"qwen3_8b_post",0
"68e47a6bf21ca5eda5a4",1,"qwen3_8b_post",0
"2eb7bc4aafda9f6897fa",1,"qwen3_8b_post",0
"03bf01cc0fb9fb9f6e24",1,"qwen3_8b_post",0
"e9305389056058a1faf6",1,"qwen3_8b_post",0
"05b0887363c3075f52cd",1,"qwen3_8b_post",0
"98c5d97bc1e138ab3f53",1,"qwen3_8b_post",0
"54b768484070541f0a3d",1,"qwen3_8b_post",0
"4c6b682fee5da51499cd",1,"qwen3_8b_post",0
"59228108db9ff370b3c4",1,"qwen3_8b_post",0
"ed8ac6400351e955c93f",1,"qwen3_8b_post",0
"6c49ad0f702fbd8edfeb",1,"qwen3_8b_post",0
"0ca95059bb207a337173",1,"qwen3_8b_post",0
"0984e5eba3f237eda8c7",1,"qwen3_8b_post",0
"e238e663f93c71dcb3b1",1,"qwen3_8b_post",0
"ef44c5a332488cb495a5",1,"qwen3_8b_post",0
"497bf5e6ccdee404cb29",1,"qwen3_8b_post",0
"f115dfe92e8f22b7fdaa",1,"qwen3_8b_post",0
"bcb52104fdf7b1183426",1,"qwen3_8b_post",0
"a1253393a5768995b9b3",1,"qwen3_8b_post",0
"34f186276ca3c1ad6f76",1,"qwen3_8b_post",0
"f5b0b9aacdd5ece1cef7",1,"qwen3_8b_post",0
"4b27a46ec1f2d8684a74",1,"qwen3_8b_post",0
"fcb1fea7fa0aaad5fe81",1,"qwen3_8b_post",0
"f35fedc66ef50f99e217",1,"qwen3_8b_post",0
"b17af9509ca3ba3828a2",1,"qwen3_8b_post",0
"d797d42f970e89eaf92b",1,"qwen3_8b_post",0
"177db140c9e3dd1c1c21",1,"qwen3_8b_post",0
"d7a26f19da667dff67e0",1,"qwen3_8b_post",0
"0f551234f564dc8f9b87",1,"qwen3_8b_post",0
"e39d2ebd0076525eda9a",1,"qwen3_8b_post",0
"23a60fb8249c7d54caf5",1,"qwen3_8b_post",0
"d316be4037da0c430632",1,"qwen3_8b_post",0
"a5cb493a286443b25091",1,"qwen3_8b_post",0
"b31b02d43edb22857532",1,"qwen3_8b_post",0
"9ebee21149d9520f7f06",1,"qwen3_8b_post",0
"462240feb1bfc6980e87",1,"qwen3_8b_post",0
"8cb95733f95f1fbe2de4",1,"qwen3_8b_post",0
"22da42f535a1d9fd14b4",1,"qwen3_8b_post",0
"1af3ed6fca4bf98c61cd",1,"qwen3_8b_post",0
"a152e76acaeec8dce344",1,"qwen3_8b_post",0
"87f3e096b7ca08b83ead",1,"qwen3_8b_post",0
"21e2222acc66dd38c6f3",1,"qwen3_8b_post",0
"7db2fad716cb8ae7fe15",1,"qwen3_8b_post",0
"33612fb150f72cfb208e",1,"qwen3_8b_post",0
"182a16551ac83a5342a9",1,"qwen3_8b_post",0
"85635af5604b903c8810",1,"qwen3_8b_post",0
"22ff5170a8957624dd86",1,"qwen3_8b_post",0
"6a344796a2920b2bcafc",1,"qwen3_8b_post",0
"30d3b0b59b95a487cddb",1,"qwen3_8b_post",0
"1510933f8c1916fcc82d",1,"qwen3_8b_post",0
"84ebb97c5078ad982618",1,"qwen3_8b_post",0
"22d466f07a1799c7467b",1,"qwen3_8b_post",0
"e6c35b9383cbae6cdbb9",1,"qwen3_8b_post",0
"47c39f83b1611c69a5e4",1,"qwen3_8b_post",0
"173f004f35a21cd8e637",1,"qwen3_8b_post",0
"c8da86769f189c2de03e",1,"qwen3_8b_post",0
"fd0af73b4286d2ec5eb5",1,"qwen3_8b_post",0
"e8b0da2b5964d0763b5a",1,"qwen3_8b_post",0
"2aff852b81fcdd3802d6",1,"qwen3_8b_post",0
"cce2531bf121e38c0141",1,"qwen3_8b_post",0
"9d3a0d821a3f8a815458",1,"qwen3_8b_post",0
"c22c98d7bd0c3b83803b",1,"qwen3_8b_post",0
"029445dbf926578ef336",1,"qwen3_8b_post",0
"0f7e5a636830f5a1eeb8",1,"qwen3_8b_post",0
"55c138502bf3bb6c6da9",1,"qwen3_8b_post",0
"5f1119f4463f3afc7cda",1,"qwen3_8b_post",0
"e52915a7afcfce5a9b92",1,"qwen3_8b_post",0
"6c0ad4211733b9a7aa65",1,"qwen3_8b_post",0
"6bb7a2f69098743730fd",1,"qwen3_8b_post",0
"c3b0ca6e66ffa2327087",1,"qwen3_8b_post",0
"1251788f12d2e28c2d5b",1,"qwen3_8b_post",0
"f47399d2bfffe00683cf",1,"qwen3_8b_post",0
"c37de23c118281fc8303",1,"qwen3_8b_post",0
"e49058864ace39b64df1",1,"qwen3_8b_post",0
"67faed03cdada586273c",1,"qwen3_8b_post",0
"e1f2ee293cf8617d3490",1,"qwen3_8b_post",0
"d0113c4551e2b284ad71",1,"qwen3_8b_post",0
"e58ac8cfed8c70b5d1d2",1,"qwen3_8b_post",0
"42dc235dc6edda49f4d6",1,"qwen3_8b_post",0
"0d3c85e33b08273cf2d0",1,"qwen3_8b_post",0
"1953c963145d41b00c09",1,"qwen3_8b_post",0
"4ce229a25bb986fd9622",1,"qwen3_8b_post",0
"a54ca5540396961c230b",1,"qwen3_8b_post",0
"1ea6349808bff5c20eb9",1,"qwen3_8b_post",0
"3e4c311887de776dfb4b",1,"qwen3_8b_post",0
"65f6c31a3f9b40e27f50",1,"qwen3_8b_post",0
"3beb6a2b5b53b5495144",1,"qwen3_8b_post",0
"39219d3688cdb72ebc45",1,"qwen3_8b_post",0
"7ef2596d636503fe390d",1,"qwen3_8b_post",0
"d28e48a845198c7cf693",1,"qwen3_8b_post",0
"1ddf9b86a4d03c8b8604",1,"qwen3_8b_post",0
"15a1d4e796fe174ee8be",1,"qwen3_8b_post",0
"f23d73344b373ef4e682",1,"qwen3_8b_post",0
"d6d3d4b1efe40965171f",1,"qwen3_8b_post",0
"3107f57ff2821eee8c94",1,"qwen3_8b_post",0
"d4b8048b8848c4efac2e",1,"qwen3_8b_post",0
"d69e3b9d04c792c08940",1,"qwen3_8b_post",0
"3d2805d94b545a695913",1,"qwen3_8b_post",0
"a8d055ef6aa646b588f5",1,"qwen3_8b_post",0
"12b3939d92c7ded6658d",1,"qwen3_8b_post",0
"b938d803a10189a4c111",1,"qwen3_8b_post",0
"90327bd2f7bc1be62756",1,"qwen3_8b_post",0
"0cb13c50476ee017ef34",1,"qwen3_8b_post",0
"2bf1089ef94df38a52b8",1,"qwen3_8b_post",0
"c5ca7b4f292adb2c4e74",1,"qwen3_8b_post",0
"f1e7c5f931aba5c56d97",1,"qwen3_8b_post",0
"90992fd81ad825f06fd2",1,"qwen3_8b_post",0
"4dc443e9f1f9f7d95fef",1,"qwen3_8b_post",0
"8b3b0aee20a36d9e8921",1,"qwen3_8b_post",0
"94d181f28aac7e728de4",1,"qwen3_8b_post",0
"fb558b996a75abad353b",1,"qwen3_8b_post",0
"29eb881b17c20cd6edbb",1,"qwen3_8b_post",0
"7bd5680af5e843ad29f0",1,"qwen3_8b_post",0
"c1a4d332469129a68087",1,"qwen3_8b_post",0
"2b7b20fa5ab444cb2132",1,"qwen3_8b_post",0
"b4eed412cfba88b08ca7",1,"qwen3_8b_post",0
"8fa43acf4889c5d7f20b",1,"qwen3_8b_post",0
"bd4b71848170adca82fa",1,"qwen3_8b_post",0
"b979a95e5d1d63354970",1,"qwen3_8b_post",0
"7373c205ca23ceca27c6",1,"qwen3_8b_post",0
"dbc88273db44eb358ca1",1,"qwen3_8b_post",0
"9cfc6a06a4e6eeef74dc",1,"qwen3_8b_post",0
"ee87ba739e70eac90340",1,"qwen3_8b_post",0
"baf77b0beeeca13600b4",1,"qwen3_8b_post",0
"5aad520b8ce2ed3d09bf",1,"qwen3_8b_post",0
"811868fe550286b847e5",1,"qwen3_8b_post",0
"0b9163b4989cae890940",1,"qwen3_8b_post",0
"5d63b03b2cd53233cad3",1,"qwen3_8b_post",0
"7cc0dd1f51acf2395710",1,"qwen3_8b_post",0
"e524684fd0f19147de20",1,"qwen3_8b_post",0
"d7f245b67666b14fc1ce",1,"qwen3_8b_post",0
"1488d21c0040c530a050",1,"qwen3_8b_post",0
"dfb9a4923f6b5568ed5b",1,"qwen3_8b_post",0
"1cc4da3f304d05b627f9",1,"qwen3_8b_post",0
"c40650589e3f6ae6b9ac",1,"qwen3_8b_post",0
"a567e450a2022ab5f0d4",1,"qwen3_8b_post",0
"27259deb62cd50f01d51",1,"qwen3_8b_post",0
"c72b1ca1c44ef6b69a1b",1,"qwen3_8b_post",0
"bc1a706e46b4d51782d5",1,"qwen3_8b_post",0
"a6347659248903afa1c2",1,"qwen3_8b_post",0
"49cbfb81245195991cb1",1,"qwen3_8b_post",0
"09a10f561b156084e159",1,"qwen3_8b_post",0
"7ada5c3453112f874cd6",1,"qwen3_8b_post",0
"b40d8d31b72cc811ccbe",1,"qwen3_8b_post",0
"16bc71733b4bcdfc49fc",1,"qwen3_8b_post",0
"a5e9c810062ec5d844c6",1,"qwen3_8b_post",0
"a125ee2831a151b47a4e",1,"qwen3_8b_post",0
"a8796dfbea85cf0df4f6",1,"qwen3_8b_post",0
"e606d247e1fa28b98d88",1,"qwen3_8b_post",0
"a0416457c2523edec49e",1,"qwen3_8b_post",0
"8d73688f4a6870bfdba5",1,"qwen3_8b_post",0
"96b9e78fa7a54c2264eb",1,"qwen3_8b_post",0
"c9a46d625e89ffa8274b",1,"qwen3_8b_post",0
"d3ba9290eb374664867f",1,"qwen3_8b_post",0
"735a26e8c2ca20d5e428",1,"qwen3_8b_post",0
"4fb288df9040cf451fca",1,"qwen3_8b_post",0
"13d2a3cbfb636a541a85",1,"qwen3_8b_post",0
"d53caefed69f795ecc99",1,"qwen3_8b_post",0
"4fe521de6d458898ee9f",1,"qwen3_8b_post",0
"74997ff25f15e83e8e70",1,"qwen3_8b_post",0
"ed9c7e91fe1c85db75c3",1,"qwen3_8b_post",0
"88904aee80cdf6c17963",1,"qwen3_8b_post",0
"13464bc65717f925e642",1,"qwen3_8b_post",0
"6467ba6f7cc5aae00e02",1,"qwen3_8b_post",0
"41c6120b932b4308338d",1,"qwen3_8b_post",0
"d938aa0d566aa61db97d",1,"qwen3_8b_post",0
"d3f1755591a6146b154c",1,"qwen3_8b_post",0
"4558217d82616325b8ea",1,"qwen3_8b_post",0
"ecb6de444a53b1a9a15f",1,"qwen3_8b_post",0
"46554de8ecb18e943cbb",1,"qwen3_8b_post",0
"7ea1be295e46da6fa947",1,"qwen3_8b_post",0
"423d128824294662aa17",1,"qwen3_8b_post",0
"1c3c898ec0dbc7e41213",1,"qwen3_8b_post",0
"beb6bb6f341fc3d907fd",1,"qwen3_8b_post",0
"dc4bc73dee744fe16fed",1,"qwen3_8b_post",0
"5752052df3ea976a885d",1,"qwen3_8b_post",0
"2dc4fb720187b1957010",1,"qwen3_8b_post",0
"1ffedac11f6ed7a38fca",1,"qwen3_8b_post",0
"15629a747de82e845d40",1,"qwen3_8b_post",0
"4afd712de059f801d3c1",1,"qwen3_8b_post",0
"ffb7708194714e122719",1,"qwen3_8b_post",0
"9c5b4bff6bcc2134b56d",1,"qwen3_8b_post",0
"8f2553f2eb9276ce89b6",1,"qwen3_8b_post",0
"68e9f641110ad933b57e",1,"qwen3_8b_post",0
"b803bf21115225bdd7b7",1,"qwen3_8b_post",0
"519f9e5ee6a24bdc3ecc",1,"qwen3_8b_post",0
"54dfaf1ea66f90cba1d0",1,"qwen3_8b_post",0
"6d70117aaa5d80f9cfa4",1,"qwen3_8b_post",0
"e49446ddeeed83865a76",1,"qwen3_8b_post",0
"f228c4aa6c6a574430cc",1,"qwen3_8b_post",0
"b0fe67c3dea20398df98",1,"qwen3_8b_post",0
"c03f4745e03bdaab17f4",1,"qwen3_8b_post",0
"51fdacd5aeb4bbcdf187",1,"qwen3_8b_post",0
"da02da973b4a388743bb",1,"qwen3_8b_post",0
"80db6ce347087e332194",1,"qwen3_8b_post",0
"0e47bc05b941990a0745",1,"qwen3_8b_post",0
"bbb8ef35d782d3bf8908",1,"qwen3_8b_post",0
"81992fb3e4815862482a",1,"qwen3_8b_post",0
"26fe5720532703e909e9",1,"qwen3_8b_post",0
"0143439139b20b0b982d",1,"qwen3_8b_post",0
"6ff8fd3bba3f08ce040a",1,"qwen3_8b_post",0
"9624b4178933b2c3133c",1,"qwen3_8b_post",0
"0ea089bc20332667cbce",1,"qwen3_8b_post",0
"c21b0ea047e9290b43ee",1,"qwen3_8b_post",0
"569565355a874065aef1",1,"qwen3_8b_post",0
"f902f13a8bbc0af6d827",1,"qwen3_8b_post",0
"42e536e9e2945263ee7f",1,"qwen3_8b_post",0
"fff03f165f636e03d877",1,"qwen3_8b_post",0
"cd1f2503ba014ebc4a8c",1,"qwen3_8b_post",0
"3034114dfdd2382e515f",1,"qwen3_8b_post",0
"0e93f39993c50aeef85c",1,"qwen3_8b_post",0
"d52a8ebadb45b6b33842",1,"qwen3_8b_post",0
"381dc061706f2504f38b",1,"qwen3_8b_post",0
"deaea64208c0b535afee",1,"qwen3_8b_post",0
"9a3d6e87a2592847ecbe",1,"qwen3_8b_post",0
"5411460023b3a8d81e36",1,"qwen3_8b_post",0
"8737a2cfa89db2876e3d",1,"qwen3_8b_post",0
"880dc38a7643df778f3a",1,"qwen3_8b_post",0
"c255fed703745ebd65e1",1,"qwen3_8b_post",0
"45dac41aadec25a55de8",1,"qwen3_8b_post",0
"d47c90054684764308d7",1,"qwen3_8b_post",0
"b39ee83c98d1074c82f0",1,"qwen3_8b_post",0
"d8ec5658f783a0b7b58f",1,"qwen3_8b_post",0
"6a1199dadbea5af909fd",1,"qwen3_8b_post",0
"3e72174878eb25041517",1,"qwen3_8b_post",0
"af40c8135568673952de",1,"qwen3_8b_post",0
"5559c5af253d188c37da",1,"qwen3_8b_post",0
"187bdd4452e9773f271a",1,"qwen3_8b_post",0
"73955ede39bef953017f",1,"qwen3_8b_post",0
"11dbadae45d94c21707d",1,"qwen3_8b_post",0
"36141be41006583e5d51",1,"qwen3_8b_post",0
"aef91e1c2d381508437b",1,"qwen3_8b_post",0
"ca70f6c09971f90a02ad",1,"qwen3_8b_post",0
"548eda6951d3c6f0479b",1,"qwen3_8b_post",0
"0318bed8b5198787fa1e",1,"qwen3_8b_post",0
"fe798eac422999d2d3b6",1,"qwen3_8b_post",0
"bec844caa7cc64560b3f",1,"qwen3_8b_post",0
"291a210c311d63633b3d",1,"qwen3_8b_post",0
"01f57f3d6eeb56942dc2",1,"qwen3_8b_post",0
"02db2d95936e84e6604e",1,"qwen3_8b_post",0
"2fa70a6f78ecd989427c",1,"qwen3_8b_post",0
"620a012c04d6bd892611",1,"qwen3_8b_post",0
"2a83c956bf0c407dac10",1,"qwen3_8b_post",0
"d2c884b921433a7aa9dc",1,"qwen3_8b_post",0
"8ae6037f36707d51ebe8",1,"qwen3_8b_post",0
"4c68099401d3d42c8a90",1,"qwen3_8b_post",0
"7d287ff9732f4062d2e2",1,"qwen3_8b_post",0
"06abf90406b4cc5e02be",1,"qwen3_8b_post",0
"c6b1ee0258adebcf42b6",1,"qwen3_8b_post",0
"3261cbca52226e85cd04",1,"qwen3_8b_post",0
"2c366fffeea5671fccd5",1,"qwen3_8b_post",0
"5ef7afec6ca50b1c93a3",1,"qwen3_8b_post",0
"1830a01fbdfcd31ab457",1,"qwen3_8b_post",0
"673f0456b67ee4efaacc",1,"qwen3_8b_post",0
"fe24099fd3e2ee11f1e9",1,"qwen3_8b_post",0
"b801483f3761bf67cadd",1,"qwen3_8b_post",0
"e0bd295eef4606146654",1,"qwen3_8b_post",0
"2853686cf504b25958cd",1,"qwen3_8b_post",0
"ce84f9845b0a4d1779d6",1,"qwen3_8b_post",0
"fa85bd9eb2f9a36a5e9b",1,"qwen3_8b_post",0
"b2f0093364726cfe115a",1,"qwen3_8b_post",0
"af12d105ef0a14706cfc",1,"qwen3_8b_post",0
"55327b2aa106243068f4",1,"qwen3_8b_post",0
"21f126109c51e46f2b5d",1,"qwen3_8b_post",0
"00b11ea74a3c3af391d4",1,"qwen3_8b_post",0
"7c2e825a3d34243062b8",1,"qwen3_8b_post",0
"0c3a8c8b1ed064fd35c1",1,"qwen3_8b_post",0
"344542024bd67fa538ec",1,"qwen3_8b_post",0
"6d2026f4987cc21a3d8c",1,"qwen3_8b_post",0
"0fef8ae62d76591f1bda",1,"qwen3_8b_post",0
"665249f20d393077e9eb",1,"qwen3_8b_post",0
"3b5d90d7b0c61bcf24ea",1,"qwen3_8b_post",0
"be60bcd01c8451a1700b",1,"qwen3_8b_post",0
"18ce05c1c227acdd52c6",1,"qwen3_8b_post",0
"9119dd68e0cd5c22f8fc",1,"qwen3_8b_post",0
"93ea36e65c115a182660",1,"qwen3_8b_post",0
"7eaafcfffea9592a1062",1,"qwen3_8b_post",0
"5bf71add20314ff4894a",1,"qwen3_8b_post",0
"d828131f4209b62484cc",1,"qwen3_8b_post",0
"e5dc359e404fb3ae4a28",1,"qwen3_8b_post",0
"d2549fb5a4fc0655bb84",1,"qwen3_8b_post",0
"8108cb3ffca0a1b2024a",1,"qwen3_8b_post",0
"173acc43205173c091aa",1,"qwen3_8b_post",0
"010d179da02a08742dee",1,"qwen3_8b_post",0
"b268dbe9fb7eeeaa4c34",1,"qwen3_8b_post",0
"3aaf5718c699f6b68e6e",1,"qwen3_8b_post",0
"cac3da517d1127539c83",1,"qwen3_8b_post",0
"7990ec91c872bf389566",1,"qwen3_8b_post",0
"4b8c0c6b8819435e7818",1,"qwen3_8b_post",0
"d5aa2fcba7ec16a20b33",1,"qwen3_8b_post",0
"294cbf4a636a4f35027e",1,"qwen3_8b_post",0
"ab4c2ce201431e308894",1,"qwen3_8b_post",0
"bb7e4b08f26f05fedd21",1,"qwen3_8b_post",0
"11c583f9c8b6d37d7c8a",1,"qwen3_8b_post",0
"eb62e0d1f0866783c30a",1,"qwen3_8b_post",0
"020bc998951e996c18f5",1,"qwen3_8b_post",0
"76d89b0474421f618725",1,"qwen3_8b_post",0
"c681a1ea6f8e53bb71e4",1,"qwen3_8b_post",0
"0795e974b3b069397303",1,"qwen3_8b_post",0
"affa2f9762c7a1e55c71",1,"qwen3_8b_post",0
"c9e9f26773e6ce5a6380",1,"qwen3_8b_post",0
"495f55406f49afacc10a",1,"qwen3_8b_post",0
"45adad13f4ce48a6484b",1,"qwen3_8b_post",0
"e949d7b29e0ab1f08888",1,"qwen3_8b_post",0
"303ffbd9e2715fc73a2e",1,"qwen3_8b_post",0
"c7935b7e81c5e48483b4",1,"qwen3_8b_post",0
"7386516164bba96e4015",1,"qwen3_8b_post",0
"aeb5eb6efd1287245391",1,"qwen3_8b_post",0
"55b89ff975bf301eb0a0",1,"qwen3_8b_post",0
"79f291df70406bb1c08c",1,"qwen3_8b_post",0
"e178a0fadbf31f38c334",1,"qwen3_8b_post",0
"c10f9594b18f7946f42c",1,"qwen3_8b_post",0
"3e61b4e18132b056edd6",1,"qwen3_8b_post",0
"3a4a4e8e4805046f8cf9",1,"qwen3_8b_post",0
"127c53d58dacbf886b42",1,"qwen3_8b_post",0
"f3d645d7149598a0bfbf",1,"qwen3_8b_post",0
"d37f595d3e934401d795",1,"qwen3_8b_post",0
"4741326f182bba9b4b06",1,"qwen3_8b_post",0
"c11d4701dc071796cc0f",1,"qwen3_8b_post",0
"8b925601a72f555733e1",1,"qwen3_8b_post",0
"1e464b9076abe6043f24",1,"qwen3_8b_post",0
"c130503f46a363bbb44b",1,"qwen3_8b_post",0
"3cb138c311077647082f",1,"qwen3_8b_post",0
"416ced9419a9e8ee935e",1,"qwen3_8b_post",0
"6ff5bc06ba5af2dc3df9",1,"qwen3_8b_post",0
"c9d4136cfa886a1f8d32",1,"qwen3_8b_post",0
"a895739faa09289de030",1,"qwen3_8b_post",0
"a7b788cffe35ec4d87c3",1,"qwen3_8b_post",0
"217184f7edea658c5f9a",1,"qwen3_8b_post",0
"46808454a74681bf75cd",1,"qwen3_8b_post",0
"8bfc2dd9b44c13436699",1,"qwen3_8b_post",0
"f0cfb6e86c18aa03764c",1,"qwen3_8b_post",0
"8083d7bc896b67edcb13",1,"qwen3_8b_post",0
"26d772b43260066c09bc",1,"qwen3_8b_post",0
"27193f62149e0ed1f508",1,"qwen3_8b_post",0
"6038029698e6ef8267cb",1,"qwen3_8b_post",0
"d5dec38410273db26bc4",1,"qwen3_8b_post",0
"cf394c0423438f895c16",1,"qwen3_8b_post",0
"837118ec83f0bb6a391f",1,"qwen3_8b_post",0
"661272ccdf215a045b24",1,"qwen3_8b_post",0
"deab6c97763ce75bcea5",1,"qwen3_8b_post",0
"fb6b8dcd96114aa7c725",1,"qwen3_8b_post",0
"b6092ad832e78bbe7c1b",1,"qwen3_8b_post",0
"f9d9817ff26259974471",1,"qwen3_8b_post",0
"3f6e8300628348e96726",1,"qwen3_8b_post",0
"75806f32860d5f8a452b",1,"qwen3_8b_post",0
"6a69583ec3a686969249",1,"qwen3_8b_post",0
"cb1e55e2a42781defe0a",1,"qwen3_8b_post",0
"bbcd13ed2f00c6abb21f",1,"qwen3_8b_post",0
"43546e082cc34d3cbf01",1,"qwen3_8b_post",0
"4d3dc921bcb62eaa1f31",1,"qwen3_8b_post",0
"32490a05c2e0b5007b6c",1,"qwen3_8b_post",0
"741abec13786cfb55599",1,"qwen3_8b_post",0
"41e1f30a752eb26b2f41",1,"qwen3_8b_post",0
"e5af004ba2bced6ee299",1,"qwen3_8b_post",0
"208fe2913ea7084f5b77",1,"qwen3_8b_post",0
"93b942a305a1956fe8df",1,"qwen3_8b_post",0
"6b9338307af3c3f7ee0c",1,"qwen3_8b_post",0
"502fd3531abee4af8301",1,"qwen3_8b_post",0
"34ccce3422baebfcd8a6",1,"qwen3_8b_post",0
"891a09f066049374bbde",1,"qwen3_8b_post",0
"6269f5f3a90544e13375",1,"qwen3_8b_post",0
"514fdc8b065b2d7a2cc5",1,"qwen3_8b_post",0
"89bfab08a5eb7ab4bc9a",1,"qwen3_8b_post",0
"83b69ffaeb96d1416aec",1,"qwen3_8b_post",0
"ff9742ff6fb04c6a00cf",1,"qwen3_8b_post",0
"09fb3eb460fefc759f8b",1,"qwen3_8b_post",0
"141d154aef3a2b320cc8",1,"qwen3_8b_post",0
"cb141401bbd53d759653",1,"qwen3_8b_post",0
"6f5ba1805b85753d2085",1,"qwen3_8b_post",0
"6fc79f7ec9aeb3a70f76",1,"qwen3_8b_post",0
"8691d497455a4ba15c66",1,"qwen3_8b_post",0
"667e5893c25296317e35",1,"qwen3_8b_post",0
"40a0320743321e7f55ec",1,"qwen3_8b_post",0
"10fafdfceb1186392cb0",1,"qwen3_8b_post",0
"8b1370c4c4541890f606",1,"qwen3_8b_post",0
"cc7c6c6711720fe97556",1,"qwen3_8b_post",0
"eff1a411575596c23825",1,"qwen3_8b_post",0
"99f9a7cc4e9e2a1df9ff",1,"qwen3_8b_post",0
"b20f138e08e61ee6d537",1,"qwen3_8b_post",0
"0c6e258324a0fc222d90",1,"qwen3_8b_post",0
"062852ad0a9b1f919888",1,"qwen3_8b_post",0
"3fdc7140253176b3e459",1,"qwen3_8b_post",0
"c53b24b2fd60d78e9a73",1,"qwen3_8b_post",0
"0d2fcadf3faa6b6aa06a",1,"qwen3_8b_post",0
"51e6c722420833ae2b25",1,"qwen3_8b_post",0
"8ec3512d0ffab76a2fb0",1,"qwen3_8b_post",0
"690589e78ca46071e3e1",1,"qwen3_8b_post",0
"3ac7dbdb98b1f0c0fb91",1,"qwen3_8b_post",0
"9640ce9cb97d00572d6c",1,"qwen3_8b_post",0
"d63abee874697d7faa38",1,"qwen3_8b_post",0
"590fee3b94d4284f6562",1,"qwen3_8b_post",0
"0bf2e5fb76a35a874ffd",1,"qwen3_8b_post",0
"942a79ceebfad19778d8",1,"qwen3_8b_post",0
"b5b8d828151f9be19a94",1,"qwen3_8b_post",0
"fd5923b0842c3651b6e5",1,"qwen3_8b_post",0
"ba21c9a0d03ec1d73151",1,"qwen3_8b_post",0
"7db7b533167e76864f03",1,"qwen3_8b_post",0
"b7ae4cbd21a92094f7b9",1,"qwen3_8b_post",0
"e50353ef236cd6644ab4",1,"qwen3_8b_post",0
"b5e427b274604b2cbe9b",1,"qwen3_8b_post",0
"8bab0b83b2731b06125b",1,"qwen3_8b_post",0
"ef54239b0c9ec0aaaa1e",1,"qwen3_8b_post",0
"9634b2268eebc6c385b9",1,"qwen3_8b_post",0
"b7d3cfffa4c0a87a85f0",1,"qwen3_8b_post",0
"0482c8d7f68e349acac1",1,"qwen3_8b_post",0
"7fdb4d8b7ecbc8b0a3d6",1,"qwen3_8b_post",0
"4c3567e6a6e810248dcc",1,"qwen3_8b_post",0
"d4b2ad20526743fa5312",1,"qwen3_8b_post",0
"6edc52f22bc4e5ac367f",1,"qwen3_8b_post",0
"f8394be86e016de95cff",1,"qwen3_8b_post",0
"4560c2b72be89084de08",1,"qwen3_8b_post",0
"f8fbfe9e569985566053",1,"qwen3_8b_post",0
"f267aeea3b333a9ededd",1,"qwen3_8b_post",0
"761f06f779c3f0ac7146",1,"qwen3_8b_post",0
"9872849ee65642b1f13e",1,"qwen3_8b_post",0
"77823611a9fdde955b1f",1,"qwen3_8b_post",0
"02c4c89ac06038391343",1,"qwen3_8b_post",0
"4740b9cfbf82d1725bb4",1,"qwen3_8b_post",0
"298ad37d4b843c0babd5",1,"qwen3_8b_post",0
"6d869582f7f50a053df5",1,"qwen3_8b_post",0
"c77a043c8369c6ba8bcd",1,"qwen3_8b_post",0
"96ccab644a69b2c9cfb0",1,"qwen3_8b_post",0
"d9cba240bbb7f014ece9",1,"qwen3_8b_post",0
"d638b09560d2b4464c98",1,"qwen3_8b_post",0
"929316faa4fa5a9d43a2",1,"qwen3_8b_post",0
"f7be3e52d7d4c921de3b",1,"qwen3_8b_post",0
"bfa1c6fbbdb9a3e45bcb",1,"qwen3_8b_post",0
"924022a7cdd76a584329",1,"qwen3_8b_post",0
"47ddbb411075681aa3a1",1,"qwen3_8b_post",0
"b41d42b341486814448e",1,"qwen3_8b_post",0
"cea16486e9fb307bf8f8",1,"qwen3_8b_post",0
"cf3d4d8b165817eac339",1,"qwen3_8b_post",0
"f40af502440d48a2c06f",1,"qwen3_8b_post",0
"90efd7d9d73abb01d4b0",1,"qwen3_8b_post",0
"e96fb59d0bc098ff7137",1,"qwen3_8b_post",0
"732c09f855e69015c831",1,"qwen3_8b_post",0
"2191150d77d6981032f2",1,"qwen3_8b_post",0
"ec040c781d7dd2d6c0ef",1,"qwen3_8b_post",0
"3379bc1257b7ae4a1d19",1,"qwen3_8b_post",0
"b6f3963ed2c6875a317f",1,"qwen3_8b_post",0
"5b372b309d9ccca4368f",1,"qwen3_8b_post",0
"40ba667818686b071f5d",1,"qwen3_8b_post",0
"db615a53e64a666a745f",1,"qwen3_8b_post",0
"b5770fb9e8d9b76941ab",1,"qwen3_8b_post",0
"38427ce84c7da5896749",1,"qwen3_8b_post",0
"7adbe3499af9c13cdf26",1,"qwen3_8b_post",0
"13ae22145d93d2f585d1",1,"qwen3_8b_post",0
"0ece72ac231fc51a1cbb",1,"qwen3_8b_post",0
"7e5f6fd22ee8b0679f5b",1,"qwen3_8b_post",0
"e839b466698e5767397b",1,"qwen3_8b_post",0
"ae3fbd11cdbe04fac496",1,"qwen3_8b_post",0
"36cc4c9a9a4055245fe1",1,"qwen3_8b_post",0
"d767265b2039b00a7f1f",1,"qwen3_8b_post",0
"98d7e768eee8c59c6aa0",1,"qwen3_8b_post",0
"b2a13da5b9ce51c73edd",1,"qwen3_8b_post",0
"6b3aca2986e27b597f02",1,"qwen3_8b_post",0
"abb62f4b363da6fb7e0a",1,"qwen3_8b_post",0
"31c95a45a9ef2506c116",1,"qwen3_8b_post",0
"fa9b5cd706c38bcb2455",1,"qwen3_8b_post",0
"b56992c7d55217355185",1,"qwen3_8b_post",0
"8443b2f8db6c642a46ca",1,"qwen3_8b_post",0
"ce66669b176056132962",1,"qwen3_8b_post",0
"b2b4ccbbc7bfb6061f56",1,"qwen3_8b_post",0
"3e8f76bfd48ec26ecc7a",1,"qwen3_8b_post",0
"889501cdcbc2c9d2fbce",1,"qwen3_8b_post",0
"124815c9e839fe1397e7",1,"qwen3_8b_post",0
"3d0d5fc175aca2047c8c",1,"qwen3_8b_post",0
"383c52e3b1e04a47a3b3",1,"qwen3_8b_post",0
"9a075e1c5fc1196af2e6",1,"qwen3_8b_post",0
"ee1a20c5100b2dc683be",1,"qwen3_8b_post",0
"9b95aa07436bbcecce5e",1,"qwen3_8b_post",0
"683dbfc0cb1cb4c222ae",1,"qwen3_8b_post",0
"d4c5bb79d49c7d5adbe7",1,"qwen3_8b_post",0
"ea66d74462cb28f2f8df",1,"qwen3_8b_post",0
"46fb5103bfc8ce817a59",1,"qwen3_8b_post",0
"016697630e593d3eb9f1",1,"qwen3_8b_post",0
"47d94b4f637ee0bc48da",1,"qwen3_8b_post",0
"67c9653753e9063780aa",1,"qwen3_8b_post",0
"e23c8023dd836d028383",1,"qwen3_8b_post",0
"283952b6822a8c34ad15",1,"qwen3_8b_post",0
"e426c955788d032b127d",1,"qwen3_8b_post",0
"da53d845f6e22cdf544e",1,"qwen3_8b_post",0
"7cbd8f434b81f78f3a21",1,"qwen3_8b_post",0
"7b24b9ab86e0df5f148f",1,"qwen3_8b_post",0
"7ec836204722a7adebd7",1,"qwen3_8b_post",0
"aa623981ae7fd264b318",1,"qwen3_8b_post",0
"c03e20e43a4ce258759f",1,"qwen3_8b_post",0
"1942b7f64bc4adefeb2a",1,"qwen3_8b_post",0
"b163f840bd7dceda7114",1,"qwen3_8b_post",0
"7f9b6ba861d03e9b0388",1,"qwen3_8b_post",0
"6891e179b45674976f7b",1,"qwen3_8b_post",0
"1227483af6f4bb66ced1",1,"qwen3_8b_post",0
"2788043de0ee3b7fb60a",1,"qwen3_8b_post",0
"3a8acc9aa8c447ed3424",1,"qwen3_8b_post",0
"481654c51ccf245a3637",1,"qwen3_8b_post",0
"3ec90eda9c0f1a271037",1,"qwen3_8b_post",0
"bca4e9f9360b9d650a49",1,"qwen3_8b_post",0
"359b552336495892f38c",1,"qwen3_8b_post",0
"9b9408967ca32c08041b",1,"qwen3_8b_post",0
"3fa63dccc14a25a9a832",1,"qwen3_8b_post",0
"4a4dc92c2f9aac0bce0e",1,"qwen3_8b_post",0
"5225a939194f1cb5f995",1,"qwen3_8b_post",0
"5f4bf843b4e07750259c",1,"qwen3_8b_post",0
"e16f17ead8825f8c2256",1,"qwen3_8b_post",0
"6eacd7c9f999f734d76e",1,"qwen3_8b_post",0
"8b4a17715bbd59ff1e94",1,"qwen3_8b_post",0
"356229951de7a4037254",1,"qwen3_8b_post",0
"41d2bab0b030da3e7289",1,"qwen3_8b_post",0
"22d289ce4cc0694a6916",1,"qwen3_8b_post",0
"b6ff17ecfeaa11da8ae3",1,"qwen3_8b_post",0
"1c3d4a8de99b81755e1c",1,"qwen3_8b_post",0
"86411659c078bc83022f",1,"qwen3_8b_post",0
"d9cf9b09e62fe726fedb",1,"qwen3_8b_post",0
"ab2f4a33ffe9885dc715",1,"qwen3_8b_post",0
"de367d38efcb3feceae1",1,"qwen3_8b_post",0
"8e420c81fc28db3b97b6",1,"qwen3_8b_post",0
"6d11434e094e97b3bf9e",1,"qwen3_8b_post",0
"1cd75c8e3f7c023458c3",1,"qwen3_8b_post",0
"1a91630f82ad207d60b1",1,"qwen3_8b_post",0
"76d296596ded27b74988",1,"qwen3_8b_post",0
"28fa73c2af634a0a9685",1,"qwen3_8b_post",0
"84b30e7f92c2dcba8611",1,"qwen3_8b_post",0
"d4330728c5daeae05eff",1,"qwen3_8b_post",0
"fd9396875c610d15d6ca",1,"qwen3_8b_post",0
"872da24a812843698d61",1,"qwen3_8b_post",0
"4037ecbcfc4f49270efa",1,"qwen3_8b_post",0
"a13de1eb6606c9781556",1,"qwen3_8b_post",0
"925a0f0957de5a67eb79",1,"qwen3_8b_post",0
"fe244d2168f1676214a2",1,"qwen3_8b_post",0
"ad6781d8f1a05b96ae92",1,"qwen3_8b_post",0
"964735fb3d6a1cfac99b",1,"qwen3_8b_post",0
"951dc45e604bc4f54094",1,"qwen3_8b_post",0
"0c8958840d78f737def3",1,"qwen3_8b_post",0
"1c15a1eaeaabc0167e3d",1,"qwen3_8b_post",0
"890f1e6eb693e805a1ff",1,"qwen3_8b_post",0
"cf0464357a7e2131207a",1,"qwen3_8b_post",0
"a18e9ee2b447cc2c6589",1,"qwen3_8b_post",0
"a1920bf27a51e1bd8ef1",1,"qwen3_8b_post",0
"429fbca7c1a7aa7c9fa2",1,"qwen3_8b_post",0
"0741982c05417277fbde",1,"qwen3_8b_post",0
"f1e8f4635f150a947b69",1,"qwen3_8b_post",0
"d809198a3f0deb1f0c64",1,"qwen3_8b_post",0
"3a2366d75433f0432b27",1,"qwen3_8b_post",0
"78055b4a8c19777052d3",1,"qwen3_8b_post",0
"d6ff6c483b058be4073a",1,"qwen3_8b_post",0
"6c7ea916e75f403d7c9d",1,"qwen3_8b_post",0
"74296a64960364d6ddb9",1,"qwen3_8b_post",0
"13a695a7ac34fd24f000",1,"qwen3_8b_post",0
"5824aa84f80d4725a8f1",1,"qwen3_8b_post",0
"21eaba2d812fd4ecf34f",1,"qwen3_8b_post",0
"0b95cb253caa244eec12",1,"qwen3_8b_post",0
"c1f64c6161f8043d146b",1,"qwen3_8b_post",0
"50a71d77cde1736e1a86",1,"qwen3_8b_post",0
"d22493c0987d40086d80",1,"qwen3_8b_post",0
"81b6edffba106c91b0e0",1,"qwen3_8b_post",0
"1fdbf3bc380f88257bff",1,"qwen3_8b_post",0
"c00e0363a927d6f820ff",1,"qwen3_8b_post",0
"1b475853d8da4be6d300",1,"qwen3_8b_post",0
"5bf2adeeeebd49ccc015",1,"qwen3_8b_post",0
"fdea96a461e90054d8b7",1,"qwen3_8b_post",0
"3b3cee7c8e60243fa6be",1,"qwen3_8b_post",0
"29e21042f302b2930f7f",1,"qwen3_8b_post",0
"a50228c5c3159f7db1c7",1,"qwen3_8b_post",0
"5adf72bdae62ec8aea70",1,"qwen3_8b_post",0
"a94c2dd37a549983d733",1,"qwen3_8b_post",0
"f022e6ebc0fd6199642c",1,"qwen3_8b_post",0
"b113515c43fcd833ca16",1,"qwen3_8b_post",0
"746bf6e0d9dd6842fcb9",1,"qwen3_8b_post",0
"571895e5f891bc687e44",1,"qwen3_8b_post",0
"3b3b2187e61ef0483959",1,"qwen3_8b_post",0
"5997c70fdf5f08c4ad88",1,"qwen3_8b_post",0
"668c8d4ee2153e66f797",1,"qwen3_8b_post",0
"c8ced870d454c9a3681c",1,"qwen3_8b_post",0
"77a78785d2eda3df5a51",1,"qwen3_8b_post",0
"265fa96a18e53cfb3b1f",1,"qwen3_8b_post",0
"565a926a3c7828d8865c",1,"qwen3_8b_post",0
"8e389e1f9c81f70cb0ca",1,"qwen3_8b_post",0
"fc0f160ee6a084b1792b",1,"qwen3_8b_post",0
"22e3a75e25a4a34dafc5",1,"qwen3_8b_post",0
"fb4c0efe1476bbba47ec",1,"qwen3_8b_post",0
"08bbb8aa96b024d910cb",1,"qwen3_8b_post",0
"0e8b0db4a6191c4c6540",1,"qwen3_8b_post",0
"c63a74d712ad28551d7c",1,"qwen3_8b_post",0
"e17ed6d71b504fda6220",1,"qwen3_8b_post",0
"06b4fd40d744379a6669",1,"qwen3_8b_post",0
"659ef28b4bc9cb689bf5",1,"qwen3_8b_post",0
"3eac81c7d0bbca5499e5",1,"qwen3_8b_post",0
"b4c5ccd491622968445e",1,"qwen3_8b_post",0
"ad6b1afb101cfb28f646",1,"qwen3_8b_post",0
"906ea5244247bf7804df",1,"qwen3_8b_post",0
"88a398ca0c6eb7d01fc7",1,"qwen3_8b_post",0
"253e6475b72a0a0b0fd7",1,"qwen3_8b_post",0
"4047714805fffd7835ac",1,"qwen3_8b_post",0
"3a56c192e6b43fbfa3e2",1,"qwen3_8b_post",0
"740f490e6a05aec9e245",1,"qwen3_8b_post",0
"9bbc6e8eafe6c459a832",1,"qwen3_8b_post",0
"766e78342411095e7672",1,"qwen3_8b_post",0
"90bf4551f542614cae23",1,"qwen3_8b_post",0
"05ef333b5a41ea25de57",1,"qwen3_8b_post",0
"50a35aa754627adcd1bb",1,"qwen3_8b_post",0
"3a0d0f45d83576bdc8c1",1,"qwen3_8b_post",0
"bb21ec35d87bd43696b7",1,"qwen3_8b_post",0
"66f60255a2cfc6a4c098",1,"qwen3_8b_post",0
"d27413ca1d118dd5311f",1,"qwen3_8b_post",0
"20533887a61e0f96bce0",1,"qwen3_8b_post",0
"2466322e5711410c348b",1,"qwen3_8b_post",0
"ecbef9005db58b01fad2",1,"qwen3_8b_post",0
"d63d04279f01eabce756",1,"qwen3_8b_post",0
"186a846e33c87f2934d9",1,"qwen3_8b_post",0
"23539867b50c1d9a4124",1,"qwen3_8b_post",0
"e8b5cf150dd536e8d254",1,"qwen3_8b_post",0
"7f4bf0dc57ec3d01025f",1,"qwen3_8b_post",0
"e2c2c35f21e76c646fc3",1,"qwen3_8b_post",0
"c4971ce2fe996747bcb9",1,"qwen3_8b_post",0
"52f865d3c552ea918f1c",1,"qwen3_8b_post",0
"92b1f1ba3a193f7def54",1,"qwen3_8b_post",0
"1ef0d7ba0bd237d12a3d",1,"qwen3_8b_post",0
"c0541638d0ea35f8ddc9",1,"qwen3_8b_post",0
"8b22b632be7149cbce86",1,"qwen3_8b_post",0
"da697884a09e2ebcb33c",1,"qwen3_8b_post",0
"d0c99843ec9797510fa3",1,"qwen3_8b_post",0
"4b958e8554d0ac19a376",1,"qwen3_8b_post",0
"f0574c131032a9d684eb",1,"qwen3_8b_post",0
"5db341b56893aa99d31d",1,"qwen3_8b_post",0
"c8949470927f43dfa621",1,"qwen3_8b_post",0
"a3aaf160daa8ac4e473d",1,"qwen3_8b_post",0
"352763f31a8396a1611c",1,"qwen3_8b_post",0
"e4a2b8839467be6fc8bd",1,"qwen3_8b_post",0
"d06fc83d9e51ea579dab",1,"qwen3_8b_post",0
"4573e58984576740d6f4",1,"qwen3_8b_post",0
"2b937d165ef06a203de2",1,"qwen3_8b_post",0
"d54d8aaf6636eb63c36e",1,"qwen3_8b_post",0
"0b50ab4d37c63b2a682f",1,"qwen3_8b_post",0
"8d8dfc0d47455795334f",1,"qwen3_8b_post",0
"e006567e35c50bb0c665",1,"qwen3_8b_post",0
"fef43846c7e95b6c5112",1,"qwen3_8b_post",0
"c15a2b53f6d30e17c30b",1,"qwen3_8b_post",0
"215de7f0df486f22a1fa",1,"qwen3_8b_post",0
"65616d885d607cc309b3",1,"qwen3_8b_post",0
"699f2db3290eb96642ac",1,"qwen3_8b_post",0
"6900bbacc480fb86f9e5",1,"qwen3_8b_post",0
"1bda6bbf5a3e9bd44eca",1,"qwen3_8b_post",0
"91b5af9931e5c551bcef",1,"qwen3_8b_post",0
"4b244151ea8c3f14ad61",1,"qwen3_8b_post",0
"3a49fdafd6e2cbbe794d",1,"qwen3_8b_post",0
"5ff0c2daa8c8c98fbc93",1,"qwen3_8b_post",0
"60b8f38d4f1e9b23c73c",1,"qwen3_8b_post",0
"062f7132a3ec7244ac88",1,"qwen3_8b_post",0
"61463ee71ed0b413db3a",1,"qwen3_8b_post",0
"31bef1e720c59a1b6b66",1,"qwen3_8b_post",0
"d1ae6348b741cb822617",1,"qwen3_8b_post",0
"52e2ed601284d951fd37",1,"qwen3_8b_post",0
"7468ea2877a9bafc0d14",1,"qwen3_8b_post",0
"452f463870eab9466bc4",1,"qwen3_8b_post",0
"8dc68020dc1ce15fb5a6",1,"qwen3_8b_post",0
"096fb755839a7406c34f",1,"qwen3_8b_post",0
"bf823bc78bf6d339c571",1,"qwen3_8b_post",0
"915354f236c78e511c0a",1,"qwen3_8b_post",0
"513e9a5e1b258c75e6e0",1,"qwen3_8b_post",0
"11793a8f6035b741ea6c",1,"qwen3_8b_post",0
"44647ff876045adc3bea",1,"qwen3_8b_post",0
"75a4d3a66a17995bc082",1,"qwen3_8b_post",0
"88d50b9ff25f700107da",1,"qwen3_8b_post",0
"088e0d95d73a81a9898a",1,"qwen3_8b_post",0
"b74b285581146878751e",1,"qwen3_8b_post",0
"4efdba611caf02a6b0de",1,"qwen3_8b_post",0
"908740732931683183cb",1,"qwen3_8b_post",0
"156fd2fc1b78c7425519",1,"qwen3_8b_post",0
"e89ceb0b147dfd7b81da",1,"qwen3_8b_post",0
"1821b50092f862de4f21",1,"qwen3_8b_post",0
"5832261e7603bb601021",1,"qwen3_8b_post",0
"02ae18465850dabd26cf",1,"qwen3_8b_post",0
"d23cb8162d251b064576",1,"qwen3_8b_post",0
"07c124f6049139e54166",1,"qwen3_8b_post",0
"a1a1b488103252ba63c6",1,"qwen3_8b_post",0
"6f5be31ea7b2b6da4534",1,"qwen3_8b_post",0
"73f7fd4176d8a6c904c2",1,"qwen3_8b_post",0
"facc979f81d6071635e4",1,"qwen3_8b_post",0
"7841b84d431be0ef48c1",1,"qwen3_8b_post",0
"67f007b4d95e6c237f23",1,"qwen3_8b_post",0
"a8042ef7d03ab117acc0",1,"qwen3_8b_post",0
"b89d049addc0f58d3f58",1,"qwen3_8b_post",0
"b137983481a29212e464",1,"qwen3_8b_post",0
"7ea5f3ea93ee787de9ff",1,"qwen3_8b_post",0
"f8f03bb43b32aae3d89d",1,"qwen3_8b_post",0
"fe29830f9d3eba717835",1,"qwen3_8b_post",0
"6857227b177c15ec6b9c",1,"qwen3_8b_post",0
"00154ac0bb11c0042eab",1,"qwen3_8b_post",0
"be3c700e196d40b96560",1,"qwen3_8b_post",0
"263b933992f716fac17c",1,"qwen3_8b_post",0
"854e243a652da1d3e70e",1,"qwen3_8b_post",0
"897387e3688b7ced6f13",1,"qwen3_8b_post",0
"77d3b903e846886c9c4c",1,"qwen3_8b_post",0
"eddba557728650f56ff3",1,"qwen3_8b_post",0
"1445f4a84a22d7ba95de",1,"qwen3_8b_post",0
"17d6832b6fb83a21ac0a",1,"qwen3_8b_post",0
"47383b55c577555aef4b",1,"qwen3_8b_post",0
"55b3b68c5ba2b57afeb8",1,"qwen3_8b_post",0
"6dc048a556f8e82cd1cc",1,"qwen3_8b_post",0
"e9ff5b1b48bf15db03ac",1,"qwen3_8b_post",0
"069b3ae6a5cf91844598",1,"qwen3_8b_post",0
"8754f8cc5a67b958edd9",1,"qwen3_8b_post",0
"432e18e5ea7f3ec237c7",1,"qwen3_8b_post",0
"2654184dfc72b48f1276",1,"qwen3_8b_post",0
"0015c7add173ad4ddece",1,"qwen3_8b_post",0
"8a0b2b532d13cb88caf5",1,"qwen3_8b_post",0
"17d1384d6ca9acbc0250",1,"qwen3_8b_post",0
"c8222abd0757cd7be26e",1,"qwen3_8b_post",0
"5fbaa0bedfd4becb8f27",1,"qwen3_8b_post",0
"7fbbbc2e9573926e2b90",1,"qwen3_8b_post",0
"a77112f28adcd48ec2a1",1,"qwen3_8b_post",0
"9f183cc59faf4fe7aabc",1,"qwen3_8b_post",0
"94f99cc3c9a847789d7b",1,"qwen3_8b_post",0
"4ed8342c245ec0fad042",1,"qwen3_8b_post",0
"f5b5df249c74447f259d",1,"qwen3_8b_post",0
"b262096807f71d9893ff",1,"qwen3_8b_post",0
"dea5a94ae1c8f468b64d",1,"qwen3_8b_post",0
"cbac0c37132a303294ae",1,"qwen3_8b_post",0
"2e637a8c58ecebb56485",1,"qwen3_8b_post",0
"e049bec9fafe87cb5745",1,"qwen3_8b_post",0
"5bbc5552f8f8208f9cfc",1,"qwen3_8b_post",0
"f1cb311dcdab60979f2d",1,"qwen3_8b_post",0
"51d81d7d221c9c5e4651",1,"qwen3_8b_post",0
"fd058cef236f42daa233",1,"qwen3_8b_post",0
"2269d9bacc63cd38952c",1,"qwen3_8b_post",0
"9689375b8f2ebe51a744",1,"qwen3_8b_post",0
"f7996f30e256c64f2a39",1,"qwen3_8b_post",0
"882de6f172667e02efb5",1,"qwen3_8b_post",0
"7949108d59864f0a31f0",1,"qwen3_8b_post",0
"4ff14f7a1dc3d2baeee9",1,"qwen3_8b_post",0
"2dc4dc586e5e7f381a83",1,"qwen3_8b_post",0
"07847bfdb029ea2128d4",1,"qwen3_8b_post",0
"bc0622c6e7bd7bc99bd0",1,"qwen3_8b_post",0
"29b6af46d234204110eb",1,"qwen3_8b_post",0
"9e792e8f14693e82831e",1,"qwen3_8b_post",0
"3a8ef663b07f39536af4",1,"qwen3_8b_post",0
"367c5af88bbc88754b2c",1,"qwen3_8b_post",0
"75feb72c3a39d940e273",1,"qwen3_8b_post",0
"acd0c3fe1c4061d69ab6",1,"qwen3_8b_post",0
"573d37b6ad458d04ed2e",1,"qwen3_8b_post",0
"241e52e74752ca31bc27",1,"qwen3_8b_post",0
"79cd3faecc15a4716612",1,"qwen3_8b_post",0
"fe86256d70ccd44d133f",1,"qwen3_8b_post",0
"bff368279b9203174aef",1,"qwen3_8b_post",0
"c03a59c885ff7c8e568a",1,"qwen3_8b_post",0
"854a5c7c94077894bec9",1,"qwen3_8b_post",0
"17e31937712dda1e9db7",1,"qwen3_8b_post",0
"cd6e0291ba26d4b9c39c",1,"qwen3_8b_post",0
"3848806259ad1bf5805f",1,"qwen3_8b_post",0
"9a5e2670b626c6efc351",1,"qwen3_8b_post",0
"44d6a810814bad36c858",1,"qwen3_8b_post",0
"fa07cd8cf2f43560d8a0",1,"qwen3_8b_post",0
"e0026860ee1b208727ee",1,"qwen3_8b_post",0
"9192939719f8c3842dbb",1,"qwen3_8b_post",0
"bf44e788c3a4ebded63b",1,"qwen3_8b_post",0
"654d7ef25273a7b41809",1,"qwen3_8b_post",0
"55fcd42e27fd84ab8ead",1,"qwen3_8b_post",0
"7b94d1ca9d58521829ea",1,"qwen3_8b_post",0
"35d75a29fae09d5b024f",1,"qwen3_8b_post",0
"843772b0cba1f369e253",1,"qwen3_8b_post",0
"653b9645c32248cd89e7",1,"qwen3_8b_post",0
"138091d610bde8d18494",1,"qwen3_8b_post",0
"1b28760920564a47e057",1,"qwen3_8b_post",0
"5fd62a37605dc98b4c29",1,"qwen3_8b_post",0
"1eed2d690ec9d7324e0f",1,"qwen3_8b_post",0
"9a099785e1890f2f8e65",1,"qwen3_8b_post",0
"52f96fc8753f9ffca176",1,"qwen3_8b_post",0
"00830e52219f4d345608",1,"qwen3_8b_post",0
"1556b6a2a8d7dd4f50f3",1,"qwen3_8b_post",0
"74f432d958b9df3f0d85",1,"qwen3_8b_post",0
"c77ee038b285e10b5489",1,"qwen3_8b_post",0
"3933fc837de9440896fb",1,"qwen3_8b_post",0
"59751de7b86a2f2dfaf4",1,"qwen3_8b_post",0
"d85c835dd41b51fb7e71",1,"qwen3_8b_post",0
"c05c60dcd434cd24ddd8",1,"qwen3_8b_post",0
"d022ce9fbe02a30589b8",1,"qwen3_8b_post",0
"7c008d1510bb3fb2c969",1,"qwen3_8b_post",0
"3193037324bb7542ad7b",1,"qwen3_8b_post",0
"0efa6a9e3fbd32a00a2f",1,"qwen3_8b_post",0
"7596060a3d819fe3fc06",1,"qwen3_8b_post",0
"7d006e85c04e02b5f024",1,"qwen3_8b_post",0
"268256b6a016d0089d51",1,"qwen3_8b_post",0
"6792badaafac0ebfc3c6",1,"qwen3_8b_post",0
"a0ec5b1289eb8a89868c",1,"qwen3_8b_post",0
"baecd61da08eae247931",1,"qwen3_8b_post",0
"99c0c7489c9da18ae194",1,"qwen3_8b_post",0
"ad2eee0cf6a4402875e5",1,"qwen3_8b_post",0
"b37a8c71b2611e96467d",1,"qwen3_8b_post",0
"21dba63f9068aa42dc4e",1,"qwen3_8b_post",0
"0baa0a3a42ffe78464d8",1,"qwen3_8b_post",0
"6cf5bf3a2fd95bcb3661",1,"qwen3_8b_post",0
"8e883b63c3efa136248d",1,"qwen3_8b_post",0
"217fa2eab4feebe85458",1,"qwen3_8b_post",0
"ac91856903f7e35a5bcc",1,"qwen3_8b_post",0
"02c54a7ba60956738879",1,"qwen3_8b_post",0
"e116ec2c72df59ff3ea7",1,"qwen3_8b_post",0
"d2602e5d4449e0aa35d9",1,"qwen3_8b_post",0
"703fdc15c1230f49fbc0",1,"qwen3_8b_post",0
"df50d5c94eadde45b011",1,"qwen3_8b_post",0
"5104c19b3da5bcfb40f8",1,"qwen3_8b_post",0
"7d90f84c64ef7578082a",1,"qwen3_8b_post",0
"4feec18eff558ba7c5cc",1,"qwen3_8b_post",0
"b33b5ebb97459ebea760",1,"qwen3_8b_post",0
"427860764d5e6ffd8f14",1,"qwen3_8b_post",0
"c9e46a6b2339480f7acc",1,"qwen3_8b_post",0
"a2fd0133ca6fb9905547",1,"qwen3_8b_post",0
"38484d0ef53d2758d8eb",1,"qwen3_8b_post",0
"1d39549d38996919f839",1,"qwen3_8b_post",0
"5c08b275caa9cc60e224",1,"qwen3_8b_post",0
"8f9dc7fd3bf63ff9d5e3",1,"qwen3_8b_post",0
"495198d9c0a11b453610",1,"qwen3_8b_post",0
"4a1dc0cb0274fd2b8d11",1,"qwen3_8b_post",0
"dddea7b7fd229788e706",1,"qwen3_8b_post",0
"2ef8b412c954a8bf1880",1,"qwen3_8b_post",0
"a254215adf31e91611d0",1,"qwen3_8b_post",0
"27cebb7ba270a9e8d496",1,"qwen3_8b_post",0
"2770d7ac884f85633bdb",1,"qwen3_8b_post",0
"5ddcd06226b57abff80b",1,"qwen3_8b_post",0
"20fd315d218c937d2bfa",1,"qwen3_8b_post",0
"54a5d9a988ab4db0da94",1,"qwen3_8b_post",0
"c1c7f736c67fd59b64d1",1,"qwen3_8b_post",0
"d6f9d9d8277e5cc76d80",1,"qwen3_8b_post",0
"80da8f908dae40400a04",1,"qwen3_8b_post",0
"1602583980a32eaa15cb",1,"qwen3_8b_post",0
"d979eb6afd12f8daec39",1,"qwen3_8b_post",0
"62670f496dfad2471867",1,"qwen3_8b_post",0
"4c84b2e89372d94e50c1",1,"qwen3_8b_post",0
"9b2fde2a0a60fa034234",1,"qwen3_8b_post",0
"305d1a60ef09e7a68a70",1,"qwen3_8b_post",0
"601ca1a47fd0331d0f20",1,"qwen3_8b_post",0
"cc677fb39395173ffeb4",1,"qwen3_8b_post",0
"70ccca9d04cd3db11a89",1,"qwen3_8b_post",0
"79ac16a7af3834b0076e",1,"qwen3_8b_post",0
"6404cf25d45bd77e59fe",1,"qwen3_8b_post",0
"808b279f8a870cfa8f46",1,"qwen3_8b_post",0
"8e1d6858e758f442eb95",1,"qwen3_8b_post",0
"bfafe16518214743eeec",1,"qwen3_8b_post",0
"207c68e275cd95cab49f",1,"qwen3_8b_post",0
"25e7ddd1e134770aa198",1,"qwen3_8b_post",0
"2bf5e0326ed8f131abd9",1,"qwen3_8b_post",0
"ff8a9482077555bf9ba9",1,"qwen3_8b_post",0
"27d4d72d48c07c2ed3ef",1,"qwen3_8b_post",0
"412a8da1cbfc9a1b4215",1,"qwen3_8b_post",0
"cce9e3d7bef5b1ae5032",1,"qwen3_8b_post",0
"99df3e7b87c04a39003a",1,"qwen3_8b_post",0
"2e9e88cc9b648fe87cb5",1,"qwen3_8b_post",0
"2046afffdcdf88de611b",1,"qwen3_8b_post",0
"ecb6e3b68fc78bec9b67",1,"qwen3_8b_post",0
"bbc2544d68b5f420dd15",1,"qwen3_8b_post",0
"b747060db3da92f10b43",1,"qwen3_8b_post",0
"bf7920ea159334e92465",1,"qwen3_8b_post",0
"cb81c2e695dd2eb580cd",1,"qwen3_8b_post",0
"718497c2076a41e3dadd",1,"qwen3_8b_post",0
"7e3ac09dd12cdfe2fe0a",1,"qwen3_8b_post",0
"15e620aeffb792cc36c9",1,"qwen3_8b_post",0
"5681b6906c6a235d4070",1,"qwen3_8b_post",0
"544c4f995269fcbc7407",1,"qwen3_8b_post",0
"8e7468e4d50a8dc90f7a",1,"qwen3_8b_post",0
"a827e7fa818993df0c78",1,"qwen3_8b_post",0
"63e1da5e0ec98d49b48c",1,"qwen3_8b_post",0
"8c205d94963c7ff2265f",1,"qwen3_8b_post",0
"c774f3a260ff718d6b45",1,"qwen3_8b_post",0
"2e9acbb5301b177f7e3c",1,"qwen3_8b_post",0
"702a95d9917ca0ddc1ef",1,"qwen3_8b_post",0
"63021d79408b0e21818b",1,"qwen3_8b_post",0
"e1ea97befd7d8e648334",1,"qwen3_8b_post",0
"26d0d27e6ded7b7a4184",1,"qwen3_8b_post",0
"09f4bd9ab11d326e2677",1,"qwen3_8b_post",0
"a3231f502f25265b981e",1,"qwen3_8b_post",0
"7f84b2e18758649ec479",1,"qwen3_8b_post",0
"48dc13674b39f37ed777",1,"qwen3_8b_post",0
"95f596b3ef35f63d00e8",1,"qwen3_8b_post",0
"2b4a4bfc0acfcc4c4dfa",1,"qwen3_8b_post",0
"7ef7ae39f7a4fd1b589e",1,"qwen3_8b_post",0
"555172228e488c4509b5",1,"qwen3_8b_post",0
"144ac54455664aea8357",1,"qwen3_8b_post",0
"b69ad43a251ea2b676ab",1,"qwen3_8b_post",0
"4fb416bcf92d4bb5e074",1,"qwen3_8b_post",0
"c41dbc7ca64de84af257",1,"qwen3_8b_post",0
"ace486e6467409604ed6",1,"qwen3_8b_post",0
"f73e49b01d32bd0eec44",1,"qwen3_8b_post",0
"123bfd480685f596cba2",1,"qwen3_8b_post",0
"5f684fe5262ca7c02d9c",1,"qwen3_8b_post",0
"785472aae900ff1c2173",1,"qwen3_8b_post",0
"d64a0ffe137a03747708",1,"qwen3_8b_post",0
"52332e45c119142627d3",1,"qwen3_8b_post",0
"6e739a5624c3847b71e8",1,"qwen3_8b_post",0
"5c2d83c853e721a88677",1,"qwen3_8b_post",0
"480e6e1f5734433ff38a",1,"qwen3_8b_post",0
"e5e67d3f00759617c0fd",1,"qwen3_8b_post",0
"d50e012f384392f518e9",1,"qwen3_8b_post",0
"a795a72d39fe2bcc58d1",1,"qwen3_8b_post",0
"2bccf1dce5ae48992032",1,"qwen3_8b_post",0
"d8ba315fcb182276bd60",1,"qwen3_8b_post",0
"84c9bd04986bfe4be8b4",1,"qwen3_8b_post",0
"c3fa3d33db0216246c1f",1,"qwen3_8b_post",0
"6ac94c563bb403bfaf16",1,"qwen3_8b_post",0
"d0dab2efb0b89544b8aa",1,"qwen3_8b_post",0
"9dde9b3e42822916a1b2",1,"qwen3_8b_post",0
"98f7e7a564a2a64c678b",1,"qwen3_8b_post",0
"8ca1f39be8077e3f6530",1,"qwen3_8b_post",0
"8e21c7fa92ff5d056971",1,"qwen3_8b_post",0
"5daa69f1640188b61b9e",1,"qwen3_8b_post",0
"fd3f76daf988efe64b56",1,"qwen3_8b_post",0
"3558a4d3785f2fac8556",1,"qwen3_8b_post",0
"d83eb035c4283668c6df",1,"qwen3_8b_post",0
"b582e84efc6dbd7b4625",1,"qwen3_8b_post",0
"940af0b42a6b9225f245",1,"qwen3_8b_post",0
"30e4e5b024a13ae3d24d",1,"qwen3_8b_post",0
"6627460d1f90d28f60e9",1,"qwen3_8b_post",0
"01bfb36920ddc8e275fb",1,"qwen3_8b_post",0
"3cb458f4dd07d0b1c777",1,"qwen3_8b_post",0
"9f44e0bec0c3cc073366",1,"qwen3_8b_post",0
"cf3037d5b22bce807168",1,"qwen3_8b_post",0
"a2347c8b364987c41c95",1,"qwen3_8b_post",0
"2981494171c920492c8a",1,"qwen3_8b_post",0
"2522e24102dfa951a056",1,"qwen3_8b_post",0
"d08779a2039028be2368",1,"qwen3_8b_post",0
"6fedce57376de646dda8",1,"qwen3_8b_post",0
"4b935cc6ba5c89058a64",1,"qwen3_8b_post",0
"9dbcd04b149f48c3edfa",1,"qwen3_8b_post",0
"c2f86c8331f500fde1b9",1,"qwen3_8b_post",0
"87df22a4cb8ed307f5bb",1,"qwen3_8b_post",0
"3ff24bb772024160fd98",1,"qwen3_8b_post",0
"39d2be25f29a57e5b927",1,"qwen3_8b_post",0
"18693879217cf9d73fbd",1,"qwen3_8b_post",0
"1b599594b3f704c402d0",1,"qwen3_8b_post",0
"f1c5dcf63098fd3a148b",1,"qwen3_8b_post",0
"13394cd954fe691c32f0",1,"qwen3_8b_post",0
"053f0b025c4c6408ddf3",1,"qwen3_8b_post",0
"847e55c53e079d0bb998",1,"qwen3_8b_post",0
"0076ceee71d55df0f59e",1,"qwen3_8b_post",0
"f426d08c58230f2c450a",1,"qwen3_8b_post",0
"722efad4bec955ccd9a8",1,"qwen3_8b_post",0
"f118c3b828e24098111b",1,"qwen3_8b_post",0
"3c42cd041811fa65bfdb",1,"qwen3_8b_post",0
"3ec8469f0af5ee60454f",1,"qwen3_8b_post",0
"4ad8557c65e347e1b437",1,"qwen3_8b_post",0
"65a563cfda9287f56f28",1,"qwen3_8b_post",0
"1bd8c80a0c3dedb00645",1,"qwen3_8b_post",0
"321f83a43e6642d93e91",1,"qwen3_8b_post",0
"04e5b112e1f31674fa2a",1,"qwen3_8b_post",0
"1e16938e6752ea3a7acc",1,"qwen3_8b_post",0
"b9ba2e69396bebff3731",1,"qwen3_8b_post",0
"ede255a477814ac38a13",1,"qwen3_8b_post",0
"b2228812935332dc5517",1,"qwen3_8b_post",0
"c6440bca678328f37ba4",1,"qwen3_8b_post",0
"46c1d65dac36738eb4d0",1,"qwen3_8b_post",0
"e9a047e8219f9c8a0afd",1,"qwen3_8b_post",0
"a49159f67caeae9031a8",1,"qwen3_8b_post",0
"8eba9b772ef3e525b7c2",1,"qwen3_8b_post",0
"d3fbf05e7f99904b1698",1,"qwen3_8b_post",0
"07a8ca6fa49a7ec00347",1,"qwen3_8b_post",0
"02b4e63155597eb89e2e",1,"qwen3_8b_post",0
"f2397f4bceae12f668bf",1,"qwen3_8b_post",0
"903513ede40fef63574a",1,"qwen3_8b_post",0
"0666ba28fa1111d0563b",1,"qwen3_8b_post",0
"cf761fa8bf3bd4697c86",1,"qwen3_8b_post",0
"3b0bb37a4180efc1c691",1,"qwen3_8b_post",0
"db7123dfa666d3b04dbc",1,"qwen3_8b_post",0
"931a417a3394ccb50bfb",1,"qwen3_8b_post",0
"62e0267e3b031d926426",1,"qwen3_8b_post",0
"43906b8aebef631bbea2",1,"qwen3_8b_post",0
"5760571766280d06758e",1,"qwen3_8b_post",0
"e4af04665539bf459b38",1,"qwen3_8b_post",0
"89a75fc50c907f46a0de",1,"qwen3_8b_post",0
"0d4606854d292e0cd053",1,"qwen3_8b_post",0
"0deecc345d2ce1301d24",1,"qwen3_8b_post",0
"2ed117a02e9d5b1c59a3",1,"qwen3_8b_post",0
"1d8fbf0f2dd5ffa33cf1",1,"qwen3_8b_post",0
"1ab0e4fd3664c769554a",1,"qwen3_8b_post",0
"50cfe737af9fea0701d1",1,"qwen3_8b_post",0
"1ae9c8043b4087186e13",1,"qwen3_8b_post",0
"ba33888925fac23a4172",1,"qwen3_8b_post",0
"7e1760156033a6e46e7a",1,"qwen3_8b_post",0
"de7a84d7fecd2c179c6a",1,"qwen3_8b_post",0
"c76610882665d387ad54",1,"qwen3_8b_post",0
"c6224a4f7e4462e5becf",1,"qwen3_8b_post",0
"34f627697f3a16cef459",1,"qwen3_8b_post",0
"3fae1fbf41ef63cc6aee",1,"qwen3_8b_post",0
"af7a8bf91ac15be5e47d",1,"qwen3_8b_post",0
"db0b2a9cb84ba21503c7",1,"qwen3_8b_post",0
"2a8f55f2f2779241a84c",1,"qwen3_8b_post",0
"1a2de7e625f51f678ebd",1,"qwen3_8b_post",0
"2f7e59010d15b1d5e664",1,"qwen3_8b_post",0
"7cfcef0d8413fd5e5b47",1,"qwen3_8b_post",0
"bc36939495527f4a8747",1,"qwen3_8b_post",0
"5689c32381d6625bd5c2",1,"qwen3_8b_post",0
"3faed0108cb6e97e1a5b",1,"qwen3_8b_post",0
"6ace7e06bac648b88204",1,"qwen3_8b_post",0
"0c1e38bba0a1ce42c49d",1,"qwen3_8b_post",0
"bf83c4243cf3a86c2c1c",1,"qwen3_8b_post",0
"9b504deeb600da3487fc",1,"qwen3_8b_post",0
"84a0887aaa14db9b2d87",1,"qwen3_8b_post",0
"9bd8c7f8c56288d1bdd8",1,"qwen3_8b_post",0
"9a1638574d0b57a6e802",1,"qwen3_8b_post",0
"3ac81f47af6f87d947de",1,"qwen3_8b_post",0
"c54f16148742b2b1b0af",1,"qwen3_8b_post",0
"2b1dbc71dc4832ba3595",1,"qwen3_8b_post",0
"371c621cfc8ea18a8cea",1,"qwen3_8b_post",0
"2126b9c385c6b45f3c42",1,"qwen3_8b_post",0
"5e818c799ae897ded094",1,"qwen3_8b_post",0
"1b8987f96847efc97113",1,"qwen3_8b_post",0
"2f09adb8c117ab3a1f0b",1,"qwen3_8b_post",0
"a2ed779bf1a566a81691",1,"qwen3_8b_post",0
"426b044819914609c696",1,"qwen3_8b_post",0
"9a4152ffabbe7310eec0",1,"qwen3_8b_post",0
"eaf0963cb0e20fa7852a",1,"qwen3_8b_post",0
"3baffa201c99febc0c89",1,"qwen3_8b_post",0
"13bcb17707b277d353a9",1,"qwen3_8b_post",0
"7a6ab9d21275907d74db",1,"qwen3_8b_post",0
"8a9848f435b11f6820cd",1,"qwen3_8b_post",0
"e5e8467d98f6716b326e",1,"qwen3_8b_post",0
"b80dbd990e679de81b31",1,"qwen3_8b_post",0
"b672cdc0b82555823b7c",1,"qwen3_8b_post",0
"841ee91cc773bb483581",1,"qwen3_8b_post",0
"3363ead89951bd0f6e09",1,"qwen3_8b_post",0
"8f1d5045825c66eb02e5",1,"qwen3_8b_post",0
"6f35f18de0f668e12ab2",1,"qwen3_8b_post",0
"8d5b4cfb1717d3ddd7ed",1,"qwen3_8b_post",0
"b39b9591e17637f9f91a",1,"qwen3_8b_post",0
"31dc56b9d2008b38570c",1,"qwen3_8b_post",0
"c9f1cc577cb5942e53a1",1,"qwen3_8b_post",0
"18300bcbba05619d9a79",1,"qwen3_8b_post",0
"9f77a20f97d55847fc45",1,"qwen3_8b_post",0
"c2387f96813d3489fd75",1,"qwen3_8b_post",0
"4eb8f40205811040f70e",1,"qwen3_8b_post",0
"f8aac4f92d1e14a05689",1,"qwen3_8b_post",0
"23abf93ec984fd77e656",1,"qwen3_8b_post",0
"61e1f077e3800a418eaa",1,"qwen3_8b_post",0
"2fcf9661331660cb2e98",1,"qwen3_8b_post",0
"deccac166d7876d3bd65",1,"qwen3_8b_post",0
"e45e819f2ad4203814db",1,"qwen3_8b_post",0
"dd95c6feb366b144e953",1,"qwen3_8b_post",0
"b31daf10e7901d838b2c",1,"qwen3_8b_post",0
"eb413f31ddbc13213f65",1,"qwen3_8b_post",0
"1b1ceafcb3e845ea54c2",1,"qwen3_8b_post",0
"b37b17b3443e19b04d0a",1,"qwen3_8b_post",0
"0268a013e647c7f66ad5",1,"qwen3_8b_post",0
"72b874de4a4edd5039b5",1,"qwen3_8b_post",0
"256e738006089c6d204e",1,"qwen3_8b_post",0
"e43d4736e0feca81e777",1,"qwen3_8b_post",0
"320c6a063283e135f18f",1,"qwen3_8b_post",0
"77cb3804f57cb9ad675d",1,"qwen3_8b_post",0
"a5bceb9207b765295eab",1,"qwen3_8b_post",0
"34bc16d6b6b08c6ab23f",1,"qwen3_8b_post",0
"91925fc08f5c87062574",1,"qwen3_8b_post",0
"095efd0f2ba6180ccdfc",1,"qwen3_8b_post",0
"6192d31fa1057480e465",1,"qwen3_8b_post",0
"23087b0de6f1068ce945",1,"qwen3_8b_post",0
"11c71846e1aac23f455f",1,"qwen3_8b_post",0
"d293badab7efd699078a",1,"qwen3_8b_post",0
"72f249a141b30d0802f0",1,"qwen3_8b_post",0
"726294056667d805d79f",1,"qwen3_8b_post",0
"5c50a5d59664241a920f",1,"qwen3_8b_post",0
"54c865f57b67f265a5a8",1,"qwen3_8b_post",0
"4665fa58acf3dbe0644c",1,"qwen3_8b_post",0
"0dfc663c854e33def592",1,"qwen3_8b_post",0
"ad90030407a80944b1fd",1,"qwen3_8b_post",0
"d820859453bd744d3802",1,"qwen3_8b_post",0
"92feb7e5705bafe105d0",1,"qwen3_8b_post",0
"1a0b3c0da2c08e8fc9b0",1,"qwen3_8b_post",0
"f20ec5a5debfde75fe3c",1,"qwen3_8b_post",0
"a2295fb83f935e5425fa",1,"qwen3_8b_post",0
"14886375134ae2aa449f",1,"qwen3_8b_post",0
"fbf631c54620afd45cce",1,"qwen3_8b_post",0
"18078c8bb9b526c4c58c",1,"qwen3_8b_post",0
"ef36f4b89bf00602a65c",1,"qwen3_8b_post",0
"e36eaa92ee2f50e30ddd",1,"qwen3_8b_post",0
"3df306b854fdf7071030",1,"qwen3_8b_post",0
"cad1074d9760ad513ab6",1,"qwen3_8b_post",0
"81d0f972297944219b96",1,"qwen3_8b_post",0
"e1c4e9d40aa0f4cc6d4e",1,"qwen3_8b_post",0
"b11dc4f0056451cd1cf1",1,"qwen3_8b_post",0
"61fdf1877fda1a0871b3",1,"qwen3_8b_post",0
"9373485bd0b77ea76d16",1,"qwen3_8b_post",0
"85adbb53e025674e3224",1,"qwen3_8b_post",0
"1c8d7cdec889e86ff887",1,"qwen3_8b_post",0
"d21fbc2c48145956a7ab",1,"qwen3_8b_post",0
"000b91184e00c9b73016",1,"qwen3_8b_post",0
"5a32f2481e69f66eefb9",1,"qwen3_8b_post",0
"c21726453a0415fddeb9",1,"qwen3_8b_post",0
"3f6731b2166962adea28",1,"qwen3_8b_post",0
"ef333e5663de082c517e",1,"qwen3_8b_post",0
"456ddd7e6c8193a5d2d9",1,"qwen3_8b_post",0
"2cab2468e4fe2af941ae",1,"qwen3_8b_post",0
"4ba8ab2bafc891563d97",1,"qwen3_8b_post",0
"410b15b35a7537a8e9e2",1,"qwen3_8b_post",0
"b030536094021a95288c",1,"qwen3_8b_post",0
"9ccd5905c946929bc53c",1,"qwen3_8b_post",0
"7979914be8550e78c171",1,"qwen3_8b_post",0
"29993cfb4863caa4a6a8",1,"qwen3_8b_post",0
"20b6d72ea8cc1dd251ec",1,"qwen3_8b_post",0
"7b19cdbaede3d62345d8",1,"qwen3_8b_post",0
"36eb444417ed53084c69",1,"qwen3_8b_post",0
"f885a845f4898fa3b484",1,"qwen3_8b_post",0
"ce9b2afc5b38fda12c1e",1,"qwen3_8b_post",0
"4a20cb6695cf414dd310",1,"qwen3_8b_post",0
"5e7cdc064cd15cae2e99",1,"qwen3_8b_post",0
"69f785388cf8924b8c36",1,"qwen3_8b_post",0
"ccff490ab82d60352b76",1,"qwen3_8b_post",0
"3933aaa13c98838f951f",1,"qwen3_8b_post",0
"63c423a5714a78ff366b",1,"qwen3_8b_post",0
"e5241fb2b59b91cf00ce",1,"qwen3_8b_post",0
"b67b4bff1bcf37cfdc9c",1,"qwen3_8b_post",0
"15ed581836e258292ed1",1,"qwen3_8b_post",0
"e7d337b8b6ee22ec8a7f",1,"qwen3_8b_post",0
"284db98ae9c482d4ccb2",1,"qwen3_8b_post",0
"b117f8f33137559e307b",1,"qwen3_8b_post",0
"ac3757b1bf837e4e9dab",1,"qwen3_8b_post",0
"8fc00230851c42d08997",1,"qwen3_8b_post",0
"94c1c32c364c08c6d720",1,"qwen3_8b_post",0
"953bba81d0ceb8f5ea21",1,"qwen3_8b_post",0
"f0eac9e8f8fb341b7371",1,"qwen3_8b_post",0
"dbe5eacc0a5013397e43",1,"qwen3_8b_post",0
"3620f74d0ad3b9374372",1,"qwen3_8b_post",0
"cf37ce313a7b4947b36e",1,"qwen3_8b_post",0
"6cefeed96991b6713efc",1,"qwen3_8b_post",0
"3c820c1b9e9748f96098",1,"qwen3_8b_post",0
"cadd15d2071e9b0561e6",1,"qwen3_8b_post",0
"44b4167639f53e6b2c88",1,"qwen3_8b_post",0
"8fa2d1fa8b9cd43cefd4",1,"qwen3_8b_post",0
"cd78e73a6bc49732cc56",1,"qwen3_8b_post",0
"7c5e3d5672b75d5265c4",1,"qwen3_8b_post",0
"441df858c43a67a7d124",1,"qwen3_8b_post",0
"55b5e254a91428c12a65",1,"qwen3_8b_post",0
"b7097131750a59e81c29",1,"qwen3_8b_post",0
"a988ee60c4dbad458fae",1,"qwen3_8b_post",0
"1124b49776cde831ba4f",1,"qwen3_8b_post",0
"73a1791709322179ecad",1,"qwen3_8b_post",0
"7246e6b8b118424733da",1,"qwen3_8b_post",0
"67c137f602998caabae2",1,"qwen3_8b_post",0
"ff0b14d6d4fb03c27536",1,"qwen3_8b_post",0
"150dbd0ec7dffb182362",1,"qwen3_8b_post",0
"e1178f799983d4362e49",1,"qwen3_8b_post",0
"7b6e4a91d08286d9da59",1,"qwen3_8b_post",0
"1dcd5262f8c1ddd30dca",1,"qwen3_8b_post",0
"7cd8abf126c2ef21cbbc",1,"qwen3_8b_post",0
"06f7bedb43b40f3e14f9",1,"qwen3_8b_post",0
"907faf786a33303d4cf1",1,"qwen3_8b_post",0
"584c55363902f8225654",1,"qwen3_8b_post",0
"eafb73ed1d5952bbd66f",1,"qwen3_8b_post",0
"fb6ea7037605a0418ca0",1,"qwen3_8b_post",0
"893f77eb24f8867fc595",1,"qwen3_8b_post",0
"b0b990319fe3aaa9c4ae",1,"qwen3_8b_post",0
"a1795f00b7881fcb99bf",1,"qwen3_8b_post",0
"dd0ec1b791e0b30abac6",1,"qwen3_8b_post",0
"4afaa1dd4f9dc09862e5",1,"qwen3_8b_post",0
"bcea0df41a1318fbd0c6",1,"qwen3_8b_post",0
"72657ec4f78b6e8a3cb5",1,"qwen3_8b_post",0
"b88cf0b77cec28599e73",1,"qwen3_8b_post",0
"2a05da7ba9be7f63f11b",1,"qwen3_8b_post",0
"8d611fdca39780b3ab4e",1,"qwen3_8b_post",0
"8e2a38c0886c00d7fd03",1,"qwen3_8b_post",0
"d86a165e38118fce325c",1,"qwen3_8b_post",0
"5122744241e5fc262180",1,"qwen3_8b_post",0
"2dfc8f2cb145d52a492b",1,"qwen3_8b_post",0
"ed475c5c5f0f87ac5ded",1,"qwen3_8b_post",0
"6397baae8ec91727268c",1,"qwen3_8b_post",0
"6078ad0383f3ec97c8ef",1,"qwen3_8b_post",0
"2ef277c005f9fdb93ffa",1,"qwen3_8b_post",0
"2d7e124a4c2380afb95c",1,"qwen3_8b_post",0
"30582b385507cbddf6a3",1,"qwen3_8b_post",0
"ec3e6587d061b71914ad",1,"qwen3_8b_post",0
"62239d67848ff0c6ad0f",1,"qwen3_8b_post",0
"dbb5587245345cc20ef1",1,"qwen3_8b_post",0
"2512cfb784bcd9cf6c59",1,"qwen3_8b_post",0
"e59e04b9fc0ad73d6112",1,"qwen3_8b_post",0
"d8d3cf0ab2e1135dceeb",1,"qwen3_8b_post",0
"2954406e98dc4547eade",1,"qwen3_8b_post",0
"0fd21d6882370a6e08c7",1,"qwen3_8b_post",0
"57e43627e379b4494fbb",1,"qwen3_8b_post",0
"2c515804f01ae930a535",1,"qwen3_8b_post",0
"60b8f51bdee53070e2bd",1,"qwen3_8b_post",0
"33b19edece521a6f8e10",1,"qwen3_8b_post",0
"a399984e3ad8dc1667d9",1,"qwen3_8b_post",0
"0fc43e9570968dbd7e79",1,"qwen3_8b_post",0
"7395edc112fe8291f97b",1,"qwen3_8b_post",0
"0107e416ff744e5c9180",1,"qwen3_8b_post",0
"76d7414ef76ac39780cf",1,"qwen3_8b_post",0
"d7a92c6921a5790f9873",1,"qwen3_8b_post",0
"24c9ec3f68a0338790d4",1,"qwen3_8b_post",0
"5455f1f428edebfc5926",1,"qwen3_8b_post",0
"2dd8aedfbf30c38e9bac",1,"qwen3_8b_post",0
"c0d6169bb64c9e1919c6",1,"qwen3_8b_post",0
"5567e65d50c76d90ec21",1,"qwen3_8b_post",0
"62ab054af1570793cc8f",1,"qwen3_8b_post",0
"f1457045a0b59cf582bd",1,"qwen3_8b_post",0
"802dcde1713c7ee8a798",1,"qwen3_8b_post",0
"2696dcc39763658dff10",1,"qwen3_8b_post",0
"f926c3072d523a5a1785",1,"qwen3_8b_post",0
"029559ac3f0cc9dd4d1d",1,"qwen3_8b_post",0
"188da9e40fd5926073f8",1,"qwen3_8b_post",0
"d9dc5204375438876bdc",1,"qwen3_8b_post",0
"4295f9ac15d661012af4",1,"qwen3_8b_post",0
"9cdbd0bcc3337a857e2f",1,"qwen3_8b_post",0
"e6e46ad04fa5afc9ec82",1,"qwen3_8b_post",0
"e7ca57226be0facee318",1,"qwen3_8b_post",0
"fef4f5c58ea6ef143d56",1,"qwen3_8b_post",0
"65cd86c2f46fd21259b6",1,"qwen3_8b_post",0
"3c6ad820b4e0ac286845",1,"qwen3_8b_post",0
"696e6bc0727a13411e0d",1,"qwen3_8b_post",0
"103e5904df55ef37f3f8",1,"qwen3_8b_post",0
"f07d979e74eb62c3b89d",1,"qwen3_8b_post",0
"829b3008e923b849eeac",1,"qwen3_8b_post",0
"c9c70f430793158c8e2f",1,"qwen3_8b_post",0
"d1b3c600d7728aaa7a5e",1,"qwen3_8b_post",0
"bbf919e1f79b8c3cb104",1,"qwen3_8b_post",0
"6f72d220065cd4381739",1,"qwen3_8b_post",0
"7045d7b62f9730eb2565",1,"qwen3_8b_post",0
"03e179d768b2c353130a",1,"qwen3_8b_post",0
"4a6b67baafc1e95d60d5",1,"qwen3_8b_post",0
"08b81a369612e2112c5d",1,"qwen3_8b_post",0
"8510beb7a6ac2d49e11b",1,"qwen3_8b_post",0
"ab2de5f8c57e2e26e64c",1,"qwen3_8b_post",0
"efafe950077a4dea05c9",1,"qwen3_8b_post",0
"65bb58b08054fb6f27bf",1,"qwen3_8b_post",0
"bfcb0a993b5bc3ac75ab",1,"qwen3_8b_post",0
"5cd5aa6a86da0074f1f7",1,"qwen3_8b_post",0
"7a50dfc8ba56379c32e7",1,"qwen3_8b_post",0
"c85a6b6dd1de3f47e070",1,"qwen3_8b_post",0
"ca76ee46e8809c3d3ef0",1,"qwen3_8b_post",0
"562fd7d9ca2107c89c57",1,"qwen3_8b_post",0
"e1a3a298453ed90ab6b3",1,"qwen3_8b_post",0
"4d14362d1cedad52c032",1,"qwen3_8b_post",0
"2fc96d5d3e897bba131c",1,"qwen3_8b_post",0
"b6b308d9d7e8805b139f",1,"qwen3_8b_post",0
"ca0a3563d29d06470d16",1,"qwen3_8b_post",0
"c8932e9f8c912d7e192e",1,"qwen3_8b_post",0
"3287ffd71f646d3ae096",1,"qwen3_8b_post",0
"94b6a6a8fc0dadf9b583",1,"qwen3_8b_post",0
"190e6a80a04bcd3c7056",1,"qwen3_8b_post",0
"892baafbe321b96097a4",1,"qwen3_8b_post",0
"2ad33fde20502e11ec8d",1,"qwen3_8b_post",0
"4e9d7be4c9e803eeccbb",1,"qwen3_8b_post",0
"db78c66e8d28017700c0",1,"qwen3_8b_post",0
"a5e3c1712527da30b187",1,"qwen3_8b_post",0
"82a223c9b3ace38ebb8c",1,"qwen3_8b_post",0
"d93c97e6dc6763b196f6",1,"qwen3_8b_post",0
"4d96f33c4ab4ba29a346",1,"qwen3_8b_post",0
"32b96c187fb32b3a5462",1,"qwen3_8b_post",0
"b388a308cf38e7a27b8d",1,"qwen3_8b_post",0
"51e5abd8fc35d65b71a0",1,"qwen3_8b_post",0
"c30a3cd25eb05b72290b",1,"qwen3_8b_post",0
"a94f4f222338ddd35ee9",1,"qwen3_8b_post",0
"e342749ec9eab5ffc2fc",1,"qwen3_8b_post",0
"65949002d5ecc136689a",1,"qwen3_8b_post",0
"6a601c9b7ef980968f4d",1,"qwen3_8b_post",0
"c849a7c88457be6b9301",1,"qwen3_8b_post",0
"a27cdc77fc268b300bdc",1,"qwen3_8b_post",0
"6096a1c27c4979046e81",1,"qwen3_8b_post",0
"ba616b262366f5440a77",1,"qwen3_8b_post",0
"95e53784573a1bd67026",1,"qwen3_8b_post",0
"14e3bb772723887db376",1,"qwen3_8b_post",0
"d259fd5e0c9bbe5bf3cb",1,"qwen3_8b_post",0
"6276b706f763b4759829",1,"qwen3_8b_post",0
"3bdc8613fe68edd3f633",1,"qwen3_8b_post",0
"840de10f9cbbedb20f8a",1,"qwen3_8b_post",0
"d0f0c7e602fddb1cab2b",1,"qwen3_8b_post",0
"4c16b1ab17b180fd2e03",1,"qwen3_8b_post",0
"03d31da7c01d93658089",1,"qwen3_8b_post",0
"c65b527bf948d144f0a4",1,"qwen3_8b_post",0
"9e7311699cdf4430ffa2",1,"qwen3_8b_post",0
"ce086a833567f499eb05",1,"qwen3_8b_post",0
"92978afa34e71f3ca47b",1,"qwen3_8b_post",0
"c20ad6b15ea2f07919d6",1,"qwen3_8b_post",0
"29b924a5cd6f1ab542a1",1,"qwen3_8b_post",0
"4187af4fcff0501f6831",1,"qwen3_8b_post",0
"cec06da7487c9fb03043",1,"qwen3_8b_post",0
"29f7db9cc6c99af1a7a3",1,"qwen3_8b_post",0
"91069b0226350007b4d7",1,"qwen3_8b_post",0
"4350d976f4c4183aa3be",1,"qwen3_8b_post",0
"35e12d43055ebf0da4f4",1,"qwen3_8b_post",0
"f43eeb5ddcd7a1aa295d",1,"qwen3_8b_post",0
"ff42862d6ddb9ebecac1",1,"qwen3_8b_post",0
"ec9fad6383f9cd3d9503",1,"qwen3_8b_post",0
"42f7fe5ccec6d286b3f5",1,"qwen3_8b_post",0
"6ed5a62700eb4b7cece2",1,"qwen3_8b_post",0
"49d1dd7b4d639a71a3ea",1,"qwen3_8b_post",0
"de1fc177110e8328912a",1,"qwen3_8b_post",0
"f238021fe71fff338e61",1,"qwen3_8b_post",0
"4f8738a75793d74fd2fe",1,"qwen3_8b_post",0
"e750e2d121ed2ef6077b",1,"qwen3_8b_post",0
"89a8b9184e76584324bf",1,"qwen3_8b_post",0
"9577e694c63df591a11c",1,"qwen3_8b_post",0
"25070d92928abc19b7f0",1,"qwen3_8b_post",0
"c919e47568252f48289d",1,"qwen3_8b_post",0
"3b7dbdd279227a17c62e",1,"qwen3_8b_post",0
"05915acdabbd381224fc",1,"qwen3_8b_post",0
"95b2058f39602c183152",1,"qwen3_8b_post",0
"ccebdfafb9aab7d904de",1,"qwen3_8b_post",0
"300ad1ddb7d19f0f7c44",1,"qwen3_8b_post",0
"c85197ee273b1c5c1982",1,"qwen3_8b_post",0
"94e80f6987ed9be9350a",1,"qwen3_8b_post",0
"0df27d932b657a98e9e3",1,"qwen3_8b_post",0
"3e79522ec97c95fb3dd1",1,"qwen3_8b_post",0
"26ad6109e255ca4267bd",1,"qwen3_8b_post",0
"58621103b6c42357b5f1",1,"qwen3_8b_post",0
"886f441169804678d7b3",1,"qwen3_8b_post",0
"6d257537fabbd129b044",1,"qwen3_8b_post",0
"11f74238ae4358f16532",1,"qwen3_8b_post",0
"5fe25d0a0c5d79f526a5",1,"qwen3_8b_post",0
"2ef95fad483b94a9adfb",1,"qwen3_8b_post",0
"6bfb98229cb1893b46ba",1,"qwen3_8b_post",0
"97c51af76943339ecd82",1,"qwen3_8b_post",0
"0bf7769b80842cbe8a55",1,"qwen3_8b_post",0
"3e3fba8a25ee2d7a8e6f",1,"qwen3_8b_post",0
"5201c9437460e17ae76f",1,"qwen3_8b_post",0
"51eccd664d197afcc21a",1,"qwen3_8b_post",0
"de88ec821a8d6911f15b",1,"qwen3_8b_post",0
"e5a45ba6c84476d9f455",1,"qwen3_8b_post",0
"42d180ce548d1a04dcac",1,"qwen3_8b_post",0
"33b71348a37443d6f9a7",1,"qwen3_8b_post",0
"b1f8db1d4bc53980cc1a",1,"qwen3_8b_post",0
"50df5a190d7ae3a09c9a",1,"qwen3_8b_post",0
"708e3402896655783e34",1,"qwen3_8b_post",0
"510f7be3c3049f8cdba3",1,"qwen3_8b_post",0
"da5ead7472152d2b324e",1,"qwen3_8b_post",0
"c058ac915d88e40c84f9",1,"qwen3_8b_post",0
"2a73f6a1ac9cc537517b",1,"qwen3_8b_post",0
"5ddb6dba11b154eb0e28",1,"qwen3_8b_post",0
"b93d7f9f9842f7cce4de",1,"qwen3_8b_post",0
"fc134d12c9584334df8f",1,"qwen3_8b_post",0
"c46123642acaea94ca87",1,"qwen3_8b_post",0
"d810ddbc02a39bf9889c",1,"qwen3_8b_post",0
"8d5e749ae064eb531a8a",1,"qwen3_8b_post",0
"241c75e1b4c14c0d92aa",1,"qwen3_8b_post",0
"939fe50af86353550c7a",1,"qwen3_8b_post",0
"e389846e73a2ee040f4f",1,"qwen3_8b_post",0
"dac2618f0134b01599f0",1,"qwen3_8b_post",0
"b1e4497ba8013544e725",1,"qwen3_8b_post",0
"bcbcef087c2afa52d62b",1,"qwen3_8b_post",0
"fb4f9d8c6003a01fd237",1,"qwen3_8b_post",0
"ded54231421b2e83adbe",1,"qwen3_8b_post",0
"3b0d5ccc3e17fa489069",1,"qwen3_8b_post",0
"75291d30897bcfe42454",1,"qwen3_8b_post",0
"32b82bfe0798c62f3fce",1,"qwen3_8b_post",0
"9cfa85d6e82f2c7dc13e",1,"qwen3_8b_post",0
"50d786cc888aa2f0513d",1,"qwen3_8b_post",0
"3080a3965d21fa539094",1,"qwen3_8b_post",0
"59b60507f1a27da18623",1,"qwen3_8b_post",0
"554b11b50dc29791be32",1,"qwen3_8b_post",0
"2efb7a36de068103ee90",1,"qwen3_8b_post",0
"a7501a44c8d41759923f",1,"qwen3_8b_post",0
"a22b379f9ccace398152",1,"qwen3_8b_post",0
"e4a2a4ad006e5783909e",1,"qwen3_8b_post",0
"3ad538db056b7c70d9d1",1,"qwen3_8b_post",0
"3c83b8fcbf582e55ab6d",1,"qwen3_8b_post",0
"4dd1c2f7517c09bb4e8c",1,"qwen3_8b_post",0
"270c0cec9c486eca27b0",1,"qwen3_8b_post",0
"945964568209bfda068a",1,"qwen3_8b_post",0
"c3daf96e0779fd46fd51",1,"qwen3_8b_post",0
"749a63460f22fb4fd980",1,"qwen3_8b_post",0
"5b4528dcb53aa6ba2729",1,"qwen3_8b_post",0
"3e121b9ea23232c05bd3",1,"qwen3_8b_post",0
"7b29ee4d43d6f9fd76a6",1,"qwen3_8b_post",0
"4a99c6a6dd6400637219",1,"qwen3_8b_post",0
"322423ef287606818499",1,"qwen3_8b_post",0
"29d75f0a5d27ed8a8cee",1,"qwen3_8b_post",0
"ca0a93e7470599cb47c7",1,"qwen3_8b_post",0
"1766cd7fb6d3d4493bea",1,"qwen3_8b_post",0
"aa6a19d231dc1bc9eb55",1,"qwen3_8b_post",0
"c5d75ef1639a91d450ab",1,"qwen3_8b_post",0
"aa2ba675030c8d04322f",1,"qwen3_8b_post",0
"d22ce96e7f93efb0c754",1,"qwen3_8b_post",0
"0f03a01298b05800136a",1,"qwen3_8b_post",0
"ded6d2fe996eea0a6a1f",1,"qwen3_8b_post",0
"595b500a5c0484e6c655",1,"qwen3_8b_post",0
"89d306fd4defe33d9e8d",1,"qwen3_8b_post",0
"8500150a51db470df5e8",1,"qwen3_8b_post",0
"542959e110a02c2e4700",1,"qwen3_8b_post",0
"f852879ec05c533caedd",1,"qwen3_8b_post",0
"266099080792ec5b01f8",1,"qwen3_8b_post",0
"8de144790a63c0c918ce",1,"qwen3_8b_post",0
"25ebb50a6abfe32cb429",1,"qwen3_8b_post",0
"07ef4aa60cfc2a4f8532",1,"qwen3_8b_post",0
"20508789678e33620e24",1,"qwen3_8b_post",0
"33109c1b923de8b3c430",1,"qwen3_8b_post",0
"d2e2997db6cb3fd546ed",1,"qwen3_8b_post",0
"f826d4736319cd2665ce",1,"qwen3_8b_post",0
"07c5b7cb921e2ea921ba",1,"qwen3_8b_post",0
"08546d2381bf1786e2dc",1,"qwen3_8b_post",0
"b9f4c3b1b29f01c566a5",1,"qwen3_8b_post",0
"83ae8f025bb04042756a",1,"qwen3_8b_post",0
"d073b3f2d71cbd90c85c",1,"qwen3_8b_post",0
"9a5581450d37d52ba826",1,"qwen3_8b_post",0
"772a8e5db830eb7dad1b",1,"qwen3_8b_post",0
"1e11b4a89e1a87e00046",1,"qwen3_8b_post",0
"0b2e08c6946e3c896a6e",1,"qwen3_8b_post",0
"fe02a7326b0bf6a6b1ac",1,"qwen3_8b_post",0
"b20e9593dc7f5d857053",1,"qwen3_8b_post",0
"33e44dfdeec88e0c7943",1,"qwen3_8b_post",0
"8a943a9e5a1f4c86f346",1,"qwen3_8b_post",0
"c7d9d62b1b1e4d3f9c8f",1,"qwen3_8b_post",0
"8b61ef8cac152b3499a4",1,"qwen3_8b_post",0
"89f31682f59333470e0b",1,"qwen3_8b_post",0
"30284899de75d50717ff",1,"qwen3_8b_post",0
"6fd0a034695358b30ca4",1,"qwen3_8b_post",0
"df836cc8486086dde5c9",1,"qwen3_8b_post",0
"7e2c8ce5e6917bdd554d",1,"qwen3_8b_post",0
"ac85b273d2a34c771537",1,"qwen3_8b_post",0
"a67fff6bfafc4c910f08",1,"qwen3_8b_post",0
"544fa560501be14424cc",1,"qwen3_8b_post",0
"96623751520c46038ff6",1,"qwen3_8b_post",0
"f64a321077d9220ef9ef",1,"qwen3_8b_post",0
"97c0fa94a2aa5807680a",1,"qwen3_8b_post",0
"cb63006a181ba0a21feb",1,"qwen3_8b_post",0
"7e2c46916cc134b36102",1,"qwen3_8b_post",0
"f49a3f8bd7f4fe591e66",1,"qwen3_8b_post",0
"194b25e27dd8b0b4518c",1,"qwen3_8b_post",0
"07ab1540ed1b4efdcba7",1,"qwen3_8b_post",0
"5cc07968ca2f690c162f",1,"qwen3_8b_post",0
"1cedf8d4c67ad24b2037",1,"qwen3_8b_post",0
"e461cadb109df2e12acf",1,"qwen3_8b_post",0
"afcab5f54da7c3615754",1,"qwen3_8b_post",0
"1bba1b7cc05d6a6eb701",1,"qwen3_8b_post",0
"bc7c408830b9ef260680",1,"qwen3_8b_post",0
"be1db01662a7aa808d9f",1,"qwen3_8b_post",0
"489c36780ba90d2efe17",1,"qwen3_8b_post",0
"267b4950cf51871bac69",1,"qwen3_8b_post",0
"ffc33a84e0de98b0c352",1,"qwen3_8b_post",0
"71d971904caea59330ae",1,"qwen3_8b_post",0
"47c3ba2e31994c978e68",1,"qwen3_8b_post",0
"c8ca724e5f6bbdd60944",1,"qwen3_8b_post",0
"3989a62e0221b20a0265",1,"qwen3_8b_post",0
"a3d27fdec45c4581b04a",1,"qwen3_8b_post",0
"43eec670379ca732cfbb",1,"qwen3_8b_post",0
"91f315ce0327b5af35c1",1,"qwen3_8b_post",0
"599b42cd615a99465dca",1,"qwen3_8b_post",0
"de704a9d9409e9bf5185",1,"qwen3_8b_post",0
"7bc3c1f465a546f185e6",1,"qwen3_8b_post",0
"ff87015c3624c4341aab",1,"qwen3_8b_post",0
"13fc2b624da3c69257c0",1,"qwen3_8b_post",0
"8674fcbb911f576da8a5",1,"qwen3_8b_post",0
"f4a31122ddfe398b5142",1,"qwen3_8b_post",0
"e26dab888d8e78fcf1bf",1,"qwen3_8b_post",0
"43652d5bcdd1792c1b45",1,"qwen3_8b_post",0
"0d801eaba2b799294772",1,"qwen3_8b_post",0
"31f58c53a27618b3e04c",1,"qwen3_8b_post",0
"7578e9f83349feeb92c6",1,"qwen3_8b_post",0
"daf29b5a3c5077fd18ba",1,"qwen3_8b_post",0
"cb15cb7afc51ea448f2e",1,"qwen3_8b_post",0
"f64f6b4cce84b876fc9c",1,"qwen3_8b_post",0
"b002fa99ed297b562179",1,"qwen3_8b_post",0
"7613bfd04a474315a9d7",1,"qwen3_8b_post",0
"23850fe5b3fce4ddbc28",1,"qwen3_8b_post",0
"3d2eea58dcd0a9c89a41",1,"qwen3_8b_post",0
"8b1a8b12ca858c71bf73",1,"qwen3_8b_post",0
"fb2465b650090c6baacc",1,"qwen3_8b_post",0
"0172bafa7eb57ccc4553",1,"qwen3_8b_post",0
"186ebac0d0eaeeda5ca6",1,"qwen3_8b_post",0
"59ae6a148d201175a5a1",1,"qwen3_8b_post",0
"c6c8e9c15eda7c2c2dcd",1,"qwen3_8b_post",0
"715b375890ee34566caa",1,"qwen3_8b_post",0
"4cc1fbd72076940a2c69",1,"qwen3_8b_post",0
"95cac1885ed4930e5335",1,"qwen3_8b_post",0
"8bb6764fef54e06fceab",1,"qwen3_8b_post",0
"f76c43a14fef0e643b40",1,"qwen3_8b_post",0
"6882180fefb2447b8244",1,"qwen3_8b_post",0
"877bb03846e6a424c57e",1,"qwen3_8b_post",0
"7156fce5de8001206391",1,"qwen3_8b_post",0
"8ba50a6a2c05fefaf696",1,"qwen3_8b_post",0
"a59ce9a90bb6345bce04",1,"qwen3_8b_post",0
"7ab6750544a6560700d6",1,"qwen3_8b_post",0
"69ac52b8d3b2bb8fe58d",1,"qwen3_8b_post",0
"05c99f35ec114abf2188",1,"qwen3_8b_post",0
"2ca9fc6c5c6dcf55a053",1,"qwen3_8b_post",0
"e6e38d7d6e414ddd809d",1,"qwen3_8b_post",0
"3265f061165301237bbb",1,"qwen3_8b_post",0
"7cddb93be5eaff7551e0",1,"qwen3_8b_post",0
"32cf32ea07c1b7bb05ac",1,"qwen3_8b_post",0
"7934a9ad4115225aad4b",1,"qwen3_8b_post",0
"6a80a9b487db08a88597",1,"qwen3_8b_post",0
"8f146d909deb35955f80",1,"qwen3_8b_post",0
"fd7e776909a226b330b1",1,"qwen3_8b_post",0
"a924985f07b99e00547c",1,"qwen3_8b_post",0
"dff4e519f5bede101fbb",1,"qwen3_8b_post",0
"ae6f4eee9f383a1984f4",1,"qwen3_8b_post",0
"6611fcf6fe1a609d0689",1,"qwen3_8b_post",0
"363b60ae7e901c64a11d",1,"qwen3_8b_post",0
"df471b5ee072cb3dee49",1,"qwen3_8b_post",0
"228730404d0bbe638dbe",1,"qwen3_8b_post",0
"04730e032f48e8eba776",1,"qwen3_8b_post",0
"a3df32dbf446daadf655",1,"qwen3_8b_post",0
"7feb898c4c6a4fe9085b",1,"qwen3_8b_post",0
"02e42620812a05c33adf",1,"qwen3_8b_post",0
"a17d91676e2abe767ba1",1,"qwen3_8b_post",0
"787db676303aab0bf375",1,"qwen3_8b_post",0
"9b2720ad6f31b41c9e57",1,"qwen3_8b_post",0
"cd04ad882715676698db",1,"qwen3_8b_post",0
"0dc0f06f0a2a2ebf51e7",1,"qwen3_8b_post",0
"24ebe7f6f8940734c3b9",1,"qwen3_8b_post",0
"ffcc87796c2083524d7e",1,"qwen3_8b_post",0
"28a2004d09d3a5bc799f",1,"qwen3_8b_post",0
"7219d441c05f4291ff7c",1,"qwen3_8b_post",0
"18b73bf24f6efa9e80cc",1,"qwen3_8b_post",0
"80d8e68ec5ccfaefce61",1,"qwen3_8b_post",0
"95d5a6d9353081beb42e",1,"qwen3_8b_post",0
"e6afd0245f430d27e2b6",1,"qwen3_8b_post",0
"2182cef25a3a6613ed25",1,"qwen3_8b_post",0
"0095ef913f3f6238583d",1,"qwen3_8b_post",0
"80f39d3fa39b3118b1c8",1,"qwen3_8b_post",0
"bffabfd2c6d48649e8f8",1,"qwen3_8b_post",0
"1436a3cba036198e9c8d",1,"qwen3_8b_post",0
"2a09dda4a8fd2b61dca6",1,"qwen3_8b_post",0
"ccd91c75368292478ef8",1,"qwen3_8b_post",0
"ff9e809a515465d49cda",1,"qwen3_8b_post",0
"af8453972b8584240328",1,"qwen3_8b_post",0
"b38aa1984dce1ebb5c2f",1,"qwen3_8b_post",0
"f4da1174443cb3c38f55",1,"qwen3_8b_post",0
"db5ef9b0cb09c3b64c1b",1,"qwen3_8b_post",0
"ac6c814c1c2e4e9b0fd6",1,"qwen3_8b_post",0
"844167e1883ac72b3681",1,"qwen3_8b_post",0
"aaed2c41200f7e902138",1,"qwen3_8b_post",0
"ab4e7141943837473eeb",1,"qwen3_8b_post",0
"bd45097b4a9a898e05f2",1,"qwen3_8b_post",0
"e1a318e6ecd091fa140f",1,"qwen3_8b_post",0
"731fd54a52bcc6932b0d",1,"qwen3_8b_post",0
"c4f86f527a7d47023ec0",1,"qwen3_8b_post",0
"2e0399d0943b0add0f05",1,"qwen3_8b_post",0
"e981e0eca6daead898d5",1,"qwen3_8b_post",0
"8d8b12d2247ee46edc0d",1,"qwen3_8b_post",0
"6de21884b901f5ddce22",1,"qwen3_8b_post",0
"d137d2acdf0ebc9b2f25",1,"qwen3_8b_post",0
"4604feae688f7923d739",1,"qwen3_8b_post",0
"9693270affa699ccd8d1",1,"qwen3_8b_post",0
"432b10200db4e160d946",1,"qwen3_8b_post",0
"758f67e7935c45a95897",1,"qwen3_8b_post",0
"3f37811db07b6343b2cd",1,"qwen3_8b_post",0
"ae6dae5f493f02c37fb9",1,"qwen3_8b_post",0
"dfc651e603fc7e694899",1,"qwen3_8b_post",0
"3937a6618fa0f9a0dbf0",1,"qwen3_8b_post",0
"d4271bee57b2dfe9554f",1,"qwen3_8b_post",0
"6e36a617885643cd087d",1,"qwen3_8b_post",0
"011484912b931e5a3820",1,"qwen3_8b_post",0
"5e5077ee485103aef74e",1,"qwen3_8b_post",0
"31f5b1998f142885b16b",1,"qwen3_8b_post",0
"0b9da2c5d777a3a2d120",1,"qwen3_8b_post",0
"699ad0592a22e280d00f",1,"qwen3_8b_post",0
"c4d4138572544b95eccd",1,"qwen3_8b_post",0
"9b0c306f3b5bb5452788",1,"qwen3_8b_post",0
"da195976a150bbfa7eb6",1,"qwen3_8b_post",0
"73d4d00484f71b761736",1,"qwen3_8b_post",0
"b1f77ce0971161e27112",1,"qwen3_8b_post",0
"4dab3b00cd91ec439292",1,"qwen3_8b_post",0
"c10055842523c0158729",1,"qwen3_8b_post",0
"7db1c6b90fe67ac97eed",1,"qwen3_8b_post",0
"dd3a561b802e61e3c6e9",1,"qwen3_8b_post",0
"2f8937f31e3b00c78381",1,"qwen3_8b_post",0
"59d12598aa29482bfb65",1,"qwen3_8b_post",0
"ff15eac6ece2d4606482",1,"qwen3_8b_post",0
"168f9a63f7da82829c5b",1,"qwen3_8b_post",0
"0140a7339e1da5c6b34a",1,"qwen3_8b_post",0
"8c9aeb32ac539f409ce3",1,"qwen3_8b_post",0
"5457b52dc6b05c000fc7",1,"qwen3_8b_post",0
"8fef6a5c10875a10bfd9",1,"qwen3_8b_post",0
"82b5dd26bd535c9cbacf",1,"qwen3_8b_post",0
"19f745c6604a1a1f45e1",1,"qwen3_8b_post",0
"19870613eb929e0cc389",1,"qwen3_8b_post",0
"61bda4471844cbeb8032",1,"qwen3_8b_post",0
"1dbfb0ee81f4437925fd",1,"qwen3_8b_post",0
"424b6a4d1681dd911915",1,"qwen3_8b_post",0
"3fa2dba434ebd8e83c81",1,"qwen3_8b_post",0
"68e03cf9674cbf5c3dd0",1,"qwen3_8b_post",0
"948e5d114e89c15272ff",1,"qwen3_8b_post",0
"577823826654d54c34ef",1,"qwen3_8b_post",0
"2f69100883cc05fdb695",1,"qwen3_8b_post",0
"c19cdb2b510493d24ea0",1,"qwen3_8b_post",0
"ea46ef3232d8885c93a9",1,"qwen3_8b_post",0
"3af80c6705a9a33be806",1,"qwen3_8b_post",0
"78326fe11404bec017e2",1,"qwen3_8b_post",0
"079621e81375f52922bc",1,"qwen3_8b_post",0
"a966af1c320284578161",1,"qwen3_8b_post",0
"849257f4f6b00f9bea71",1,"qwen3_8b_post",0
"de2c41d7fb8fd4480ecb",1,"qwen3_8b_post",0
"9f53f2becc8f75a793f9",1,"qwen3_8b_post",0
"53b9ebaa3a5a6ec421f0",1,"qwen3_8b_post",0
"c45496bec27e039a19cc",1,"qwen3_8b_post",0
"bb0a2757067bf7dc3207",1,"qwen3_8b_post",0
"dd97a6819c3bc26da1ec",1,"qwen3_8b_post",0
"dbcb23e0126910fb0803",1,"qwen3_8b_post",0
"eea580b9a6c01802e851",1,"qwen3_8b_post",0
"f8ad9604c0ee86cf33c9",1,"qwen3_8b_post",0
"5dc5938762d2d0bd0802",1,"qwen3_8b_post",0
"e09d3d4d44cf516a7a81",1,"qwen3_8b_post",0
"09030905d65ac5dd402d",1,"qwen3_8b_post",0
"e41342d9604bb48ccfbb",1,"qwen3_8b_post",0
"f3da23233a5cff0f6ece",1,"qwen3_8b_post",0
"026a870e6eae33f02112",1,"qwen3_8b_post",0
"913bd07081d4e1fc14dd",1,"qwen3_8b_post",0
"2709076e7e9d44ee0aeb",1,"qwen3_8b_post",0
"c321326f45e2d6ae9905",1,"qwen3_8b_post",0
"12157103543cf879dc2c",1,"qwen3_8b_post",0
"30cfc76397ce8f9e959a",1,"qwen3_8b_post",0
"da8f311cef892fbf54a3",1,"qwen3_8b_post",0
"9c7dae1c42b8c23393a8",1,"qwen3_8b_post",0
"f70a562820a2f75a4f8f",1,"qwen3_8b_post",0
"77de145a0122cc95b471",1,"qwen3_8b_post",0
"577d4c3ab1891125f26f",1,"qwen3_8b_post",0
"51dfdf7e9a74ae890b0d",1,"qwen3_8b_post",0
"906b91843b1a619556cd",1,"qwen3_8b_post",0
"57096cfa8af2fbc61a05",1,"qwen3_8b_post",0
"f880c66e8f59cbaa5dca",1,"qwen3_8b_post",0
"d9dffa4a901971f540b4",1,"qwen3_8b_post",0
"a4edcf5c5fe5e1f88d9f",1,"qwen3_8b_post",0
"8e5541cb3f7b93174882",1,"qwen3_8b_post",0
"470f488fa38a91d94f79",1,"qwen3_8b_post",0
"6a3411a7d1bc68bf35de",1,"qwen3_8b_post",0
"3f8d736552812d009453",1,"qwen3_8b_post",0
"36b573be23349fcf74a9",1,"qwen3_8b_post",0
"f55b1c0fe4661c46a4d6",1,"qwen3_8b_post",0
"a49d4ef11843e82cb56f",1,"qwen3_8b_post",0
"fc5cb0ffc0b9c16e7f79",1,"qwen3_8b_post",0
"207c633a48757850901d",1,"qwen3_8b_post",0
"c89f9fa6c7a80bcf2c3e",1,"qwen3_8b_post",0
"06a01707d295252bcf3e",1,"qwen3_8b_post",0
"6657c36196893e122f98",1,"qwen3_8b_post",0
"1c6c16c9d43caef7f356",1,"qwen3_8b_post",0
"ea3a1113880dd855a849",1,"qwen3_8b_post",0
"87134c97cebf0d23e25d",1,"qwen3_8b_post",0
"5c98f90b33a79f0fa32c",1,"qwen3_8b_post",0
"2ba52e3fef88fe9e7974",1,"qwen3_8b_post",0
"b19995959d03227296e1",1,"qwen3_8b_post",0
"ef6c479d4b3855535c3c",1,"qwen3_8b_post",0
"57918bb9c75848787b01",1,"qwen3_8b_post",0
"53d5d8295d41c622fb3e",1,"qwen3_8b_post",0
"930f3b8c5c6da2dd8fd3",1,"qwen3_8b_post",0
"50cc17202da4cc5ed8ad",1,"qwen3_8b_post",0
"cbafa921ccdbb76dde85",1,"qwen3_8b_post",0
"afa4eae1b8a2055e8973",1,"qwen3_8b_post",0
"c2e3daec9e50af13a07c",1,"qwen3_8b_post",0
"49946ea799437d192fa8",1,"qwen3_8b_post",0
"72e5533c767f67a388dc",1,"qwen3_8b_post",0
"727549f87b57a910fee1",1,"qwen3_8b_post",0
"52d59112fda0827d96b7",1,"qwen3_8b_post",0
"643093a80f4f2de68ed2",1,"qwen3_8b_post",0
"c9af239a19446481da66",1,"qwen3_8b_post",0
"57e7ac4a8ce48fcee630",1,"qwen3_8b_post",0
"55e91047e73fb51a9098",1,"qwen3_8b_post",0
"bdfb95a418347cf96308",1,"qwen3_8b_post",0
"480a61f2d4c5a8867253",1,"qwen3_8b_post",0
"edde1d52529d55af7a68",1,"qwen3_8b_post",0
"5291cbbeb3c9bb2811e3",1,"qwen3_8b_post",0
"bf850748620fd4fcc1f1",1,"qwen3_8b_post",0
"f144e08c06acec83db97",1,"qwen3_8b_post",0
"ba02e6967a9b6a6ed2d2",1,"qwen3_8b_post",0
"2d12e7d56b274b9c7363",1,"qwen3_8b_post",0
"4c29ae5968b501c8eb2f",1,"qwen3_8b_post",0
"2c10061698f3433038a4",1,"qwen3_8b_post",0
"f69ffc6923a1112c3a06",1,"qwen3_8b_post",0
"36992661f8f9e95c1e09",1,"qwen3_8b_post",0
"3a6d468db8e3b333a91a",1,"qwen3_8b_post",0
"4e5130c7bb6a9b498dd7",1,"qwen3_8b_post",0
"556ac531848b79ece59b",1,"qwen3_8b_post",0
"ca035b6170db7500544f",1,"qwen3_8b_post",0
"e16dda282f0a619db0b2",1,"qwen3_8b_post",0
"e57f4e0308f595f72c0a",1,"qwen3_8b_post",0
"ece821ee4ed38b898fdd",1,"qwen3_8b_post",0
"386668a23746e7d43be7",1,"qwen3_8b_post",0
"4f8d11895d470e576f0a",1,"qwen3_8b_post",0
"f076050933716550953f",1,"qwen3_8b_post",0
"371ee9398e45e65fe9ce",1,"qwen3_8b_post",0
"dc51fea557930cc7d87a",1,"qwen3_8b_post",0
"8db562cb22648c386a44",1,"qwen3_8b_post",0
"bf783a558015f971da9b",1,"qwen3_8b_post",0
"d469f9d827488a88296c",1,"qwen3_8b_post",0
"8ae778cdd57f5683e83e",1,"qwen3_8b_post",0
"62cc490a28e27ed38c74",1,"qwen3_8b_post",0
"d0b171f1fc65f464d485",1,"qwen3_8b_post",0
"ebb77012d66a1c061da3",1,"qwen3_8b_post",0
"1d006d0b0b58e70ed07d",1,"qwen3_8b_post",0
"aebf1d6ab49fbbd7924f",1,"qwen3_8b_post",0
"087cc4394fcf46048dba",1,"qwen3_8b_post",0
"b1e707619cbd139bd91d",1,"qwen3_8b_post",0
"40ab3fdb6822a735840f",1,"qwen3_8b_post",0
"b275a819bdaaa7bd6458",1,"qwen3_8b_post",0
"3b62ace73faf4c82e09c",1,"qwen3_8b_post",0
"2e71b8e0294d1f6ac316",1,"qwen3_8b_post",0
"cb7f1a34c370e9896056",1,"qwen3_8b_post",0
"2ea7b16bcc8090b10e10",1,"qwen3_8b_post",0
"d0fdf2909a953632392a",1,"qwen3_8b_post",0
"702b601f8ec061b737e7",1,"qwen3_8b_post",0
"85c5901c77ab1733aa0b",1,"qwen3_8b_post",0
"63c725bc6b13af1e464b",1,"qwen3_8b_post",0
"d2d46b8a9fb17a0cd38a",1,"qwen3_8b_post",0
"a0d50f780ce6a794f551",1,"qwen3_8b_post",0
"db015f39d1a5c2046254",1,"qwen3_8b_post",0
"7587234fb2724baee766",1,"qwen3_8b_post",0
"fa0d3f84dc03a336ef13",1,"qwen3_8b_post",0
"0d350eb52f44cbdb925a",1,"qwen3_8b_post",0
"37a727cbcaa05a02fb17",1,"qwen3_8b_post",0
"72f2a45c1cdb9b5fe547",1,"qwen3_8b_post",0
"62ee92d4c96e54a94e95",1,"qwen3_8b_post",0
"6724da6c30e7bb55933e",1,"qwen3_8b_post",0
"78b1657aaeb2da057d77",1,"qwen3_8b_post",0
"e863234d35ed21a4546c",1,"qwen3_8b_post",0
"f6ea18c5317b51cd2fa6",1,"qwen3_8b_post",0
"6ce2ab3224003600da70",1,"qwen3_8b_post",0
"1b45908ca269995365d4",1,"qwen3_8b_post",0
"fd6e752e6ac3d39302a0",1,"qwen3_8b_post",0
"c0f9fe22a93ca867bab3",1,"qwen3_8b_post",0
"daedabbd7d7fd25aa3f6",1,"qwen3_8b_post",0
"8e9dc55023cceb7b8366",1,"qwen3_8b_post",0
"c1f098d622878b9505d4",1,"qwen3_8b_post",0
"24fb5f55367d9a965ca8",1,"qwen3_8b_post",0
"103e51fd3f3ab046d8f8",1,"qwen3_8b_post",0
"bae22af02bee2157cfe5",1,"qwen3_8b_post",0
"4cffc9119746f456fdb4",1,"qwen3_8b_post",0
"da6fd3c3874d3a398e31",1,"qwen3_8b_post",0
"86f6ca68ea388b132abb",1,"qwen3_8b_post",0
"3e270140c27ccf7337ff",1,"qwen3_8b_post",0
"698b29c2fea0a4a7ba22",1,"qwen3_8b_post",0
"3fc1a7586488afaf0740",1,"qwen3_8b_post",0
"4b08fb913a8ef7824917",1,"qwen3_8b_post",0
"8ff1d56d7169bc143e29",1,"qwen3_8b_post",0
"f3b47d0ba5113bf4d724",1,"qwen3_8b_post",0
"5b93d9bb18bad68ce652",1,"qwen3_8b_post",0
"aa6fcb5694134c0424d8",1,"qwen3_8b_post",0
"e5a02556f5b385ee2116",1,"qwen3_8b_post",0
"2b2b3d2e39963cf785ac",1,"qwen3_8b_post",0
"30291b68cf0b1bc4aad9",1,"qwen3_8b_post",0
"2368004d9f90969b29fe",1,"qwen3_8b_post",0
"5406cd85fe5627dfb7ae",1,"qwen3_8b_post",0
"1285dadeaccb4a00e047",1,"qwen3_8b_post",0
"bf797bbe492ae1bd0357",1,"qwen3_8b_post",0
"9772380dcf4e688e78c9",1,"qwen3_8b_post",0
"b78f32a7e27e2c65e5a8",1,"qwen3_8b_post",0
"02e7128e792ae458c6fd",1,"qwen3_8b_post",0
"64a06f2236434e52f4b3",1,"qwen3_8b_post",0
"f3fc25b8d120ab5bed85",1,"qwen3_8b_post",0
"7ca23bfa0754224dcbb5",1,"qwen3_8b_post",0
"970d00712c28f7b74570",1,"qwen3_8b_post",0
"5885784baa5f45f97cd9",1,"qwen3_8b_post",0
"8bd7bdf61a87ece39185",1,"qwen3_8b_post",0
"8db9f960fc534e39e447",1,"qwen3_8b_post",0
"0c9dc0e74bf1ba6421ec",1,"qwen3_8b_post",0
"56140b2a0fbf2bf922c1",1,"qwen3_8b_post",0
"8e4a2c70aeae63bf74ea",1,"qwen3_8b_post",0
"7ea5e072f0e8909ac0d3",1,"qwen3_8b_post",0
"fda43fed0ee8a63a869c",1,"qwen3_8b_post",0
"0fd47943e32c8ab62d76",1,"qwen3_8b_post",0
"200b063fb8025ef9a086",1,"qwen3_8b_post",0
"8eac0a946f15e1e1bceb",1,"qwen3_8b_post",0
"cd2c192cb9f19b3cbd47",1,"qwen3_8b_post",0
"9e251971ff5e3bebc1b1",1,"qwen3_8b_post",0
"e8fbef3d0ab92f34b3d1",1,"qwen3_8b_post",0
"98bcf84e8aab57ba0c82",1,"qwen3_8b_post",0
"21a0c719a636967ef438",1,"qwen3_8b_post",0
"11f06261330dd6337e92",1,"qwen3_8b_post",0
"c8d1f4ef876e7c098d74",1,"qwen3_8b_post",0
"416ab0c6c05977ffc909",1,"qwen3_8b_post",0
"2f5d424ededd39398b81",1,"qwen3_8b_post",0
"b999c685c10fac243174",1,"qwen3_8b_post",0
"b5444611c642131c7a18",1,"qwen3_8b_post",0
"8e7340e3e1d691c1d10c",1,"qwen3_8b_post",0
"99a8e034dc512a40f33c",1,"qwen3_8b_post",0
"44eee9d519625358e026",1,"qwen3_8b_post",0
"786f1c8d24574cb8f1d8",1,"qwen3_8b_post",0
"d4fc3414b3d3fdfc4d27",1,"qwen3_8b_post",0
"1a8a4cc2833985e92b78",1,"qwen3_8b_post",0
"470127338c491d61f250",1,"qwen3_8b_post",0
"a9f29933a3a9a3672912",1,"qwen3_8b_post",0
"e64ffa59e7c6ea0ce3a6",1,"qwen3_8b_post",0
"953bf52f37e1cef4b487",1,"qwen3_8b_post",0
"4fb28212d3043491e23b",1,"qwen3_8b_post",0
"953a93ffb4e5729cf594",1,"qwen3_8b_post",0
"e6bda45f87230a87b3ef",1,"qwen3_8b_post",0
"6c19c1bd8902b826761e",1,"qwen3_8b_post",0
"b1a0b017632b74e55d46",1,"qwen3_8b_post",0
"4e7e2ba08a67fd964797",1,"qwen3_8b_post",0
"9be3fe6cc2b221eabd87",1,"qwen3_8b_post",0
"78a11a4c83f0eeefc26b",1,"qwen3_8b_post",0
"1cd9bf6191b0dcda015e",1,"qwen3_8b_post",0
"18269ce2dd83767a0d4a",1,"qwen3_8b_post",0
"cd1499b3fb286d7cc4af",1,"qwen3_8b_post",0
"87ea4a7426de49fdc561",1,"qwen3_8b_post",0
"bb685ac42d02565f5a66",1,"qwen3_8b_post",0
"2222bb6d0ca3e8446478",1,"qwen3_8b_post",0
"648e5d5832d7f61cb4a4",1,"qwen3_8b_post",0
"b27bbcae340317ee7398",1,"qwen3_8b_post",0
"0d95ea5b80a99c388c8e",1,"qwen3_8b_post",0
"523e14a177913e0dead2",1,"qwen3_8b_post",0
"509965959130b731897c",1,"qwen3_8b_post",0
"e5af3f8384499f961484",1,"qwen3_8b_post",0
"6061fd317dba3c5b2ddd",1,"qwen3_8b_post",0
"00d2acb065c147c4f657",1,"qwen3_8b_post",0
"e8a995f7b30964317fdc",1,"qwen3_8b_post",0
"ec772fce8ea765b4fb4d",1,"qwen3_8b_post",0
"0f7f2603d9c30b9f55c2",1,"qwen3_8b_post",0
"4265584c21349f655f9f",1,"qwen3_8b_post",0
"9f9493d8b7e1ed09982a",1,"qwen3_8b_post",0
"e788227803267e46ef54",1,"qwen3_8b_post",0
"1976a15aa9ff23484d3d",1,"qwen3_8b_post",0
"3e2d2a0b91d41e88e699",1,"qwen3_8b_post",0
"0683e6007c67b3769e22",1,"qwen3_8b_post",0
"0f7b0c54379860ddb90f",1,"qwen3_8b_post",0
"d970d42d7a852f4450fb",1,"qwen3_8b_post",0
"90ee24d95dd1e0d7f619",1,"qwen3_8b_post",0
"ebc976a6417651bbfec9",1,"qwen3_8b_post",0
"f7bf025d7fc38668260d",1,"qwen3_8b_post",0
"43129a0327ef4937468e",1,"qwen3_8b_post",0
"094aad1229f0ceadd455",1,"qwen3_8b_post",0
"4cda500f834a2d736ec8",1,"qwen3_8b_post",0
"6380140234b8b0d9d32e",1,"qwen3_8b_post",0
"cf6d722e9896275b2b0c",1,"qwen3_8b_post",0
"7ad202cb6d5b5156af82",1,"qwen3_8b_post",0
"d9eb0f5d6bc3afcd6368",1,"qwen3_8b_post",0
"a823699de2d98ec6f6ef",1,"qwen3_8b_post",0
"4fce3ad74969f9fdc595",1,"qwen3_8b_post",0
"90364e6f9611b1ae4abe",1,"qwen3_8b_post",0
"3b24c1c70b6aa7b041f1",1,"qwen3_8b_post",0
"f6313ac4f578a8ea0996",1,"qwen3_8b_post",0
"c737fda196406bd864b2",1,"qwen3_8b_post",0
"e0e36140cd00941fe43b",1,"qwen3_8b_post",0
"e0830f87dbf4b0f5b721",1,"qwen3_8b_post",0
"75c7f51b04736b5a925a",1,"qwen3_8b_post",0
"d5587db4ff30630dd88c",1,"qwen3_8b_post",0
"fd8d5eb8449a11f8d87a",1,"qwen3_8b_post",0
"2e2050dc1535c45e30a2",1,"qwen3_8b_post",0
"f3b023958f05f6dc18eb",1,"qwen3_8b_post",0
"06563633d22b7e87e6e7",1,"qwen3_8b_post",0
"b7ad8f338dd1e8f3d4b6",1,"qwen3_8b_post",0
"ab4acc95f19ee9920e47",1,"qwen3_8b_post",0
"4de3f5a55a30cf4f65b8",1,"qwen3_8b_post",0
"408d7eb771e61b582302",1,"qwen3_8b_post",0
"616ad6ca009d00823124",1,"qwen3_8b_post",0
"a055c824d78f9e3df11c",1,"qwen3_8b_post",0
"b2ba5086a513266a62f8",1,"qwen3_8b_post",0
"3f6338f3bb0e3a7b6053",1,"qwen3_8b_post",0
"e4d81109837b7c0947d6",1,"qwen3_8b_post",0
"c068ac827f7e5aecc918",1,"qwen3_8b_post",0
"9e11b1b86b1f760acece",1,"qwen3_8b_post",0
"d69ce417e9d656a80600",1,"qwen3_8b_post",0
"fa48e9d5e1b2bae4b850",1,"qwen3_8b_post",0
"d42f71c14070e7153bd8",1,"qwen3_8b_post",0
"406618c53838773758c5",1,"qwen3_8b_post",0
"64ea18766b4802cb7e08",1,"qwen3_8b_post",0
"1eec9252f77253be2015",1,"qwen3_8b_post",0
"bb0c6ae41f661b677008",1,"qwen3_8b_post",0
"6d514e06e8647a96ed77",1,"qwen3_8b_post",0
"9b8ddcc3017b4743df55",1,"qwen3_8b_post",0
"3488aaf143116d28dec6",1,"qwen3_8b_post",0
"43e518dbd7f576478e3b",1,"qwen3_8b_post",0
"8256fce23cbc14f0b080",1,"qwen3_8b_post",0
"d23b7a707141c6dd538d",1,"qwen3_8b_post",0
"b0451caa5c0aa93235c6",1,"qwen3_8b_post",0
"3a1881134b3b95a7904d",1,"qwen3_8b_post",0
"5ace0b4f9b4fb6d1d82a",1,"qwen3_8b_post",0
"f19564c24f10467c9832",1,"qwen3_8b_post",0
"b6a025c8a413d7494416",1,"qwen3_8b_post",0
"330457a8d146ecd971b6",1,"qwen3_8b_post",0
"f3ccc691d2ab6807e064",1,"qwen3_8b_post",0
"6cee4488e303f30b1575",1,"qwen3_8b_post",0
"5de6ffa9e41681d8c85e",1,"qwen3_8b_post",0
"b8c6c9af2eb0ed1e5de6",1,"qwen3_8b_post",0
"19f7b8300184d2e7089f",1,"qwen3_8b_post",0
"8d1ea7464c535c27ff06",1,"qwen3_8b_post",0
"22673a57d231f0f4f4c5",1,"qwen3_8b_post",0
"d79262731726f911edcc",1,"qwen3_8b_post",0
"fa5c51fbcfda11fc1375",1,"qwen3_8b_post",0
"84d3e475f16a371e30a4",1,"qwen3_8b_post",0
"690cfd6efe1a1da9b521",1,"qwen3_8b_post",0
"7d1bb5f7e4dcd47b9ee5",1,"qwen3_8b_post",0
"47f2380a4bc8086d6701",1,"qwen3_8b_post",0
"24f50adef43ef3974516",1,"qwen3_8b_post",0
"8ec633a23b45de7c2d55",1,"qwen3_8b_post",0
"1134f06657115bc733c1",1,"qwen3_8b_post",0
"e74b4af89d8a1f036af4",1,"qwen3_8b_post",0
"2142a285fb56ad82bef1",1,"qwen3_8b_post",0
"75c4cbee2421bace8f6b",1,"qwen3_8b_post",0
"edf182be8b562f8139ad",1,"qwen3_8b_post",0
"299c5a255c70bedd35f2",1,"qwen3_8b_post",0
"83fb6dde9050e4458273",1,"qwen3_8b_post",0
"5e81939f7428b01efbf9",1,"qwen3_8b_post",0
"c2910dd35866472e00e8",1,"qwen3_8b_post",0
"b2a5b29e36302c210a9c",1,"qwen3_8b_post",0
"46bdc9f5f29e43d2ef32",1,"qwen3_8b_post",0
"4ad8853038b1adf2fff8",1,"qwen3_8b_post",0
"b22c3fb1271ff61bf937",1,"qwen3_8b_post",0
"bc909486a73437ebf838",1,"qwen3_8b_post",0
"52046a792d342a5d3eba",1,"qwen3_8b_post",0
"613d0e4cb5bff9384085",1,"qwen3_8b_post",0
"c91f1832b9ca4fa4eb65",1,"qwen3_8b_post",0
"11da95af95de2e795bcc",1,"qwen3_8b_post",0
"efd63058fb34f07e452f",1,"qwen3_8b_post",0
"7ef73f2ba354a77f0b8b",1,"qwen3_8b_post",0
"0e7b92089a443caedf38",1,"qwen3_8b_post",0
"97bcbd174c5491571fc0",1,"qwen3_8b_post",0
"519f688efefc5bfeb28c",1,"qwen3_8b_post",0
"6359768e84da809fadd6",1,"qwen3_8b_post",0
"b39f653205ab6cd0a976",1,"qwen3_8b_post",0
"38cc8d371827c50c718c",1,"qwen3_8b_post",0
"c0a0870897d49eafbc77",1,"qwen3_8b_post",0
"bc04b159933a89fc0d33",1,"qwen3_8b_post",0
"3c443c726a1b351d60b6",1,"qwen3_8b_post",0
"634bc4a6c27a1f346ced",1,"qwen3_8b_post",0
"d0c7a2dbe7e8900e9d48",1,"qwen3_8b_post",0
"6034079ebc9ac76fc5d0",1,"qwen3_8b_post",0
"4925a59fd7b74dad3abb",1,"qwen3_8b_post",0
"a12c54783b2db044a356",1,"qwen3_8b_post",0
"0d5d160fd64c6696dc1a",1,"qwen3_8b_post",0
"dbd0ca5d1cb59a23dbc4",1,"qwen3_8b_post",0
"a9c68af1fb22fde21528",1,"qwen3_8b_post",0
"2b8465908d9ca549eae5",1,"qwen3_8b_post",0
"26b2073378f00b98f384",1,"qwen3_8b_post",0
"cd3c25da3c30d3922373",1,"qwen3_8b_post",0
"82e50c54234bbf1a8929",1,"qwen3_8b_post",0
"fb3609acfb9e8d0875d5",1,"qwen3_8b_post",0
"e555d5b5f4175cc33f5b",1,"qwen3_8b_post",0
"e2544fe97c4539402df2",1,"qwen3_8b_post",0
"d47a2c53f664ac20452b",1,"qwen3_8b_post",0
"cce55a59161a3faeae5e",1,"qwen3_8b_post",0
"018588af3cec05b61f17",1,"qwen3_8b_post",0
"73748047b31280420239",1,"qwen3_8b_post",0
"8957cf2d4504d5fba8f9",1,"qwen3_8b_post",0
"eccab81e65cefa39b32f",1,"qwen3_8b_post",0
"894cfbc49819f8ada242",1,"qwen3_8b_post",0
"159880d0439f98e6f3b8",1,"qwen3_8b_post",0
"ec7943066437a6449e0b",1,"qwen3_8b_post",0
"1c6f58f4b22ffb22cd0f",1,"qwen3_8b_post",0
"35f0c01a2c534294cc2e",1,"qwen3_8b_post",0
"9183d895a1ec3f8c1061",1,"qwen3_8b_post",0
"c3b157c161d6d10d636e",1,"qwen3_8b_post",0
"09f08a92cf2a1e4a8ceb",1,"qwen3_8b_post",0
"41b93bf10a4e0cbdb035",1,"qwen3_8b_post",0
"fe8261a83128ff1c4f40",1,"qwen3_8b_post",0
"e433e616f31094acf220",1,"qwen3_8b_post",0
"646e7c113884242cd02d",1,"qwen3_8b_post",0
"3d7b559943f1febca11f",1,"qwen3_8b_post",0
"75e87fd36cdbca58575e",1,"qwen3_8b_post",0
"0dd63dc288b8df95fb05",1,"qwen3_8b_post",0
"1ecbf1f0365f80d8dbb9",1,"qwen3_8b_post",0
"7ea06a4989d426da8e83",1,"qwen3_8b_post",0
"945a0f29e329cd0855a4",1,"qwen3_8b_post",0
"9050126b3db9cfa07c13",1,"qwen3_8b_post",0
"aeee6fcfd86413caf71f",1,"qwen3_8b_post",0
"8c590e7f6bf164c37c01",1,"qwen3_8b_post",0
"edbad76a346d6205d502",1,"qwen3_8b_post",0
"1f7e987cabe4fadd0e47",1,"qwen3_8b_post",0
"0dd0d24530d6c9747fb1",1,"qwen3_8b_post",0
"86e1a842543d54d4e956",1,"qwen3_8b_post",0
"55b02b2ef685fb528acd",1,"qwen3_8b_post",0
"04f8c5c3a56705f29528",1,"qwen3_8b_post",0
"9df30e44109e997c174d",1,"qwen3_8b_post",0
"f663261275e66d782f05",1,"qwen3_8b_post",0
"a2f2895dc52152ce4b53",1,"qwen3_8b_post",0
"aa6f557ec5763341c04b",1,"qwen3_8b_post",0
"fcd3b5c81732b17e5681",1,"qwen3_8b_post",0
"0f8b23805a9530368952",1,"qwen3_8b_post",0
"39a25e5c86882d22e7be",1,"qwen3_8b_post",0
"fbb2dc32d3099c7040d4",1,"qwen3_8b_post",0
"28f63090260f23015db4",1,"qwen3_8b_post",0
"d72581be3de45a0da2dd",1,"qwen3_8b_post",0
"4ffb1359ee70af3ceb7a",1,"qwen3_8b_post",0
"05fbe01fbf3670fbe612",1,"qwen3_8b_post",0
"f1f660f7a6edaf7a7756",1,"qwen3_8b_post",0
"5100506cf71dcab14ac3",1,"qwen3_8b_post",0
"076194a8a58017109a8d",1,"qwen3_8b_post",0
"5e594435a9b50cf09d6a",1,"qwen3_8b_post",0
"02cd858cc1d62b5998fb",1,"qwen3_8b_post",0
"e99167a76d90b0a59255",1,"qwen3_8b_post",0
"2fc29d171e3d3d0fc6ca",1,"qwen3_8b_post",0
"2ab336c4b43033598c20",1,"qwen3_8b_post",0
"404abcb4c66268f57d3a",1,"qwen3_8b_post",0
"3368f52e75efd2f11aa0",1,"qwen3_8b_post",0
"ddd805e0c9972ad48512",1,"qwen3_8b_post",0
"3cc084b58c0e7e1df299",1,"qwen3_8b_post",0
"2f06dd218262dd972834",1,"qwen3_8b_post",0
"2b70d6816721b1c082e8",1,"qwen3_8b_post",0
"1f976e97a1c6872ff4a4",1,"qwen3_8b_post",0
"64a7ebf68a4bb946f852",1,"qwen3_8b_post",0
"9b8c8a9cb1ec1239cc1e",1,"qwen3_8b_post",0
"01804597620f2712ca5b",1,"qwen3_8b_post",0
"38b5cac5cd06c7d3713e",1,"qwen3_8b_post",0
"6ccce62af5616034702a",1,"qwen3_8b_post",0
"cbc1319e74926adc5477",1,"qwen3_8b_post",0
"a232051f8d9f1ba76776",1,"qwen3_8b_post",0
"1e2a1351367af50610fe",1,"qwen3_8b_post",0
"8ed9bf9a4f015ee4983d",1,"qwen3_8b_post",0
"97e77b08e21dd57ed878",1,"qwen3_8b_post",0
"7d814c65710eaccf408f",1,"qwen3_8b_post",0
"28a5060a9567312c5425",1,"qwen3_8b_post",0
"a1e310af564cc0c3d88e",1,"qwen3_8b_post",0
"3190ad6b972fb2db57f9",1,"qwen3_8b_post",0
"8fb9c6e586524a614bba",1,"qwen3_8b_post",0
"e15bdeb18d7d31b84e24",1,"qwen3_8b_post",0
"ce1020939d1fec589d08",1,"qwen3_8b_post",0
"30165eac45c2d3984dba",1,"qwen3_8b_post",0
"f4b22ee50e40c3696a67",1,"qwen3_8b_post",0
"ac4c029fe935557204be",1,"qwen3_8b_post",0
"de41784ef3e9842714d3",1,"qwen3_8b_post",0
"47e9c91128fe4f859c33",1,"qwen3_8b_post",0
"9e7484c4df8f5cf5d76c",1,"qwen3_8b_post",0
"7eb502747d4d17f6b816",1,"qwen3_8b_post",0
"300b3d714a6b7b0b5ff7",1,"qwen3_8b_post",0
"2911193a04b6ab8eb93a",1,"qwen3_8b_post",0
"38f2ad31c9c76219f5d4",1,"qwen3_8b_post",0
"f2e29c6eb04cdafdb09d",1,"qwen3_8b_post",0
"a671510dbfb20ad9cc05",1,"qwen3_8b_post",0
"748b44cbb7e54e9c3f46",1,"qwen3_8b_post",0
"239ce0235025510f225d",1,"qwen3_8b_post",0
"2445fe44238e9a744ab2",1,"qwen3_8b_post",0
"7ca3817de892ebccd324",1,"qwen3_8b_post",0
"d8d7434b8ac331b5e437",1,"qwen3_8b_post",0
"49c73ed1c5aaf8080be4",1,"qwen3_8b_post",0
"684284e08e934a7ee16b",1,"qwen3_8b_post",0
"6509726a7514489a35b1",1,"qwen3_8b_post",0
"dc3550f4a7d44e407cfc",1,"qwen3_8b_post",0
"f44eb2a34f0621863b10",1,"qwen3_8b_post",0
"9d3387dd85c9332a8d8d",1,"qwen3_8b_post",0
"53baf705a51df3640994",1,"qwen3_8b_post",0
"8bac21494b6dffe49590",1,"qwen3_8b_post",0
"7683b567c4946ed1762c",1,"qwen3_8b_post",0
"bc138a050f172d161c01",1,"qwen3_8b_post",0
"e124d869dff4ab291f04",1,"qwen3_8b_post",0
"1b36722141712611195d",1,"qwen3_8b_post",0
"03e5d576c2b05d319d6a",1,"qwen3_8b_post",0
"8a9047cf15225514afd3",1,"qwen3_8b_post",0
"3fecccaa4b8cdfee18ac",1,"qwen3_8b_post",0
"e679f84ecd681a6ad022",1,"qwen3_8b_post",0
"29ca639859ae202bad01",1,"qwen3_8b_post",0
"e5a90fafa10b91551d8b",1,"qwen3_8b_post",0
"92d4bcd35ea93cd30da0",1,"qwen3_8b_post",0
"284d0ef84d22eda2590b",1,"qwen3_8b_post",0
"d0c1eef6c259958df656",1,"qwen3_8b_post",0
"ab0d3d1a69d28eb1b31e",1,"qwen3_8b_post",0
"9687bb3b5119503258e3",1,"qwen3_8b_post",0
"e2ca475121d6bff55779",1,"qwen3_8b_post",0
"8405d8d9123ca9870af8",1,"qwen3_8b_post",0
"742e9759e6d54bcdbf44",1,"qwen3_8b_post",0
"a26fa87c86045540afbb",1,"qwen3_8b_post",0
"4292c00abd8856c03896",1,"qwen3_8b_post",0
"7a62c58a6403540301ce",1,"qwen3_8b_post",0
"073b9481805af2b85438",1,"qwen3_8b_post",0
"7825e3f4e3c8907108b0",1,"qwen3_8b_post",0
"01d6d2da4e3b1e247810",1,"qwen3_8b_post",0
"24bf1ede4136b9c58b48",1,"qwen3_8b_post",0
"bb9cd27159677003aec2",1,"qwen3_8b_post",0
"d33d7e8d3ca09c72cbf2",1,"qwen3_8b_post",0
"dab02e8d8352ac47760f",1,"qwen3_8b_post",0
"9739ac5a90f825a31685",1,"qwen3_8b_post",0
"1fa97b3eff2bb4d210a0",1,"qwen3_8b_post",0
"6e183e5cc2db420fb72f",1,"qwen3_8b_post",0
"f57fdc175ea9d18810b5",1,"qwen3_8b_post",0
"7c67c12c99b9e7bbf91c",1,"qwen3_8b_post",0
"6e1295a97d82c03cf9b3",1,"qwen3_8b_post",0
"7349d2c2f121d8a16279",1,"qwen3_8b_post",0
"75af2463c550a4096441",1,"qwen3_8b_post",0
"ecd0b28a612593a98e17",1,"qwen3_8b_post",0
"7e4e52c7651868b40fae",1,"qwen3_8b_post",0
"4767796a21d1d0168ed1",1,"qwen3_8b_post",0
"2e8850dc54c7b45af970",1,"qwen3_8b_post",0
"eb8bfee4933d65b9c291",1,"qwen3_8b_post",0
"6aebfcfc940ce4a9beec",1,"qwen3_8b_post",0
"7c63915f8afa0f5dbd4a",1,"qwen3_8b_post",0
"d7702790af65618a7259",1,"qwen3_8b_post",0
"9d3d556c1821952c9002",1,"qwen3_8b_post",0
"098cc1fab651e226a12b",1,"qwen3_8b_post",0
"7fdf6801019d79836c0d",1,"qwen3_8b_post",0
"a8f39b3f70576793af27",1,"qwen3_8b_post",0
"7d0c473b43b71b313e1f",1,"qwen3_8b_post",0
"c59df8b1962690adc61a",1,"qwen3_8b_post",0
"5578b16b3c2e01425a63",1,"qwen3_8b_post",0
"e2a53b25c51d830bef98",1,"qwen3_8b_post",0
"cc3c17d1c2de89c532bc",1,"qwen3_8b_post",0
"bb1a3db1081b509cf58e",1,"qwen3_8b_post",0
"a3b048047e16085b26ed",1,"qwen3_8b_post",0
"ce355fe7db2533b53d72",1,"qwen3_8b_post",0
"55d7eb56f2803ed6e62c",1,"qwen3_8b_post",0
"2eb51fea3263e7cab815",1,"qwen3_8b_post",0
"c99ce832d593b7676537",1,"qwen3_8b_post",0
"0b3bd1321b23993f147b",1,"qwen3_8b_post",0
"9038d404446c439c1474",1,"qwen3_8b_post",0
"9bcedacfb8e3a9ebd1fa",1,"qwen3_8b_post",0
"f35995447ff2eb99c712",1,"qwen3_8b_post",0
"f7b9539859b5d60939c0",1,"qwen3_8b_post",0
"48fbb474ae27c198a34a",1,"qwen3_8b_post",0
"1668b210eb7d3f1a88c1",1,"qwen3_8b_post",0
"ace80ba18c0eacafbc9f",1,"qwen3_8b_post",0
"ceb01de9d278d79ce3b7",1,"qwen3_8b_post",0
"0e0950fbf9b595704e6c",1,"qwen3_8b_post",0
"c91b0f41c13ebe794d89",1,"qwen3_8b_post",0
"8b245b7cc4c77a7e5cb9",1,"qwen3_8b_post",0
"027929e7e87a72fa680c",1,"qwen3_8b_post",0
"6aa6a28bcca5cc4d1b3d",1,"qwen3_8b_post",0
"af5b546e244d6bcbf35c",1,"qwen3_8b_post",0
"6bbe1744a0f75de98c3f",1,"qwen3_8b_post",0
"ddf624baf3ff5d7ecb60",1,"qwen3_8b_post",0
"de0635d7433af29e743a",1,"qwen3_8b_post",0
"3ec4e77704629fb5c26b",1,"qwen3_8b_post",0
"4499ea3c5509aeafbb13",1,"qwen3_8b_post",0
"5b57cf5dffc987c68e40",1,"qwen3_8b_post",0
"4710ea430afa0247ba61",1,"qwen3_8b_post",0
"f1201958cd95c45a09b7",1,"qwen3_8b_post",0
"b568f078bfc202cd6468",1,"qwen3_8b_post",0
"b2f0e4490077f3c0cf91",1,"qwen3_8b_post",0
"1a18f6f046efe037fb44",1,"qwen3_8b_post",0
"3955c957e1dbc4981462",1,"qwen3_8b_post",0
"66752eda1ebb1359086f",1,"qwen3_8b_post",0
"9fb265fa730ce4ffb86c",1,"qwen3_8b_post",0
"f5be88373bd80f717936",1,"qwen3_8b_post",0
"4058ca8f8c0ef3d6a8de",1,"qwen3_8b_post",0
"a10bd46c6b69f4bd9cdf",1,"qwen3_8b_post",0
"0770397c7fe1257664ce",1,"qwen3_8b_post",0
"5918e2ab40bb7dacfed5",1,"qwen3_8b_post",0
"fb6e80592c731ffe04d7",1,"qwen3_8b_post",0
"7dab92db6f4998e8d04e",1,"qwen3_8b_post",0
"1d154d6fdd24f8339d6d",1,"qwen3_8b_post",0
"cfd5a45b146435a13cf0",1,"qwen3_8b_post",0
"5eb7f23e2d203319ba63",1,"qwen3_8b_post",0
"c0c84b1d84834301ea56",1,"qwen3_8b_post",0
"7e4c73756a01a0fb1f70",1,"qwen3_8b_post",0
"2c959c00390016558231",1,"qwen3_8b_post",0
"30c661ff5d232ebfcc3d",1,"qwen3_8b_post",0
"ed38e7fae4bfb4071f96",1,"qwen3_8b_post",0
"20dc7b0b8f8dd3c6f896",1,"qwen3_8b_post",0
"f566dc2116a9ad093f79",1,"qwen3_8b_post",0
"95524d52c5382a035fab",1,"qwen3_8b_post",0
"0f81fac9e3b81ef15eda",1,"qwen3_8b_post",0
"e6251674641b47cdecb9",1,"qwen3_8b_post",0
"222a321b0acb762138ce",1,"qwen3_8b_post",0
"91b540e1a73921f693d7",1,"qwen3_8b_post",0
"142a2066203055fd7af9",1,"qwen3_8b_post",0
"ed83d8b5ca6997398c80",1,"qwen3_8b_post",0
"634543459abef107c207",1,"qwen3_8b_post",0
"857dbf5ac3d3a84cae87",1,"qwen3_8b_post",0
"1b13c3c01f1e0b78cb6a",1,"qwen3_8b_post",0
"2d2f6fa17f92ce7f1f21",1,"qwen3_8b_post",0
"f7cef3173b96111858e3",1,"qwen3_8b_post",0
"2797b61cb781b6edba3b",1,"qwen3_8b_post",0
"88285444658f887c371c",1,"qwen3_8b_post",0
"e13b4f826c428ce77b26",1,"qwen3_8b_post",0
"0d9338df1e012ba1b479",1,"qwen3_8b_post",0
"a63799b6b9af1254ec27",1,"qwen3_8b_post",0
"744993f72baff7958375",1,"qwen3_8b_post",0
"d414d1a3b104b01bdda9",1,"qwen3_8b_post",0
"e10783473fa0165c5a1c",1,"qwen3_8b_post",0
"f2f6c003a1cb433fe8b4",1,"qwen3_8b_post",0
"3c81aa6f80873fe1ad81",1,"qwen3_8b_post",0
"6f60d6ea5ba417ce2279",1,"qwen3_8b_post",0
"6338a6cb0d65dd8a90d8",1,"qwen3_8b_post",0
"dfd164e57f9ac6529a63",1,"qwen3_8b_post",0
"b667061c330f94a9dc47",1,"qwen3_8b_post",0
"66091d18e4f818fa2372",1,"qwen3_8b_post",0
"ece0b71cf58cfaf7a035",1,"qwen3_8b_post",0
"aab5139322966796956d",1,"qwen3_8b_post",0
"7bd99115e3f81d2239c9",1,"qwen3_8b_post",0
"a1bd6395e2fe7ac09a81",1,"qwen3_8b_post",0
"96cbd0b75af69677626e",1,"qwen3_8b_post",0
"e5fdaa0c9fd2150289fd",1,"qwen3_8b_post",0
"e26ff931e6deb1b8dcae",1,"qwen3_8b_post",0
"7c269e01b467ff3f9280",1,"qwen3_8b_post",0
"141c8b9c098b7eaeda69",1,"qwen3_8b_post",0
"94a25736d484151f4af8",1,"qwen3_8b_post",0
"20a1790451f3aacedf45",1,"qwen3_8b_post",0
"3fc3da360d4e07ea7eee",1,"qwen3_8b_post",0
"03dd4f293987319d71a7",1,"qwen3_8b_post",0
"96f01598664f38f85511",1,"qwen3_8b_post",0
"87b8c8d6b4509c1b68bd",1,"qwen3_8b_post",0
"bc0a9bf8440d75cff6b2",1,"qwen3_8b_post",0
"678232c8c5af67335c2e",1,"qwen3_8b_post",0
"8cd17a17c000e1103f57",1,"qwen3_8b_post",0
"19f9bfe3a168a676bfff",1,"qwen3_8b_post",0
"51a7e1236983f0daa5ba",1,"qwen3_8b_post",0
"1bf0db72a814d2f1d35e",1,"qwen3_8b_post",0
"94336611d07cfd6fc4f7",1,"qwen3_8b_post",0
"fa2d1627c922d64e9db8",1,"qwen3_8b_post",0
"ef9b01a8fed77861c63a",1,"qwen3_8b_post",0
"85223d9aa1750dedec18",1,"qwen3_8b_post",0
"380e6a08da6810d78614",1,"qwen3_8b_post",0
"a6bb05a3ffba1f84fe9e",1,"qwen3_8b_post",0
"400d66a0045554936440",1,"qwen3_8b_post",0
"7e0bb67d83d7e45f1f01",1,"qwen3_8b_post",0
"a7b4fa2e2c12a9016670",1,"qwen3_8b_post",0
"20475019e095ff9e6bf3",1,"qwen3_8b_post",0
"81c40ce9777a7a8889a3",1,"qwen3_8b_post",0
"ec674746b6a9016de94e",1,"qwen3_8b_post",0
"9bfac078954eff122b42",1,"qwen3_8b_post",0
"fe40920d05a03ecd9ce4",1,"qwen3_8b_post",0
"bdb37003bf82327ff9ab",1,"qwen3_8b_post",0
"cc7b8b0871dda245ba2e",1,"qwen3_8b_post",0
"b280ca05bec3cc2fece6",1,"qwen3_8b_post",0
"292c00876bdafa142a6f",1,"qwen3_8b_post",0
"11d5e4f8a6bfa15dc841",1,"qwen3_8b_post",0
"5cfdae9480cb15952aac",1,"qwen3_8b_post",0
"5a3d5a58201765a16f5f",1,"qwen3_8b_post",0
"6f7bb6d9f72d2fd501e6",1,"qwen3_8b_post",0
"4066ac77be94d19c15ac",1,"qwen3_8b_post",0
"2358ff4288fb226b986a",1,"qwen3_8b_post",0
"9eba5c0084ddc9173674",1,"qwen3_8b_post",0
"46d8931b2372b762f9c2",1,"qwen3_8b_post",0
"3155d706c0006fbc7d5b",1,"qwen3_8b_post",0
"48948ee47052e47df1f4",1,"qwen3_8b_post",0
"0c4a67d2ab7b2b6d3d5e",1,"qwen3_8b_post",0
"5b7306b41859dc12ca4c",1,"qwen3_8b_post",0
"4fe3fe69ea366db6de8d",1,"qwen3_8b_post",0
"c9b1308addc41d8148c0",1,"qwen3_8b_post",0
"4a29c5d0dec9a8e58577",1,"qwen3_8b_post",0
"d4ab4eeeb4a33289041d",1,"qwen3_8b_post",0
"d97a8cc78d751908302a",1,"qwen3_8b_post",0
"2ce92a1c2c75b32bb1ed",1,"qwen3_8b_post",0
"bf87c5887edf66de9b4d",1,"qwen3_8b_post",0
"6f69ef270c2d693aa05a",1,"qwen3_8b_post",0
"a41ea4f4d3323124609f",1,"qwen3_8b_post",0
"09882e4cec8a52bff2e2",1,"qwen3_8b_post",0
"a714e178979eb14cb536",1,"qwen3_8b_post",0
"7ed5035049615d2ba1fc",1,"qwen3_8b_post",0
"cba512d8f0aa796eb66f",1,"qwen3_8b_post",0
"4fc9f79908770724543d",1,"qwen3_8b_post",0
"30fadc0808d7c951458f",1,"qwen3_8b_post",0
"0926d20997d00923b686",1,"qwen3_8b_post",0
"2a68e9d735a957cd67f8",1,"qwen3_8b_post",0
"71f1ecd4c0cae8da1823",1,"qwen3_8b_post",0
"d3f912f58571a4cfbbb7",1,"qwen3_8b_post",0
"e1bcb16b7fe31f117e9e",1,"qwen3_8b_post",0
"ca081db985c16258a6ac",1,"qwen3_8b_post",0
"2889e7207478ff38ce54",1,"qwen3_8b_post",0
"8a12aedd063bbf515d1a",1,"qwen3_8b_post",0
"8220b1d849b84ac41554",1,"qwen3_8b_post",0
"7f8aec0059661bbdaeb4",1,"qwen3_8b_post",0
"492a3e5a80bd03921224",1,"qwen3_8b_post",0
"1339eef1971c781abac9",1,"qwen3_8b_post",0
"5813e37ecf66a7daa16a",1,"qwen3_8b_post",0
"63c0f55afbda269c903b",1,"qwen3_8b_post",0
"7c2dcbf1fa00ca118303",1,"qwen3_8b_post",0
"37aa2b130a1d30190ac8",1,"qwen3_8b_post",0
"a08ea147597524151a59",1,"qwen3_8b_post",0
"3df9a9d750a009fdf0ba",1,"qwen3_8b_post",0
"5502306755579ec12474",1,"qwen3_8b_post",0
"bb245d01d79ad2f432c1",1,"qwen3_8b_post",0
"f9c27a4e5f3d435165a8",1,"qwen3_8b_post",0
"7e24d66bac60afdb7ad8",1,"qwen3_8b_post",0
"4413f9510fbc0aa44704",1,"qwen3_8b_post",0
"b761b47589d77383ac1b",1,"qwen3_8b_post",0
"c106b5e2313485cb55f4",1,"qwen3_8b_post",0
"da40a04b2f43d6c1669e",1,"qwen3_8b_post",0
"05818d82b4ebcb7d9a23",1,"qwen3_8b_post",0
"4c6725163aaa70262029",1,"qwen3_8b_post",0
"de2dee42d64760529e10",1,"qwen3_8b_post",0
"466a7cbdcdfdb39bd170",1,"qwen3_8b_post",0
"b0837a7a05274fde5e1e",1,"qwen3_8b_post",0
"5748a13cf7d5600e2916",1,"qwen3_8b_post",0
"e8d3e7b4d90139287f58",1,"qwen3_8b_post",0
"c8cd6e4f513d0515508b",1,"qwen3_8b_post",0
"8aed69db549eff126f9d",1,"qwen3_8b_post",0
"9b411c2e7b73a95c770a",1,"qwen3_8b_post",0
"359f5c926dd5718366b0",1,"qwen3_8b_post",0
"d5c57926cfad59b26652",1,"qwen3_8b_post",0
"f156a5d270df7bda5ac3",1,"qwen3_8b_post",0
"dbf7af9eb8325bf517b9",1,"qwen3_8b_post",0
"8c593ecf90a8ab9cecee",1,"qwen3_8b_post",0
"b4402e429b9ed9f8f59e",1,"qwen3_8b_post",0
"ac7e448185afe98abaf9",1,"qwen3_8b_post",0
"f4279d3fdcb66a5fa73c",1,"qwen3_8b_post",0
"9aa301550f6cad152566",1,"qwen3_8b_post",0
"bd4b925427c3ed2f20ba",1,"qwen3_8b_post",0
"6ac96b261cd0877c94d0",1,"qwen3_8b_post",0
"6d46ac17db7336f45490",1,"qwen3_8b_post",0
"21e1e0882c19deb9552d",1,"qwen3_8b_post",0
"b3020242eb4fc77e08e6",1,"qwen3_8b_post",0
"ec94d6ff05772b37397f",1,"qwen3_8b_post",0
"de268dca4890ab03c694",1,"qwen3_8b_post",0
"aaa3c8839d82a57b6764",1,"qwen3_8b_post",0
"7eb9eb5b4df08c31bbb8",1,"qwen3_8b_post",0
"bad2f9f25eb88bea3aa7",1,"qwen3_8b_post",0
"96ce48d3bb7fa84e184c",1,"qwen3_8b_post",0
"c6b091228e03bda4ac54",1,"qwen3_8b_post",0
"f0afc9be77db15882813",1,"qwen3_8b_post",0
"d557708bc7b30a97e767",1,"qwen3_8b_post",0
"104b2a1b8488ecf3ff5f",1,"qwen3_8b_post",0
"c1e5022531837d616523",1,"qwen3_8b_post",0
"c4ee9d5094c0e6564763",1,"qwen3_8b_post",0
"8d9d687b87904d505a49",1,"qwen3_8b_post",0
"fab76b3db00126061d83",1,"qwen3_8b_post",0
"741a78c1373e2f3475ec",1,"qwen3_8b_post",0
"8648edeabb63ff1c3d9b",1,"qwen3_8b_post",0
"90a2f4f7ade53d80db12",1,"qwen3_8b_post",0
"8a61e0c04797413785db",1,"qwen3_8b_post",0
"6e6ba78ce712b71ed9af",1,"qwen3_8b_post",0
"c6adea2f039e4ad494d7",1,"qwen3_8b_post",0
"30fed43110e2528415fd",1,"qwen3_8b_post",0
"e4315a94c164a69dc201",1,"qwen3_8b_post",0
"1c31aec8386c845dcb47",1,"qwen3_8b_post",0
"ec449aff7de429f7b127",1,"qwen3_8b_post",0
"f8072a72e391cf6814f8",1,"qwen3_8b_post",0
"48582c866b67501f7ff3",1,"qwen3_8b_post",0
"d56c0c955c54057e8da1",1,"qwen3_8b_post",0
"49534908cc7875387b92",1,"qwen3_8b_post",0
"cc8ed4df3bb362a322dd",1,"qwen3_8b_post",0
"bbf809082e3df457a9e0",1,"qwen3_8b_post",0
"35020b2363cbccb97f22",1,"qwen3_8b_post",0
"5ac701e3298e4de1645e",1,"qwen3_8b_post",0
"2fc4bbeecbc999fa3ad3",1,"qwen3_8b_post",0
"af5a105a0b242dfcf1aa",1,"qwen3_8b_post",0
"be06199794a74839d914",1,"qwen3_8b_post",0
"c8135031a15eb064bfc5",1,"qwen3_8b_post",0
"f0a79ef004697c33e1a3",1,"qwen3_8b_post",0
"015a485c67ef873577a1",1,"qwen3_8b_post",0
"fe3559ac1d6f4c885f4f",1,"qwen3_8b_post",0
"b5ba6d645f5e389539c7",1,"qwen3_8b_post",0
"b5e18e6f280071f7cd29",1,"qwen3_8b_post",0
"d57fe89e52c9c70f9171",1,"qwen3_8b_post",0
"133773913a51123fd09b",1,"qwen3_8b_post",0
"4de1e3a06a58890d79c6",1,"qwen3_8b_post",0
"ee5f54513a637263f61a",1,"qwen3_8b_post",0
"a9329b89763cfdcc0f71",1,"qwen3_8b_post",0
"3b91c809bfdc9a886082",1,"qwen3_8b_post",0
"9db3695b83a31fa73322",1,"qwen3_8b_post",0
"886f7d988fabd421289e",1,"qwen3_8b_post",0
"cbd29432d99da97bd01b",1,"qwen3_8b_post",0
"19d15d9e1a41d3966bfb",1,"qwen3_8b_post",0
"8713a7ad24139f2dbfb6",1,"qwen3_8b_post",0
"5ea57b8971d2c448fac2",1,"qwen3_8b_post",0
"fbc9af6a4ef0395f061b",1,"qwen3_8b_post",0
"bcb6f25f01f3f9489a5e",1,"qwen3_8b_post",0
"021a0b13247f1a51179a",1,"qwen3_8b_post",0
"6bbc0ac5e8001f4c9ac3",1,"qwen3_8b_post",0
"2bf0c3f9ddc4803557a2",1,"qwen3_8b_post",0
"66d9b54bf78fdd868e26",1,"qwen3_8b_post",0
"e651d05175d7f6d272f4",1,"qwen3_8b_post",0
"1e100320fb092bd4b439",1,"qwen3_8b_post",0
"067e1006b38ef462c5f9",1,"qwen3_8b_post",0
"39bcef9ee3bdd5d09cb6",1,"qwen3_8b_post",0
"71e069c4e71c7f65a4f5",1,"qwen3_8b_post",0
"d3990e469ea6354b70d5",1,"qwen3_8b_post",0
"15e310b166a2e45fa33a",1,"qwen3_8b_post",0
"8367711e428404f716f8",1,"qwen3_8b_post",0
"3c26c414e7005968716f",1,"qwen3_8b_post",0
"d8c034e835b12a5f68f3",1,"qwen3_8b_post",0
"86543bea90d923b0cff2",1,"qwen3_8b_post",0
"2f09aaf0aab6762c769f",1,"qwen3_8b_post",0
"7c3c8189ad7f28fc8440",1,"qwen3_8b_post",0
"ac0fa4198890fb73f19d",1,"qwen3_8b_post",0
"66c8856dfb04359e0b00",1,"qwen3_8b_post",0
"1d7738017b7dd12b762f",1,"qwen3_8b_post",0
"b529fba4601864d72ede",1,"qwen3_8b_post",0
"afd1bced34bcef82aed5",1,"qwen3_8b_post",0
"0f7ac9ad7bc005d8c411",1,"qwen3_8b_post",0
"2a4d65d287e0c5427ece",1,"qwen3_8b_post",0
"505bcd8b38cc482b9977",1,"qwen3_8b_post",0
"3b80b3b0b0c71a14ab37",1,"qwen3_8b_post",0
"060f5d0553a9c76a0f09",1,"qwen3_8b_post",0
"2e4f6c839a866b23e6e1",1,"qwen3_8b_post",0
"143af6ac391ecc203437",1,"qwen3_8b_post",0
"2165bb52fa605db3df3a",1,"qwen3_8b_post",0
"a5def1d980de63123231",1,"qwen3_8b_post",0
"d40ba07b17f559a90a5b",1,"qwen3_8b_post",0
"77006a95096a9d156c5f",1,"qwen3_8b_post",0
"f032337736b5d1da128c",1,"qwen3_8b_post",0
"1d6f329e2614fed86a1e",1,"qwen3_8b_post",0
"b6bd844a10d0a95ccb4c",1,"qwen3_8b_post",0
"5ca32b134db54e597ba4",1,"qwen3_8b_post",0
"d4b09242fad86095b246",1,"qwen3_8b_post",0
"9c6e01d82cb69a4ebdbd",1,"qwen3_8b_post",0
"70978f184a53baab4ffb",1,"qwen3_8b_post",0
"eb1c1e0b0585fd136a67",1,"qwen3_8b_post",0
"951af6e3cfb821287e04",1,"qwen3_8b_post",0
"1db5cc8fdea8ea88c12d",1,"qwen3_8b_post",0
"368fbc6c6aa70fac1470",1,"qwen3_8b_post",0
"1cbb94f65acf3d58523a",1,"qwen3_8b_post",0
"86463231822431b7968a",1,"qwen3_8b_post",0
"95048cbaa306976ad1da",1,"qwen3_8b_post",0
"99224d0d89826c295fae",1,"qwen3_8b_post",0
"62cc6b7f2c1087f7b434",1,"qwen3_8b_post",0
"d338cbc81f5fb6640a17",1,"qwen3_8b_post",0
"90b14653442e6c9247ad",1,"qwen3_8b_post",0
"49a0cc5f90f28eab3017",1,"qwen3_8b_post",0
"a4c795f1676e6cd638c0",1,"qwen3_8b_post",0
"d0500b1fcbc61b6ad8ec",1,"qwen3_8b_post",0
"708e485e1e9d2441c69b",1,"qwen3_8b_post",0
"f53b883f8f044c2561e2",1,"qwen3_8b_post",0
"2f83d6f57fdb2cd03116",1,"qwen3_8b_post",0
"baa73624ca140887f893",1,"qwen3_8b_post",0
"249f5887ba4dbc367455",1,"qwen3_8b_post",0
"28f25514b8d9ec3b70dc",1,"qwen3_8b_post",0
"b485259a59d01f9223dd",1,"qwen3_8b_post",0
"23aab861da14ae79c4f2",1,"qwen3_8b_post",0
"349037bc1d553cc944fc",1,"qwen3_8b_post",0
"417fc1eb9b9db058cb21",1,"qwen3_8b_post",0
"554396576cf8f57d55ea",1,"qwen3_8b_post",0
"88bd023936ba93293772",1,"qwen3_8b_post",0
"fe7f3e5a73d973fd87ed",1,"qwen3_8b_post",0
"517963dbf773311e255a",1,"qwen3_8b_post",0
"48a61eaabe20ef9bdae7",1,"qwen3_8b_post",0
"848f81f602fdd2391d39",1,"qwen3_8b_post",0
"4f8fec2d113666936bd7",1,"qwen3_8b_post",0
"f1bdfec057419ea30b88",1,"qwen3_8b_post",0
"84c5eb7e4b50077d0c84",1,"qwen3_8b_post",0
"1c0bab7da9466a5ca8d6",1,"qwen3_8b_post",0
"d8b00cded930143c0e88",1,"qwen3_8b_post",0
"e832b521515262ad443d",1,"qwen3_8b_post",0
"5fa6154e4e62359c8be7",1,"qwen3_8b_post",0
"a97f7431a981cc3f6792",1,"qwen3_8b_post",0
"09f5789150f3c8ae94a4",1,"qwen3_8b_post",0
"916546146b730acb8057",1,"qwen3_8b_post",0
"123397036ee93c053cb9",1,"qwen3_8b_post",0
"96c1991cef7352237ff8",1,"qwen3_8b_post",0
"845d1a4a37bacb77f1c7",1,"qwen3_8b_post",0
"40d3ac5abc0bd7e35dd8",1,"qwen3_8b_post",0
"436a7849749defd70b49",1,"qwen3_8b_post",0
"c9f40995dc426e15ae69",1,"qwen3_8b_post",0
"3902ffe8ade24d474ff7",1,"qwen3_8b_post",0
"2c696848c9a3604e0174",1,"qwen3_8b_post",0
"a8e8c0dbeed2b845f153",1,"qwen3_8b_post",0
"e6ec8e98ab9b7751e991",1,"qwen3_8b_post",0
"29fa86173a73dfff1d75",1,"qwen3_8b_post",0
"b699599f16d05b41f059",1,"qwen3_8b_post",0
"25c9992f8a009bb0ead8",1,"qwen3_8b_post",0
"b3cdd32a9f4b99ab6385",1,"qwen3_8b_post",0
"00144e92c1d7f5716fb8",1,"qwen3_8b_post",0
"43281e5f422c16386c55",1,"qwen3_8b_post",0
"3f17fa82cb07d3303f2e",1,"qwen3_8b_post",0
"fcc1cb98d0dda1ac7abb",1,"qwen3_8b_post",0
"eef98e873a12d2f38d15",1,"qwen3_8b_post",0
"3425ec36e7dce29fe424",1,"qwen3_8b_post",0
"f30156a42d1be6b98a86",1,"qwen3_8b_post",0
"8daf1ea3fc03b3d1b460",1,"qwen3_8b_post",0
"497181ec7f9fcf0bbec0",1,"qwen3_8b_post",0
"b3fb9b74d9f46b149ca8",1,"qwen3_8b_post",0
"bfffa6a6e14f8a17b5d8",1,"qwen3_8b_post",0
"5b1cde8945afc623eac7",1,"qwen3_8b_post",0
"267594a04260863cab7f",1,"qwen3_8b_post",0
"efad3588d10ef45e2a22",1,"qwen3_8b_post",0
"cc33334bf8a8b5ca615c",1,"qwen3_8b_post",0
"1101af139a28a4cc7cd6",1,"qwen3_8b_post",0
"bcf9ab79bb46a8a2cca3",1,"qwen3_8b_post",0
"78384e60aad633e160c0",1,"qwen3_8b_post",0
"5ea6be6be19beb238f25",1,"qwen3_8b_post",0
"386b2255898f13be2054",1,"qwen3_8b_post",0
"47ffde0f300c377bf9f2",1,"qwen3_8b_post",0
"a0c13833d45d9b35c121",1,"qwen3_8b_post",0
"4c7e7a01a40632293aa7",1,"qwen3_8b_post",0
"e8664972ae7e7bfd4ce1",1,"qwen3_8b_post",0
"ae1ebc5ffbbf230c94c8",1,"qwen3_8b_post",0
"b6601e5d393d27d4e339",1,"qwen3_8b_post",0
"bd2fb4146e9ad462bb5a",1,"qwen3_8b_post",0
"18be2a39f6150cb5b60a",1,"qwen3_8b_post",0
"7b95d6769d27c389dedb",1,"qwen3_8b_post",0
"b41b5590375cc888123c",1,"qwen3_8b_post",0
"4c78c17d433e9cea77cf",1,"qwen3_8b_post",0
"3b9ed1aaff1bad27eb43",1,"qwen3_8b_post",0
"9fa4a2a9c4723a0304e2",1,"qwen3_8b_post",0
"6cb90331cb4fa8ef47a4",1,"qwen3_8b_post",0
"560bab2e9da8b3b903f3",1,"qwen3_8b_post",0
"861055491e72819ee6a8",1,"qwen3_8b_post",0
"8dda93042ae2739338ad",1,"qwen3_8b_post",0
"fe011d2d68370acf41d9",1,"qwen3_8b_post",0
"bbd04c109a35d9355e88",1,"qwen3_8b_post",0
"6ecd4b8fc70ad4a91c11",1,"qwen3_8b_post",0
"17183c1a21f9e7e576a6",1,"qwen3_8b_post",0
"f8d776d04a750e41622a",1,"qwen3_8b_post",0
"0c604b3e5f7427ae77df",1,"qwen3_8b_post",0
"a9b9a4a7786f378fddb4",1,"qwen3_8b_post",0
"34a5a1ee98b7b0337bb7",1,"qwen3_8b_post",0
"cd13bd1e348a0b2068cf",1,"qwen3_8b_post",0
"2cf4f0ed37b8c5008e83",1,"qwen3_8b_post",0
"b78f059aed9b11d38b64",1,"qwen3_8b_post",0
"b0d60a528d8834432587",1,"qwen3_8b_post",0
"dcea9a8156091b4cb526",1,"qwen3_8b_post",0
"e4db9d26ee5588e74675",1,"qwen3_8b_post",0
"f3daa1b7c88681253abc",1,"qwen3_8b_post",0
"02316b468aba95c63e57",1,"qwen3_8b_post",0
"d3e82645910a6ead435b",1,"qwen3_8b_post",0
"ed90a711a368e0dc64e5",1,"qwen3_8b_post",0
"17d447616e2dff60704f",1,"qwen3_8b_post",0
"14d54078d995aa45abd0",1,"qwen3_8b_post",0
"4fef5780fb04c4f2766d",1,"qwen3_8b_post",0
"bbbf258077c88dcb3c96",1,"qwen3_8b_post",0
"45309ebd168f979899c4",1,"qwen3_8b_post",0
"2468b96b550af3a4b602",1,"qwen3_8b_post",0
"95d24bac49c3e3d09bc1",1,"qwen3_8b_post",0
"f22aa5ebb0229bb0a7e4",1,"qwen3_8b_post",0
"e7b5b6f0b86cdc28c0be",1,"qwen3_8b_post",0
"2d5b218abcfe7cf49b33",1,"qwen3_8b_post",0
"398e9f3724c0f5900138",1,"qwen3_8b_post",0
"316e47bc914fa9446bf3",1,"qwen3_8b_post",0
"2ca3a457e08ca64490ef",1,"qwen3_8b_post",0
"67f2f441c1f3a3baeeae",1,"qwen3_8b_post",0
"47ca45d5ec517a6fc800",1,"qwen3_8b_post",0
"1cf60667d8561aa3b22f",1,"qwen3_8b_post",0
"8e8aa8a6d494e8b9d6f9",1,"qwen3_8b_post",0
"4d4c127f4cd082567d63",1,"qwen3_8b_post",0
"1596d51d5ffce62f9dc2",1,"qwen3_8b_post",0
"68def7c36be7fd2f364c",1,"qwen3_8b_post",0
"d113fe080072bbf0e0d7",1,"qwen3_8b_post",0
"614eb52487a74984623f",1,"qwen3_8b_post",0
"944e17ffe8f1413bb7d5",1,"qwen3_8b_post",0
"018d826eb4bd7b7cba3b",1,"qwen3_8b_post",0
"f9ae0d186262a6df95b7",1,"qwen3_8b_post",0
"d223548c69b919f3d97d",1,"qwen3_8b_post",0
"bebc62aa38ec8998a93b",1,"qwen3_8b_post",0
"46c42a0b0a88e89bf6d8",1,"qwen3_8b_post",0
"c3539efc330092178e6c",1,"qwen3_8b_post",0
"4a0f902dc3bf7d432b7c",1,"qwen3_8b_post",0
"a9c1ea132aa3a3d0e564",1,"qwen3_8b_post",0
"9467f7bc311ce867b1f5",1,"qwen3_8b_post",0
"670ab1512f53e4582c95",1,"qwen3_8b_post",0
"8b04d223276d8bfc3663",1,"qwen3_8b_post",0
"67360e743c00331a5e1a",1,"qwen3_8b_post",0
"7146ab5ff06eb3c32253",1,"qwen3_8b_post",0
"38d040854a93be97f03a",1,"qwen3_8b_post",0
"40324d73656bb75e3559",1,"qwen3_8b_post",0
"ab247bab0f8c0446ea65",1,"qwen3_8b_post",0
"a3d8aea0740f5815d198",1,"qwen3_8b_post",0
"99a534a923d92c5b5491",1,"qwen3_8b_post",0
"64977cdd1f95e74a6df8",1,"qwen3_8b_post",0
"8d80d7ec9e57a3f74405",1,"qwen3_8b_post",0
"7866f84ab8f28015375c",1,"qwen3_8b_post",0
"19936ef10db5cd4f26b9",1,"qwen3_8b_post",0
"b1123377ec592541c326",1,"qwen3_8b_post",0
"12534c4c1330c9677869",1,"qwen3_8b_post",0
"a68b3aa135f94d8165bd",1,"qwen3_8b_post",0
"b7494632ed34cf5a1bc4",1,"qwen3_8b_post",0
"e2d0d33dbecfe67fdfe7",1,"qwen3_8b_post",0
"e908316cd4813a61c5d1",1,"qwen3_8b_post",0
"a6b699b55f88de5ab9f0",1,"qwen3_8b_post",0
"3eb7cbb3bf6a0a4b4eb8",1,"qwen3_8b_post",0
"1d16fd1f209a54ba4a21",1,"qwen3_8b_post",0
"e2c767986dc5261ac3bf",1,"qwen3_8b_post",0
"45ba53b2129501813ef2",1,"qwen3_8b_post",0
"0cebb998f83825dab722",1,"qwen3_8b_post",0
"b914cfe881deafbbd443",1,"qwen3_8b_post",0
"6eec0860ae46bb88cd9b",1,"qwen3_8b_post",0
"5ed210fc77b3e67bde72",1,"qwen3_8b_post",0
"eae1200043131ccd5006",1,"qwen3_8b_post",0
"b077e08adc625628bfb0",1,"qwen3_8b_post",0
"899f71db782f654eb95d",1,"qwen3_8b_post",0
"d1706b5ebfb1e04e5956",1,"qwen3_8b_post",0
"98c11fe3d028389a7b78",1,"qwen3_8b_post",0
"d71363fe41757a0f4fc2",1,"qwen3_8b_post",0
"82aa61adf9e1d2955762",1,"qwen3_8b_post",0
"5ee80d2fef18a1802c0a",1,"qwen3_8b_post",0
"ee098339c0eb390b4fd7",1,"qwen3_8b_post",0
"0da8378cc59837b19394",1,"qwen3_8b_post",0
"d94d7838fe61bf9c9d23",1,"qwen3_8b_post",0
"ec6fdb40b8b0a902d990",1,"qwen3_8b_post",0
"24488a077c9f7fd34664",1,"qwen3_8b_post",0
"8dc237f0e928c2961e3c",1,"qwen3_8b_post",0
"0162ba82fbd122c68ce1",1,"qwen3_8b_post",0
"b7977392673d4bd709f6",1,"qwen3_8b_post",0
"80aba2934a4c6319e977",1,"qwen3_8b_post",0
"c2a3997dea6f4b755293",1,"qwen3_8b_post",0
"3ae64dc9c25edf4ac6d6",1,"qwen3_8b_post",0
"6306857986174e5e6e1d",1,"qwen3_8b_post",0
"18ca1be7df8f241f4ae7",1,"qwen3_8b_post",0
"6e28e9f013fe12e67573",1,"qwen3_8b_post",0
"ea18413b3a7b82ffb1e8",1,"qwen3_8b_post",0
"367890d596e2e3feb8e5",1,"qwen3_8b_post",0
"2fe8e1e8e7b4d74f1ab3",1,"qwen3_8b_post",0
"231d89b7587e26231edd",1,"qwen3_8b_post",0
"f2d5a426717455d78fe0",1,"qwen3_8b_post",0
"898646366068e1790adc",1,"qwen3_8b_post",0
"9f0d2496b3654bbe4592",1,"qwen3_8b_post",0
"caacaaf1c197458d609b",1,"qwen3_8b_post",0
"b2ca1f117298d61f7ba9",1,"qwen3_8b_post",0
"576d6349d1011e1c1f0b",1,"qwen3_8b_post",0
"321676a20d109be061e5",1,"qwen3_8b_post",0
"ae9cd7364410add034f5",1,"qwen3_8b_post",0
"1107a6339c5ef51c5364",1,"qwen3_8b_post",0
"ad8ee4f7e7b601ec5e2f",1,"qwen3_8b_post",0
"8058db7f809c6d516ac1",1,"qwen3_8b_post",0
"518ec7b0525bc0655625",1,"qwen3_8b_post",0
"c81411e7f3bfd7425aa7",1,"qwen3_8b_post",0
"cd1b478a5157becece8a",1,"qwen3_8b_post",0
"8d5b740580a264daa0f3",1,"qwen3_8b_post",0
"4dcb47668b07ec1cf24c",1,"qwen3_8b_post",0
"504db664533ba13fbd50",1,"qwen3_8b_post",0
"5f19417ef253978d761e",1,"qwen3_8b_post",0
"3ca10664d2b8d991b0ee",1,"qwen3_8b_post",0
"774ea794f356953ec3ce",1,"qwen3_8b_post",0
"9d02f86a3e8a11100e9c",1,"qwen3_8b_post",0
"70d2ce9539fd0f7c83dd",1,"qwen3_8b_post",0
"1cb1fff16a0da6a04a4c",1,"qwen3_8b_post",0
"5693cd9697b27d6c9251",1,"qwen3_8b_post",0
"e9ad78f2d99d66147b6a",1,"qwen3_8b_post",0
"bc048102cdaa8f0a0182",1,"qwen3_8b_post",0
"f0e1db17218ae98ec97d",1,"qwen3_8b_post",0
"39203db9527b3fc8d8ae",1,"qwen3_8b_post",0
"466e7e553d848fe7d5df",1,"qwen3_8b_post",0
"daf63b721c295e04a0bc",1,"qwen3_8b_post",0
"7dd5cfc3820104b7d374",1,"qwen3_8b_post",0
"abc50765cb661aa2c370",1,"qwen3_8b_post",0
"6bacef966dd07f18a285",1,"qwen3_8b_post",0
"2f31e972051e44f70ef9",1,"qwen3_8b_post",0
"1775d88a5686bd3c5537",1,"qwen3_8b_post",0
"d234de654c7463a78de2",1,"qwen3_8b_post",0
"fbd8c6c8997e2c90f9fc",1,"qwen3_8b_post",0
"64eac181b95938e83533",1,"qwen3_8b_post",0
"7039027a0ad1802c091c",1,"qwen3_8b_post",0
"5d72ed34022f6ea8d635",1,"qwen3_8b_post",0
"dc4be75df475119e34f2",1,"qwen3_8b_post",0
"97ddd7c2dd183ec929bf",1,"qwen3_8b_post",0
"d4e03089ec488132b8ba",1,"qwen3_8b_post",0
"c7eda5ee9cd96bb937e6",1,"qwen3_8b_post",0
"d136262259d5f397ee6d",1,"qwen3_8b_post",0
"f15a455f0d9eb45ec24d",1,"qwen3_8b_post",0
"5e22b04152aa50837665",1,"qwen3_8b_post",0
"c12b8f94956ab8d3ff8a",1,"qwen3_8b_post",0
"b4295e81b644d9bff709",1,"qwen3_8b_post",0
"eca169e6a77692a878c7",1,"qwen3_8b_post",0
"ad0867076a1807cb37c1",1,"qwen3_8b_post",0
"63a84022fc12f5621ebe",1,"qwen3_8b_post",0
"46ebfbef6c4eedee455e",1,"qwen3_8b_post",0
"3612a5c5cd6ba7f973d2",1,"qwen3_8b_post",0
"e4d558e7911b125de7c0",1,"qwen3_8b_post",0
"6fe88eea85031c6c17e1",1,"qwen3_8b_post",0
"cb757e6c7230ec07292e",1,"qwen3_8b_post",0
"ad2ecf0501c6443ed5e1",1,"qwen3_8b_post",0
"e3eb689a945a581f80e9",1,"qwen3_8b_post",0
"44e6a67dcefb7de11ab1",1,"qwen3_8b_post",0
"20df9305f93d8cf5e10e",1,"qwen3_8b_post",0
"c0c8eb22268ce3a8bad4",1,"qwen3_8b_post",0
"18dbdf8c0f0fa92cfeab",1,"qwen3_8b_post",0
"e61050c85ff5590cf24f",1,"qwen3_8b_post",0
"fa78cba49f523df3e891",1,"qwen3_8b_post",0
"07c2d356fdc314d4e21c",1,"qwen3_8b_post",0
"9f6c698c5a7234f7bd32",1,"qwen3_8b_post",0
"3db6eb781fd2553e3171",1,"qwen3_8b_post",0
"6364ff7b31789fcb1d4f",1,"qwen3_8b_post",0
"6a119c28a8d717729d45",1,"qwen3_8b_post",0
"8702d79298b3f73f49c4",1,"qwen3_8b_post",0
"5e9f0315013b86565927",1,"qwen3_8b_post",0
"0c7ff64cd928a9ab287c",1,"qwen3_8b_post",0
"15ba8ab669f94eb59bb2",1,"qwen3_8b_post",0
"6b91231a56379959fe99",1,"qwen3_8b_post",0
"b761a936ec78d135c4df",1,"qwen3_8b_post",0
"b3083c9e554de7403bd4",1,"qwen3_8b_post",0
"6bc69995c9f0bc942dc4",1,"qwen3_8b_post",0
"f5a35756c91b1c6a54b3",1,"qwen3_8b_post",0
"ed81997ff0aac48ad10c",1,"qwen3_8b_post",0
"af9cadd6d91183a17e63",1,"qwen3_8b_post",0
"2e512b47946d15f76179",1,"qwen3_8b_post",0
"6541f582b9064d84b2d3",1,"qwen3_8b_post",0
"c0ae75f9244762b306de",1,"qwen3_8b_post",0
"cb8b655702046f1b7185",1,"qwen3_8b_post",0
"203bad402043a7b2967b",1,"qwen3_8b_post",0
"3276fee20e58f99f536f",1,"qwen3_8b_post",0
"895624eb5fc93663ab34",1,"qwen3_8b_post",0
"769813364de7304ae7c0",1,"qwen3_8b_post",0
"efb822fb5f3958340887",1,"qwen3_8b_post",0
"6bba79fe2a75b9653dd3",1,"qwen3_8b_post",0
"3bfe726088facc6cbb7a",1,"qwen3_8b_post",0
"1e9485f03605cf8a78eb",1,"qwen3_8b_post",0
"27d1b0bcb1e0bb86fe68",1,"qwen3_8b_post",0
"aad0682adb0fc28de769",1,"qwen3_8b_post",0
"2cbfd2b3a5e97ce2a5f1",1,"qwen3_8b_post",0
"9659668fde7905973c09",1,"qwen3_8b_post",0
"42584fc63dd81a8e4486",1,"qwen3_8b_post",0
"07a303044672abae2cf4",1,"qwen3_8b_post",0
"a5f97085e9345ac030ee",1,"qwen3_8b_post",0
"7f6c2645e4eaf8ebc78b",1,"qwen3_8b_post",0
"a1c697b759e923652254",1,"qwen3_8b_post",0
"0243dc25dd5d0b4e4de5",1,"qwen3_8b_post",0
"be879966519f7c434e92",1,"qwen3_8b_post",0
"587968b9772738a8c0f6",1,"qwen3_8b_post",0
"e08fd04120b42309691b",1,"qwen3_8b_post",0
"e46727658a2d40bf6006",1,"qwen3_8b_post",0
"8b5fd6159ea4bf8cbea9",1,"qwen3_8b_post",0
"207a65d60f2b25be31fb",1,"qwen3_8b_post",0
"6b4fbff99ff90083ee57",1,"qwen3_8b_post",0
"03914736179c89d4ff05",1,"qwen3_8b_post",0
"40b789590e088d79eb85",1,"qwen3_8b_post",0
"72b547d18294ba78e579",1,"qwen3_8b_post",0
"bc63a7d56f73ed51b816",1,"qwen3_8b_post",0
"f1e4325db1c0df4090ce",1,"qwen3_8b_post",0
"94b560812501ffdb5234",1,"qwen3_8b_post",0
"cde741eb73712337f531",1,"qwen3_8b_post",0
"a3b999fd0dc8388fbe66",1,"qwen3_8b_post",0
"7068dd6fa627e0a86c0d",1,"qwen3_8b_post",0
"b14431e68f3ef34e4985",1,"qwen3_8b_post",0
"70a5ca4d72b544365464",1,"qwen3_8b_post",0
"6b2be4501101e5402e5e",1,"qwen3_8b_post",0
"626989198d66e18cc21c",1,"qwen3_8b_post",0
"65befd4ce3d5061e352a",1,"qwen3_8b_post",0
"abc1927bf425cf15aa16",1,"qwen3_8b_post",0
"6aeacab9360ba5c34b68",1,"qwen3_8b_post",0
"a6a953ce59bea8587c80",1,"qwen3_8b_post",0
"301c50690097486cb9ce",1,"qwen3_8b_post",0
"b787f50cfd4a8a554229",1,"qwen3_8b_post",0
"a75bfde5e32088f568f7",1,"qwen3_8b_post",0
"f856acdfcb559247547c",1,"qwen3_8b_post",0
"1b72fdaef4ee98b81591",1,"qwen3_8b_post",0
"d5bca364fa406023a2d0",1,"qwen3_8b_post",0
"f667e2dcc092f817ccf0",1,"qwen3_8b_post",0
"1c4e1b72702160733be6",1,"qwen3_8b_post",0
"eeca06877b5a55909f7c",1,"qwen3_8b_post",0
"d4c355c51a08256d2a43",1,"qwen3_8b_post",0
"a7405a1d91ab4e571180",1,"qwen3_8b_post",0
"b22160ae357e26f524d2",1,"qwen3_8b_post",0
"a0f3d859ff9d48c18cae",1,"qwen3_8b_post",0
"88bc3613b8ac0d6fda85",1,"qwen3_8b_post",0
"d31de222748b0093ca05",1,"qwen3_8b_post",0
"dd331ddec1e14a7a69e1",1,"qwen3_8b_post",0
"c17a2cb030a8d79d3394",1,"qwen3_8b_post",0
"ccd22cbd7a89a89b6719",1,"qwen3_8b_post",0
"e94ed6f42c207a3cf873",1,"qwen3_8b_post",0
"b25e629faf3455c57bcd",1,"qwen3_8b_post",0
"18311f8e73607f70e94b",1,"qwen3_8b_post",0
"c71e75d76af7fc729137",1,"qwen3_8b_post",0
"bdea38f92dc0a49d1931",1,"qwen3_8b_post",0
"a46bf558b2fafdaffe6b",1,"qwen3_8b_post",0
"7c0489d047562eb2f74c",1,"qwen3_8b_post",0
"90e7ae9498cc0141558d",1,"qwen3_8b_post",0
"945e0c288a5b61dd9d07",1,"qwen3_8b_post",0
"5cc69928be473a9a7fe4",1,"qwen3_8b_post",0
"9a6d9bdb6862e9be7e63",1,"qwen3_8b_post",0
"c94b2dbaad9d240535f9",1,"qwen3_8b_post",0
"7f9f5adaf96ba05303ea",1,"qwen3_8b_post",0
"2e0ddf4ee80c21ff23f1",1,"qwen3_8b_post",0
"ee32d71cb6ccc8e74c06",1,"qwen3_8b_post",0
"e9a672af9466528ab0c1",1,"qwen3_8b_post",0
"937a8e9c023bb530ab54",1,"qwen3_8b_post",0
"38b88ed284ce910f0b7b",1,"qwen3_8b_post",0
"22778da347a7339ff49b",1,"qwen3_8b_post",0
"b62461f702cffddd07aa",1,"qwen3_8b_post",0
"be1ed727f9647f426143",1,"qwen3_8b_post",0
"fc264c95099f5a48018b",1,"qwen3_8b_post",0
"462ffac67b730a53305d",1,"qwen3_8b_post",0
"6ed6b349892ca8120318",1,"qwen3_8b_post",0
"bec3f4d9596faca191d9",1,"qwen3_8b_post",0
"ef2ef8bbc93b9de3bc24",1,"qwen3_8b_post",0
"56176e0189c505ab3f40",1,"qwen3_8b_post",0
"8ec1a9702468832364b3",1,"qwen3_8b_post",0
"7d46ae38792938fda461",1,"qwen3_8b_post",0
"b363689f3e62d654e7af",1,"qwen3_8b_post",0
"2ae117099e4406d6e061",1,"qwen3_8b_post",0
"5db12f6f7bda39484093",1,"qwen3_8b_post",0
"f1516f153dc17e02f278",1,"qwen3_8b_post",0
"941bd4d707b659a3d0fd",1,"qwen3_8b_post",0
"b01503388fc8614b04b2",1,"qwen3_8b_post",0
"59faf1853b51ab01749f",1,"qwen3_8b_post",0
"48b9fc5938b48ac28582",1,"qwen3_8b_post",0
"97876e314419a32e93d9",1,"qwen3_8b_post",0
"fe7ed14e26b547510e6f",1,"qwen3_8b_post",0
"b3479dfe3818331cbb63",1,"qwen3_8b_post",0
"09936379b5a3c22e5156",1,"qwen3_8b_post",0
"b0f4c380ea5e0c152d95",1,"qwen3_8b_post",0
"e70b59fc734bf4d56c99",1,"qwen3_8b_post",0
"6e55e853f8280f6ec658",1,"qwen3_8b_post",0
"d92001cc434ba0285d26",1,"qwen3_8b_post",0
"58fa215b7494273f5f18",1,"qwen3_8b_post",0
"e6a907eee8565dcaa693",1,"qwen3_8b_post",0
"9b600bf0a6aea2a1543d",1,"qwen3_8b_post",0
"e4a8bfa64f16f4a77379",1,"qwen3_8b_post",0
"7526abeecad9b6f39482",1,"qwen3_8b_post",0
"f49507c5ff9df9381a7c",1,"qwen3_8b_post",0
"25701c4f585059775306",1,"qwen3_8b_post",0
"e6b7aadd64079d635fcd",1,"qwen3_8b_post",0
"eee7b80e148a0dee6afe",1,"qwen3_8b_post",0
"120450ce3885994f31b4",1,"qwen3_8b_post",0
"a0bdfcee7f6163d5b894",1,"qwen3_8b_post",0
"d4b175bf895a8261adad",1,"qwen3_8b_post",0
"d8be7677d0c6d6bfe6e0",1,"qwen3_8b_post",0
"ea019ccfc932bb0a7c13",1,"qwen3_8b_post",0
"5808b6507446dfdebe59",1,"qwen3_8b_post",0
"e5182e93bd762ef57eb0",1,"qwen3_8b_post",0
"7af13fcad9b81dfc3681",1,"qwen3_8b_post",0
"358d881b353a280b7098",1,"qwen3_8b_post",0
"e3cbf575d304a264cd1f",1,"qwen3_8b_post",0
"9cd5b4ad0ec63e588cb8",1,"qwen3_8b_post",0
"7f76763d55ce5537879b",1,"qwen3_8b_post",0
"dfd9cecea814a1caabb3",1,"qwen3_8b_post",0
"e05cc3007f3164d9128e",1,"qwen3_8b_post",0
"07ccdcf5999dd6fa7503",1,"qwen3_8b_post",0
"c04d4d4ef98dbf806526",1,"qwen3_8b_post",0
"610c95f175374a5e0647",1,"qwen3_8b_post",0
"cb891960dfbd02097547",1,"qwen3_8b_post",0
"7224b34472f28a4b605d",1,"qwen3_8b_post",0
"60ffa1a9091d3b46ae6c",1,"qwen3_8b_post",0
"d776629b3c61d0cf74cf",1,"qwen3_8b_post",0
"5106f037c34b4472d9a2",1,"qwen3_8b_post",0
"ab25f4b6015f060efd69",1,"qwen3_8b_post",0
"b5cc68d3e9bfc1739181",1,"qwen3_8b_post",0
"ca137bf2874ea95eb7cb",1,"qwen3_8b_post",0
"1e669d0b5dc269fc5114",1,"qwen3_8b_post",0
"95f30bd99e4469cf9278",1,"qwen3_8b_post",0
"e12e56d372d559b8e3c8",1,"qwen3_8b_post",0
"6a078a64f3f929c62915",1,"qwen3_8b_post",0
"45ffa00ac1c21453c477",1,"qwen3_8b_post",0
"e2067362a1be8955e932",1,"qwen3_8b_post",0
"b3f94db66b92469aadae",1,"qwen3_8b_post",0
"eb722135e048c0019e45",1,"qwen3_8b_post",0
"22a44e83ba07248799a6",1,"qwen3_8b_post",0
"84285857573106c8f22b",1,"qwen3_8b_post",0
"c1021047be261251764c",1,"qwen3_8b_post",0
"0d33c729010e6e2c3bdc",1,"qwen3_8b_post",0
"81e5c1aa2b70889da3a2",1,"qwen3_8b_post",0
"24b7a5b3798f45b4e43f",1,"qwen3_8b_post",0
"d3f2100206e598ba0dd4",1,"qwen3_8b_post",0
"1806e80417585aa62456",1,"qwen3_8b_post",0
"f67aece004a08b1d3677",1,"qwen3_8b_post",0
"3345fb8c2a89686b1a67",1,"qwen3_8b_post",0
"11e36002322328f00c28",1,"qwen3_8b_post",0
"8b15c2a51d3ec7c1204a",1,"qwen3_8b_post",0
"6d14f97bb861d762efca",1,"qwen3_8b_post",0
"d635e2386097621a55a3",1,"qwen3_8b_post",0
"bd92c848ad02e7dad44c",1,"qwen3_8b_post",0
"7bf1400571b755bc6aac",1,"qwen3_8b_post",0
"8b0957538ac466bc5d08",1,"qwen3_8b_post",0
"45992337c372f150c2d7",1,"qwen3_8b_post",0
"393bdce541c106c25fff",1,"qwen3_8b_post",0
"5177fc4911f9b0758d99",1,"qwen3_8b_post",0
"fd5e2e4e26065daa101d",1,"qwen3_8b_post",0
"f85e73f88a0962af7f42",1,"qwen3_8b_post",0
"43dce884b7f774d3f6fb",1,"qwen3_8b_post",0
"bb9cc82408d61c178801",1,"qwen3_8b_post",0
"98eeab1ada9faca0fa79",1,"qwen3_8b_post",0
"cab323680bc54b947768",1,"qwen3_8b_post",0
"be3e2ea32b93a7237aee",1,"qwen3_8b_post",0
"52920d133b884dbc7b6e",1,"qwen3_8b_post",0
"6642c9709d06120926c3",1,"qwen3_8b_post",0
"75de4a061626569e47d2",1,"qwen3_8b_post",0
"a0af4b0626be4bea1b3f",1,"qwen3_8b_post",0
"e376ceb9eff39340268d",1,"qwen3_8b_post",0
"28eb6507ea53828cef77",1,"qwen3_8b_post",0
"b6162d1f51bdbcfaf65c",1,"qwen3_8b_post",0
"692940d6aa8db6a7fb98",1,"qwen3_8b_post",0
"4c80a36d36ff6cf9dc36",1,"qwen3_8b_post",0
"46cf75554165bec62e96",1,"qwen3_8b_post",0
"f0277b54dd20016f58b8",1,"qwen3_8b_post",0
"18c1532ef678ca664422",1,"qwen3_8b_post",0
"029ac87ed3a1ce277d10",1,"qwen3_8b_post",0
"c2c52c457792bb815f86",1,"qwen3_8b_post",0
"e5a14d30caa85a3894ac",1,"qwen3_8b_post",0
"8a62410a5b943d877c12",1,"qwen3_8b_post",0
"11d962ebe8a282b596ca",1,"qwen3_8b_post",0
"72d8bd44a35f092d4d75",1,"qwen3_8b_post",0
"71252be3e8d2b3d94150",1,"qwen3_8b_post",0
"c379ac17a2b3eb877393",1,"qwen3_8b_post",0
"ee64ebea9420017273f4",1,"qwen3_8b_post",0
"e9304f16e9ebd3f0064a",1,"qwen3_8b_post",0
"f2eb633d91d3952245a1",1,"qwen3_8b_post",0
"d6c0aaf89b47176b899d",1,"qwen3_8b_post",0
"c3182ab032c1b769e0ac",1,"qwen3_8b_post",0
"850c59a3af679dafe2a4",1,"qwen3_8b_post",0
"35e4e1cfafc97952cdf2",1,"qwen3_8b_post",0
"a6c7c4254a2221a8c823",1,"qwen3_8b_post",0
"ec9cb0466a74407428aa",1,"qwen3_8b_post",0
"363f0226ba564c3fbb2b",1,"qwen3_8b_post",0
"c989f9478136840a2000",1,"qwen3_8b_post",0
"8101393f0c399f76baf7",1,"qwen3_8b_post",0
"38a0c179a6ba633ba87f",1,"qwen3_8b_post",0
"7de4cffb88ff8c06106a",1,"qwen3_8b_post",0
"0741fe4a7ad5942455b4",1,"qwen3_8b_post",0
"0522a61c32671127eb77",1,"qwen3_8b_post",0
"4a64f36a7ef15f5a4cc1",1,"qwen3_8b_post",0
"109a6359bce8c34623b4",1,"qwen3_8b_post",0
"e0a84ddda3f4ea476c22",1,"qwen3_8b_post",0
"cacb41539be82ff4e039",1,"qwen3_8b_post",0
"14190e8d0fb77b5c1fdb",1,"qwen3_8b_post",0
"20d4513d5967f70f3095",1,"qwen3_8b_post",0
"b7b528f127f797470640",1,"qwen3_8b_post",0
"3a3d63c0e7bcc03e4416",1,"qwen3_8b_post",0
"013082b4d5d479282bf6",1,"qwen3_8b_post",0
"a0a342e6f319c2c8304a",1,"qwen3_8b_post",0
"7c47bc6ae0c94009835e",1,"qwen3_8b_post",0
"80525055ab929453e4c3",1,"qwen3_8b_post",0
"8712962f68e12658fab9",1,"qwen3_8b_post",0
"a741c7854692d9795af2",1,"qwen3_8b_post",0
"c6c758ad6d140f56e6d2",1,"qwen3_8b_post",0
"f57aef3a7a6956f8dc44",1,"qwen3_8b_post",0
"e1c66e7e7531a2c63071",1,"qwen3_8b_post",0
"49946ea00bcd59f3e1b0",1,"qwen3_8b_post",0
"fba2073214dd5840b471",1,"qwen3_8b_post",0
"ffd20d772d48c2778616",1,"qwen3_8b_post",0
"b6ce0574f3c0ab357d32",1,"qwen3_8b_post",0
"46b33f65cdf3f1bcfbcf",1,"qwen3_8b_post",0
"24448d941b9a56b9104d",1,"qwen3_8b_post",0
"d9f41be6cb00470a19a9",1,"qwen3_8b_post",0
"fcf3143d65988b788989",1,"qwen3_8b_post",0
"e0ab3ee772040f2704ab",1,"qwen3_8b_post",0
"d112e010e717cf570f1d",1,"qwen3_8b_post",0
"9a200494bafb7c8ec7ae",1,"qwen3_8b_post",0
"87c0e2cf27eceda95f71",1,"qwen3_8b_post",0
"3135c3f0556d358965fd",1,"qwen3_8b_post",0
"a44726023d07106a55e8",1,"qwen3_8b_post",0
"a976f911a066374b0e2b",1,"qwen3_8b_post",0
"c8c2655390b62649a300",1,"qwen3_8b_post",0
"162bbe8a56d8e5a409e2",1,"qwen3_8b_post",0
"16df978bff00220990e7",1,"qwen3_8b_post",0
"acad8563ae728fd3a991",1,"qwen3_8b_post",0
"6f883edb3594a8193816",1,"qwen3_8b_post",0
"06481d0d31cfe72fbf09",1,"qwen3_8b_post",0
"1d650ffe40fcd20f3d49",1,"qwen3_8b_post",0
"ecaff9a6f292e1adee74",1,"qwen3_8b_post",0
"2e91dd13517c09a2974a",1,"qwen3_8b_post",0
"a807cafe0d4f0d59d2f0",1,"qwen3_8b_post",0
"5351bbebd4bde0a7a9d5",1,"qwen3_8b_post",0
"4186c4a55f8191d2391a",1,"qwen3_8b_post",0
"da15f1cc44b36a9525ab",1,"qwen3_8b_post",0
"9c2ce026ea4e2fd8496b",1,"qwen3_8b_post",0
"248c704cc731a4078289",1,"qwen3_8b_post",0
"f048a0a3e93f61d40556",1,"qwen3_8b_post",0
"6cb91eb09d9c7fb099d8",1,"qwen3_8b_post",0
"db1f08b93d12daf98545",1,"qwen3_8b_post",0
"8c1913944d34c62275c8",1,"qwen3_8b_post",0
"6a59ecb0c0b62931e95b",1,"qwen3_8b_post",0
"359c846f259202f15737",1,"qwen3_8b_post",0
"4ee9fa37e3d2686535ca",1,"qwen3_8b_post",0
"06009b3380441f639030",1,"qwen3_8b_post",0
"a41f2934d5a69038bd8b",1,"qwen3_8b_post",0
"fcf8ce0ec26daf1a81a7",1,"qwen3_8b_post",0
"6420768cf12d37f6b687",1,"qwen3_8b_post",0
"e4c80107d117895f4cfd",1,"qwen3_8b_post",0
"62152825b3986c7ed856",1,"qwen3_8b_post",0
"7ba31d7a4be6a1634c7e",1,"qwen3_8b_post",0
"18419bb10863690b970b",1,"qwen3_8b_post",0
"a81c4a148b87453c8815",1,"qwen3_8b_post",0
"2a9a4dfdf41b3162dabb",1,"qwen3_8b_post",0
"76f8969b5a9268517da5",1,"qwen3_8b_post",0
"4991cd0f475157a3590a",1,"qwen3_8b_post",0
"3cf9fe2f4211d6a9ea3f",1,"qwen3_8b_post",0
"1b18e9895b92f3d8a34e",1,"qwen3_8b_post",0
"4ef72d2b467a763ff56c",1,"qwen3_8b_post",0
"49baae9d44d377b0cccc",1,"qwen3_8b_post",0
"e1e959c1abcc58c58daf",1,"qwen3_8b_post",0
"311084dc3a6780bf2e97",1,"qwen3_8b_post",0
"254b81ad0593e5f9a1b0",1,"qwen3_8b_post",0
"c3e2e86ad85165363a57",1,"qwen3_8b_post",0
"0a13db330fb00568c2d4",1,"qwen3_8b_post",0
"d0e6cc181aa171c60d9e",1,"qwen3_8b_post",0
"28bb9a9c5cbb96d60e09",1,"qwen3_8b_post",0
"b2e900115ec669e129c1",1,"qwen3_8b_post",0
"6d81bdd96daf4ecd0d3f",1,"qwen3_8b_post",0
"399843fef16b40cde278",1,"qwen3_8b_post",0
"bb185ac82303b41c88ca",1,"qwen3_8b_post",0
"3d23d79993e2eb97af4e",1,"qwen3_8b_post",0
"0e74ad3f6fe60c144d8b",1,"qwen3_8b_post",0
"de00ad1917f26d660611",1,"qwen3_8b_post",0
"0eda86d066ec4d708652",1,"qwen3_8b_post",0
"f6c87c86353ec31047c8",1,"qwen3_8b_post",0
"a042d3c0eded5fd24e94",1,"qwen3_8b_post",0
"736eb71b224b449e01ca",1,"qwen3_8b_post",0
"c218c23930703c837790",1,"qwen3_8b_post",0
"9822eb97aa2d803909cf",1,"qwen3_8b_post",0
"9efb80a7bcdfa1c4b20e",1,"qwen3_8b_post",0
"44f1b6734a56b83734e8",1,"qwen3_8b_post",0
"62ae6896c7d874986a4c",1,"qwen3_8b_post",0
"646ac52eb40ff7177e0c",1,"qwen3_8b_post",0
"f87cc857dfe54d35eb8f",1,"qwen3_8b_post",0
"315c4fc74a2da91f74ec",1,"qwen3_8b_post",0
"69791172c51e35c1ee76",1,"qwen3_8b_post",0
"dd94423148016e8e090d",1,"qwen3_8b_post",0
"f3239b047f6acac9c229",1,"qwen3_8b_post",0
"8d694a941bf4fc8cc364",1,"qwen3_8b_post",0
"de25478ab463f0769689",1,"qwen3_8b_post",0
"a8e7878b02bf597cbdde",1,"qwen3_8b_post",0
"882278ff273bc77e9cd2",1,"qwen3_8b_post",0
"107f9252532a9ebf4a27",1,"qwen3_8b_post",0
"aec956fc1a8ce803e839",1,"qwen3_8b_post",0
"52a176785202f5435822",1,"qwen3_8b_post",0
"13cee0de4e44dc9f0632",1,"qwen3_8b_post",0
"1a136f1a5f86364ef512",1,"qwen3_8b_post",0
"22663366b8225ed3dc82",1,"qwen3_8b_post",0
"4f1aebf3eebfc1508f0d",1,"qwen3_8b_post",0
"b3d9edf87d44ecf676e5",1,"qwen3_8b_post",0
"de61d0bdea7d1082352f",1,"qwen3_8b_post",0
"e42c232c9da8af87b746",1,"qwen3_8b_post",0
"ddf20dca90764a6467f1",1,"qwen3_8b_post",0
"081871066382e5c24eb2",1,"qwen3_8b_post",0
"4942a1c66e9ed754bc8c",1,"qwen3_8b_post",0
"046750ba927255a96702",1,"qwen3_8b_post",0
"f142d2e4e6a565ebc7fb",1,"qwen3_8b_post",0
"827ac5b1ab1ab3cd1b6e",1,"qwen3_8b_post",0
"5a64d29d88cf230251e4",1,"qwen3_8b_post",0
"ea3b6504fcaa6bb1f19c",1,"qwen3_8b_post",0
"05baf7baa67594652e28",1,"qwen3_8b_post",0
"9fee3524a15d144c9158",1,"qwen3_8b_post",0
"c61f09674844f2fea294",1,"qwen3_8b_post",0
"a28002b3630d906e0bbb",1,"qwen3_8b_post",0
"78503892c63ad8516d0f",1,"qwen3_8b_post",0
"f6d8d3ab1321b23abf12",1,"qwen3_8b_post",0
"ba1acba147ec48692c23",1,"qwen3_8b_post",0
"af6c166cff6369c5765c",1,"qwen3_8b_post",0
"9c7c885300924449d977",1,"qwen3_8b_post",0
"1877985c46dc61d0f596",1,"qwen3_8b_post",0
"8e9fa7497243fee6c6a4",1,"qwen3_8b_post",0
"365766751a7976253d0e",1,"qwen3_8b_post",0
"da0582341c0d854e7f66",1,"qwen3_8b_post",0
"7aaf5c74b48836af6854",1,"qwen3_8b_post",0
"b95a6b6d6f301020f3c6",1,"qwen3_8b_post",0
"541bb0fab4087bab977f",1,"qwen3_8b_post",0
"3b22b16efc050fb9e231",1,"qwen3_8b_post",0
"825892625a474a7df66a",1,"qwen3_8b_post",0
"c6afef4c4904de3cef8c",1,"qwen3_8b_post",0
"bf8abbdf4afde5616709",1,"qwen3_8b_post",0
"8f55e1c2f8888b8bc4f5",1,"qwen3_8b_post",0
"e334a32857fb32ab541d",1,"qwen3_8b_post",0
"5034422e0c02f58b3905",1,"qwen3_8b_post",0
"448214c5f25a70ac36e3",1,"qwen3_8b_post",0
"3e10d8d1af282a164112",1,"qwen3_8b_post",0
"7661fcfcfd2f46c2ced6",1,"qwen3_8b_post",0
"52f95012e6e3c0251938",1,"qwen3_8b_post",0
"ae14bf90edf18e7b79ba",1,"qwen3_8b_post",0
"a4e75d44fab7d822e581",1,"qwen3_8b_post",0
"05d78c0968863b77d824",1,"qwen3_8b_post",0
"6f9d03ba80af86cb744b",1,"qwen3_8b_post",0
"7a630d224d7fa7c58f2a",1,"qwen3_8b_post",0
"ee67383a78cf5c1ca15d",1,"qwen3_8b_post",0
"16faf445b34b1718b32d",1,"qwen3_8b_post",0
"7cc19e0cf47fbf43bdf3",1,"qwen3_8b_post",0
"193f3dd5addfe6026695",1,"qwen3_8b_post",0
"0e7aa2f254631cb49e56",1,"qwen3_8b_post",0
"0dd30452223fc67f4d4a",1,"qwen3_8b_post",0
"f46cf0fb884416e42b98",1,"qwen3_8b_post",0
"89c38e70f1b1c373b9ba",1,"qwen3_8b_post",0
"ec8822e404470d33b7e9",1,"qwen3_8b_post",0
"bfd817848357d9965c57",1,"qwen3_8b_post",0
"874f5cf3b651d96c92ae",1,"qwen3_8b_post",0
"9799583ad5d43b05aef3",1,"qwen3_8b_post",0
"bb13397121d7d61dfb1c",1,"qwen3_8b_post",0
"90fdbfc3200812e2a5bc",1,"qwen3_8b_post",0
"832834b91fcfa35e1ce9",1,"qwen3_8b_post",0
"4ca6cd26efd5104ae647",1,"qwen3_8b_post",0
"30dcc4c58e4c3d7a72b2",1,"qwen3_8b_post",0
"44ddbc463e6273d73f11",1,"qwen3_8b_post",0
"bb948c3de2d4b9fc0d40",1,"qwen3_8b_post",0
"026020c657d9cb60c83b",1,"qwen3_8b_post",0
"9f3b4827a9e9fb167bd3",1,"qwen3_8b_post",0
"b84ddb1c3ef9a47835a3",1,"qwen3_8b_post",0
"802e6c2d445f9e2475ca",1,"qwen3_8b_post",0
"6938f80ef605817c3787",1,"qwen3_8b_post",0
"2ead4cee05efafc22e0a",1,"qwen3_8b_post",0
"a129a48c5870194bff8b",1,"qwen3_8b_post",0
"7e77a917c83ca4266ca8",1,"qwen3_8b_post",0
"28596a7075262f290e4b",1,"qwen3_8b_post",0
"81d40e61fd261d08a896",1,"qwen3_8b_post",0
"8f32e61af043c1b9036a",1,"qwen3_8b_post",0
"920d76c7fe663c07c42e",1,"qwen3_8b_post",0
"26eb767b9a47d5cc0dd3",1,"qwen3_8b_post",0
"76a26cd50f81964e85a1",1,"qwen3_8b_post",0
"899eb67946eda995ed60",1,"qwen3_8b_post",0
"3cb8654e6d778c390073",1,"qwen3_8b_post",0
"53e01ac1123fb8ab4d75",1,"qwen3_8b_post",0
"98b2207260c00d918cad",1,"qwen3_8b_post",0
"61a3883c1eab4283c36b",1,"qwen3_8b_post",0
"c005e0f9eef1732f7f96",1,"qwen3_8b_post",0
"f254b35099281204b120",1,"qwen3_8b_post",0
"8ebf90fec49c72ca30c1",1,"qwen3_8b_post",0
"2941d5ffa161559b0727",1,"qwen3_8b_post",0
"3859351fef932e7f0add",1,"qwen3_8b_post",0
"80c8d6fd8b8707ededb6",1,"qwen3_8b_post",0
"d32b4ac3a8fba6f4b3f4",1,"qwen3_8b_post",0
"7bb228b71aff9285be23",1,"qwen3_8b_post",0
"cc466591cc98c99f43dc",1,"qwen3_8b_post",0
"77530fdf36b9129509e6",1,"qwen3_8b_post",0
"677a3f7df9150e55425e",1,"qwen3_8b_post",0
"1d10670195e7db4fbc8d",1,"qwen3_8b_post",0
"2d58677f0feed28ef223",1,"qwen3_8b_post",0
"9ac2f011670ab2ae8129",1,"qwen3_8b_post",0
"aed99e3d3d1992cd8d89",1,"qwen3_8b_post",0
"8451c1803d4d502861bf",1,"qwen3_8b_post",0
"5f7d2a7ad02d753df26c",1,"qwen3_8b_post",0
"f12edbb8a4ccf16492c4",1,"qwen3_8b_post",0
"e8e231950d1a3f61ab2d",1,"qwen3_8b_post",0
"fdb0feb82de8efc12c6a",1,"qwen3_8b_post",0
"5f968b87bdacc70ef1c3",1,"qwen3_8b_post",0
"8c03de0c8d42fcd02a25",1,"qwen3_8b_post",0
"a075d9e758c1b31db937",1,"qwen3_8b_post",0
"f6115ac984f29b213de4",1,"qwen3_8b_post",0
"a2e8e4a02c32ba5ad58b",1,"qwen3_8b_post",0
"383b820164ca7171d52d",1,"qwen3_8b_post",0
"9236da804760c801d891",1,"qwen3_8b_post",0
"e79e10f65a288e09d2d4",1,"qwen3_8b_post",0
"5a5457638fd713007d82",1,"qwen3_8b_post",0
"6d4eb9ac30adab336ff6",1,"qwen3_8b_post",0
"7e505dcb5e6a2588b791",1,"qwen3_8b_post",0
"469065ff80312ecc15b9",1,"qwen3_8b_post",0
"c8ea3894f0fc45421a84",1,"qwen3_8b_post",0
"7b457b5d71f0a29e7aad",1,"qwen3_8b_post",0
"a50d1ba7a2463c0ad19e",1,"qwen3_8b_post",0
"cc0d88696ccacb838846",1,"qwen3_8b_post",0
"01228bcbb17724f6ca47",1,"qwen3_8b_post",0
"7e56a1b35580a56f8165",1,"qwen3_8b_post",0
"c3f05a1a5954116c688d",1,"qwen3_8b_post",0
"104db7241fd50f4a32a6",1,"qwen3_8b_post",0
"47881c0a7eda43f9ae62",1,"qwen3_8b_post",0
"68bd5361eeee913f8370",1,"qwen3_8b_post",0
"5db8e3e43f759d92cafc",1,"qwen3_8b_post",0
"476ffbfab3b676dfa70f",1,"qwen3_8b_post",0
"e91b3a626f31265c21cd",1,"qwen3_8b_post",0
"1f6b20f7708306db70c7",1,"qwen3_8b_post",0
"52df343db4b24a2c12ce",1,"qwen3_8b_post",0
"340d423bfc706f51c991",1,"qwen3_8b_post",0
"79ccf8d38a535a9df449",1,"qwen3_8b_post",0
"fb8439711d8cfb43262d",1,"qwen3_8b_post",0
"a4ff49896938a8c8c738",1,"qwen3_8b_post",0
"097ca0f497c2b8842a64",1,"qwen3_8b_post",0
"2b9cefb66c76458d692b",1,"qwen3_8b_post",0
"9ada91fd0727efece6ba",1,"qwen3_8b_post",0
"6c21e6f668bd673b7859",1,"qwen3_8b_post",0
"6602231494a4a60d7f91",1,"qwen3_8b_post",0
"a044730fde76989c5758",1,"qwen3_8b_post",0
"0af8658b0b5c7ca954e8",1,"qwen3_8b_post",0
"b781ee54bd75833cba5b",1,"qwen3_8b_post",0
"8e23d4424b6dd737c432",1,"qwen3_8b_post",0
"a6d33e8e008e0724547a",1,"qwen3_8b_post",0
"78c997eb1018e27fc414",1,"qwen3_8b_post",0
"d3070d23a4722e0fcb63",1,"qwen3_8b_post",0
"8b7fab7826d4d9588a6b",1,"qwen3_8b_post",0
"46a5fc1ebcf4e1e4074b",1,"qwen3_8b_post",0
"9f51080e1bb1b6a136f9",1,"qwen3_8b_post",0
"c84857444e0eaf1480aa",1,"qwen3_8b_post",0
"a66466c6bc321a102bbb",1,"qwen3_8b_post",0
"e5f040ad1061bb810882",1,"qwen3_8b_post",0
"97e2e002ab66a51fe11c",1,"qwen3_8b_post",0
"1218b6e7e69769a83895",1,"qwen3_8b_post",0
"6aa506951c2cb1983f8a",1,"qwen3_8b_post",0
"f14aaa194f7bb02d23f5",1,"qwen3_8b_post",0
"434af48717e6ee86928e",1,"qwen3_8b_post",0
"3c5bd34ad91bfd5d8eda",1,"qwen3_8b_post",0
"c91726cc2b301a544630",1,"qwen3_8b_post",0
"19c51d955f45dc332ded",1,"qwen3_8b_post",0
"76c8be9c7e327c83f8ce",1,"qwen3_8b_post",0
"6437012554537e2d9b18",1,"qwen3_8b_post",0
"50e847409d43cb7988ce",1,"qwen3_8b_post",0
"33cde8c6dea9f86150f1",1,"qwen3_8b_post",0
"aa66cf88e668e64b230f",1,"qwen3_8b_post",0
"01efcb0751ce57ed3650",1,"qwen3_8b_post",0
"68dddee4a9a4cccc9b58",1,"qwen3_8b_post",0
"5a242575d954918cca66",1,"qwen3_8b_post",0
"b1b3bcdf671068dcef22",1,"qwen3_8b_post",0
"7520f47743d9cf5fe7b6",1,"qwen3_8b_post",0
"9aee0ebcd68f0b3c156c",1,"qwen3_8b_post",0
"38b26a764ed3cf638aeb",1,"qwen3_8b_post",0
"f172f370c709288fe91e",1,"qwen3_8b_post",0
"d9972633938cdd0d101a",1,"qwen3_8b_post",0
"9ea1d9d5d1d0ec265d79",1,"qwen3_8b_post",0
"d1c9edb599790d7104f2",1,"qwen3_8b_post",0
"d4ce8ca72bfea67ab1c4",1,"qwen3_8b_post",0
"f7c8642158109e57ad2e",1,"qwen3_8b_post",0
"2c74f518a54bff4ccdf5",1,"qwen3_8b_post",0
"1f62c49f8686e27730dd",1,"qwen3_8b_post",0
"aba7f8a23f209ed8240e",1,"qwen3_8b_post",0
"279e4438d350b93b462f",1,"qwen3_8b_post",0
"91dd8576d15cac59392f",1,"qwen3_8b_post",0
"2bb421a63d0a10dbebdc",1,"qwen3_8b_post",0
"6a383533b626c1572f58",1,"qwen3_8b_post",0
"3a900b4751ee2fc8566b",1,"qwen3_8b_post",0
"e78612334daba7b6d7f7",1,"qwen3_8b_post",0
"a3e6b6eae952c33b7c7b",1,"qwen3_8b_post",0
"a36b264f23589677d697",1,"qwen3_8b_post",0
"f9489a49e710a9c88594",1,"qwen3_8b_post",0
"07457cb7f61c5091ac86",1,"qwen3_8b_post",0
"818567262d9dc23ba002",1,"qwen3_8b_post",0
"59774be66ac83e04f308",1,"qwen3_8b_post",0
"2d6700d7928e6712cf0c",1,"qwen3_8b_post",0
"a42191475d8248a5a85f",1,"qwen3_8b_post",0
"c3290dda37013d3d44e4",1,"qwen3_8b_post",0
"8e90c6414cf5c43f1ce9",1,"qwen3_8b_post",0
"ae24ddce4ec35282a1a1",1,"qwen3_8b_post",0
"f21326e56541343d5aca",1,"qwen3_8b_post",0
"84a59efe11e20dd8a56c",1,"qwen3_8b_post",0
"d9015952edbe015748dc",1,"qwen3_8b_post",0
"5b7abacba030491c0f8c",1,"qwen3_8b_post",0
"acdf98b374725f074e5f",1,"qwen3_8b_post",0
"706ed48732f9d0de4ba0",1,"qwen3_8b_post",0
"70c0d33bc1fe45653639",1,"qwen3_8b_post",0
"aee9aa385a095f783206",1,"qwen3_8b_post",0
"b599fcb937b20deefd14",1,"qwen3_8b_post",0
"28d1ae333652ba91737d",1,"qwen3_8b_post",0
"95193eabf19b667137e2",1,"qwen3_8b_post",0
"b3f4841dbd7aae4ed19d",1,"qwen3_8b_post",0
"41bfb45534adbf33efd3",1,"qwen3_8b_post",0
"33e31b08aae91a91a2c7",1,"qwen3_8b_post",0
"6164e157a24efd16a373",1,"qwen3_8b_post",0
"5af00981e5c29b6a60db",1,"qwen3_8b_post",0
"6186aee82dc45cea90b8",1,"qwen3_8b_post",0
"f1501e425a43bc6000d6",1,"qwen3_8b_post",0
"0ca06a5bfc869e4a5659",1,"qwen3_8b_post",0
"57005dc00ac568b6c0f6",1,"qwen3_8b_post",0
"45f29e6a4b8cdc6f1b86",1,"qwen3_8b_post",0
"c5ea091d1730a9cee7c7",1,"qwen3_8b_post",0
"d575f9864406d5c84ab4",1,"qwen3_8b_post",0
"0236ad7d7daa8b3861ee",1,"qwen3_8b_post",0
"ac803e7120530a64513e",1,"qwen3_8b_post",0
"c322e001cc0231493b0e",1,"qwen3_8b_post",0
"1a76d2a7f63c6188329b",1,"qwen3_8b_post",0
"cb32afdcfcac60b71bcd",1,"qwen3_8b_post",0
"c03f2608f5c70f287f5c",1,"qwen3_8b_post",0
"b467155c03e092623a18",1,"qwen3_8b_post",0
"f7354cf89f27d8d0a655",1,"qwen3_8b_post",0
"a2510ebff93255dd35b4",1,"qwen3_8b_post",0
"004954455b9f549f452d",1,"qwen3_8b_post",0
"2ec4cf00d23563cb1282",1,"qwen3_8b_post",0
"46516f9ab0e54db0b8bf",1,"qwen3_8b_post",0
"16aa32fcf79224469606",1,"qwen3_8b_post",0
"00dbda9eb3da3b4cb26f",1,"qwen3_8b_post",0
"f350518b3a62116851fb",1,"qwen3_8b_post",0
"e8e63165afceaa59d01f",1,"qwen3_8b_post",0
"804a55d25adfbf8bbf83",1,"qwen3_8b_post",0
"36284be15ad82a649000",1,"qwen3_8b_post",0
"4a6c337e226ff4391080",1,"qwen3_8b_post",0
"4885680e48c251e2e55d",1,"qwen3_8b_post",0
"1eabbe564c427e7b0fc1",1,"qwen3_8b_post",0
"0af49534392cf85797ea",1,"qwen3_8b_post",0
"8ffc4c8f5ee3d2c43f30",1,"qwen3_8b_post",0
"81f4001d38d43b4575f4",1,"qwen3_8b_post",0
"3b6b8331bd4d9e4ab6f0",1,"qwen3_8b_post",0
"9e989a4274819c315cc6",1,"qwen3_8b_post",0
"79c1331db715e0faa5ae",1,"qwen3_8b_post",0
"db318acdb17f465c958d",1,"qwen3_8b_post",0
"f81b36972542560c2118",1,"qwen3_8b_post",0
"bb5aaa6615a0f4c7d0ad",1,"qwen3_8b_post",0
"026f0c5e028e274a21bb",1,"qwen3_8b_post",0
"0198565bba0f977b5934",1,"qwen3_8b_post",0
"e642c083c0b7ff108849",1,"qwen3_8b_post",0
"63cfea1794160e7f22f0",1,"qwen3_8b_post",0
"e716220217e4b206e68f",1,"qwen3_8b_post",0
"3f82d53351280aedd681",1,"qwen3_8b_post",0
"a2c66ad9fed4e6119d8c",1,"qwen3_8b_post",0
"f6a1d4bc8df49f8d02f4",1,"qwen3_8b_post",0
"5a605a675f5a21631628",1,"qwen3_8b_post",0
"daa529ca990e2db07539",1,"qwen3_8b_post",0
"f526977b1b4b76773164",1,"qwen3_8b_post",0
"3908a951b243b25af45c",1,"qwen3_8b_post",0
"f82b9f015d3c7fde0d77",1,"qwen3_8b_post",0
"49516a9b89d29547c3ab",1,"qwen3_8b_post",0
"53b58fcb011e17517504",1,"qwen3_8b_post",0
"dc51b0527d41b3e117e3",1,"qwen3_8b_post",0
"e459c5e3989a2a86c6f3",1,"qwen3_8b_post",0
"59f96ff5d66e87816fba",1,"qwen3_8b_post",0
"081cc6447020c49b9736",1,"qwen3_8b_post",0
"052323b00e979f0eb9bf",1,"qwen3_8b_post",0
"36e9cd0b9395626976fe",1,"qwen3_8b_post",0
"903ae8ef1a9ec10d1676",1,"qwen3_8b_post",0
"84b3ea87327dcee3355b",1,"qwen3_8b_post",0
"a45e50d8730c1a97c25f",1,"qwen3_8b_post",0
"6c0a6581e31a00120ac6",1,"qwen3_8b_post",0
"9fb14c3b15e8c5562dad",1,"qwen3_8b_post",0
"c250a1d0d1ece9433c0a",1,"qwen3_8b_post",0
"4fb7d036d190f8aeb06e",1,"qwen3_8b_post",0
"7e11e873ca9837d264b5",1,"qwen3_8b_post",0
"6cf8ee09d5560137524b",1,"qwen3_8b_post",0
"5b326c2bffd2b343d980",1,"qwen3_8b_post",0
"7b34102e89e6480bed9e",1,"qwen3_8b_post",0
"4e74fd86b9163f3bbbf1",1,"qwen3_8b_post",0
"4e8b11e6c4d3c0ead940",1,"qwen3_8b_post",0
"2b3103062cccdb176d08",1,"qwen3_8b_post",0
"814e6f505bf1eb265aaf",1,"qwen3_8b_post",0
"5c878a35e31d31198f2d",1,"qwen3_8b_post",0
"1ce2436ce4425fa52c7a",1,"qwen3_8b_post",0
"82722549257c6009b1a4",1,"qwen3_8b_post",0
"58c28b131483ddfecc4d",1,"qwen3_8b_post",0
"d4bb6ef415a248511b0c",1,"qwen3_8b_post",0
"66453ab3b820f92c6f64",1,"qwen3_8b_post",0
"366dffefd4dc5153b9d0",1,"qwen3_8b_post",0
"28e633f3996dd8b92146",1,"qwen3_8b_post",0
"ce42dfb8704b4a4c09f3",1,"qwen3_8b_post",0
"ea2ffe5fbae42e8f4d5e",1,"qwen3_8b_post",0
"64ddec5cd67fe4da5f3f",1,"qwen3_8b_post",0
"ff3d767fa1d4eaa7ec6f",1,"qwen3_8b_post",0
"f2a51282c09dd74d64fa",1,"qwen3_8b_post",0
"336d015b0adc5c23e8d6",1,"qwen3_8b_post",0
"bb3a584fd64a11593378",1,"qwen3_8b_post",0
"d17cdbeba1bfb5a6c736",1,"qwen3_8b_post",0
"310f8ee508d19a578b5d",1,"qwen3_8b_post",0
"5072c7fa5df2e87077a6",1,"qwen3_8b_post",0
"ba821cb85a47b41f11f1",1,"qwen3_8b_post",0
"063040b2f70239c755a3",1,"qwen3_8b_post",0
"20039328fc8c0dc04832",1,"qwen3_8b_post",0
"0875c5399b6695dbce08",1,"qwen3_8b_post",0
"07c7948e7fc1689ab7a7",1,"qwen3_8b_post",0
"51bcac5e0b136f4481e6",1,"qwen3_8b_post",0
"44da085b840545b51143",1,"qwen3_8b_post",0
"1c8f40971f5294febf39",1,"qwen3_8b_post",0
"97a2096b6b0197c9afec",1,"qwen3_8b_post",0
"68debec34cfbc6172101",1,"qwen3_8b_post",0
"85fa8138c958f77a9607",1,"qwen3_8b_post",0
"fb5cd326dbf71f48a171",1,"qwen3_8b_post",0
"248a0101ddcc0d6074e4",1,"qwen3_8b_post",0
"661ad223d4e87c17e90d",1,"qwen3_8b_post",0
"fde30aac62121a7b6524",1,"qwen3_8b_post",0
"9bcb439ff3351329676c",1,"qwen3_8b_post",0
"ac0bd6956c67bffb217e",1,"qwen3_8b_post",0
"76b15909659d80a2d24b",1,"qwen3_8b_post",0
"a64848e453998ef76100",1,"qwen3_8b_post",0
"fdd3ee944a0f6f5a7524",1,"qwen3_8b_post",0
"b9d118c91c502afd32ac",1,"qwen3_8b_post",0
"a45693879df4046324ab",1,"qwen3_8b_post",0
"b957fc20fd7808f7b42b",1,"qwen3_8b_post",0
"ad27559734c575eb6ec3",1,"qwen3_8b_post",0
"18aceca50c187fe32542",1,"qwen3_8b_post",0
"2ab3f1ad003dd61cba17",1,"qwen3_8b_post",0
"fc3908044db0c3770330",1,"qwen3_8b_post",0
"6c5aad84a7a463117f9c",1,"qwen3_8b_post",0
"9ef19cd188e821020b2f",1,"qwen3_8b_post",0
"8988f46bd87bbf65e3df",1,"qwen3_8b_post",0
"91152533a463a5127a93",1,"qwen3_8b_post",0
"d614cde40c3c23e0230c",1,"qwen3_8b_post",0
"2695b2e47c492c670ba3",1,"qwen3_8b_post",0
"ea66de19f97145dff84f",1,"qwen3_8b_post",0
"4ec2d1184c0c19a2e960",1,"qwen3_8b_post",0
"b5ee574f21df85da3ec9",1,"qwen3_8b_post",0
"e86840319b998e6114c1",1,"qwen3_8b_post",0
"382f821869be8806025a",1,"qwen3_8b_post",0
"a7574e1e674aae907cc0",1,"qwen3_8b_post",0
"cf125a16953360770e48",1,"qwen3_8b_post",0
"86befcabbb94ee2b9504",1,"qwen3_8b_post",0
"4c8fd23fdecda8acc915",1,"qwen3_8b_post",0
"b88cb0edeb20214dc58e",1,"qwen3_8b_post",0
"d83883611e19f6b8eaf1",1,"qwen3_8b_post",0
"9632505936dececa2f09",1,"qwen3_8b_post",0
"2e836df1fdc2812fe6fd",1,"qwen3_8b_post",0
"1db3817a486e0d1acf82",1,"qwen3_8b_post",0
"4acf13132276c9712c28",1,"qwen3_8b_post",0
"9a20f4aa4ce52be11f5f",1,"qwen3_8b_post",0
"b8c79b50983c6ed05b9c",1,"qwen3_8b_post",0
"655d19f49b03ec5d735b",1,"qwen3_8b_post",0
"70bb6f0d83c3653e3567",1,"qwen3_8b_post",0
"956b94371fd5aa02a99a",1,"qwen3_8b_post",0
"584b8ed38c55ab61f76a",1,"qwen3_8b_post",0
"604ab7cfe540df888c3a",1,"qwen3_8b_post",0
"4fdc230909cf43b57503",1,"qwen3_8b_post",0
"eea464299b6f387b1681",1,"qwen3_8b_post",0
"340734d5dc6dbec64677",1,"qwen3_8b_post",0
"a219337e373137cc3a56",1,"qwen3_8b_post",0
"d872a5a06b1942aa9cd6",1,"qwen3_8b_post",0
"8c54b80feaac0ed0b5c9",1,"qwen3_8b_post",0
"62e6381703255629e22c",1,"qwen3_8b_post",0
"a9957820c63e8c1390fb",1,"qwen3_8b_post",0
"5d23aa7a55d899419e08",1,"qwen3_8b_post",0
"a861769e70590ac2db45",1,"qwen3_8b_post",0
"51ded781c04ccd0ff07f",1,"qwen3_8b_post",0
"4d0e9164a6acdeabfe15",1,"qwen3_8b_post",0
"0fe34178cdf3b07fb1e0",1,"qwen3_8b_post",0
"5f766a109f63392c5feb",1,"qwen3_8b_post",0
"6450b915c774a8b8ade1",1,"qwen3_8b_post",0
"ffa077741134699bccf8",1,"qwen3_8b_post",0
"1243e89ce03b5281ce4c",1,"qwen3_8b_post",0
"c24abf29c897d1625ff6",1,"qwen3_8b_post",0
"c82e9b726c26e6d732c4",1,"qwen3_8b_post",0
"1e21548e1fa217f208a1",1,"qwen3_8b_post",0
"c4c3a5238d15fae635e5",1,"qwen3_8b_post",0
"145b13038201636c602d",1,"qwen3_8b_post",0
"f7096387722dcff86618",1,"qwen3_8b_post",0
"eaf08091a383adb2c317",1,"qwen3_8b_post",0
"368636659a6471725f6d",1,"qwen3_8b_post",0
"4a38c16b857d6d67a14b",1,"qwen3_8b_post",0
"e415e816c70d74a41d1b",1,"qwen3_8b_post",0
"62edd235ffa4c4adc05a",1,"qwen3_8b_post",0
"6e165f9a4fbb561eddef",1,"qwen3_8b_post",0
"843478ca7f6e1d1aed66",1,"qwen3_8b_post",0
"1ecb033de5bf0f6694b8",1,"qwen3_8b_post",0
"885706a9a4fd1849beab",1,"qwen3_8b_post",0
"d6b06b01d2742be27ae9",1,"qwen3_8b_post",0
"a2cf54e0f86340cb4e03",1,"qwen3_8b_post",0
"84840fb1bd0fff2314ce",1,"qwen3_8b_post",0
"e33ccb1801f939ef0565",1,"qwen3_8b_post",0
"cd314089da575050a2f4",1,"qwen3_8b_post",0
"af0dfe42cacdd878586f",1,"qwen3_8b_post",0
"daa8159ca419c5d7bfb9",1,"qwen3_8b_post",0
"ed059f350afdf5584ed1",1,"qwen3_8b_post",0
"57e0348204cbbb51824c",1,"qwen3_8b_post",0
"37d55f5a4cf1fec5812f",1,"qwen3_8b_post",0
"214e83ea03efd05f5d52",1,"qwen3_8b_post",0
"ca97a1d5da6bbfe88bfc",1,"qwen3_8b_post",0
"07b2ca8d1f426330f548",1,"qwen3_8b_post",0
"68a35131aae650bd1c61",1,"qwen3_8b_post",0
"26abccac5f742780108c",1,"qwen3_8b_post",0
"514dd36fba61f8c4eaf6",1,"qwen3_8b_post",0
"b5ab8db92d6e1d7447af",1,"qwen3_8b_post",0
"2ee20490e605c7c55816",1,"qwen3_8b_post",0
"873fd62443483df3ba28",1,"qwen3_8b_post",0
"c635c8c8fded9f9edb05",1,"qwen3_8b_post",0
"f3fa09ab369e228213c2",1,"qwen3_8b_post",0
"9a012b46d4bd58195270",1,"qwen3_8b_post",0
"9d5d3281cf931111521c",1,"qwen3_8b_post",0
"80daaf9d498f09904ead",1,"qwen3_8b_post",0
"75c93c62329c5a86724e",1,"qwen3_8b_post",0
"f91b9be76913757b2f5f",1,"qwen3_8b_post",0
"e097f7b8efd6f2e22da5",1,"qwen3_8b_post",0
"3a8c564de55a53d2385b",1,"qwen3_8b_post",0
"f46b3aebf89a8b3384fe",1,"qwen3_8b_post",0
"c345e92f995fc40577d5",1,"qwen3_8b_post",0
"563089efbe59695ace90",1,"qwen3_8b_post",0
"3ecf58a8627a2ae4dadf",1,"qwen3_8b_post",0
"1038302853857942f268",1,"qwen3_8b_post",0
"240bacde3f0ab92e9f8a",1,"qwen3_8b_post",0
"756ec3ea7d89560f9a9b",1,"qwen3_8b_post",0
"f69c046c6029fca3252e",1,"qwen3_8b_post",0
"374225c74105b7dbaac1",1,"qwen3_8b_post",0
"75a24f6f4d63e3408a6d",1,"qwen3_8b_post",0
"6e126637ae877f3b9f39",1,"qwen3_8b_post",0
"d025b418c9e4fd1b0a36",1,"qwen3_8b_post",0
"f053a3a365c132c84a4b",1,"qwen3_8b_post",0
"dd09b23117cebe7b9197",1,"qwen3_8b_post",0
"c8217348f926202157d8",1,"qwen3_8b_post",0
"eb050b64d8b2937d046e",1,"qwen3_8b_post",0
"d8a709da5162a497abfc",1,"qwen3_8b_post",0
"6264e79b724cbbf8c9c8",1,"qwen3_8b_post",0
"bc684f9bb6f5e915fb1d",1,"qwen3_8b_post",0
"66bdfc5f6062aa8661ef",1,"qwen3_8b_post",0
"dfedbc15e5a257424858",1,"qwen3_8b_post",0
"28f3e31cf3b46fd6b868",1,"qwen3_8b_post",0
"fc3d74610484f2a814ec",1,"qwen3_8b_post",0
"28516f23ec4cd3d57d18",1,"qwen3_8b_post",0
"fc38c3988ee4419e135b",1,"qwen3_8b_post",0
"9c72b58a43ce5ac468f5",1,"qwen3_8b_post",0
"6e8e47cb40d1099b29d4",1,"qwen3_8b_post",0
"23365e5d462ce17d66d0",1,"qwen3_8b_post",0
"2313ac0576d3b739a3ee",1,"qwen3_8b_post",0
"1b798731be3835b17350",1,"qwen3_8b_post",0
"abf63d1c1d6482c84544",1,"qwen3_8b_post",0
"bd4e2a1016bb19b43265",1,"qwen3_8b_post",0
"f76ab4d6663292a09028",1,"qwen3_8b_post",0
"3d6d4ed29e5dbbd055ce",1,"qwen3_8b_post",0
"fb755587feee4b2f66f9",1,"qwen3_8b_post",0
"30ce039176ee78f71674",1,"qwen3_8b_post",0
"c480f0d09adb46ecebe0",1,"qwen3_8b_post",0
"83a5b67bd54ffc74c040",1,"qwen3_8b_post",0
"804e29f9c1c6c716f837",1,"qwen3_8b_post",0
"ce8dd1af0b3132dc53f2",1,"qwen3_8b_post",0
"fb64c59b6b54f92ce909",1,"qwen3_8b_post",0
"67c05875259210a60de2",1,"qwen3_8b_post",0
"f62f9ac30b73541ceaa4",1,"qwen3_8b_post",0
"ddb5a43be7c74e040bf7",1,"qwen3_8b_post",0
"822d4fe9ea464101cda3",1,"qwen3_8b_post",0
"6d1a9a42fb95862ad651",1,"qwen3_8b_post",0
"7e7f804fa71db827c89b",1,"qwen3_8b_post",0
"b93cd163c446b2a89f3d",1,"qwen3_8b_post",0
"461023caf77325be8a3a",1,"qwen3_8b_post",0
"7ec5f962f1496b4e66b5",1,"qwen3_8b_post",0
"b22d9b0f0aaa811ef0f1",1,"qwen3_8b_post",0
"846762de6634db59c3bf",1,"qwen3_8b_post",0
"4774c815341f77194a54",1,"qwen3_8b_post",0
"4499909a04569b6a12df",1,"qwen3_8b_post",0
"435cf0449e8480b92988",1,"qwen3_8b_post",0
"e06b6ed01e4f404088a2",1,"qwen3_8b_post",0
"b34f3a326ff695413005",1,"qwen3_8b_post",0
"2c2a584068fe75cb3770",1,"qwen3_8b_post",0
"3200ed6ad961e7dde015",1,"qwen3_8b_post",0
"ddc61f1fe3cf9b613bd8",1,"qwen3_8b_post",0
"f2fe8abc188600b9d7bc",1,"qwen3_8b_post",0
"5fa6e2c26015d1a63ed3",1,"qwen3_8b_post",0
"2728d821fe973cdd7e18",1,"qwen3_8b_post",0
"839704a2f5aa62cd53ea",1,"qwen3_8b_post",0
"4398ba918618dfb6f740",1,"qwen3_8b_post",0
"99e0f344485b6df9e88d",1,"qwen3_8b_post",0
"72f809208c6343fc5a72",1,"qwen3_8b_post",0
"605971aac4bbcdc0875d",1,"qwen3_8b_post",0
"8989a96ac59e7fe69909",1,"qwen3_8b_post",0
"32c9fb977e5bfa86b327",1,"qwen3_8b_post",0
"dcc222c7112205dbf287",1,"qwen3_8b_post",0
"24ce5f7d00f5f3378384",1,"qwen3_8b_post",0
"9752fc0e541ed140fba5",1,"qwen3_8b_post",0
"b0ec31661b4b14361c80",1,"qwen3_8b_post",0
"11564b4f9a032da515ba",1,"qwen3_8b_post",0
"aaa0320496327aa333e5",1,"qwen3_8b_post",0
"3493ddfb7dda51be3f17",1,"qwen3_8b_post",0
"0d6304750dfa5bf9a64a",1,"qwen3_8b_post",0
"9dff0d06645d41a737d1",1,"qwen3_8b_post",0
"8c990e4b2ba0b56db849",1,"qwen3_8b_post",0
"3207150e9386dd9a4ff5",1,"qwen3_8b_post",0
"257ed9326cd9fadd1acb",1,"qwen3_8b_post",0
"f0fdafb450484f84f49b",1,"qwen3_8b_post",0
"71ec6b52d9df1774650d",1,"qwen3_8b_post",0
"d056cc3024116ca7153b",1,"qwen3_8b_post",0
"d9ae42d52242fe2d003b",1,"qwen3_8b_post",0
"b22714dfaeee514dd9bf",1,"qwen3_8b_post",0
"74011f44bfeab98b5898",1,"qwen3_8b_post",0
"2630d33bcdababd9ee2c",1,"qwen3_8b_post",0
"d215439fac001effba8e",1,"qwen3_8b_post",0
"6e2d91cec9900dc825d8",1,"qwen3_8b_post",0
"c716a42ed7461604e580",1,"qwen3_8b_post",0
"e2d2ff6a118b2624bead",1,"qwen3_8b_post",0
"b962ce80222a3f380157",1,"qwen3_8b_post",0
"db5e4b94f2c4e3b557de",1,"qwen3_8b_post",0
"81774290f6e8ebf436c1",1,"qwen3_8b_post",0
"721a543361d143e8d259",1,"qwen3_8b_post",0
"39b57e5786b8aab0ea58",1,"qwen3_8b_post",0
"533a3ee800bf5e71c16b",1,"qwen3_8b_post",0
"72c10fcb4802a48b7079",1,"qwen3_8b_post",0
"3d1ff7518e913892e104",1,"qwen3_8b_post",0
"e303994e1fb00ca28530",1,"qwen3_8b_post",0
"0c4c48b3bb924cd81f03",1,"qwen3_8b_post",0
"8c94491c76334755af5c",1,"qwen3_8b_post",0
"c0bcdfb023d8b994c245",1,"qwen3_8b_post",0
"c15088f3d9014bab64fc",1,"qwen3_8b_post",0
"b0584186c6d17f9345da",1,"qwen3_8b_post",0
"8701d356b2d64d8f7bbd",1,"qwen3_8b_post",0
"2fccad3e93d466d90127",1,"qwen3_8b_post",0
"318f10bcaf5ca713800d",1,"qwen3_8b_post",0
"11b93e0e951bca0260f3",1,"qwen3_8b_post",0
"ed5781b4580433fcaaf7",1,"qwen3_8b_post",0
"c5045499a6bc9666b67d",1,"qwen3_8b_post",0
"623ff0dcf2f5e1b015c0",1,"qwen3_8b_post",0
"3925cdb8100fcf35b12f",1,"qwen3_8b_post",0
"b95d76e5133ab03c48b7",1,"qwen3_8b_post",0
"200a47cc00cc2b4e9ebc",1,"qwen3_8b_post",0
"8ae16aa1bb42a8c31e53",1,"qwen3_8b_post",0
"7dff8e43fe0deb62aa07",1,"qwen3_8b_post",0
"c2750e1502cf806d2110",1,"qwen3_8b_post",0
"349d8bf6d04b2c0ccc97",1,"qwen3_8b_post",0
"068ac2e787becb112fc1",1,"qwen3_8b_post",0
"6507da21678e2eb73b98",1,"qwen3_8b_post",0
"7b12e4d8bf6e2be55e09",1,"qwen3_8b_post",0
"a4e5cb6b71fbc0213590",1,"qwen3_8b_post",0
"667c5d2caa3187be2df5",1,"qwen3_8b_post",0
"22549b127df6d1dc92ef",1,"qwen3_8b_post",0
"cdf073fe8a27a4f0ae61",1,"qwen3_8b_post",0
"76f056fa7e12e28e0376",1,"qwen3_8b_post",0
"d239db4b66ab86e04d77",1,"qwen3_8b_post",0
"ade83c343f2a9d5a0725",1,"qwen3_8b_post",0
"c604e804c0ccb9825da1",1,"qwen3_8b_post",0
"70496fdaee2ebd928984",1,"qwen3_8b_post",0
"7613fb8cfc825cf2c633",1,"qwen3_8b_post",0
"543faa7ab546ebc0d326",1,"qwen3_8b_post",0
"9f32bde339e8fdd5d412",1,"qwen3_8b_post",0
"517cbe7e3af896a3dc49",1,"qwen3_8b_post",0
"ed93d6564a5aad9b858f",1,"qwen3_8b_post",0
"fe8191695ad5a84ad153",1,"qwen3_8b_post",0
"2658884d614dfd2f7e1c",1,"qwen3_8b_post",0
"449ee4832ffc7af78c2b",1,"qwen3_8b_post",0
"654c4435f8dacab654c1",1,"qwen3_8b_post",0
"0087e734ec805905818e",1,"qwen3_8b_post",0
"fdcfb9ac06d935a66f23",1,"qwen3_8b_post",0
"5d2cb8fc6b2767de7631",1,"qwen3_8b_post",0
"772fb9c90ef55045ecef",1,"qwen3_8b_post",0
"78e229bf3521f5f86aeb",1,"qwen3_8b_post",0
"0059f8dea433b56bf06f",1,"qwen3_8b_post",0
"393a9b62fc6c2fb583e7",1,"qwen3_8b_post",0
"1288010be29624ad25d6",1,"qwen3_8b_post",0
"cf9e090637869d85226a",1,"qwen3_8b_post",0
"bae69deedfec59ba82e3",1,"qwen3_8b_post",0
"3c4aba37fae6553e4950",1,"qwen3_8b_post",0
"9291b6f0022c6fe70705",1,"qwen3_8b_post",0
"be310724e457dfcfadac",1,"qwen3_8b_post",0
"b69d88584275a1e47e9f",1,"qwen3_8b_post",0
"5fdc78eb1fdca24edc28",1,"qwen3_8b_post",0
"69a7e93f29d7ee05a2c5",1,"qwen3_8b_post",0
"454b023c6325271e0e8d",1,"qwen3_8b_post",0
"432152c6951878e2afd9",1,"qwen3_8b_post",0
"bdb4d6037a804eabafe4",1,"qwen3_8b_post",0
"736847bb3e5d600e4278",1,"qwen3_8b_post",0
"23b77c3c5dd1eb365c7e",1,"qwen3_8b_post",0
"b179902c983623fe6247",1,"qwen3_8b_post",0
"fb7d8a3c8917b7a4373e",1,"qwen3_8b_post",0
"cfa002d24c8daa495597",1,"qwen3_8b_post",0
"b510d9b9f03ae6ef1628",1,"qwen3_8b_post",0
"3272a9357c6ed7820c63",1,"qwen3_8b_post",0
"01e5d3999747ba6f44cc",1,"qwen3_8b_post",0
"5dbc8cf78dc4f06ab336",1,"qwen3_8b_post",0
"58057a761edae73632b0",1,"qwen3_8b_post",0
"da506f4ecda322acb207",1,"qwen3_8b_post",0
"23fb9f80602a9884c0ca",1,"qwen3_8b_post",0
"28ebf2e0eeabffa23f3f",1,"qwen3_8b_post",0
"74d63c058a5041c5e6e6",1,"qwen3_8b_post",0
"383c34d3f2417e501929",1,"qwen3_8b_post",0
"9106b0577099d1fb69cb",1,"qwen3_8b_post",0
"65ab787cef518d9512a2",1,"qwen3_8b_post",0
"f2ba84503b5b18fe84f7",1,"qwen3_8b_post",0
"ee55f00cff9759c59abc",1,"qwen3_8b_post",0
"3c0f752e0cb0877bf2be",1,"qwen3_8b_post",0
"5693dec4141a52597a93",1,"qwen3_8b_post",0
"7949082e450caab9e3c9",1,"qwen3_8b_post",0
"2abf226f05a058d5d936",1,"qwen3_8b_post",0
"a4fe26c9a11f752cbb08",1,"qwen3_8b_post",0
"ce5bcff0621d0e5baadd",1,"qwen3_8b_post",0
"73542bbb7cca7c448bfa",1,"qwen3_8b_post",0
"3aee5fdf437d7096fe00",1,"qwen3_8b_post",0
"f272802e1a0a061dc846",1,"qwen3_8b_post",0
"5cf67c7d801c849e7c23",1,"qwen3_8b_post",0
"6fb8a4bf87411a463dc9",1,"qwen3_8b_post",0
"c1ae7c4b50b77b9a5d57",1,"qwen3_8b_post",0
"bb05671c6adf7de924bf",1,"qwen3_8b_post",0
"8dd1d4b25f4b134df4a7",1,"qwen3_8b_post",0
"7b6e455a75fd49a0280a",1,"qwen3_8b_post",0
"9e768b4f5ab72b11800f",1,"qwen3_8b_post",0
"7d9e0e60902ccf3848b6",1,"qwen3_8b_post",0
"4d11a49b3558a1ca7f60",1,"qwen3_8b_post",0
"923f45a2ec4858a0bd7e",1,"qwen3_8b_post",0
"71f9dbd1874b15ea2a68",1,"qwen3_8b_post",0
"0054f5c7a143f36e14b3",1,"qwen3_8b_post",0
"accf93be36021caf817f",1,"qwen3_8b_post",0
"5a0d71c07eb356935cc7",1,"qwen3_8b_post",0
"b7df0a06c9f79c3cd3cd",1,"qwen3_8b_post",0
"c5ff0cb2c21bed5f0879",1,"qwen3_8b_post",0
"5ef46ee27dd31fe6fb01",1,"qwen3_8b_post",0
"af9f4e3cbc7d80a51767",1,"qwen3_8b_post",0
"3d8488c99dc125dcac7f",1,"qwen3_8b_post",0
"3cff515c7505f4b6ead9",1,"qwen3_8b_post",0
"7b4e53ef2d74bd70bbb0",1,"qwen3_8b_post",0
"d7033ae8a01aed6b7bac",1,"qwen3_8b_post",0
"851e8cdd46d28a1cac85",1,"qwen3_8b_post",0
"ce645bf63b44b1d53779",1,"qwen3_8b_post",0
"5aecd02d16705a3f3829",1,"qwen3_8b_post",0
"8a0c4d36cc2618b34e14",1,"qwen3_8b_post",0
"d0a4b63d376e117965ef",1,"qwen3_8b_post",0
"4306d727b2f53cc3514e",1,"qwen3_8b_post",0
"64186c49afafd90ac367",1,"qwen3_8b_post",0
"53a2da63fa7bf54da6cf",1,"qwen3_8b_post",0
"aed8122e9003846d8933",1,"qwen3_8b_post",0
"b6c315ae4989e3239614",1,"qwen3_8b_post",0
"e88d01de5fdabf5d6a29",1,"qwen3_8b_post",0
"b673315864da868c63ce",1,"qwen3_8b_post",0
"856ea9d79f201e7f762f",1,"qwen3_8b_post",0
"7ae73b398ee4791f8728",1,"qwen3_8b_post",0
"b6d1b334fec3176f18f3",1,"qwen3_8b_post",0
"d5d7f2e824937523ecdb",1,"qwen3_8b_post",0
"af71674f08d2ae0c1a75",1,"qwen3_8b_post",0
"0cc310dd8106c4d52564",1,"qwen3_8b_post",0
"e0602299724d01cd747d",1,"qwen3_8b_post",0
"0f0c55cc5285c74a7276",1,"qwen3_8b_post",0
"4f59444ed4fc45468e7d",1,"qwen3_8b_post",0
"932c781b6bc5f3fdc3ea",1,"qwen3_8b_post",0
"7406461878ee16f8964b",1,"qwen3_8b_post",0
"5304a7badc7e1da66b46",1,"qwen3_8b_post",0
"49494901d06b0ee6f8e9",1,"qwen3_8b_post",0
"4c85868ff192a9ecd345",1,"qwen3_8b_post",0
"e730ddfda597cd41d574",1,"qwen3_8b_post",0
"c40b6ebd5a668641b4cf",1,"qwen3_8b_post",0
"db7c6447294a4f82610a",1,"qwen3_8b_post",0
"7634c58c65fe70fa5211",1,"qwen3_8b_post",0
"7dcf25190936a00b590e",1,"qwen3_8b_post",0
"44d52e95827d654caa35",1,"qwen3_8b_post",0
"ff2959be29c033afacbd",1,"qwen3_8b_post",0
"3ec92a7185f8c2d776b7",1,"qwen3_8b_post",0
"ec7e26786c879736af3e",1,"qwen3_8b_post",0
"b6955f0fc6bef0d572d4",1,"qwen3_8b_post",0
"a55cd3545f1d9f17d861",1,"qwen3_8b_post",0
"9530a0d43e0aec256c91",1,"qwen3_8b_post",0
"03f302698108fef89f10",1,"qwen3_8b_post",0
"7d365c770034e41304e8",1,"qwen3_8b_post",0
"9676f3db64a51eb77cc9",1,"qwen3_8b_post",0
"10a1fc80f0c8caccc506",1,"qwen3_8b_post",0
"72c8aeda37e858557d39",1,"qwen3_8b_post",0
"6c5e4942cf5e084fd4ad",1,"qwen3_8b_post",0
"045a9f96c3bf2a7b64b5",1,"qwen3_8b_post",0
"8967f4145be22f28f15a",1,"qwen3_8b_post",0
"df7ed49163e6489d370b",1,"qwen3_8b_post",0
"dc037ae8cdd017a78dd7",1,"qwen3_8b_post",0
"47a295447dce94741570",1,"qwen3_8b_post",0
"cd7885c504555eb273e1",1,"qwen3_8b_post",0
"3d676ab8e0c5fa0027a5",1,"qwen3_8b_post",0
"a45dd6e8446ba3c04fdf",1,"qwen3_8b_post",0
"d54bc484c7d92e21a2b7",1,"qwen3_8b_post",0
"48fe0654fae1858ab543",1,"qwen3_8b_post",0
"1668d258d59956693677",1,"qwen3_8b_post",0
"c0049e39f725a232a024",1,"qwen3_8b_post",0
"758c2eed2240805be4b7",1,"qwen3_8b_post",0
"05861667c17d1143bfc1",1,"qwen3_8b_post",0
"d61392f2cd9f0a168242",1,"qwen3_8b_post",0
"8aef6e17403275aa7669",1,"qwen3_8b_post",0
"12832df137e67cb24ce9",1,"qwen3_8b_post",0
"927518528f87dbc8c432",1,"qwen3_8b_post",0
"bca52e8e64131f581ed6",1,"qwen3_8b_post",0
"37cc890339d968e49cfb",1,"qwen3_8b_post",0
"8264d8b9deba962360de",1,"qwen3_8b_post",0
"60cb9a40173ad5ec7462",1,"qwen3_8b_post",0
"36a353bd0028e741d101",1,"qwen3_8b_post",0
"8c655ba01d7c4d9cbfb3",1,"qwen3_8b_post",0
"dd53a61639c5c50f5235",1,"qwen3_8b_post",0
"0d4fa51206ba06c8478d",1,"qwen3_8b_post",0
"3d6e719366c360fd9b0f",1,"qwen3_8b_post",0
"0b1ad5e623f31fe0128e",1,"qwen3_8b_post",0
"3debbc1e1ff867c2caac",1,"qwen3_8b_post",0
"4c3605897ecd003c4808",1,"qwen3_8b_post",0
"2a24ce73a1cac064c0a5",1,"qwen3_8b_post",0
"0d1974b61ad311866350",1,"qwen3_8b_post",0
"684d28299ba5a9f42ac0",1,"qwen3_8b_post",0
"0f11c89a785156fb25ef",1,"qwen3_8b_post",0
"d6435b08bb9efe242468",1,"qwen3_8b_post",0
"1b93ae0b9b977c3301c3",1,"qwen3_8b_post",0
"f99cf1d7a428cb65d59a",1,"qwen3_8b_post",0
"ac9904b00f182f9c5d15",1,"qwen3_8b_post",0
"421bcca44ae79062520f",1,"qwen3_8b_post",0
"f2c59d955cf0bd90cab1",1,"qwen3_8b_post",0
"3492d4fbd5d3f2ee21ed",1,"qwen3_8b_post",0
"bdc8d95f5cdd43580645",1,"qwen3_8b_post",0
"0b31168af254f998cc35",1,"qwen3_8b_post",0
"49da575ab05a12efb5d7",1,"qwen3_8b_post",0
"23d16566465e2be46884",1,"qwen3_8b_post",0
"c73981c71a1c195f2c35",1,"qwen3_8b_post",0
"e881fc2ff538f3bcb4a7",1,"qwen3_8b_post",0
"4eb9648eca94a40e64d7",1,"qwen3_8b_post",0
"e82719138c17e0d6dfc8",1,"qwen3_8b_post",0
"fb84fb37cfa3b64e8e16",1,"qwen3_8b_post",0
"da948c8ce5ac857075c7",1,"qwen3_8b_post",0
"b2e9a526bd1bf5eb29ab",1,"qwen3_8b_post",0
"a59ee227ddec9cddc1c1",1,"qwen3_8b_post",0
"f30b2cc9c6b5d2c15e79",1,"qwen3_8b_post",0
"c70a26e7bb3a5cfaa9b6",1,"qwen3_8b_post",0
"86865d15089dacb0ae05",1,"qwen3_8b_post",0
"5251c42702dad6dd12e8",1,"qwen3_8b_post",0
"40f06ee1e2126d1e27fc",1,"qwen3_8b_post",0
"9a7740a3e4b6a6077c8f",1,"qwen3_8b_post",0
"86cb9e74fb742125effc",1,"qwen3_8b_post",0
"587e5ff2d557afbd12ad",1,"qwen3_8b_post",0
"a3f65e2dac7587cdbd31",1,"qwen3_8b_post",0
"adcaa175ebe5493aefbe",1,"qwen3_8b_post",0
"e1a873aa61ecc6f8daf6",1,"qwen3_8b_post",0
"bc1a2c2f7888dbb14cdb",1,"qwen3_8b_post",0
"b10f41495a0abb6e7265",1,"qwen3_8b_post",0
"68f045a03e4802202174",1,"qwen3_8b_post",0
"d7962f92f7ea282d35ed",1,"qwen3_8b_post",0
"c45d882be3ab03572770",1,"qwen3_8b_post",0
"85e862a104c65f4d17d1",1,"qwen3_8b_post",0
"44edf7964a42f8838778",1,"qwen3_8b_post",0
"1e3f259b389bbee64715",1,"qwen3_8b_post",0
"cadd5e3d20d3286622f0",1,"qwen3_8b_post",0
"03bd95cd34faffb9edd2",1,"qwen3_8b_post",0
"8d3e861572a0d24cd62d",1,"qwen3_8b_post",0
"a435aac4b055fd78b826",1,"qwen3_8b_post",0
"d7ca223ffc688a467da1",1,"qwen3_8b_post",0
"29104b83d29b47d9bf3c",1,"qwen3_8b_post",0
"e921043d38d06f680851",1,"qwen3_8b_post",0
"2f19569df44c4ec86765",1,"qwen3_8b_post",0
"51ef4a3855414d28b8c9",1,"qwen3_8b_post",0
"1a2cb5de1cfb3ce177ca",1,"qwen3_8b_post",0
"ecefab9c95f791c1c005",1,"qwen3_8b_post",0
"d51429bb59b6c44afc2c",1,"qwen3_8b_post",0
"38f38dd2bd0fa445a554",1,"qwen3_8b_post",0
"298085c2b89f5111c395",1,"qwen3_8b_post",0
"a247fc8ea1d6ad0da2e4",1,"qwen3_8b_post",0
"0db51858fe92ed6256fc",1,"qwen3_8b_post",0
"801e4c4cc3c724b79190",1,"qwen3_8b_post",0
"04d392b8a8b71890a1bb",1,"qwen3_8b_post",0
"5d398d0f19c1c615bc85",1,"qwen3_8b_post",0
"c9a04a1873060461010e",1,"qwen3_8b_post",0
"bf41824d700b4e284b10",1,"qwen3_8b_post",0
"026ad15dbdaf8e8bd3b6",1,"qwen3_8b_post",0
"37994cb4eb0fbc6dabd4",1,"qwen3_8b_post",0
"0aec916e99e71413a671",1,"qwen3_8b_post",0
"cfffbb79f4e6448fc50a",1,"qwen3_8b_post",0
"7efc03c84ebde896c750",1,"qwen3_8b_post",0
"8eba49370ba5e97fc9fa",1,"qwen3_8b_post",0
"d8eaa2cc43b7fb637504",1,"qwen3_8b_post",0
"4fff20beca20ac57b30d",1,"qwen3_8b_post",0
"b6838876da777fbf5dcd",1,"qwen3_8b_post",0
"940ec27e71cf40eb68c8",1,"qwen3_8b_post",0
"ba29b086773fd29bcff3",1,"qwen3_8b_post",0
"e2c3f2f2c216aa3a3039",1,"qwen3_8b_post",0
"1edb7adae9277102a2cd",1,"qwen3_8b_post",0
"37a62251a0aa80e09917",1,"qwen3_8b_post",0
"903093b8bb9ed5843abd",1,"qwen3_8b_post",0
"775b7b5ad6bf76fa950f",1,"qwen3_8b_post",0
"6f8a832f13bd36dc6f5b",1,"qwen3_8b_post",0
"f5e816dd9524addd4f01",1,"qwen3_8b_post",0
"e70c6de2c41c2bca7ada",1,"qwen3_8b_post",0
"bd45cb69328cab930a35",1,"qwen3_8b_post",0
"f6cb517b49e8d618b2be",1,"qwen3_8b_post",0
"23c1ef33e05d484e8312",1,"qwen3_8b_post",0
"723c1dce3a65c71b7904",1,"qwen3_8b_post",0
"20d23f5156d78db9e5da",1,"qwen3_8b_post",0
"21e4395e09ee2cfb7ada",1,"qwen3_8b_post",0
"177b284429294a2c732b",1,"qwen3_8b_post",0
"e673719c44596119ace7",1,"qwen3_8b_post",0
"6c91a6f3f12c2a027729",1,"qwen3_8b_post",0
"21c455b767269f1d4ba2",1,"qwen3_8b_post",0
"3abbf688b535be0239da",1,"qwen3_8b_post",0
"0432fe2f81209c11d6ad",1,"qwen3_8b_post",0
"ae72989ab1901355e241",1,"qwen3_8b_post",0
"cd66a8e87ff1cb423c16",1,"qwen3_8b_post",0
"aa8b14d1b7d7d2328980",1,"qwen3_8b_post",0
"9ac1c796fc2183f1581e",1,"qwen3_8b_post",0
"dc2085195895f27e6cb6",1,"qwen3_8b_post",0
"70df667e2424ce1e4d75",1,"qwen3_8b_post",0
"3311e381c09816fd710b",1,"qwen3_8b_post",0
"da3a95be9e71d15b9067",1,"qwen3_8b_post",0
"c17c9a1142718e2f9f52",1,"qwen3_8b_post",0
"f67f6435257f6ca8d081",1,"qwen3_8b_post",0
"591db60ac6f2b6b3eba2",1,"qwen3_8b_post",0
"ae110c093d8a5d2fc59a",1,"qwen3_8b_post",0
"662ea81c1b898cb66f77",1,"qwen3_8b_post",0
"cdbfa0d82eae90b47de1",1,"qwen3_8b_post",0
"92f5c183cf2b5257b994",1,"qwen3_8b_post",0
"bd60ee194b98328b5c50",1,"qwen3_8b_post",0
"7197e4c6c0630265bfcc",1,"qwen3_8b_post",0
"a955041ffe1d7dfc1878",1,"qwen3_8b_post",0
"10ccd8d5bb03559e3dc8",1,"qwen3_8b_post",0
"672bab0a74f80f0a70c7",1,"qwen3_8b_post",0
"09aa33bb1089d740eaa7",1,"qwen3_8b_post",0
"09e6dee97baf1a065ede",1,"qwen3_8b_post",0
"f5cb4c136bd752602c78",1,"qwen3_8b_post",0
"59bc11dda2d5f6bbcd52",1,"qwen3_8b_post",0
"6fff80b789fae9ac5b39",1,"qwen3_8b_post",0
"9d4c13e2438ef5aa78c8",1,"qwen3_8b_post",0
"2fe581cb191f29a0149f",1,"qwen3_8b_post",0
"59fa7e90cbc517924029",1,"qwen3_8b_post",0
"d0f64f70e0101846d101",1,"qwen3_8b_post",0
"eea29c1bdf4acc2e374a",1,"qwen3_8b_post",0
"fe515735e1e5f9af40d5",1,"qwen3_8b_post",0
"3a15d14265df358a263e",1,"qwen3_8b_post",0
"000f3b96348a6d825095",1,"qwen3_8b_post",0
"140c1f9952f64fab0e46",1,"qwen3_8b_post",0
"d858eab5aa6d6bef322d",1,"qwen3_8b_post",0
"8eee41bd98656e999554",1,"qwen3_8b_post",0
"b4f134e86c1136c82707",1,"qwen3_8b_post",0
"def504e2178e94f76cb1",1,"qwen3_8b_post",0
"da102e0bf5fdc09898ca",1,"qwen3_8b_post",0
"d61c13fa8fb9e09e8184",1,"qwen3_8b_post",0
"575af395e9edf76a34ca",1,"qwen3_8b_post",0
"544c7ed7b61940bf69d7",1,"qwen3_8b_post",0
"0c9f0958a6ed67d142b0",1,"qwen3_8b_post",0
"21c7a14f8265b2204fe7",1,"qwen3_8b_post",0
"8a3c283df04b6faaa786",1,"qwen3_8b_post",0
"e5a43d73267917433b1e",1,"qwen3_8b_post",0
"4741716dc59a626125ac",1,"qwen3_8b_post",0
"d26b9adbfd10fce3ea1e",1,"qwen3_8b_post",0
"aa2d13c6a7e5863bd6bb",1,"qwen3_8b_post",0
"1b2a4135275bbec4df94",1,"qwen3_8b_post",0
"5e558a7a142d98b9180c",1,"qwen3_8b_post",0
"06b194615763f1517f3a",1,"qwen3_8b_post",0
"993a4bd92c5d19431ce7",1,"qwen3_8b_post",0
"368f457f7a0d0f8a69a3",1,"qwen3_8b_post",0
"1dbc0e49a0f214d53a0e",1,"qwen3_8b_post",0
"069f964aebb807c12f09",1,"qwen3_8b_post",0
"b2316e5553ded064e2fd",1,"qwen3_8b_post",0
"91b0779c0e6191df1f82",1,"qwen3_8b_post",0
"d0a2cbda84b8e3d34e42",1,"qwen3_8b_post",0
"8b41c66b836c190bbe05",1,"qwen3_8b_post",0
"3ae044867fdd317c157d",1,"qwen3_8b_post",0
"b22419d06c0c253ec246",1,"qwen3_8b_post",0
"d522d682dbdec5a16150",1,"qwen3_8b_post",0
"8a9e2b3ceec82fc6255c",1,"qwen3_8b_post",0
"687c3b525152ca1f6f3e",1,"qwen3_8b_post",0
"857da5d7330fdea0b98a",1,"qwen3_8b_post",0
"0da9edb39f98e0cca182",1,"qwen3_8b_post",0
"800c623573e5a50016f7",1,"qwen3_8b_post",0
"a4cf4acd73b3d6505ca9",1,"qwen3_8b_post",0
"f9f4c22653da9e42c942",1,"qwen3_8b_post",0
"eea338d89a524014f383",1,"qwen3_8b_post",0
"2d6379f3c9434d52d784",1,"qwen3_8b_post",0
"873f22746b2fed5c2d50",1,"qwen3_8b_post",0
"6fb33738a980db4d013f",1,"qwen3_8b_post",0
"8fd6c9f55f46abb78ef5",1,"qwen3_8b_post",0
"48b3f89ee31b60821d80",1,"qwen3_8b_post",0
"5b01061621dcd50db8fa",1,"qwen3_8b_post",0
"bf12c92440ee455f0eec",1,"qwen3_8b_post",0
"98ff8bca0f2ee023341d",1,"qwen3_8b_post",0
"6491b1a4c747590285d2",1,"qwen3_8b_post",0
"daf2614ee16203be0155",1,"qwen3_8b_post",0
"ba42d6497af4efb87800",1,"qwen3_8b_post",0
"faa68764de0c5fe8babf",1,"qwen3_8b_post",0
"d3655bf5b927ee477cdb",1,"qwen3_8b_post",0
"b8ab9734cccc2cb5de69",1,"qwen3_8b_post",0
"3041b0d836587ac7db71",1,"qwen3_8b_post",0
"495b9c8f14ebe34b3f68",1,"qwen3_8b_post",0
"e8a0f332a5c54de3c832",1,"qwen3_8b_post",0
"b2a618734cfac8bd5ca3",1,"qwen3_8b_post",0
"934ca9b2d887eb9c499d",1,"qwen3_8b_post",0
"60d34430066b57624641",1,"qwen3_8b_post",0
"a6921026eec53fe505bb",1,"qwen3_8b_post",0
"21ce18eb56a035fa561b",1,"qwen3_8b_post",0
"f339c632101a94412575",1,"qwen3_8b_post",0
"e4d36e2e47acd23718ea",1,"qwen3_8b_post",0
"5649d17762fa867b0f58",1,"qwen3_8b_post",0
"f9f90b214b64abcf2a62",1,"qwen3_8b_post",0
"24465d27f7c84adcb0da",1,"qwen3_8b_post",0
"f035738cfb35ce2f12ad",1,"qwen3_8b_post",0
"66d244004ee39ad2fa61",1,"qwen3_8b_post",0
"b777f075d78b0a2259d3",1,"qwen3_8b_post",0
"1bb213f1ac87ba6bc0e7",1,"qwen3_8b_post",0
"efffb212d492b825a7d4",1,"qwen3_8b_post",0
"78489391f545dce51739",1,"qwen3_8b_post",0
"fa40514a11aa205b731d",1,"qwen3_8b_post",0
"29482c736898a490a860",1,"qwen3_8b_post",0
"c3203c4bd8cd2bec8872",1,"qwen3_8b_post",0
"a3db62e58227c0f97c9d",1,"qwen3_8b_post",0
"9c0ada2960d91ce5d13b",1,"qwen3_8b_post",0
"3b11276df3b3a9fa1180",1,"qwen3_8b_post",0
"bb5941b0e377c9f28d0e",1,"qwen3_8b_post",0
"e2f76a244e2bb24b0d89",1,"qwen3_8b_post",0
"191a50eb7e1d011831f9",1,"qwen3_8b_post",0
"ed06cdf63a89da46fa6f",1,"qwen3_8b_post",0
"32647c649057c2aebc71",1,"qwen3_8b_post",0
"2b8b447c18bd37f30f5a",1,"qwen3_8b_post",0
"61768d3029d43f69c631",1,"qwen3_8b_post",0
"74eea3548dfb1eddac7f",1,"qwen3_8b_post",0
"81b50c0e374c1903a5b0",1,"qwen3_8b_post",0
"7216fc822783481b7c69",1,"qwen3_8b_post",0
"cad0826bddcba04bc26f",1,"qwen3_8b_post",0
"170b2adf83a8dd091336",1,"qwen3_8b_post",0
"8c820bb4e1ab109b9c82",1,"qwen3_8b_post",0
"a18cad9c588a8536549c",1,"qwen3_8b_post",0
"498ee3aea200d2373d49",1,"qwen3_8b_post",0
"4b83cfb9d579817119ce",1,"qwen3_8b_post",0
"6e427ca2d60a704a4306",1,"qwen3_8b_post",0
"56196d223843c8306d2e",1,"qwen3_8b_post",0
"4ddabc83439fab1881e0",1,"qwen3_8b_post",0
"2c4c5b13b6673a850283",1,"qwen3_8b_post",0
"eb2a160e2187302b2aff",1,"qwen3_8b_post",0
"e76ea7804cd6fefff792",1,"qwen3_8b_post",0
"69212183ed313a3c748c",1,"qwen3_8b_post",0
"7c24f7a328858039d7c6",1,"qwen3_8b_post",0
"25b7830e2d52de1a3110",1,"qwen3_8b_post",0
"cb420456b9b267e8c813",1,"qwen3_8b_post",0
"e62ddae2007d57dd8803",1,"qwen3_8b_post",0
"d36e540af840303f4c93",1,"qwen3_8b_post",0
"b3245be5098c28eed741",1,"qwen3_8b_post",0
"42ee894455e6ada3377d",1,"qwen3_8b_post",0
"2bcf55b96c6aafaeb45f",1,"qwen3_8b_post",0
"ebccee49a058e6adb96c",1,"qwen3_8b_post",0
"c61618d89503df3cd8b0",1,"qwen3_8b_post",0
"a1f416caf3c5b0dc87b9",1,"qwen3_8b_post",0
"1c5a9bd59447385a403f",1,"qwen3_8b_post",0
"d6f779ce5989ddf44847",1,"qwen3_8b_post",0
"69326593536bf51f709e",1,"qwen3_8b_post",0
"21525290eb1e20cc3089",1,"qwen3_8b_post",0
"46c3da9f654e85a02a6f",1,"qwen3_8b_post",0
"9a4bfabb7626bd46317d",1,"qwen3_8b_post",0
"9c07bcafea8958b6591d",1,"qwen3_8b_post",0
"89bd3e8c2d2b3a4fc13e",1,"qwen3_8b_post",0
"c2529bda1b1ad73559b3",1,"qwen3_8b_post",0
"f0d481818d7a0baf77b0",1,"qwen3_8b_post",0
"39d27d9e941b4d3187e9",1,"qwen3_8b_post",0
"63f35affeac8655824ed",1,"qwen3_8b_post",0
"3ecd21cc31c16489156c",1,"qwen3_8b_post",0
"290266d0c9ec01879fa5",1,"qwen3_8b_post",0
"7f9491fe2f1f6a118ffe",1,"qwen3_8b_post",0
"6f7f8950067c9e937dce",1,"qwen3_8b_post",0
"75fd7a24c486cacf0ce4",1,"qwen3_8b_post",0
"eab786f645f7748066b5",1,"qwen3_8b_post",0
"4b9159c5b94f3ed3684a",1,"qwen3_8b_post",0
"559e5ae43231ec3305c7",1,"qwen3_8b_post",0
"e8d5abf1e7fe173bb643",1,"qwen3_8b_post",0
"b23437e7ccca6d059c0e",1,"qwen3_8b_post",0
"637587f88d2318c4afe5",1,"qwen3_8b_post",0
"789b37546dd8e688cc57",1,"qwen3_8b_post",0
"b8992bfd7a7fe6b926f4",1,"qwen3_8b_post",0
"bf48f0d9cf4ce9695505",1,"qwen3_8b_post",0
"6c444a0b35f276e0b3bf",1,"qwen3_8b_post",0
"6789f212528a02d69ec0",1,"qwen3_8b_post",0
"7c6b735e186266596008",1,"qwen3_8b_post",0
"918052c97fdcb6d0bc63",1,"qwen3_8b_post",0
"2dc6d91ce4ed54ca21ba",1,"qwen3_8b_post",0
"4a702dc4f429eff0b740",1,"qwen3_8b_post",0
"7220704f7862507c4cb5",1,"qwen3_8b_post",0
"5862fefb129ff053e16c",1,"qwen3_8b_post",0
"0996e04ff8ef64265d43",1,"qwen3_8b_post",0
"0cd537e11d3b29ef56f1",1,"qwen3_8b_post",0
"43b84839bd8a168223dd",1,"qwen3_8b_post",0
"c8b25091872c0d21c467",1,"qwen3_8b_post",0
"06a2a6f2f4640b270869",1,"qwen3_8b_post",0
"3478ba65755928bf84e1",1,"qwen3_8b_post",0
"b958c351d452932f70d6",1,"qwen3_8b_post",0
"f9a38efadc047320ed78",1,"qwen3_8b_post",0
"7ae83d2bfd0ce92b084e",1,"qwen3_8b_post",0
"2c171c75347c76d933f7",1,"qwen3_8b_post",0
"b4bab43ff8e74c880b87",1,"qwen3_8b_post",0
"c9856ec994f3f24be408",1,"qwen3_8b_post",0
"8db105f51da1c6572375",1,"qwen3_8b_post",0
"031b05c9bd79c83bf2e9",1,"qwen3_8b_post",0
"35d58fade83b47e894c2",1,"qwen3_8b_post",0
"4fed32e4d468dce69eb4",1,"qwen3_8b_post",0
"70759377afffedf3bc63",1,"qwen3_8b_post",0
"67cd068ad95a34ba8cb7",1,"qwen3_8b_post",0
"a5eabb4f768ec06a1d17",1,"qwen3_8b_post",0
"b581af9196e8d54de645",1,"qwen3_8b_post",0
"566bda73eae3239bf135",1,"qwen3_8b_post",0
"5fd101550a78ad886bb7",1,"qwen3_8b_post",0
"7f57d4253c172b714bd7",1,"qwen3_8b_post",0
"d67e22cfd87c948764d3",1,"qwen3_8b_post",0
"e39b0cdf0ac6eae10ebb",1,"qwen3_8b_post",0
"772fdec127fb18f73277",1,"qwen3_8b_post",0
"b756d3730129c34d3cef",1,"qwen3_8b_post",0
"8d2eb1cfddfde23a7b6f",1,"qwen3_8b_post",0
"d16c0deff08ed3e54aa6",1,"qwen3_8b_post",0
"742baf45ffc062fb8f5c",1,"qwen3_8b_post",0
"c65145c0c2bc7881e4d1",1,"qwen3_8b_post",0
"d312949bf04572478b8b",1,"qwen3_8b_post",0
"a6ea262866cc4139f4c6",1,"qwen3_8b_post",0
"29d80d6057bea15ec6ff",1,"qwen3_8b_post",0
"bcc3a1a1c3e9068d4599",1,"qwen3_8b_post",0
"09532804d7046662480b",1,"qwen3_8b_post",0
"a2a31185f2746a7eaa17",1,"qwen3_8b_post",0
"91ebefa1b1f625d0374a",1,"qwen3_8b_post",0
"c65033ef4f0ca01f4035",1,"qwen3_8b_post",0
"de9ffd27217afddaa490",1,"qwen3_8b_post",0
"29f70ef6e9650a3746db",1,"qwen3_8b_post",0
"f9ed14cfe8b33e2bc2a7",1,"qwen3_8b_post",0
"e31288d94e2c42e36ee9",1,"qwen3_8b_post",0
"328d584d7fae3c374690",1,"qwen3_8b_post",0
"91a281abf8f2c1a6205b",1,"qwen3_8b_post",0
"ff85036e88da4fe8b91f",1,"qwen3_8b_post",0
"90ea98881cf6ee0a6ae0",1,"qwen3_8b_post",0
"3f4cf9647b78923ca2e6",1,"qwen3_8b_post",0
"a83891ab0cb3a89bc034",1,"qwen3_8b_post",0
"709ae62101ce6433a5c4",1,"qwen3_8b_post",0
"a7ef0e0083fcfb2f5531",1,"qwen3_8b_post",0
"2deb4c6ff946d73dc235",1,"qwen3_8b_post",0
"ed20e050f2915ea4f8aa",1,"qwen3_8b_post",0
"2ce3b058b1b8df9dbfa9",1,"qwen3_8b_post",0
"765316acc7c85ec2a700",1,"qwen3_8b_post",0
"208aa5dc9b44e3e3cc96",1,"qwen3_8b_post",0
"a8de20b1814fffbaff59",1,"qwen3_8b_post",0
"9614b3cd10098657fccd",1,"qwen3_8b_post",0
"e719a1dcb52a14c41c84",1,"qwen3_8b_post",0
"5485455fb4a6390fad36",1,"qwen3_8b_post",0
"83d2bd81843826b24a55",1,"qwen3_8b_post",0
"e8a2b90b8fcc47f77ee3",1,"qwen3_8b_post",0
"4f372cf8d3f4f0f830f9",1,"qwen3_8b_post",0
"ee18be9f7ae11dcd4991",1,"qwen3_8b_post",0
"3e896024fb245ef1be6b",1,"qwen3_8b_post",0
"88372ab4698862b64b87",1,"qwen3_8b_post",0
"d8e2320e4aff9bf99741",1,"qwen3_8b_post",0
"97d96b9e9e60d4ad134a",1,"qwen3_8b_post",0
"651dc06c6c67af85fc88",1,"qwen3_8b_post",0
"b5469b4a10da22c00dd8",1,"qwen3_8b_post",0
"cced70bf4e9b35e73ad0",1,"qwen3_8b_post",0
"254b5abf8522b725192c",1,"qwen3_8b_post",0
"414c8a7db9c758e75f88",1,"qwen3_8b_post",0
"61e8edbdd07a08374e58",1,"qwen3_8b_post",0
"c0db46c6fcd8d07e3246",1,"qwen3_8b_post",0
"ff397c2d45f98d5be24f",1,"qwen3_8b_post",0
"c7e0db3be5816d46a127",1,"qwen3_8b_post",0
"c0a3be8fce612ec34f19",1,"qwen3_8b_post",0
"b3a527c0dd7929825493",1,"qwen3_8b_post",0
"02067b72213dfec9e6ee",1,"qwen3_8b_post",0
"496b1dd49042614e5816",1,"qwen3_8b_post",0
"5e3cf4428d3ce01d798f",1,"qwen3_8b_post",0
"40ca10552eb1ede5969d",1,"qwen3_8b_post",0
"e18c7ae3b0fd01c99e7d",1,"qwen3_8b_post",0
"67c7dc37cf23b339145e",1,"qwen3_8b_post",0
"7e8aed8b3b769cbdfa4c",1,"qwen3_8b_post",0
"73d8d74bfef81df1d618",1,"qwen3_8b_post",0
"eaa269556938b83701f7",1,"qwen3_8b_post",0
"c1f60ef846b509bd67c4",1,"qwen3_8b_post",0
"a7847e4b3573bf545e20",1,"qwen3_8b_post",0
"cb72c09f54cdedcf3482",1,"qwen3_8b_post",0
"bd3bbbe2063d87cb6e8c",1,"qwen3_8b_post",0
"02edcfeb69a1896580c7",1,"qwen3_8b_post",0
"59d53fc7c1ae485e8928",1,"qwen3_8b_post",0
"8facb923b741908c18dc",1,"qwen3_8b_post",0
"0672e8310c98dec491f0",1,"qwen3_8b_post",0
"65bc810f758d38de6ed7",1,"qwen3_8b_post",0
"e2c0ac02488dd4b6a30c",1,"qwen3_8b_post",0
"325492303f4d667588a1",1,"qwen3_8b_post",0
"84fb182daa276aaa52b8",1,"qwen3_8b_post",0
"0040392cc1f8ac2bf3c7",1,"qwen3_8b_post",0
"94be99b35552327cb67d",1,"qwen3_8b_post",0
"7ec08074d3c8f69f6665",1,"qwen3_8b_post",0
"7cfc52e6b07fed22be47",1,"qwen3_8b_post",0
"e89380e969356e5e499a",1,"qwen3_8b_post",0
"e945ac7e296ae4cf261d",1,"qwen3_8b_post",0
"30b9e7078486e587071e",1,"qwen3_8b_post",0
"a605fd2a5ed71ffa76e2",1,"qwen3_8b_post",0
"1651a5abddfbaa06321a",1,"qwen3_8b_post",0
"fc2fdf898133e6ecb97d",1,"qwen3_8b_post",0
"998c5899b13ae8bb76a1",1,"qwen3_8b_post",0
"8fa91eb3bc0b09e09252",1,"qwen3_8b_post",0
"09b824c11c2729ebed50",1,"qwen3_8b_post",0
"93e2f9e4b678eb44dca7",1,"qwen3_8b_post",0
"6e43b558ddeb708ad600",1,"qwen3_8b_post",0
"2d2609ea1308120c3da6",1,"qwen3_8b_post",0
"dfba9bb410eabb67bee1",1,"qwen3_8b_post",0
"e4972203aea9ef198739",1,"qwen3_8b_post",0
"637b57a9d74d4eb52cae",1,"qwen3_8b_post",0
"9cf75dd5014d77875854",1,"qwen3_8b_post",0
"4cadef2436460c08794d",1,"qwen3_8b_post",0
"6e6ad12e5d0c81846ac2",1,"qwen3_8b_post",0
"fe9bb7770483e3b8466c",1,"qwen3_8b_post",0
"a4db37a06062707300bb",1,"qwen3_8b_post",0
"9bbb65913767d619e512",1,"qwen3_8b_post",0
"1ef2fdddfbcb1338f0cb",1,"qwen3_8b_post",0
"6ad4976c139bf3073b2e",1,"qwen3_8b_post",0
"5a04cde6d2a0294f0e4e",1,"qwen3_8b_post",0
"9ea41fcf9b1d6bffa033",1,"qwen3_8b_post",0
"6d343ac15dc28e493033",1,"qwen3_8b_post",0
"e77fd97d32e462fbe1a2",1,"qwen3_8b_post",0
"247c6a883ba68247e078",1,"qwen3_8b_post",0
"382fe1e22957e9c3fd07",1,"qwen3_8b_post",0
"5b44e689628cd6b10400",1,"qwen3_8b_post",0
"3e89e8c5d01315628d8f",1,"qwen3_8b_post",0
"50febe38b8ce8faf72e6",1,"qwen3_8b_post",0
"bac75669bab08b13fe06",1,"qwen3_8b_post",0
"747f0cfea0df5e85f689",1,"qwen3_8b_post",0
"697240b649916e1cafc9",1,"qwen3_8b_post",0
"884e8c67a332c11e4e54",1,"qwen3_8b_post",0
"0d6610f501ee33ab1bfd",1,"qwen3_8b_post",0
"fe95c20be0e1613a9c74",1,"qwen3_8b_post",0
"1d98318b6e58926d140d",1,"qwen3_8b_post",0
"653b3b16c599d5df77d6",1,"qwen3_8b_post",0
"23711422eb813290c617",1,"qwen3_8b_post",0
"f067dffddfed3865475f",1,"qwen3_8b_post",0
"a7fdaeed8b3fa35600a3",1,"qwen3_8b_post",0
"06558ad0bccf32ca25c0",1,"qwen3_8b_post",0
"a945fe1734c00a7dd3ae",1,"qwen3_8b_post",0
"7fabdf481344d947a3b5",1,"qwen3_8b_post",0
"bca867ac58c7b0758f7e",1,"qwen3_8b_post",0
"4bfef2de687a070b5cdf",1,"qwen3_8b_post",0
"96c05a24395a409b51ea",1,"qwen3_8b_post",0
"3496345afae0582e37a2",1,"qwen3_8b_post",0
"df35b3923c6101060b31",1,"qwen3_8b_post",0
"994837e7070965543790",1,"qwen3_8b_post",0
"3d6b368bcabbc8295bb8",1,"qwen3_8b_post",0
"c78e558e5a2c737fc100",1,"qwen3_8b_post",0
"1a9ae001387a3c39355c",1,"qwen3_8b_post",0
"3ea17e47cc299627c308",1,"qwen3_8b_post",0
"07bced9c5b3600dbc0bc",1,"qwen3_8b_post",0
"7aaa70dbc56e80ef4808",1,"qwen3_8b_post",0
"7da19d76457ce9fbd6e2",1,"qwen3_8b_post",0
"bb82d1c017d3fa43c058",1,"qwen3_8b_post",0
"b039f0337362acf2a5d2",1,"qwen3_8b_post",0
"3e743a9f0b94735936a0",1,"qwen3_8b_post",0
"c57b409e2caf641b0846",1,"qwen3_8b_post",0
"aa33d0655ac6031d7552",1,"qwen3_8b_post",0
"e541189f86cba9c07da6",1,"qwen3_8b_post",0
"cc421eff6b294cf78a71",1,"qwen3_8b_post",0
"c3b1e46e4420903a610f",1,"qwen3_8b_post",0
"c7c63e9da903f6e54523",1,"qwen3_8b_post",0
"2df26d57869091e83a70",1,"qwen3_8b_post",0
"62752bc2a2485d09a0ae",1,"qwen3_8b_post",0
"dde230f549f1ae080a26",1,"qwen3_8b_post",0
"1f3c9e4856b208012e37",1,"qwen3_8b_post",0
"c52218634a9e8d80596e",1,"qwen3_8b_post",0
"820b397791e6ac3b2c16",1,"qwen3_8b_post",0
"a4ebd105dc81ff0cf812",1,"qwen3_8b_post",0
"127fd071bc56988e3fdd",1,"qwen3_8b_post",0
"380b33f53a4deb4da917",1,"qwen3_8b_post",0
"d61b72b124d52af51de2",1,"qwen3_8b_post",0
"06af71198658eb05e4ab",1,"qwen3_8b_post",0
"366ec1551970d60f3ef2",1,"qwen3_8b_post",0
"d37078501b08e16ba889",1,"qwen3_8b_post",0
"81e784cbf6fb7d15460f",1,"qwen3_8b_post",0
"26df3b42fdd2af2949c0",1,"qwen3_8b_post",0
"4efeaca3134cbf4a2109",1,"qwen3_8b_post",0
"dea8d8c2c09988681524",1,"qwen3_8b_post",0
"af8484a1165cbc9089ed",1,"qwen3_8b_post",0
"53d3ce89cf3ab63b7cb4",1,"qwen3_8b_post",0
"67e0c81a87912a112664",1,"qwen3_8b_post",0
"8b59d6bdd5fd1751bab7",1,"qwen3_8b_post",0
"1918b6be7f972ce8ebdb",1,"qwen3_8b_post",0
"515391cccb4cde43940c",1,"qwen3_8b_post",0
"361f57b72ea1b0f2b890",1,"qwen3_8b_post",0
"aec65d68a5cd59117c01",1,"qwen3_8b_post",0
"cc39a55ac3cc176a1ae8",1,"qwen3_8b_post",0
"d2ea901737df3b0adad4",1,"qwen3_8b_post",0
"a8b2d70bf84ffb974356",1,"qwen3_8b_post",0
"474c8f213cd6886df7c5",1,"qwen3_8b_post",0
"32d0227a4d619607190e",1,"qwen3_8b_post",0
"cf50b6ebc831478e973c",1,"qwen3_8b_post",0
"29c23b9c2cd30ae3a2f3",1,"qwen3_8b_post",0
"cc5747065dd9c52fc1cb",1,"qwen3_8b_post",0
"f51d0f8acaba02edcf31",1,"qwen3_8b_post",0
"4acb8991bbcaf28bc9a1",1,"qwen3_8b_post",0
"eedd624c108d30066c45",1,"qwen3_8b_post",0
"691aed7bcd35cc49323c",1,"qwen3_8b_post",0
"4c7bd9bd2250b3008cdf",1,"qwen3_8b_post",0
"c40d0741fc12336dd4ec",1,"qwen3_8b_post",0
"ab9c9f17795245e01482",1,"qwen3_8b_post",0
"8f85f4b37dbd9e38eed4",1,"qwen3_8b_post",0
"a0552b34909890c720f0",1,"qwen3_8b_post",0
"950c145e79e453c20073",1,"qwen3_8b_post",0
"c2166217718075b1793b",1,"qwen3_8b_post",0
"a6e1d40d26e32fe31ed7",1,"qwen3_8b_post",0
"f89f894cbc970e990ff3",1,"qwen3_8b_post",0
"80064d347a5edcb4a643",1,"qwen3_8b_post",0
"884a4c9610945849ece9",1,"qwen3_8b_post",0
"9873a0df4de431650fc7",1,"qwen3_8b_post",0
"b9569356f03a779465b4",1,"qwen3_8b_post",0
"e61704558350fad38e88",1,"qwen3_8b_post",0
"b9879a12c6c8920a14b6",1,"qwen3_8b_post",0
"6017cac16fb94d1c6290",1,"qwen3_8b_post",0
"eded0eb9fc182fbddefa",1,"qwen3_8b_post",0
"2dac98ecf81fd104fb27",1,"qwen3_8b_post",0
"caf3412f23cc159843c6",1,"qwen3_8b_post",0
"8a6cf1714dd1a7662fff",1,"qwen3_8b_post",0
"4c4cdadb81cf4db7c444",1,"qwen3_8b_post",0
"63cd3762e1387ac18579",1,"qwen3_8b_post",0
"8d38d04c7fee8369b182",1,"qwen3_8b_post",0
"4905b51d1050aa176334",1,"qwen3_8b_post",0
"da73add08e6c5135f73b",1,"qwen3_8b_post",0
"e181df35515644790f8d",1,"qwen3_8b_post",0
"8045dd1df6ee33c4a241",1,"qwen3_8b_post",0
"c61df379035c04b83b44",1,"qwen3_8b_post",0
"f4ca923846ea6de3b304",1,"qwen3_8b_post",0
"cae606478c1a7a9077fd",1,"qwen3_8b_post",0
"a8452d0f1f4b6b025f6d",1,"qwen3_8b_post",0
"cf9882b57d279772a894",1,"qwen3_8b_post",0
"77886c51f5751857ceda",1,"qwen3_8b_post",0
"9d31698addd9014990d5",1,"qwen3_8b_post",0
"407fd623b5e88d1fd997",1,"qwen3_8b_post",0
"99b98ea84cc8a921f4b9",1,"qwen3_8b_post",0
"4fb9789b0fd0cd40b6d4",1,"qwen3_8b_post",0
"316e44603f34c10104cd",1,"qwen3_8b_post",0
"ef764e2b916f8d4492e4",1,"qwen3_8b_post",0
"cf1be3fa1438728743fe",1,"qwen3_8b_post",0
"48269465b9d8a721c9c0",1,"qwen3_8b_post",0
"9f4f19ce006fffa335f4",1,"qwen3_8b_post",0
"a67dfb7612f566a42d55",1,"qwen3_8b_post",0
"dd0d9f922d4fe1412cc9",1,"qwen3_8b_post",0
"afb076e24787190281b8",1,"qwen3_8b_post",0
"d52ebcc685becbb9368a",1,"qwen3_8b_post",0
"a4031a8a7ede94cc5eb6",1,"qwen3_8b_post",0
"ef5f15af8bff9c5dae96",1,"qwen3_8b_post",0
"4a0d1bfbff3a2cefb8c4",1,"qwen3_8b_post",0
"6933fb7c2445e820dda3",1,"qwen3_8b_post",0
"e2018c8ca7b23e51b832",1,"qwen3_8b_post",0
"c5c95fa1b0765c479f8e",1,"qwen3_8b_post",0
"566742849d839a6e25ab",1,"qwen3_8b_post",0
"ab19787a3e0a1533277a",1,"qwen3_8b_post",0
"2166a73a219e6593a4b9",1,"qwen3_8b_post",0
"6945dba50f75639ac310",1,"qwen3_8b_post",0
"b7eb43984d8ba57ac140",1,"qwen3_8b_post",0
"99cbca5b2d39b181c629",1,"qwen3_8b_post",0
"ecc7fa406c3d5397df3e",1,"qwen3_8b_post",0
"89c6bd7ba8239259ba29",1,"qwen3_8b_post",0
"c0ee6bb1a525ac9fd5f2",1,"qwen3_8b_post",0
"72261e06c9dcf0bbcee0",1,"qwen3_8b_post",0
"bad77751b412e542aecd",1,"qwen3_8b_post",0
"864914d8ebbcce237a4e",1,"qwen3_8b_post",0
"bb213cb1628dba31f55c",1,"qwen3_8b_post",0
"181b9ac7ba538fb70d50",1,"qwen3_8b_post",0
"58611d853db04b309698",1,"qwen3_8b_post",0
"866e1bf40a595e30d6f7",1,"qwen3_8b_post",0
"4360221cf16d73a1dfa2",1,"qwen3_8b_post",0
"42eb63f2c1c04a7cb1f5",1,"qwen3_8b_post",0
"e1aa48cf04eeac48456c",1,"qwen3_8b_post",0
"f1c0d89c1a9efcdf164d",1,"qwen3_8b_post",0
"6cf2f970b6520071b025",1,"qwen3_8b_post",0
"10a439f8c07e768ee6eb",1,"qwen3_8b_post",0
"127a1590bdf208e1836d",1,"qwen3_8b_post",0
"58a7ee6895062edf3a27",1,"qwen3_8b_post",0
"c0c760efa5dfa2e52f52",1,"qwen3_8b_post",0
"973a857e5b955b6c9439",1,"qwen3_8b_post",0
"ae6d00b8c0fba25fb4e3",1,"qwen3_8b_post",0
"c5bb7666bd73849bc715",1,"qwen3_8b_post",0
"ac4f8df0c719f06dd4fd",1,"qwen3_8b_post",0
"ee75a4e6f08500a12328",1,"qwen3_8b_post",0
"d1aa7dd233ec46042d86",1,"qwen3_8b_post",0
"eb8ee9c22b3e36a988ae",1,"qwen3_8b_post",0
"42b38ea2e580c37d0a7a",1,"qwen3_8b_post",0
"58feeb27ccedf4fe5be7",1,"qwen3_8b_post",0
"4f931b31785f7e29cc69",1,"qwen3_8b_post",0
"f167aef354cc66b32f32",1,"qwen3_8b_post",0
"36a443c203126cdd4e2d",1,"qwen3_8b_post",0
"46c77b376a0d3111692c",1,"qwen3_8b_post",0
"2c2579143cb531218dd8",1,"qwen3_8b_post",0
"b95f411f446b5513f51a",1,"qwen3_8b_post",0
"469267c41ac4a213d859",1,"qwen3_8b_post",0
"9d6cb9cff4cd90a8636a",1,"qwen3_8b_post",0
"6cc89b10a2d315c0a23d",1,"qwen3_8b_post",0
"2c7724beb36041a0e547",1,"qwen3_8b_post",0
"bd7a7f86a95eefdcd0f2",1,"qwen3_8b_post",0
"5766dfbe4f6564d68a55",1,"qwen3_8b_post",0
"9bfe105c75c544692a87",1,"qwen3_8b_post",0
"0543e3be24a82e0a9d17",1,"qwen3_8b_post",0
"c9ece91113369fb67ff9",1,"qwen3_8b_post",0
"d92817f83680de696b5e",1,"qwen3_8b_post",0
"231eba05503bb6d15f37",1,"qwen3_8b_post",0
"620d50bbc6a26481b38e",1,"qwen3_8b_post",0
"053711af3f37a80c4baa",1,"qwen3_8b_post",0
"b09b5839cfd483585e8a",1,"qwen3_8b_post",0
"621550875c266ee1b370",1,"qwen3_8b_post",0
"9b1f9edfa8f47cf590d1",1,"qwen3_8b_post",0
"c26aa2fb9926605e8eac",1,"qwen3_8b_post",0
"340cb3317281886ba4ac",1,"qwen3_8b_post",0
"05df1a7062524c754f92",1,"qwen3_8b_post",0
"afa170edbb3d4d37b962",1,"qwen3_8b_post",0
"fdbb6839870184dc081a",1,"qwen3_8b_post",0
"58e53ea5d64f53d9cfb0",1,"qwen3_8b_post",0
"fe30aaa4cb7574363fa1",1,"qwen3_8b_post",0
"7a66bd59a32913fffcff",1,"qwen3_8b_post",0
"b8674a33d0de9ae8b9b0",1,"qwen3_8b_post",0
"caea89d7398f139cad0f",1,"qwen3_8b_post",0
"713e977410068b4c6c6a",1,"qwen3_8b_post",0
"2ad2abeb791064d54eb7",1,"qwen3_8b_post",0
"1360314af916474ccd4d",1,"qwen3_8b_post",0
"d64c9fe4ec9b6f161416",1,"qwen3_8b_post",0
"214586c5191991df02ab",1,"qwen3_8b_post",0
"43ec069737a9980a9dae",1,"qwen3_8b_post",0
"01f445280a31d3a1a233",1,"qwen3_8b_post",0
"4484aec55eb4315a66c3",1,"qwen3_8b_post",0
"447cb90f4c832b52737f",1,"qwen3_8b_post",0
"45a93cf8bec74d16f1ed",1,"qwen3_8b_post",0
"57b04dc95ac438dc5420",1,"qwen3_8b_post",0
"8ec0e862b9b3e8e6eef1",1,"qwen3_8b_post",0
"ff807c5e09807bc23194",1,"qwen3_8b_post",0
"0a7562456d90c1868fe3",1,"qwen3_8b_post",0
"4575445508441dc560bf",1,"qwen3_8b_post",0
"544a91205ef725e046b6",1,"qwen3_8b_post",0
"4ef84fd3ce373bd21733",1,"qwen3_8b_post",0
"a42012376ee2a57f62ca",1,"qwen3_8b_post",0
"d9166d3c3c0ff0697c39",1,"qwen3_8b_post",0
"e7e777a642cec0758bf2",1,"qwen3_8b_post",0
"c926404ac40bb2b68e95",1,"qwen3_8b_post",0
"2d50ab1b2a4b8d5adad9",1,"qwen3_8b_post",0
"bd673baea6ff0b833647",1,"qwen3_8b_post",0
"bc4556677a99ed1458fd",1,"qwen3_8b_post",0
"cae027baa1da282eb1ec",1,"qwen3_8b_post",0
"d19fb8c710de9cf20d6e",1,"qwen3_8b_post",0
"82a906be1146b36987a4",1,"qwen3_8b_post",0
"6aa53e81d1a34990c085",1,"qwen3_8b_post",0
"1dd968cb0319ec7ee4f7",1,"qwen3_8b_post",0
"9fdab493f3996d4ffdcd",1,"qwen3_8b_post",0
"1b6b84a8ebc9574c08ee",1,"qwen3_8b_post",0
"f69dfa5a5cf6ff267153",1,"qwen3_8b_post",0
"5de7d1c128f94c2de5e0",1,"qwen3_8b_post",0
"a563f1b46c76a37465b3",1,"qwen3_8b_post",0
"5151005a993df5b69ddd",1,"qwen3_8b_post",0
"fd048eba80cc7053d63e",1,"qwen3_8b_post",0
"7245deb341f0dda3aa91",1,"qwen3_8b_post",0
"6daa3b62f1416fc2674c",1,"qwen3_8b_post",0
"409bd418fde641f7f08a",1,"qwen3_8b_post",0
"d061d53ffca975dab4e6",1,"qwen3_8b_post",0
"923ce9465ecff2d3c08c",1,"qwen3_8b_post",0
"2ed0e695da10b6766640",1,"qwen3_8b_post",0
"71ff2c78966e9a6739b7",1,"qwen3_8b_post",0
"1f41197f3a27087d9422",1,"qwen3_8b_post",0
"c0fe241035887d406d94",1,"qwen3_8b_post",0
"3439f1f5ed1254faec2d",1,"qwen3_8b_post",0
"ff6f581db701c2c6c674",1,"qwen3_8b_post",0
"e34819cc39b4c0c206ab",1,"qwen3_8b_post",0
"164ea0831b4d9b553a9b",1,"qwen3_8b_post",0
"c0a99cbf4262a176d5ca",1,"qwen3_8b_post",0
"638dd357c21bdcb451aa",1,"qwen3_8b_post",0
"e7ba75528002f5feaa65",1,"qwen3_8b_post",0
"8cdaf95dc3a8b5c335ba",1,"qwen3_8b_post",0
"23526517c2e334ce1f46",1,"qwen3_8b_post",0
"225e4140290a2b7901cd",1,"qwen3_8b_post",0
"00f144e3fe0994e665b6",1,"qwen3_8b_post",0
"35a6725926eac85e52dd",1,"qwen3_8b_post",0
"61b2732af344934061d4",1,"qwen3_8b_post",0
"0b9be7b649972d9ad6e4",1,"qwen3_8b_post",0
"6ddc6dfae1d56161911c",1,"qwen3_8b_post",0
"21f4f55498066c66cc44",1,"qwen3_8b_post",0
"63e7939219edb1cde429",1,"qwen3_8b_post",0
"8cce86e077af9f5c5548",1,"qwen3_8b_post",0
"359db3795d4e3f8be50a",1,"qwen3_8b_post",0
"e0977227a16c755b6a77",1,"qwen3_8b_post",0
"22b80edfd5e5a179caf0",1,"qwen3_8b_post",0
"ddfee30997b00afbc8dc",1,"qwen3_8b_post",0
"b4cafc5f0f484f6c8d86",1,"qwen3_8b_post",0
"ac83e59890c66267337f",1,"qwen3_8b_post",0
"e9e6e49836f158af0c62",1,"qwen3_8b_post",0
"a9ff8f3d7540584fc77c",1,"qwen3_8b_post",0
"7f883f684b0ccccb567d",1,"qwen3_8b_post",0
"43b1944bf81479c4863e",1,"qwen3_8b_post",0
"c7628939bf0691e1a0a8",1,"qwen3_8b_post",0
"a6f0f4e1a530f2788103",1,"qwen3_8b_post",0
"78ae7cae33ee4f76a8ae",1,"qwen3_8b_post",0
"fca57adfe5be93fbf4ae",1,"qwen3_8b_post",0
"0d6cacdf571446650611",1,"qwen3_8b_post",0
"e898820b22e22bc11e4c",1,"qwen3_8b_post",0
"e5a2a30ac6f8dfd9afde",1,"qwen3_8b_post",0
"fa8988a455caa05d925f",1,"qwen3_8b_post",0
"22746925024a933295ca",1,"qwen3_8b_post",0
"1bfb1e5351730ac683c3",1,"qwen3_8b_post",0
"8e1b870cc7e179a4340c",1,"qwen3_8b_post",0
"c453b96e59b51af5a7a7",1,"qwen3_8b_post",0
"c6e0d6c0199a93e1d0cb",1,"qwen3_8b_post",0
"5508b26d56543ba9e10b",1,"qwen3_8b_post",0
"b518b4b6fd37868badb8",1,"qwen3_8b_post",0
"feca327a60533b6c76f3",1,"qwen3_8b_post",0
"0e62696887da254853a4",1,"qwen3_8b_post",0
"c25ba8788fe70951c46f",1,"qwen3_8b_post",0
"71d9b245e5224295a1cb",1,"qwen3_8b_post",0
"261178b6b11fa1e4248a",1,"qwen3_8b_post",0
"8d17b308f2b46bae4b85",1,"qwen3_8b_post",0
"4ab169d0e3985b74cefe",1,"qwen3_8b_post",0
"06e951dcf9507b71deef",1,"qwen3_8b_post",0
"f31c948f4ff53d6699d0",1,"qwen3_8b_post",0
"db5e52b3554314817e68",1,"qwen3_8b_post",0
"02498d61c01a8e8325f3",1,"qwen3_8b_post",0
"b95ccebcc96c73ef914a",1,"qwen3_8b_post",0
"f99eecfbe3eea17c6764",1,"qwen3_8b_post",0
"eed92701c592dc97d8c2",1,"qwen3_8b_post",0
"49e359b4f80a0859414c",1,"qwen3_8b_post",0
"6f1b582eec82258196e0",1,"qwen3_8b_post",0
"5f7d1c627231179bd660",1,"qwen3_8b_post",0
"99e27b91f5011d8c2699",1,"qwen3_8b_post",0
"41365dee408909ab4202",1,"qwen3_8b_post",0
"bea46b88a6152a7cf6ac",1,"qwen3_8b_post",0
"06a6fd613571ffd80eaf",1,"qwen3_8b_post",0
"3b21f839f3c4cdfd725c",1,"qwen3_8b_post",0
"05fca283758c0d144814",1,"qwen3_8b_post",0
"8982da04f4add289f5da",1,"qwen3_8b_post",0
"3a49b5fade49ae427047",1,"qwen3_8b_post",0
"aa62c11aecb8d5aaf344",1,"qwen3_8b_post",0
"20b39042daab247afc1a",1,"qwen3_8b_post",0
"fbcb05bfe30f8e8bfab7",1,"qwen3_8b_post",0
"f11058a7fb03a85a1bbf",1,"qwen3_8b_post",0
"fdf4252bc8f1cb218c56",1,"qwen3_8b_post",0
"58380dbdd85ca51c11d8",1,"qwen3_8b_post",0
"b13760086a0f00a318e0",1,"qwen3_8b_post",0
"77077e16cd99d04814b2",1,"qwen3_8b_post",0
"aa108e0b8504724b818c",1,"qwen3_8b_post",0
"46ed1b5b2ff3f39efc05",1,"qwen3_8b_post",0
"4890ae6db37361015dd7",1,"qwen3_8b_post",0
"fde1d7a46bccf2233afc",1,"qwen3_8b_post",0
"77b416e837143bb1a7ec",1,"qwen3_8b_post",0
"44d7fb61fad57acf532e",1,"qwen3_8b_post",0
"856a4e8dc838e41b7cb7",1,"qwen3_8b_post",0
"12885cf581835ccbf307",1,"qwen3_8b_post",0
"85fc6378a9aff839be71",1,"qwen3_8b_post",0
"2297e2807ff02077ba28",1,"qwen3_8b_post",0
"d8b05c94365877b0ef45",1,"qwen3_8b_post",0
"66bd976ae2e0588d851e",1,"qwen3_8b_post",0
"c093d0e7d6e24db6db41",1,"qwen3_8b_post",0
"4a4b386610f4c6b79c8c",1,"qwen3_8b_post",0
"945df1d6498ea5e068d6",1,"qwen3_8b_post",0
"6de6419d4e123d7c2b23",1,"qwen3_8b_post",0
"576684fd763eee3e2c24",1,"qwen3_8b_post",0
"37dae34eacdf76aca2a4",1,"qwen3_8b_post",0
"762bd255ffb9c5451bfe",1,"qwen3_8b_post",0
"c6412b3a89c9f05f11f4",1,"qwen3_8b_post",0
"4a28d3159c9e42929f11",1,"qwen3_8b_post",0
"eb31714bbf5404c793f2",1,"qwen3_8b_post",0
"61832387e5c7bbabde68",1,"qwen3_8b_post",0
"1bbcdb8aea85fc28e72d",1,"qwen3_8b_post",0
"e122d78ed478b3d421ad",1,"qwen3_8b_post",0
"7253bf6067c1422da083",1,"qwen3_8b_post",0
"e029cbfe4dd2de2c08f2",1,"qwen3_8b_post",0
"2f8b5332bd0e283d4e60",1,"qwen3_8b_post",0
"be7c776a270f6f18fdde",1,"qwen3_8b_post",0
"41b3e8e7faebf5f22561",1,"qwen3_8b_post",0
"6fe9c95a045ff7104a3c",1,"qwen3_8b_post",0
"ec9bba06e504db42a5e5",1,"qwen3_8b_post",0
"c17e69faa1c77eddf3e2",1,"qwen3_8b_post",0
"e4de182556b5ef7c222d",1,"qwen3_8b_post",0
"8266529fb5b5d29bee79",1,"qwen3_8b_post",0
"f4a3be98f3f87a76c6d7",1,"qwen3_8b_post",0
"1b02416af277545f22ef",1,"qwen3_8b_post",0
"d9de025834b05d61ddc7",1,"qwen3_8b_post",0
"bc12fb187acb492c5b16",1,"qwen3_8b_post",0
"960be3f782bc6e14df6e",1,"qwen3_8b_post",0
"0a61dccaa569d30168fa",1,"qwen3_8b_post",0
"6c03529f22ab8279c0ac",1,"qwen3_8b_post",0
"0738772bb770c6014562",1,"qwen3_8b_post",0
"030a319c1f1bdd16e427",1,"qwen3_8b_post",0
"d4b07eec4e7073719e81",1,"qwen3_8b_post",0
"1b1b3b18728b83e9ed20",1,"qwen3_8b_post",0
"7df05bcb50864e6220cb",1,"qwen3_8b_post",0
"f0144636390260b64291",1,"qwen3_8b_post",0
"95a70ff7d683eb6ba5a0",1,"qwen3_8b_post",0
"768a6940551553f5bb58",1,"qwen3_8b_post",0
"4286d276ca4492bcd586",1,"qwen3_8b_post",0
"513f3d34f7a028780aa9",1,"qwen3_8b_post",0
"d4031bfafdb94298c29c",1,"qwen3_8b_post",0
"90aa672a40db6e4da373",1,"qwen3_8b_post",0
"94acddce0e649a9ccbf1",1,"qwen3_8b_post",0
"dcea3358e3e72929b31b",1,"qwen3_8b_post",0
"50280425d4a452232ef0",1,"qwen3_8b_post",0
"20d692f9db0b792c66b6",1,"qwen3_8b_post",0
"9f3edda26e9abe8b8d86",1,"qwen3_8b_post",0
"c50526ee2315b806af8f",1,"qwen3_8b_post",0
"f64b5f6a3bc7fb65eeea",1,"qwen3_8b_post",0
"75540ecac34ff1c96c36",1,"qwen3_8b_post",0
"c6d0815e507896884abe",1,"qwen3_8b_post",0
"9d8335bccf9a27ec6fd9",1,"qwen3_8b_post",0
"05e8c1dd1a883141acbb",1,"qwen3_8b_post",0
"57e083a801831ad9d3ea",1,"qwen3_8b_post",0
"c1629008913459cd090e",1,"qwen3_8b_post",0
"e7f82aa8bf82f171fe3c",1,"qwen3_8b_post",0
"a587889f20c792e77bc4",1,"qwen3_8b_post",0
"105070aed96ebd19f540",1,"qwen3_8b_post",0
"6b96fff368bccb14c820",1,"qwen3_8b_post",0
"39d3d2413fb3c99d3239",1,"qwen3_8b_post",0
"651c1f8b121fe18ecb93",1,"qwen3_8b_post",0
"68febdb9f89d483d2f23",1,"qwen3_8b_post",0
"ce2775ac2c3d3d80f4bc",1,"qwen3_8b_post",0
"7a151eb9fdd9863cde19",1,"qwen3_8b_post",0
"e8fe7c12188bddb6afb3",1,"qwen3_8b_post",0
"9c231cc79701e68ed372",1,"qwen3_8b_post",0
"13cf4dfb4f9b368b42a9",1,"qwen3_8b_post",0
"acd7a273f653fb272c06",1,"qwen3_8b_post",0
"249e0ac501315cd0c6f3",1,"qwen3_8b_post",0
"861c96650a92df7f6dd8",1,"qwen3_8b_post",0
"5cd4c4705a652f465b4b",1,"qwen3_8b_post",0
"42499eaa5b14ecf02c1c",1,"qwen3_8b_post",0
"dc2937bb27487bb441e5",1,"qwen3_8b_post",0
"c9f39a001440b7ff5cd5",1,"qwen3_8b_post",0
"f75262d2deccc5a81234",1,"qwen3_8b_post",0
"44b9aa28eafb8a48c719",1,"qwen3_8b_post",0
"41d03a3ff0f4984fabef",1,"qwen3_8b_post",0
"2755d747699557f2a90b",1,"qwen3_8b_post",0
"40600ad141bd80f79089",1,"qwen3_8b_post",0
"9b8db1946b1d9b5bcf79",1,"qwen3_8b_post",0
"a24b06ed06f9a83db71d",1,"qwen3_8b_post",0
"a3f109966933ff774b65",1,"qwen3_8b_post",0
"52f5b93c499f6456eaf2",1,"qwen3_8b_post",0
"2d29f477edb0f2dd7ee4",1,"qwen3_8b_post",0
"bfc2ef601fb01443823b",1,"qwen3_8b_post",0
"7fce66a4e4a4b5966e14",1,"qwen3_8b_post",0
"6c910dc175fb1beaac80",1,"qwen3_8b_post",0
"046a970c02a3beda0969",1,"qwen3_8b_post",0
"212b2d0533e962d781a7",1,"qwen3_8b_post",0
"b7613063b4b51175a52a",1,"qwen3_8b_post",0
"09a9f43a33d4079feca9",1,"qwen3_8b_post",0
"acbb12e6fed80369c34b",1,"qwen3_8b_post",0
"6cf2b92d7d3e932683e7",1,"qwen3_8b_post",0
"6c5d62f1da60256175dc",1,"qwen3_8b_post",0
"0184902f83283f1554d8",1,"qwen3_8b_post",0
"2a880f3abb883396bfc4",1,"qwen3_8b_post",0
"8a04a2f8ce5add0527f1",1,"qwen3_8b_post",0
"d28be8b4f4c7b96582f0",1,"qwen3_8b_post",0
"8f667ed6f16b57b951bd",1,"qwen3_8b_post",0
"3b1c50d47b9b9788019f",1,"qwen3_8b_post",0
"6bc6ce80a9fb10e53c76",1,"qwen3_8b_post",0
"40ae147ba5ca6c5f4497",1,"qwen3_8b_post",0
"ae9e4b81690a0c1b6673",1,"qwen3_8b_post",0
"59b372cfc049e525a083",1,"qwen3_8b_post",0
"15b2b4ad0110b6291f3d",1,"qwen3_8b_post",0
"5b4af2b5c6dd588193bd",1,"qwen3_8b_post",0
"6eba5cdb778b74eb1203",1,"qwen3_8b_post",0
"cbecc6500c85fab0e464",1,"qwen3_8b_post",0
"5b8d9c2256e3569e66be",1,"qwen3_8b_post",0
"875cd4fb62e511f9ebe5",1,"qwen3_8b_post",0
"a296c09b6fe86250cd3f",1,"qwen3_8b_post",0
"0ec7bff8b564fcf6525e",1,"qwen3_8b_post",0
"22ca4dbaeed5ef58a4a5",1,"qwen3_8b_post",0
"a7e3d7adee9d9b0656c6",1,"qwen3_8b_post",0
"cf11bd4207984e2b9a13",1,"qwen3_8b_post",0
"313481c0a0274facdfe4",1,"qwen3_8b_post",0
"94b3ec5edf6b64add5c6",1,"qwen3_8b_post",0
"26f432b1aff3ec046331",1,"qwen3_8b_post",0
"f35b34b4762da97ef16e",1,"qwen3_8b_post",0
"489673bccaa3d6b3868f",1,"qwen3_8b_post",0
"040e39681d4a33fe984a",1,"qwen3_8b_post",0
"49ed71a125d611008594",1,"qwen3_8b_post",0
"3094fcdd1fdd59362eca",1,"qwen3_8b_post",0
"a10fe8f4a5d975419a98",1,"qwen3_8b_post",0
"ab6dd6033c7ff074be28",1,"qwen3_8b_post",0
"115116be07906d3925d1",1,"qwen3_8b_post",0
"bdcd960c0169657ec7b9",1,"qwen3_8b_post",0
"a396dee287e00375880f",1,"qwen3_8b_post",0
"2ec5a5045c22be86e84c",1,"qwen3_8b_post",0
"31e52f0861ff528ad0c5",1,"qwen3_8b_post",0
"d3477541d3d68d505d94",1,"qwen3_8b_post",0
"ca951b27720dce5b1a43",1,"qwen3_8b_post",0
"3b911fb8a2f51a178cf8",1,"qwen3_8b_post",0
"767c70c9c580b590c367",1,"qwen3_8b_post",0
"3994b432d1a6b5f9cd5c",1,"qwen3_8b_post",0
"b32fb27cb713df792788",1,"qwen3_8b_post",0
"dc0c4a9f5049e025fcd6",1,"qwen3_8b_post",0
"438f89b3caa71eed83ec",1,"qwen3_8b_post",0
"8084854ebf6fdffea840",1,"qwen3_8b_post",0
"17d2841c5ab525b0dce1",1,"qwen3_8b_post",0
"610e49f66256067d9e7c",1,"qwen3_8b_post",0
"69f118639852a1caf7e2",1,"qwen3_8b_post",0
"9ce6eb9f7c086d1c4a57",1,"qwen3_8b_post",0
"32486d64ed4d4b067d18",1,"qwen3_8b_post",0
"5cfa6d5e3d58e93319cc",1,"qwen3_8b_post",0
"0fabafa13d71ef4afefb",1,"qwen3_8b_post",0
"2b940df4808c8fb17f13",1,"qwen3_8b_post",0
"1667b618b132461493f7",1,"qwen3_8b_post",0
"0548f8cd9df8e18e6df6",1,"qwen3_8b_post",0
"63695bfeaad3a6051aa3",1,"qwen3_8b_post",0
"978db9e7eeeacc617e4f",1,"qwen3_8b_post",0
"94a68c6a3f798104132b",1,"qwen3_8b_post",0
"272be8eabcf16b2a085b",1,"qwen3_8b_post",0
"fc934c7e7cc1d05a9b8d",1,"qwen3_8b_post",0
"262d33fb478b1524ff74",1,"qwen3_8b_post",0
"ce4364e37a128d1b296d",1,"qwen3_8b_post",0
"ae91fabdfd0ef322dda0",1,"qwen3_8b_post",0
"209b19973581c3c07287",1,"qwen3_8b_post",0
"fa2f7d68d7ef4c2ba021",1,"qwen3_8b_post",0
"4ff16f0ca6ff8ee0c64c",1,"qwen3_8b_post",0
"79c8974609b1306217b7",1,"qwen3_8b_post",0
"65cc1513c0b569a46118",1,"qwen3_8b_post",0
"9e92328af746527cf270",1,"qwen3_8b_post",0
"b1f710f6e07c754f7547",1,"qwen3_8b_post",0
"1cda716dc09f7a7965d4",1,"qwen3_8b_post",0
"caa897f5a5483b1fe24c",1,"qwen3_8b_post",0
"357900a3d2d785b7693b",1,"qwen3_8b_post",0
"c844eaaf18f404cfdfb6",1,"qwen3_8b_post",0
"84d9b230e862dd1b99a4",1,"qwen3_8b_post",0
"b18a7add2c98b2c869fb",1,"qwen3_8b_post",0
"66f16ccd0c1701671881",1,"qwen3_8b_post",0
"3e24a8c44d3b18b9d4bd",1,"qwen3_8b_post",0
"dffee47f90b7b92ccac6",1,"qwen3_8b_post",0
"16beeac56eede1021962",1,"qwen3_8b_post",0
"4ac67fd8186a244cf96d",1,"qwen3_8b_post",0
"80333640d57d673c528e",1,"qwen3_8b_post",0
"ab8772b9545e5070838e",1,"qwen3_8b_post",0
"5a1761a54b782eeacad7",1,"qwen3_8b_post",0
"2beb3d518e35de8321c3",1,"qwen3_8b_post",0
"c0147ad3cb0fea8e94fb",1,"qwen3_8b_post",0
"52b4c0319b35e25bf05a",1,"qwen3_8b_post",0
"5eb9b0e43631991a6ebd",1,"qwen3_8b_post",0
"c85d88f204b13db4e5f8",1,"qwen3_8b_post",0
"b6f2fe2317bfcc4f5e13",1,"qwen3_8b_post",0
"7b869ae185b875ae4775",1,"qwen3_8b_post",0
"dc2e77f95790d06373d9",1,"qwen3_8b_post",0
"b8aee1c2be81bcdbb224",1,"qwen3_8b_post",0
"4d7a559227c073e4006c",1,"qwen3_8b_post",0
"3bfcd0bb725b5b8af422",1,"qwen3_8b_post",0
"3a8f12d994a208b39995",1,"qwen3_8b_post",0
"df9f17d1e270a4fdfc64",1,"qwen3_8b_post",0
"480ead076e2294b532a6",1,"qwen3_8b_post",0
"4e44df84353daf58e095",1,"qwen3_8b_post",0
"b3d5c5ba8811c0bb3e84",1,"qwen3_8b_post",0
"4a5e503f77892742677f",1,"qwen3_8b_post",0
"f3ee6ab64cc19a5e63a2",1,"qwen3_8b_post",0
"4cf34ef656a3b4962e4b",1,"qwen3_8b_post",0
"f2674478f8dff1687dcc",1,"qwen3_8b_post",0
"df7cb87e652c01850fa8",1,"qwen3_8b_post",0
"18608d3d6eafcd61b22a",1,"qwen3_8b_post",0
"699ba577386b674d8377",1,"qwen3_8b_post",0
"abb10318acce2fc5462d",1,"qwen3_8b_post",0
"8117725f351869a19a86",1,"qwen3_8b_post",0
"55f56c67d4d25ac78488",1,"qwen3_8b_post",0
"8f42e023d7794062b5e9",1,"qwen3_8b_post",0
"709bb295ccfe0af7647d",1,"qwen3_8b_post",0
"c73c046c459c4ec2b2a8",1,"qwen3_8b_post",0
"3f6280531178294058c8",1,"qwen3_8b_post",0
"aaa27ef73fc9d6b00b8e",1,"qwen3_8b_post",0
"962df1eff7d94e6abf7d",1,"qwen3_8b_post",0
"e8beb62ee0cc2d492c67",1,"qwen3_8b_post",0
"a1c1ab9004e9ee76b1a4",1,"qwen3_8b_post",0
"ba1d3d82bbb8f80b7cb8",1,"qwen3_8b_post",0
"d2cc6614e54dcc29129d",1,"qwen3_8b_post",0
"c5bf1bfc280b363d2891",1,"qwen3_8b_post",0
"2cbd29f7323777a99021",1,"qwen3_8b_post",0
"d06715a4851bed4795b5",1,"qwen3_8b_post",0
"336d0ebddf06ff3fc4a3",1,"qwen3_8b_post",0
"8e0a4468a1791aa10b3f",1,"qwen3_8b_post",0
"8aed4f4cc10dc60cea9f",1,"qwen3_8b_post",0
"56a15d2a9d4d49425a4b",1,"qwen3_8b_post",0
"9d0186e931bb3012a8ea",1,"qwen3_8b_post",0
"8930c8dae3ae771319fb",1,"qwen3_8b_post",0
"427880997ea302d7fa92",1,"qwen3_8b_post",0
"12340fedac77696a5110",1,"qwen3_8b_post",0
"bc4439ff6c031c3913fe",1,"qwen3_8b_post",0
"a9a5cf6e35fb3a5b4b09",1,"qwen3_8b_post",0
"b33a4836e7621baa00b8",1,"qwen3_8b_post",0
"773a2db2e3d793c43ae9",1,"qwen3_8b_post",0
"5243e8259002cd8357ea",1,"qwen3_8b_post",0
"d3c91c08c9f6fac335ca",1,"qwen3_8b_post",0
"9780b6b0d8450345dcd6",1,"qwen3_8b_post",0
"a6ed6aaba588356d05dc",1,"qwen3_8b_post",0
"d5851bb46988be6699f3",1,"qwen3_8b_post",0
"846bf44319a4fe0dd658",1,"qwen3_8b_post",0
"34cbd37d22e19c437a35",1,"qwen3_8b_post",0
"4180661ede2eefb780d8",1,"qwen3_8b_post",0
"fcbdfce4c657355519cb",1,"qwen3_8b_post",0
"53b12cdaee07e2e36cba",1,"qwen3_8b_post",0
"15eee59a36544a2d7132",1,"qwen3_8b_post",0
"b32759844bc9833d8e2d",1,"qwen3_8b_post",0
"c47d58c742c3950c34f3",1,"qwen3_8b_post",0
"dbd3bcecf8a7a51b3937",1,"qwen3_8b_post",0
"70755cb0b8dde9e6db96",1,"qwen3_8b_post",0
"547ed2093f81f6a9193c",1,"qwen3_8b_post",0
"9ba08fb284cf65ab47af",1,"qwen3_8b_post",0
"5351a4f319ff6fc32514",1,"qwen3_8b_post",0
"b73c69a7223cf24a4206",1,"qwen3_8b_post",0
"4ff99a033f440be6e87a",1,"qwen3_8b_post",0
"dd5e36043b67605720aa",1,"qwen3_8b_post",0
"c50ad4d6436a7cad02f3",1,"qwen3_8b_post",0
"9411616e8f6f34383861",1,"qwen3_8b_post",0
"7825b3bd2f320e812e45",1,"qwen3_8b_post",0
"d01ed90b12fa69e9f763",1,"qwen3_8b_post",0
"bfcee9eab47f41a1eed0",1,"qwen3_8b_post",0
"aba4382e41608886f8c7",1,"qwen3_8b_post",0
"8304db7c49414746c4b3",1,"qwen3_8b_post",0
"807599ae337b9031d315",1,"qwen3_8b_post",0
"ce6aa9383cc15caafb93",1,"qwen3_8b_post",0
"2ee7862af145fac8a82b",1,"qwen3_8b_post",0
"f37f2dc268e6163d8c77",1,"qwen3_8b_post",0
"e7da7279bc64fdbe0587",1,"qwen3_8b_post",0
"6d810554b0072af2befc",1,"qwen3_8b_post",0
"ed3710600599bf56acec",1,"qwen3_8b_post",0
"b452f65babfd71463a4f",1,"qwen3_8b_post",0
"e62388fa4b70bcb9661a",1,"qwen3_8b_post",0
"a09cdd5d366937c7f194",1,"qwen3_8b_post",0
"cb2b782c580c1d9f3969",1,"qwen3_8b_post",0
"62277ffa0d06522664ef",1,"qwen3_8b_post",0
"e9840d9b26bab94a6293",1,"qwen3_8b_post",0
"2493a21123302e106c3f",1,"qwen3_8b_post",0
"183e513d94ab699562f9",1,"qwen3_8b_post",0
"3c104b4da793c39844ca",1,"qwen3_8b_post",0
"0a2fcc0538d20551a505",1,"qwen3_8b_post",0
"429febd3469534eb106c",1,"qwen3_8b_post",0
"4bb198ccc9d128dcd0f8",1,"qwen3_8b_post",0
"c143d51fbeb422e89e68",1,"qwen3_8b_post",0
"7cec98d89642068c2eb9",1,"qwen3_8b_post",0
"82f5d4f28622e9375351",1,"qwen3_8b_post",0
"11d8785c36aef1c6780c",1,"qwen3_8b_post",0
"73b7bfdb67dd10c93e20",1,"qwen3_8b_post",0
"0b15c56ee8bdb836e1fc",1,"qwen3_8b_post",0
"6e513f5470a256daafcd",1,"qwen3_8b_post",0
"d70ed2cdaca2a2e400a2",1,"qwen3_8b_post",0
"13bcf110ecd8380f1e6d",1,"qwen3_8b_post",0
"2edb3216db609b30112a",1,"qwen3_8b_post",0
"5621202f9779ea696823",1,"qwen3_8b_post",0
"bfe339b8e5bbe044698f",1,"qwen3_8b_post",0
"20411824fff377bfde6d",1,"qwen3_8b_post",0
"9a6a663ed8f1973b9cca",1,"qwen3_8b_post",0
"0561c7a9cfab652ff374",1,"qwen3_8b_post",0
"468f3da48eaef1730c86",1,"qwen3_8b_post",0
"fc5520ccb7db7bb12044",1,"qwen3_8b_post",0
"2fd567d7b4ef53b76335",1,"qwen3_8b_post",0
"0e0dacb782d8c4da3c69",1,"qwen3_8b_post",0
"cb50a1b63116db0c0114",1,"qwen3_8b_post",0
"fe3264ed438bc01162e3",1,"qwen3_8b_post",0
"8cdcf5d826476d1e5b21",1,"qwen3_8b_post",0
"147bf40c62de5a9c1aaf",1,"qwen3_8b_post",0
"12aa9c9351355e5e2e87",1,"qwen3_8b_post",0
"cc465663067540c1138e",1,"qwen3_8b_post",0
"adf1cdadc6e0daa783e1",1,"qwen3_8b_post",0
"21c9b019636aed79861b",1,"qwen3_8b_post",0
"1d5b86b475c0470a1ad4",1,"qwen3_8b_post",0
"1e0e9149a6b26f492260",1,"qwen3_8b_post",0
"2229b11394d3b7a6a41f",1,"qwen3_8b_post",0
"10af4cdaa40e62e9fe25",1,"qwen3_8b_post",0
"e377309d7f3af58a3ab3",1,"qwen3_8b_post",0
"d6fc5b2a14a12f9f03b4",1,"qwen3_8b_post",0
"8d4a0a9b790971bd1618",1,"qwen3_8b_post",0
"8733aef42c2c8b5b792b",1,"qwen3_8b_post",0
"e9cf53dec273d68c7a60",1,"qwen3_8b_post",0
"3c213129d384ff0184d5",1,"qwen3_8b_post",0
"d511e17e2604a853f732",1,"qwen3_8b_post",0
"bd3400c75ad8876a6ca1",1,"qwen3_8b_post",0
"236cae765b0d32fafd7f",1,"qwen3_8b_post",0
"5dbeafa45fe3d704288d",1,"qwen3_8b_post",0
"961cd70c227f5d08340a",1,"qwen3_8b_post",0
"2378b2d8667850681f6c",1,"qwen3_8b_post",0
"f8fadd0c14e453d51fc6",1,"qwen3_8b_post",0
"e7f414450c7970cedf89",1,"qwen3_8b_post",0
"3d9d2b191df2bcabb258",1,"qwen3_8b_post",0
"040d92e23a16d3a33eab",1,"qwen3_8b_post",0
"7408e150d91411f9205d",1,"qwen3_8b_post",0
"174dcb859a508e64b6b2",1,"qwen3_8b_post",0
"1445b3797ba1e9ccd2f4",1,"qwen3_8b_post",0
"3db9ef6cf20c664ae7ad",1,"qwen3_8b_post",0
"f57948e140fa5e61217c",1,"qwen3_8b_post",0
"c53bda1c38877b99ccea",1,"qwen3_8b_post",0
"60b0d0aa8745b80b0d55",1,"qwen3_8b_post",0
"c71a96df4d38d4664a29",1,"qwen3_8b_post",0
"c747da6284c96815fb04",1,"qwen3_8b_post",0
"7c45903a5364a38a1f29",1,"qwen3_8b_post",0
"e308ff8f7a2615df0309",1,"qwen3_8b_post",0
"99e5bae33df00a51ae85",1,"qwen3_8b_post",0
"b9f48cd4793cb738df8b",1,"qwen3_8b_post",0
"eef7addba9794a110a60",1,"qwen3_8b_post",0
"d804133cbb430d627616",1,"qwen3_8b_post",0
"2fe4596f11107a7ace06",1,"qwen3_8b_post",0
"28ac994afc14842dbe34",1,"qwen3_8b_post",0
"43c121ec82fca8191460",1,"qwen3_8b_post",0
"d3c0bc5b6f119dd54b1d",1,"qwen3_8b_post",0
"3abb50f7bdadec23e35d",1,"qwen3_8b_post",0
"8593f01b3be87abeb060",1,"qwen3_8b_post",0
"55b4ad7489c750d1acdf",1,"qwen3_8b_post",0
"63dd19d7dc4d2f473709",1,"qwen3_8b_post",0
"0ab641bc7321df43577f",1,"qwen3_8b_post",0
"f0cdc3be083823eacdd9",1,"qwen3_8b_post",0
"6a44e91f3a20bca9c520",1,"qwen3_8b_post",0
"e2df64b7e644fb1a8b7c",1,"qwen3_8b_post",0
"0b67c3ad0c35566f5bcb",1,"qwen3_8b_post",0
"dd178ef7acdfd458bf7e",1,"qwen3_8b_post",0
"bf8c582c8736c2eef578",1,"qwen3_8b_post",0
"48042f48b55f38c10bc9",1,"qwen3_8b_post",0
"14e8bda2e9094ae6c303",1,"qwen3_8b_post",0
"2bf18088392a0e4cf388",1,"qwen3_8b_post",0
"79d84708bdea34dfd8a0",1,"qwen3_8b_post",0
"3764fb238a6090748082",1,"qwen3_8b_post",0
"1edd9a75f23e54536d73",1,"qwen3_8b_post",0
"3fd9ed7e2e920a7d8501",1,"qwen3_8b_post",0
"5fa850b298b131e406f9",1,"qwen3_8b_post",0
"68da434685efbc137e0d",1,"qwen3_8b_post",0
"6bf6a7eab9c979e89176",1,"qwen3_8b_post",0
"aea1cd2750cde9c45930",1,"qwen3_8b_post",0
"d4f8207a5a2b802feae3",1,"qwen3_8b_post",0
"c746045d2b73f78635e0",1,"qwen3_8b_post",0
"3fe1e9912cf95085790f",1,"qwen3_8b_post",0
"ba7417f94ff51935fac2",1,"qwen3_8b_post",0
"048a2ee5964f7b592031",1,"qwen3_8b_post",0
"c96cd880aad834030287",1,"qwen3_8b_post",0
"2406e12116b828d2da3b",1,"qwen3_8b_post",0
"8b07cb34fbf2c2c98ca2",1,"qwen3_8b_post",0
"14fedce490a3d2d908ec",1,"qwen3_8b_post",0
"274c5c5d257dc0704b2b",1,"qwen3_8b_post",0
"2982496608247dfc6199",1,"qwen3_8b_post",0
"53ecfde46cfd5aa15588",1,"qwen3_8b_post",0
"64e361405530e68da33b",1,"qwen3_8b_post",0
"6797db13e3b3fc21ab50",1,"qwen3_8b_post",0
"a7dbfc92e090425d16da",1,"qwen3_8b_post",0
"6a8c80264c5ba1587249",1,"qwen3_8b_post",0
"f564c6a4a73f591aafef",1,"qwen3_8b_post",0
"206f7aaa40e6936f6d0b",1,"qwen3_8b_post",0
"7a3c1f22432b652bb749",1,"qwen3_8b_post",0
"6c6b71528f174b6d0b19",1,"qwen3_8b_post",0
"c20bfa195d4d2c148c78",1,"qwen3_8b_post",0
"0b52f863d898949e22bf",1,"qwen3_8b_post",0
"ac639d7f852dc864e4aa",1,"qwen3_8b_post",0
"f978b4e25d2c5451576a",1,"qwen3_8b_post",0
"ac00450737e48883d81b",1,"qwen3_8b_post",0
"053488e9fda90ef8d6b2",1,"qwen3_8b_post",0
"cfdc7ce17cd4ea2fd57b",1,"qwen3_8b_post",0
"f9ec1b6762fb72ea6ab4",1,"qwen3_8b_post",0
"e1842d60ecc825a9eb4f",1,"qwen3_8b_post",0
"c657c0dbb5de0e8f4736",1,"qwen3_8b_post",0
"9d0cdd0a4beb0724e14e",1,"qwen3_8b_post",0
"193bc9a17d55ddcd9faf",1,"qwen3_8b_post",0
"25bce4093bc3c2f2175f",1,"qwen3_8b_post",0
"8d912cb6a7493ac18089",1,"qwen3_8b_post",0
"cddd1136a3dac295bbe8",1,"qwen3_8b_post",0
"28fa334082c0e63e8647",1,"qwen3_8b_post",0
"0cd235c0caff6e9a620c",1,"qwen3_8b_post",0
"dc472289769ce1c7ecee",1,"qwen3_8b_post",0
"da59f2a69da79219fb33",1,"qwen3_8b_post",0
"8cfc9b86a5f919b168d4",1,"qwen3_8b_post",0
"6809113f28656fb67c96",1,"qwen3_8b_post",0
"4c1e89d3526a7f3e4ff3",1,"qwen3_8b_post",0
"6f82cec4c843bf8929be",1,"qwen3_8b_post",0
"b96ba2606852c14f9a24",1,"qwen3_8b_post",0
"bf1d787fdcbe647b72b7",1,"qwen3_8b_post",0
"0be0d2223c7f9404a119",1,"qwen3_8b_post",0
"b940d8d02eb6d5841f8d",1,"qwen3_8b_post",0
"783e972b780f86411e43",1,"qwen3_8b_post",0
"aea4d8a6220c50d0c2de",1,"qwen3_8b_post",0
"a3dd69d5595e9eca41d8",1,"qwen3_8b_post",0
"9997b9d29f8c2b68c25f",1,"qwen3_8b_post",0
"4dfbf6dec0e54e0c5e7c",1,"qwen3_8b_post",0
"107aab55616459a099f5",1,"qwen3_8b_post",0
"d38641c6306d24e29e0d",1,"qwen3_8b_post",0
"919e38bff42aeea0e302",1,"qwen3_8b_post",0
"9646bc0e059809c2fe66",1,"qwen3_8b_post",0
"a695dc27aa45e62da4f2",1,"qwen3_8b_post",0
"f951af3c4735248eea62",1,"qwen3_8b_post",0
"e7cf2e93e68e2a1f8222",1,"qwen3_8b_post",0
"8fb8bc0d836cb0483c66",1,"qwen3_8b_post",0
"ffbb301e9bca15e1cebe",1,"qwen3_8b_post",0
"c81e9838787e56982362",1,"qwen3_8b_post",0
"bef26d9289d6466598a8",1,"qwen3_8b_post",0
"67a50d040be9fd4c8222",1,"qwen3_8b_post",0
"9f79fde1dd0c1a94a662",1,"qwen3_8b_post",0
"4252ea007faabfc9b854",1,"qwen3_8b_post",0
"be335e202f8ac1f48d38",1,"qwen3_8b_post",0
"514bac51d75296220505",1,"qwen3_8b_post",0
"0c8d800a8628192e6d79",1,"qwen3_8b_post",0
"afbb3f7b26980ea23a38",1,"qwen3_8b_post",0
"78a2171e46bce12e51df",1,"qwen3_8b_post",0
"bdfccdedf7f232550bf2",1,"qwen3_8b_post",0
"c95cc881fda4333963aa",1,"qwen3_8b_post",0
"23be039465309bb8e5de",1,"qwen3_8b_post",0
"44df6453ae7746e31307",1,"qwen3_8b_post",0
"7459831aed61876c6661",1,"qwen3_8b_post",0
"564e5d971b1845c71e89",1,"qwen3_8b_post",0
"e3c3761fd2da1645041e",1,"qwen3_8b_post",0
"838aedb90696856500c6",1,"qwen3_8b_post",0
"456f7d6e0436ce08411e",1,"qwen3_8b_post",0
"9ff67ea47b598101e204",1,"qwen3_8b_post",0
"1eaebbf37350b05472cf",1,"qwen3_8b_post",0
"f49dd9669f2b5298f897",1,"qwen3_8b_post",0
"04d755ede7b2ad4c5717",1,"qwen3_8b_post",0
"43c78e381aafa393ecae",1,"qwen3_8b_post",0
"f9e29a86327970b9fc7e",1,"qwen3_8b_post",0
"218f6cbd7626ec15ede3",1,"qwen3_8b_post",0
"b3e5383ecdf0cfb762b7",1,"qwen3_8b_post",0
"849b406a404ff43cd968",1,"qwen3_8b_post",0
"77bbfb7b7d5490978362",1,"qwen3_8b_post",0
"e786690fb2dd803040f8",1,"qwen3_8b_post",0
"4e0e18801f2bba06f137",1,"qwen3_8b_post",0
"09b63afdd02d04fe40f0",1,"qwen3_8b_post",0
"3771007262f5e248beae",1,"qwen3_8b_post",0
"4784a9b0512cd20f87c0",1,"qwen3_8b_post",0
"d061cdf2da5b6de8aac8",1,"qwen3_8b_post",0
"4806bd9eeb3751435290",1,"qwen3_8b_post",0
"3f856110fa149c704368",1,"qwen3_8b_post",0
"c717707a2fad1695b5c7",1,"qwen3_8b_post",0
"d17b29dcedda96bc1702",1,"qwen3_8b_post",0
"8210e380050fad03ff00",1,"qwen3_8b_post",0
"2082d613356e33f32ed0",1,"qwen3_8b_post",0
"478640e28d382300abf3",1,"qwen3_8b_post",0
"e759f3cfcab58c080776",1,"qwen3_8b_post",0
"0b73ffe4261bf475d6af",1,"qwen3_8b_post",0
"3bcb38e166ef6e46f98c",1,"qwen3_8b_post",0
"e09fb11b3d308c6806aa",1,"qwen3_8b_post",0
"2e0ba02828742c2564a3",1,"qwen3_8b_post",0
"a2b8f30f262d4c7275cf",1,"qwen3_8b_post",0
"8ef576a68406a55077dc",1,"qwen3_8b_post",0
"d3e2893d31a21bdc817b",1,"qwen3_8b_post",0
"0835c4211e9be695f5a7",1,"qwen3_8b_post",0
"b57e5b90d3053e6ffcfd",1,"qwen3_8b_post",0
"06b5d8f07fd1cf86b804",1,"qwen3_8b_post",0
"460e7c80c80dd89f73bf",1,"qwen3_8b_post",0
"dc074992369ac2fce0e1",1,"qwen3_8b_post",0
"80e2b66ef2ff6c8b85f2",1,"qwen3_8b_post",0
"ffaaa69c5bebc4eba452",1,"qwen3_8b_post",0
"a1029557412fd3f49568",1,"qwen3_8b_post",0
"56240c9bb6cab5ba9ce0",1,"qwen3_8b_post",0
"bbea8fd9042e1995c531",1,"qwen3_8b_post",0
"979dc678abe9029a5de8",1,"qwen3_8b_post",0
"f31915da36fcda64baa4",1,"qwen3_8b_post",0
"24424d3720815cdfd99a",1,"qwen3_8b_post",0
"3cf2e2e417e68a43b7d4",1,"qwen3_8b_post",0
"356c88d4b9f0fe25fa2d",1,"qwen3_8b_post",0
"328be21061b28657e691",1,"qwen3_8b_post",0
"f10fb842eff98811cbaa",1,"qwen3_8b_post",0
"340e414f81eda11c3045",1,"qwen3_8b_post",0
"19a95a1731cebcce61c8",1,"qwen3_8b_post",0
"8b8ae85fa22c36eb6c59",1,"qwen3_8b_post",0
"ca0f8077d4dba6649cde",1,"qwen3_8b_post",0
"fbf77f6cfa3c62e61368",1,"qwen3_8b_post",0
"532a3de1a6fca8550eaf",1,"qwen3_8b_post",0
"28cb50cd53e9617596e2",1,"qwen3_8b_post",0
"c66a4da88f84e518090d",1,"qwen3_8b_post",0
"08bfef5fb390bb662776",1,"qwen3_8b_post",0
"458fcabd16d5a63fe0b7",1,"qwen3_8b_post",0
"c375bbc1f0244e869c7f",1,"qwen3_8b_post",0
"14c155c945880c047244",1,"qwen3_8b_post",0
"8fc82c480d8566a3aaa3",1,"qwen3_8b_post",0
"baad3717cc5712f84a80",1,"qwen3_8b_post",0
"cada698e1e0d3d36757a",1,"qwen3_8b_post",0
"42118a125cf981418fb8",1,"qwen3_8b_post",0
"12a35a57d47ec431b0b9",1,"qwen3_8b_post",0
"f97ff22f7d894a189b8f",1,"qwen3_8b_post",0
"ebd5fecdbee3561ae432",1,"qwen3_8b_post",0
"fe3f00437301770f1700",1,"qwen3_8b_post",0
"635596031e6edc9509a2",1,"qwen3_8b_post",0
"a824f848258f53c46955",1,"qwen3_8b_post",0
"414648e7b7b29170da24",1,"qwen3_8b_post",0
"31c4bfe2dd7590e4c740",1,"qwen3_8b_post",0
"18c03cba492804cded53",1,"qwen3_8b_post",0
"25d464b7f4a680b67f8d",1,"qwen3_8b_post",0
"e95a1c7ec0c246955408",1,"qwen3_8b_post",0
"5b6a8f58342e8972615b",1,"qwen3_8b_post",0
"b262ce1a37ffec9287a2",1,"qwen3_8b_post",0
"0b564f83bb46018b04c5",1,"qwen3_8b_post",0
"bdadf72b54e0441cfe40",1,"qwen3_8b_post",0
"6e2ea2df01871a1ba5f1",1,"qwen3_8b_post",0
"ec04eb666cd88804fd7b",1,"qwen3_8b_post",0
"85f660840bce839d2f92",1,"qwen3_8b_post",0
"04a55dae992a5879f142",1,"qwen3_8b_post",0
"29d5d4318e214a82c817",1,"qwen3_8b_post",0
"d6d1c50718d5dff892e6",1,"qwen3_8b_post",0
"adcca0c3436f4bf28b1e",1,"qwen3_8b_post",0
"2d56201486ec6c2ed02f",1,"qwen3_8b_post",0
"b939b91d4c8d52960125",1,"qwen3_8b_post",0
"9b95c18e52db4de3abb0",1,"qwen3_8b_post",0
"dc2b8da9fc05a35ad366",1,"qwen3_8b_post",0
"3f7ff0a0478e7f2c699e",1,"qwen3_8b_post",0
"81642c256f3e7dbdd0be",1,"qwen3_8b_post",0
"909fa399be245c9f9c6f",1,"qwen3_8b_post",0
"0b31899c1c0a0315978f",1,"qwen3_8b_post",0
"f37993b9dc49f2e8369f",1,"qwen3_8b_post",0
"81347311f562271e6084",1,"qwen3_8b_post",0
"21f45f3891c056f5289d",1,"qwen3_8b_post",0
"568c059b0ab4fcfc7506",1,"qwen3_8b_post",0
"9ee0f4c195bffa273803",1,"qwen3_8b_post",0
"a97480c6b978a9475990",1,"qwen3_8b_post",0
"ac6f74274966f033bf7d",1,"qwen3_8b_post",0
"5614b539c388b10883b3",1,"qwen3_8b_post",0
"c3bc6c1601129512b754",1,"qwen3_8b_post",0
"46437d39ad3fbf1e733b",1,"qwen3_8b_post",0
"01882d54af83de9c1f42",1,"qwen3_8b_post",0
"0e1b4231ef086a8fbbd2",1,"qwen3_8b_post",0
"137cf15282dd31c2120b",1,"qwen3_8b_post",0
"2000137492d9742275eb",1,"qwen3_8b_post",0
"1502bb67c5ed64228862",1,"qwen3_8b_post",0
"08d43fb66e938ba46646",1,"qwen3_8b_post",0
"68dcb71a6c31be8f2c8c",1,"qwen3_8b_post",0
"3fa5f10503a05affedec",1,"qwen3_8b_post",0
"2ac0ca36af8a7d24eef5",1,"qwen3_8b_post",0
"c2695fb7164707299f77",1,"qwen3_8b_post",0
"cda3b97dbbd2c556f6c4",1,"qwen3_8b_post",0
"da307ac1098762437411",1,"qwen3_8b_post",0
"eb6f1598704b4e8be290",1,"qwen3_8b_post",0
"1c266307aae74bda16b4",1,"qwen3_8b_post",0
"e330bdf58b3871a58efc",1,"qwen3_8b_post",0
"0d6ff79addf46df6376a",1,"qwen3_8b_post",0
"870648d679c12d8e5d03",1,"qwen3_8b_post",0
"a3549e00e305533af5d8",1,"qwen3_8b_post",0
"ed5800cc27ef98037883",1,"qwen3_8b_post",0
"a418fc62809f0dfd459f",1,"qwen3_8b_post",0
"39b71a149973f4832fc9",1,"qwen3_8b_post",0
"45ce5ee4f365287fd3bb",1,"qwen3_8b_post",0
"5da734b8c91ed170df43",1,"qwen3_8b_post",0
"240c06869822cada1c1a",1,"qwen3_8b_post",0
"d09e5a4f844350f77c02",1,"qwen3_8b_post",0
"bbcad2c06320231f4992",1,"qwen3_8b_post",0
"4af722fbeffd560459dc",1,"qwen3_8b_post",0
"799892fadab0f8181be5",1,"qwen3_8b_post",0
"b630d91f8f6bfc47b3d5",1,"qwen3_8b_post",0
"7f6a8c324a3b3f6e8a78",1,"qwen3_8b_post",0
"829b30b90615141341a9",1,"qwen3_8b_post",0
"5420726d2d1c7df5138b",1,"qwen3_8b_post",0
"6eb6c184bf9071ab38ce",1,"qwen3_8b_post",0
"832c1b0d6fe3d2acee98",1,"qwen3_8b_post",0
"37dc531cf9262c5c03f8",1,"qwen3_8b_post",0
"215e0e3130fb9e688cce",1,"qwen3_8b_post",0
"72ee12fab1a963790408",1,"qwen3_8b_post",0
"1f040bc9dce0cbdeeb84",1,"qwen3_8b_post",0
"fb3f960fd70f379d6c36",1,"qwen3_8b_post",0
"c6efb9830f197c24f2a2",1,"qwen3_8b_post",0
"5e9a50d7722c56c43e70",1,"qwen3_8b_post",0
"27139e6d1f232c4149ca",1,"qwen3_8b_post",0
"737e6580df3d95c8ee75",1,"qwen3_8b_post",0
"c6ff78cd7902b2059bfa",1,"qwen3_8b_post",0
"ba747efe42b5865b6f82",1,"qwen3_8b_post",0
"ac94cb5fbb6f5a999281",1,"qwen3_8b_post",0
"c43000ad8a2514d61d01",1,"qwen3_8b_post",0
"10ec5d2ea26a9ef17de7",1,"qwen3_8b_post",0
"ea0c3038a3d8b941df42",1,"qwen3_8b_post",0
"38fe37405e1af6d975b7",1,"qwen3_8b_post",0
"05e0651af2a4d9d970e6",1,"qwen3_8b_post",0
"853f8aa5f97881b76850",1,"qwen3_8b_post",0
"bba5b0a87732ad7e0901",1,"qwen3_8b_post",0
"7a2f45589122ae0d4f38",1,"qwen3_8b_post",0
"9797ef9e0056319d7b5a",1,"qwen3_8b_post",0
"4e5d86b91cb746be930e",1,"qwen3_8b_post",0
"b48fec7240b517ba665c",1,"qwen3_8b_post",0
"75c490a267d36e9e1baf",1,"qwen3_8b_post",0
"ec50ec24cef9485a8dee",1,"qwen3_8b_post",0
"8a01a4497444098d035f",1,"qwen3_8b_post",0
"5620ac71ae166f6cef82",1,"qwen3_8b_post",0
"f141b14642283bf2a578",1,"qwen3_8b_post",0
"e91a3e452b160b954250",1,"qwen3_8b_post",0
"acf5dbcb3b1f1582c308",1,"qwen3_8b_post",0
"989b36a414ac38007b76",1,"qwen3_8b_post",0
"3ffef892a7759de08b01",1,"qwen3_8b_post",0
"8c23f7187299f4ed1313",1,"qwen3_8b_post",0
"f8d2306e3ad4b700cfee",1,"qwen3_8b_post",0
"2fdd5738782937da6550",1,"qwen3_8b_post",0
"7a53511c55bdef46dd67",1,"qwen3_8b_post",0
"4a8d3cfb344af3c24917",1,"qwen3_8b_post",0
"20beb0e4d11bbc6693d2",1,"qwen3_8b_post",0
"f08d86c392a656fa6b35",1,"qwen3_8b_post",0
"dc3c6b63fc7a37248a49",1,"qwen3_8b_post",0
"38d419468f9aa7505d9f",1,"qwen3_8b_post",0
"696c970a371b6bff5530",1,"qwen3_8b_post",0
"326316c945874f2cb0d5",1,"qwen3_8b_post",0
"0f43f41bf6489beb1336",1,"qwen3_8b_post",0
"91b4c74fa573c9b95512",1,"qwen3_8b_post",0
"6d0307954f600d529826",1,"qwen3_8b_post",0
"a26202a4d5d2385edf5c",1,"qwen3_8b_post",0
"fc6593f7e80c5e653d69",1,"qwen3_8b_post",0
"c3601d462938f3d88e05",1,"qwen3_8b_post",0
"39354c4a1241c1755430",1,"qwen3_8b_post",0
"376fdd98c7dda5cc5def",1,"qwen3_8b_post",0
"7401345d53727b1a4762",1,"qwen3_8b_post",0
"ab464daff3b3ce4e976e",1,"qwen3_8b_post",0
"d552ddce412eed5899eb",1,"qwen3_8b_post",0
"22ef9f0632b69cbc0461",1,"qwen3_8b_post",0
"282b401f2c69c0f1cc4c",1,"qwen3_8b_post",0
"bae0e44e5c1af6fdc194",1,"qwen3_8b_post",0
"0e6dfb30464ce4137344",1,"qwen3_8b_post",0
"24c393008545f99459c2",1,"qwen3_8b_post",0
"5e9ae0fce1a567900b06",1,"qwen3_8b_post",0
"b3c6c6249ab737158194",1,"qwen3_8b_post",0
"a5a2dffaf72e2b3acf2b",1,"qwen3_8b_post",0
"0fff5b086311506481c1",1,"qwen3_8b_post",0
"fff2df5e754c668e8f1e",1,"qwen3_8b_post",0
"15de866f383ee8c0228d",1,"qwen3_8b_post",0
"9e7a1df92bb6acd7bdaf",1,"qwen3_8b_post",0
"ca268b8d9a2476a947c9",1,"qwen3_8b_post",0
"c70cb93b053e498d9fff",1,"qwen3_8b_post",0
"06ac9af9a723cd86b98f",1,"qwen3_8b_post",0
"c72f73526d81b881fcc5",1,"qwen3_8b_post",0
"8773c932eb4644565a7f",1,"qwen3_8b_post",0
"e62250a63225847e9e6f",1,"qwen3_8b_post",0
"fe8541ce80e7ba923499",1,"qwen3_8b_post",0
"2b527e392268d52a4028",1,"qwen3_8b_post",0
"60fdf4176e9e9a31965e",1,"qwen3_8b_post",0
"a58da24dc14938a2a605",1,"qwen3_8b_post",0
"386b17342208f147ac02",1,"qwen3_8b_post",0
"dac7a29508178af78d7a",1,"qwen3_8b_post",0
"5df4ab527674b83ed6ba",1,"qwen3_8b_post",0
"9347c545dc93308823b1",1,"qwen3_8b_post",0
"b23ef0df66b8a7471575",1,"qwen3_8b_post",0
"5197297833374d547521",1,"qwen3_8b_post",0
"13eb3233a6984ff77ea8",1,"qwen3_8b_post",0
"553b627b8ac285eea243",1,"qwen3_8b_post",0
"3e592a368d06ac53f10b",1,"qwen3_8b_post",0
"ccf36e408273c58d1abb",1,"qwen3_8b_post",0
"ca38d47aba30c8e4b769",1,"qwen3_8b_post",0
"f7911051c0571fcbc6a9",1,"qwen3_8b_post",0
"b25ba800e88d0eb6acc9",1,"qwen3_8b_post",0
"faf5043fa167ccf8df0f",1,"qwen3_8b_post",0
"0020ecb0b50c90aa672c",1,"qwen3_8b_post",0
"796a7980fc7d1c9f98e7",1,"qwen3_8b_post",0
"e01fb27d99acb524eba5",1,"qwen3_8b_post",0
"e2aca276465312272199",1,"qwen3_8b_post",0
"033e8e84e5bd81e168d2",1,"qwen3_8b_post",0
"fb6e0761d916b6e5d6f1",1,"qwen3_8b_post",0
"a6a70fab06839157eb7b",1,"qwen3_8b_post",0
"c7d4fbe16dde8ced55ea",1,"qwen3_8b_post",0
"a8be0c152a5e470c5cab",1,"qwen3_8b_post",0
"cf5de1f411e8544224b3",1,"qwen3_8b_post",0
"a08731cf0441abebe159",1,"qwen3_8b_post",0
"ca482e0295fa5f9ba91a",1,"qwen3_8b_post",0
"eceac0d686cdfe505dff",1,"qwen3_8b_post",0
"32a53f0573700823ca5f",1,"qwen3_8b_post",0
"5613534e78e5a7f467f8",1,"qwen3_8b_post",0
"f6ce9a4a7a314f411a20",1,"qwen3_8b_post",0
"52a98e125cd2db24e032",1,"qwen3_8b_post",0
"0aad804e1e0d18b79d03",1,"qwen3_8b_post",0
"8b266fa413f1bbeafb6e",1,"qwen3_8b_post",0
"b27ef6ca9e49c4a9d991",1,"qwen3_8b_post",0
"d30af0f0313ac0e0ef63",1,"qwen3_8b_post",0
"7ff69eaf20508ab0b9b4",1,"qwen3_8b_post",0
"69e399ce9bc6c608d1e8",1,"qwen3_8b_post",0
"07aa272016f5b4fbfc71",1,"qwen3_8b_post",0
"bc80a65939c0f99cb36a",1,"qwen3_8b_post",0
"22975f89fb9ccc032d7b",1,"qwen3_8b_post",0
"ee969a782546b9627374",1,"qwen3_8b_post",0
"b1ea96002929e6c833b4",1,"qwen3_8b_post",0
"d993fb7e8dab8395d65a",1,"qwen3_8b_post",0
"8c532c871ae57fd8d58c",1,"qwen3_8b_post",0
"c1001d166704b2d8315f",1,"qwen3_8b_post",0
"f4e16896120492299457",1,"qwen3_8b_post",0
"e0e9a4ff0baa7c8ef3ee",1,"qwen3_8b_post",0
"f742e1c8d16dc66c775e",1,"qwen3_8b_post",0
"670fa4f8326533b30956",1,"qwen3_8b_post",0
"c2a4bed9796966180e60",1,"qwen3_8b_post",0
"41c6c2f8739934c33e3b",1,"qwen3_8b_post",0
"43b05690cbbb1db2365a",1,"qwen3_8b_post",0
"108f744d57ca9e8ca31d",1,"qwen3_8b_post",0
"d5a1a66a71e1bc26de3b",1,"qwen3_8b_post",0
"98f0a0c2dd535e228ac4",1,"qwen3_8b_post",0
"bf761c2be737991e240a",1,"qwen3_8b_post",0
"f72b3cee18520020066a",1,"qwen3_8b_post",0
"33715ea72419dd6a8eca",1,"qwen3_8b_post",0
"0bdfa56b09a511411c50",1,"qwen3_8b_post",0
"747bda5e3c8301aed32d",1,"qwen3_8b_post",0
"e99140297f3bba6fbb5d",1,"qwen3_8b_post",0
"445f22fe9f5b82e07c93",1,"qwen3_8b_post",0
"8d305ab70b4aa4d82a16",1,"qwen3_8b_post",0
"f6b90cce470cadc21cbe",1,"qwen3_8b_post",0
"d8d676b9ffc2c8449be6",1,"qwen3_8b_post",0
"e59843de89a41f9fe039",1,"qwen3_8b_post",0
"f1a3c588eb2d390d8015",1,"qwen3_8b_post",0
"dfb7bcb1d1495021e836",1,"qwen3_8b_post",0
"8f8dc46b49a2971c6580",1,"qwen3_8b_post",0
"561d5978bde63b926141",1,"qwen3_8b_post",0
"1499a32ec7da97d88409",1,"qwen3_8b_post",0
"2b84ad1a9a7e6df4cfba",1,"qwen3_8b_post",0
"702a9f27ea649c2680bb",1,"qwen3_8b_post",0
"0dc6d51433890e846319",1,"qwen3_8b_post",0
"d8c6b1152670533079aa",1,"qwen3_8b_post",0
"0b7d13f2e64dc5be6922",1,"qwen3_8b_post",0
"168015aba0e1bfcb33e7",1,"qwen3_8b_post",0
"26d74b049d6f42c58d24",1,"qwen3_8b_post",0
"0dd6b564ac47a612a99f",1,"qwen3_8b_post",0
"f7c6e83e34f05655cc3c",1,"qwen3_8b_post",0
"55d76ddd740762b18608",1,"qwen3_8b_post",0
"a3ec9e68f702cf043074",1,"qwen3_8b_post",0
"f0a0534dfcb72a2f3a8a",1,"qwen3_8b_post",0
"44eff4a90ece64920cae",1,"qwen3_8b_post",0
"4f4a317dd1295461c460",1,"qwen3_8b_post",0
"f5b5bb5c22162aa08f3f",1,"qwen3_8b_post",0
"ecd3cf5ff2eb7e0ced65",1,"qwen3_8b_post",0
"4f21199d47bf05b6b81c",1,"qwen3_8b_post",0
"c1bdf06b92784a6c8583",1,"qwen3_8b_post",0
"8d2adfbe67a6e8764785",1,"qwen3_8b_post",0
"869e2447a2714d467a7f",1,"qwen3_8b_post",0
"be8152a765b20297f2ea",1,"qwen3_8b_post",0
"a27cd587d75ef89262db",1,"qwen3_8b_post",0
"f795dfd40273dfccbbed",1,"qwen3_8b_post",0
"3688dcb0ea4c48a8dab7",1,"qwen3_8b_post",0
"1a752bd6f237ccded7f5",1,"qwen3_8b_post",0
"0693df2e5f29e04f8563",1,"qwen3_8b_post",0
"0202728818a4f4ba50b8",1,"qwen3_8b_post",0
"1fc94cb17bc76997395f",1,"qwen3_8b_post",0
"598b1a2472581c4c889f",1,"qwen3_8b_post",0
"0f312f59d3485d96c830",1,"qwen3_8b_post",0
"0e23d995d27f08948b7c",1,"qwen3_8b_post",0
"06bc30da996a04edacf7",1,"qwen3_8b_post",0
"5eec82f10009f62891b1",1,"qwen3_8b_post",0
"b78b4782a956c4d61b6d",1,"qwen3_8b_post",0
"e92908329388a4a0a7cf",1,"qwen3_8b_post",0
"e1e4343441e0365f6ab5",1,"qwen3_8b_post",0
"c1f50a81aa5396154039",1,"qwen3_8b_post",0
"a4d844885c8eb09465d8",1,"qwen3_8b_post",0
"384a8daf12897a9addf9",1,"qwen3_8b_post",0
"36c14b82b752e11e1c7b",1,"qwen3_8b_post",0
"0cebfb87e2518f30bfd6",1,"qwen3_8b_post",0
"29b413c012b4f618d1d9",1,"qwen3_8b_post",0
"928a210acf47bbe5f854",1,"qwen3_8b_post",0
"302b4f8f0c6000cbda3b",1,"qwen3_8b_post",0
"414e5e419543fbed85bc",1,"qwen3_8b_post",0
"9c97c4991b48bf88d46a",1,"qwen3_8b_post",0
"9ce800d85371f3e92fe3",1,"qwen3_8b_post",0
"66262b0ffc929dbaee18",1,"qwen3_8b_post",0
"116b2e66025da0896f8d",1,"qwen3_8b_post",0
"3a4d83a100607152cebf",1,"qwen3_8b_post",0
"df3b228c59d8e12f1d4f",1,"qwen3_8b_post",0
"5538ff010abfb09ddab6",1,"qwen3_8b_post",0
"75ee9d9f3cc2ef3f0196",1,"qwen3_8b_post",0
"57da8672c9a37f62fb27",1,"qwen3_8b_post",0
"8101e371deff46dedea4",1,"qwen3_8b_post",0
"83db431b807266823ce9",1,"qwen3_8b_post",0
"135793ca42445b94a902",1,"qwen3_8b_post",0
"e99256a11ec16dc2b0f2",1,"qwen3_8b_post",0
"ffd7ab5a244a4597aeaf",1,"qwen3_8b_post",0
"9d94fa66bd8237093c29",1,"qwen3_8b_post",0
"9058dc5d9f181bb107b4",1,"qwen3_8b_post",0
"a7bdeaa3372e04f995e5",1,"qwen3_8b_post",0
"5fb24799bfd6b519c6bd",1,"qwen3_8b_post",0
"61fdaab5013e92cf5087",1,"qwen3_8b_post",0
"20a87d1901a7305edc80",1,"qwen3_8b_post",0
"23efee32d7e2ec4f86e7",1,"qwen3_8b_post",0
"3a9c34826f71a7654d66",1,"qwen3_8b_post",0
"bd8b4b782dc74593df2a",1,"qwen3_8b_post",0
"032ac0e41ab91650bfbf",1,"qwen3_8b_post",0
"7bcb8f2a2375fa04555b",1,"qwen3_8b_post",0
"358bb8a5e4377fb3bf54",1,"qwen3_8b_post",0
"b70582ff338cd3d14030",1,"qwen3_8b_post",0
"2afe029291069b02090b",1,"qwen3_8b_post",0
"23e9e797d2868a8a57aa",1,"qwen3_8b_post",0
"d3c0c8e419b02653bd10",1,"qwen3_8b_post",0
"e002db15358dccdb3d3e",1,"qwen3_8b_post",0
"0b905266d6163ebedd43",1,"qwen3_8b_post",0
"0d9c0a40afb0e43bf26a",1,"qwen3_8b_post",0
"b046e3309aa5d5c68af7",1,"qwen3_8b_post",0
"4e686dafe05ec4c963db",1,"qwen3_8b_post",0
"5a5381a94057232c0f31",1,"qwen3_8b_post",0
"705974d2d80dd63bdef6",1,"qwen3_8b_post",0
"0547bb9255e8d3f56f8a",1,"qwen3_8b_post",0
"409530f25c0cae531a0b",1,"qwen3_8b_post",0
"76d980fc93e4702cff87",1,"qwen3_8b_post",0
"297c87211a8909cc9ce2",1,"qwen3_8b_post",0
"ba558a0f7162f01a02c4",1,"qwen3_8b_post",0
"2bf3f4651e3c33d5e1b2",1,"qwen3_8b_post",0
"211f2d0b7638d88e57cd",1,"qwen3_8b_post",0
"198b0bb1a6b6280d85a3",1,"qwen3_8b_post",0
"dc9eb02ce4541e64e41c",1,"qwen3_8b_post",0
"d2ee0ccea50b8a0cc9cb",1,"qwen3_8b_post",0
"78d6409ad47804622bc7",1,"qwen3_8b_post",0
"7401aa6155c0bea875fa",1,"qwen3_8b_post",0
"ef71ad131246ea34f719",1,"qwen3_8b_post",0
"5397b37e677341575a4d",1,"qwen3_8b_post",0
"63a3f4e789e2bdf612df",1,"qwen3_8b_post",0
"645a25b8916d2f43352d",1,"qwen3_8b_post",0
"e0a34aef024202d4c67c",1,"qwen3_8b_post",0
"2f9d50d07ecc253fc775",1,"qwen3_8b_post",0
"cf67f1e59288dee5bf87",1,"qwen3_8b_post",0
"5ef90aa07b38dbe81ba2",1,"qwen3_8b_post",0
"ebdf425d27557ad40dfb",1,"qwen3_8b_post",0
"19707684dcce691a32cb",1,"qwen3_8b_post",0
"89931b4d7541d40515f0",1,"qwen3_8b_post",0
"bf6d10d9f87573ee6f47",1,"qwen3_8b_post",0
"b8561f7d43f6503ebf1e",1,"qwen3_8b_post",0
"689cfbf09a25f48e25b5",1,"qwen3_8b_post",0
"2489c867cdc48bd737f0",1,"qwen3_8b_post",0
"9399962f67b478691c27",1,"qwen3_8b_post",0
"7777a4244c9342f3df7a",1,"qwen3_8b_post",0
"d25cbbbcff650c9c104a",1,"qwen3_8b_post",0
"12fbad4ce64c8e8d1f9f",1,"qwen3_8b_post",0
"1196c1d6e2add9758f07",1,"qwen3_8b_post",0
"f7a41f835bc67e6136b1",1,"qwen3_8b_post",0
"9414f34ffaf50b9b0bd8",1,"qwen3_8b_post",0
"2c2dbdaef37dcf91e95f",1,"qwen3_8b_post",0
"fa9ef1f677fef06a707d",1,"qwen3_8b_post",0
"ba19bbb7a3021c26ef81",1,"qwen3_8b_post",0
"9f995956c17055bd6f65",1,"qwen3_8b_post",0
"fec0eee878aff4557e4e",1,"qwen3_8b_post",0
"700048d42fe680c730c9",1,"qwen3_8b_post",0
"91428a2870a1f8960266",1,"qwen3_8b_post",0
"1c003e17a52e52bde18b",1,"qwen3_8b_post",0
"37c66cf6b28631a4c323",1,"qwen3_8b_post",0
"92ee501eb9703d78894a",1,"qwen3_8b_post",0
"cabc0fd3dfff2f24f19c",1,"qwen3_8b_post",0
"8faedaf21e5a47d27cfb",1,"qwen3_8b_post",0
"9d3ceff5f9f4aa5ceedb",1,"qwen3_8b_post",0
"8d301a3589afe50a3372",1,"qwen3_8b_post",0
"d85476c184ac6bad34b0",1,"qwen3_8b_post",0
"4faea50d4a2373a27d68",1,"qwen3_8b_post",0
"710f7a9e9b74571515f1",1,"qwen3_8b_post",0
"aae0745d66090daf34fa",1,"qwen3_8b_post",0
"12096d63d583416ff0db",1,"qwen3_8b_post",0
"951c20d9f1a8b7c2c210",1,"qwen3_8b_post",0
"d0d0f4bc26a200c5d02d",1,"qwen3_8b_post",0
"e581d3f00954969c3886",1,"qwen3_8b_post",0
"a5792b12fbd8bea7ccd4",1,"qwen3_8b_post",0
"95bf2d2c1f6a00b66993",1,"qwen3_8b_post",0
"80306644f73b579ad588",1,"qwen3_8b_post",0
"287cb63958b176c8569b",1,"qwen3_8b_post",0
"ec8af1a2543b8f8fda42",1,"qwen3_8b_post",0
"7749a45592739304000f",1,"qwen3_8b_post",0
"c6520b6adb2197286ecc",1,"qwen3_8b_post",0
"6ef4f94a5ac8cc036952",1,"qwen3_8b_post",0
"205502fe35a7ef503b86",1,"qwen3_8b_post",0
"9e263a35aad4358daaed",1,"qwen3_8b_post",0
"96958e8ea6dcfea6df20",1,"qwen3_8b_post",0
"22b9b1face12a2af70ca",1,"qwen3_8b_post",0
"6995e5b656ff9cae03f9",1,"qwen3_8b_post",0
"2a7fd3bf20fb66cafb66",1,"qwen3_8b_post",0
"46a1a4cd937c931f715a",1,"qwen3_8b_post",0
"c56a84bbb0362dde523e",1,"qwen3_8b_post",0
"b9b23935e444aa6fdfab",1,"qwen3_8b_post",0
"770ffee07a157c800275",1,"qwen3_8b_post",0
"62794c939aef4c43d5c0",1,"qwen3_8b_post",0
"c64b4dca4fa63e3e3b0a",1,"qwen3_8b_post",0
"9cd7ac268f75b8c902f1",1,"qwen3_8b_post",0
"5b77c5d1d9d995874143",1,"qwen3_8b_post",0
"516c2f72e1a6eaf91dad",1,"qwen3_8b_post",0
"1db8b418cf01d214a7d1",1,"qwen3_8b_post",0
"65ac003acd5dcacfd9c6",1,"qwen3_8b_post",0
"cfccff5ef1b40c8ed140",1,"qwen3_8b_post",0
"1ee274859b9509c79a0f",1,"qwen3_8b_post",0
"6d651e9922944b8f151a",1,"qwen3_8b_post",0
"96cfeba4ad31bb78238e",1,"qwen3_8b_post",0
"a35a632a10bcc4a435d8",1,"qwen3_8b_post",0
"5c8663731023224178ff",1,"qwen3_8b_post",0
"f07a3d041932e8874e29",1,"qwen3_8b_post",0
"8586686cee9f1397fe2d",1,"qwen3_8b_post",0
"13dd21174cc91b2e6060",1,"qwen3_8b_post",0
"2df1d88b4f7482c60a03",1,"qwen3_8b_post",0
"dd1c316271c03acd9996",1,"qwen3_8b_post",0
"7c077fa0ac4cfa5dd894",1,"qwen3_8b_post",0
"e7b84f5a51019bfbad4a",1,"qwen3_8b_post",0
"42eba133463a525b276e",1,"qwen3_8b_post",0
"ab9593d1e5ae8b7f1107",1,"qwen3_8b_post",0
"946aa511032bd8f76987",1,"qwen3_8b_post",0
"f592d036b99102e34f30",1,"qwen3_8b_post",0
"09f04cc9705b6bf41617",1,"qwen3_8b_post",0
"b958bd93d98234580e68",1,"qwen3_8b_post",0
"29a2eea71be62a5406e7",1,"qwen3_8b_post",0
"6ee89e19bf7381f52432",1,"qwen3_8b_post",0
"2957a649f9e94a43290c",1,"qwen3_8b_post",0
"16f94b02485469829005",1,"qwen3_8b_post",0
"8a77df8ff376cbfa6b80",1,"qwen3_8b_post",0
"5abfcfb64e1171809017",1,"qwen3_8b_post",0
"bfab93a8c9cedaab2ee6",1,"qwen3_8b_post",0
"4f9a148fd963be8bbf08",1,"qwen3_8b_post",0
"42395026109f732aaf9e",1,"qwen3_8b_post",0
"b56216d8987d5c9d49cd",1,"qwen3_8b_post",0
"c58817d52b49eb3c9da3",1,"qwen3_8b_post",0
"0fc0b82cfe107a9043d6",1,"qwen3_8b_post",0
"9379775914113f8a2df0",1,"qwen3_8b_post",0
"edfc8832b8ef4095547c",1,"qwen3_8b_post",0
"56b3170989f28b6869c1",1,"qwen3_8b_post",0
"262dde88a1471b7e395e",1,"qwen3_8b_post",0
"273d251022935dee1101",1,"qwen3_8b_post",0
"2cc804095ca6d7ba1110",1,"qwen3_8b_post",0
"f1ad8c7f0f5f08d63f44",1,"qwen3_8b_post",0
"11cceb4c0ad21ef783c3",1,"qwen3_8b_post",0
"b161107be7b243d84e86",1,"qwen3_8b_post",0
"e343644ee86429695da3",1,"qwen3_8b_post",0
"7e0209c27097d6e29bee",1,"qwen3_8b_post",0
"5161a1febd38ae77f7ac",1,"qwen3_8b_post",0
"7a4d0765c471217d67a4",1,"qwen3_8b_post",0
"ca36338d64cadb8b7258",1,"qwen3_8b_post",0
"c480ec935368eadd8852",1,"qwen3_8b_post",0
"f7e37f63850b5c59d862",1,"qwen3_8b_post",0
"cf28523b76d4cf89f9d2",1,"qwen3_8b_post",0
"2f040c56d7df9fe7519e",1,"qwen3_8b_post",0
"9dd1fbc699dd482be86f",1,"qwen3_8b_post",0
"a1d25bdbb5ba43d500f4",1,"qwen3_8b_post",0
"37ba32f0c4e608247568",1,"qwen3_8b_post",0
"ca80aac872cf00a2fe1f",1,"qwen3_8b_post",0
"301654d25bdcbbc27f82",1,"qwen3_8b_post",0
"d706df4b2b7302fe748a",1,"qwen3_8b_post",0
"9b281a63182c05c407aa",1,"qwen3_8b_post",0
"62a1f21d7b9be02307c4",1,"qwen3_8b_post",0
"b131e0aa40e6d5ba4a21",1,"qwen3_8b_post",0
"40d5f09ea4812e899b73",1,"qwen3_8b_post",0
"c375e4f490a4e036e795",1,"qwen3_8b_post",0
"f64c4d2122874297b04a",1,"qwen3_8b_post",0
"c4a19227e048d4041c45",1,"qwen3_8b_post",0
"fc651ffd822cd56d92f3",1,"qwen3_8b_post",0
"2f87a7a8d6b7619fc0f6",1,"qwen3_8b_post",0
"d1149aff9e4268ba0849",1,"qwen3_8b_post",0
"dd48f436a1c8e348f1a8",1,"qwen3_8b_post",0
"22e2406bfb0866875dc9",1,"qwen3_8b_post",0
"24c1204fd6dfe4651518",1,"qwen3_8b_post",0
"97d6a96e2d866aa064b0",1,"qwen3_8b_post",0
"dfcb4d8fa05c60a49c10",1,"qwen3_8b_post",0
"90de3ec00d8daf301c74",1,"qwen3_8b_post",0
"bf4450e0731464002e9e",1,"qwen3_8b_post",0
"9fbd6396ee603ea50b5a",1,"qwen3_8b_post",0
"fb1e8b144a495be0f557",1,"qwen3_8b_post",0
"9bdd8abacc14ae0f64a2",1,"qwen3_8b_post",0
"354bf661aa9d7bd75ad5",1,"qwen3_8b_post",0
"bf8c0c6038afb1a7a4f2",1,"qwen3_8b_post",0
"afa91aaccee954e2f05d",1,"qwen3_8b_post",0
"1b982f81d885419bbea8",1,"qwen3_8b_post",0
"06bdaa52561af1daced2",1,"qwen3_8b_post",0
"fcd6c0f49f2883e7ef2a",1,"qwen3_8b_post",0
"615d7adeb2514c53ea84",1,"qwen3_8b_post",0
"e407536131b2fc6dc354",1,"qwen3_8b_post",0
"bb6e3addedbece5bb87d",1,"qwen3_8b_post",0
"de81cc3d0abc07617443",1,"qwen3_8b_post",0
"a3f3ed0f2d717446a4c9",1,"qwen3_8b_post",0
"470d3758d02f362d26bc",1,"qwen3_8b_post",0
"cff1210491e85602bcb0",1,"qwen3_8b_post",0
"d4691749b3a6d894bc5a",1,"qwen3_8b_post",0
"06ed7e4dc6ea0b13998c",1,"qwen3_8b_post",0
"a74a891d5f432a49d6fb",1,"qwen3_8b_post",0
"b8aa70865b732b0f254b",1,"qwen3_8b_post",0
"59a147df607831751501",1,"qwen3_8b_post",0
"412989a6cf97ac9cc98a",1,"qwen3_8b_post",0
"3c1bbc0e4e944e26aace",1,"qwen3_8b_post",0
"ae6d179d33f9082a5897",1,"qwen3_8b_post",0
"dd1f8cf8b970649cc60c",1,"qwen3_8b_post",0
"4fb20e98db29bf3e9ace",1,"qwen3_8b_post",0
"1d1b61dafc776f65864f",1,"qwen3_8b_post",0
"86f13758667936b201bf",1,"qwen3_8b_post",0
"b940c15622ed5d50786f",1,"qwen3_8b_post",0
"ff53ee3d6372826101c2",1,"qwen3_8b_post",0
"5b4594c25cc17bb48380",1,"qwen3_8b_post",0
"0be17188e57b290a6f3e",1,"qwen3_8b_post",0
"305b611e171b2379a3cf",1,"qwen3_8b_post",0
"37b8be8925136775c94e",1,"qwen3_8b_post",0
"9835540d5af79054681b",1,"qwen3_8b_post",0
"6662da38916dfeddc0d9",1,"qwen3_8b_post",0
"006304965793c9a58db3",1,"qwen3_8b_post",0
"17e23625cddf4297d9a7",1,"qwen3_8b_post",0
"3d803d9012a43d68c864",1,"qwen3_8b_post",0
"d804b831791e23f7308d",1,"qwen3_8b_post",0
"9f406008985fdbab823a",1,"qwen3_8b_post",0
"ce8aa1d63c0b36527ea4",1,"qwen3_8b_post",0
"c567dec42f032eaec34a",1,"qwen3_8b_post",0
"662dec8432f69d1d46ad",1,"qwen3_8b_post",0
"2ce4f1d881764d690e46",1,"qwen3_8b_post",0
"bd3d761ad195facffe37",1,"qwen3_8b_post",0
"eb434b362f4b41ece97c",1,"qwen3_8b_post",0
"77200a5cebeb629f07e0",1,"qwen3_8b_post",0
"e19a58201cfbacb12add",1,"qwen3_8b_post",0
"d131083070541f0f1d01",1,"qwen3_8b_post",0
"153f8e7b5d87bd2be397",1,"qwen3_8b_post",0
"a41cc8d87702fcf72ba6",1,"qwen3_8b_post",0
"78f380b0cc2311420ce3",1,"qwen3_8b_post",0
"240b512968a2868f1175",1,"qwen3_8b_post",0
"ccf202d07d99ad3a004d",1,"qwen3_8b_post",0
"ea59c6601f5437cca340",1,"qwen3_8b_post",0
"ffc1844f9518db2c9f1c",1,"qwen3_8b_post",0
"7bdc57c8c322f0383ae9",1,"qwen3_8b_post",0
"a75ad6c68cf9e12be350",1,"qwen3_8b_post",0
"95ab72c9993bf76013ad",1,"qwen3_8b_post",0
"dfa69990803a5716e144",1,"qwen3_8b_post",0
"89b681caff826109b986",1,"qwen3_8b_post",0
"fa35f5b5fcb5fe269149",1,"qwen3_8b_post",0
"d286a704a618cec4050d",1,"qwen3_8b_post",0
"446972a3bf79cb32e835",1,"qwen3_8b_post",0
"bc6f45a9f293774fcda6",1,"qwen3_8b_post",0
"ffc60bc0a8a21b358a8f",1,"qwen3_8b_post",0
"9c6ceecef66558137205",1,"qwen3_8b_post",0
"249b42e3069757e6b8df",1,"qwen3_8b_post",0
"d3e3a0d843b68acf8c33",1,"qwen3_8b_post",0
"3f95d6a9c863dcc2b6e8",1,"qwen3_8b_post",0
"b954130665fcfd2b2dfa",1,"qwen3_8b_post",0
"735899b66fc611bb608c",1,"qwen3_8b_post",0
"0b0bae9281d8fbedd8f2",1,"qwen3_8b_post",0
"fee7e502e9b4408c30d0",1,"qwen3_8b_post",0
"e62534058020ec703fa8",1,"qwen3_8b_post",0
"d3d5ca8635a43eb0ba31",1,"qwen3_8b_post",0
"1dc55ca407fbf44f2501",1,"qwen3_8b_post",0
"8cc6511b7473bcaa9440",1,"qwen3_8b_post",0
"632dec9bb3f1e76729b6",1,"qwen3_8b_post",0
"6373fb38b36614904dc9",1,"qwen3_8b_post",0
"4b478ca488ff496df5fa",1,"qwen3_8b_post",0
"b307be170bb4e08159c5",1,"qwen3_8b_post",0
"6a57c455f2421ebba9b8",1,"qwen3_8b_post",0
"8f6678ecec58d64fd784",1,"qwen3_8b_post",0
"86e0bd81820d0ad73b8d",1,"qwen3_8b_post",0
"57002481f103e3b716f1",1,"qwen3_8b_post",0
"94e3f7c091b31144c067",1,"qwen3_8b_post",0
"12462a040d7e65f81bdb",1,"qwen3_8b_post",0
"8354d328b55564de3b05",1,"qwen3_8b_post",0
"9ed26b2d1f03e09a4e5e",1,"qwen3_8b_post",0
"bd14407466839b0e2826",1,"qwen3_8b_post",0
"2d6f71d4c9ed1ee3374b",1,"qwen3_8b_post",0
"d0f241dd279b6515610b",1,"qwen3_8b_post",0
"bf476ca7db1b33904d39",1,"qwen3_8b_post",0
"1968e3a51574ef302244",1,"qwen3_8b_post",0
"536c3ef1694405052f43",1,"qwen3_8b_post",0
"f34e261935a2206a8fac",1,"qwen3_8b_post",0
"18e108d401bec12f63ed",1,"qwen3_8b_post",0
"216083bd67dc18ef3172",1,"qwen3_8b_post",0
"32fd3481e94291b4ac95",1,"qwen3_8b_post",0
"3327a05d023cc7bdf143",1,"qwen3_8b_post",0
"f5eb9547a2020a3fadd7",1,"qwen3_8b_post",0
"146d5c08f99863401243",1,"qwen3_8b_post",0
"3fe491036573b21def17",1,"qwen3_8b_post",0
"c824c4bc1e3eae64cae6",1,"qwen3_8b_post",0
"e0d66d23a3285b51c4ca",1,"qwen3_8b_post",0
"1978a295e5308f839548",1,"qwen3_8b_post",0
"ca343fa47b2f82afc085",1,"qwen3_8b_post",0
"c858ee603e8844067931",1,"qwen3_8b_post",0
"4c57aac751e14292c24b",1,"qwen3_8b_post",0
"864b65052729b55a1040",1,"qwen3_8b_post",0
"6746c2eabcd81281ce28",1,"qwen3_8b_post",0
"607b1ecac4c7de84fd17",1,"qwen3_8b_post",0
"4f8ef236a51f326e21f6",1,"qwen3_8b_post",0
"23738c1b9a743ee1f477",1,"qwen3_8b_post",0
"f3af74551392cdf27099",1,"qwen3_8b_post",0
"e235124bbd38a1ef5865",1,"qwen3_8b_post",0
"4e91bca7e57dac1f1c5b",1,"qwen3_8b_post",0
"69c49348fd63bc81cd4c",1,"qwen3_8b_post",0
"140b79486b4737a85e13",1,"qwen3_8b_post",0
"128ad3e2868d14a6d41c",1,"qwen3_8b_post",0
"5a4ab3dbab06b377fae5",1,"qwen3_8b_post",0
"f6f4421928e7f0513652",1,"qwen3_8b_post",0
"ca34078eccebf477108a",1,"qwen3_8b_post",0
"d9c28dc677728016862e",1,"qwen3_8b_post",0
"769cd7777ec31ec03d11",1,"qwen3_8b_post",0
"b025aee5803e5ec4f513",1,"qwen3_8b_post",0
"c70566fb3a61c81f1272",1,"qwen3_8b_post",0
"96444c151276bc93f700",1,"qwen3_8b_post",0
"b688e0d971a03785df21",1,"qwen3_8b_post",0
"0de9eac04718c09a7668",1,"qwen3_8b_post",0
"17bcb5e58faa5702fcda",1,"qwen3_8b_post",0
"e52836281a4388b4e651",1,"qwen3_8b_post",0
"28448089c74515ce32db",1,"qwen3_8b_post",0
"c3af50aae9a1a43811bf",1,"qwen3_8b_post",0
"0561ec39fe176d426f1e",1,"qwen3_8b_post",0
"b9fb0ff56f956ab4a27e",1,"qwen3_8b_post",0
"679ffe96b5f046516019",1,"qwen3_8b_post",0
"f7e311a37dd1d556b403",1,"qwen3_8b_post",0
"51ebab7e3efc0d7b36fe",1,"qwen3_8b_post",0
"dbddc729c11ca3c0b9f0",1,"qwen3_8b_post",0
"d2037e44e69d270d6768",1,"qwen3_8b_post",0
"ec3e1acec8e4e3d34484",1,"qwen3_8b_post",0
"3c81ca80228484d9c218",1,"qwen3_8b_post",0
"f5cd456c92715e02dc9e",1,"qwen3_8b_post",0
"296671621fc318b7f3fa",1,"qwen3_8b_post",0
"42f03cc2fb27d40f3176",1,"qwen3_8b_post",0
"fd76638b34d142e3d80b",1,"qwen3_8b_post",0
"fd25a7d92e959821de61",1,"qwen3_8b_post",0
"322530a179dffd6d2dbe",1,"qwen3_8b_post",0
"b211dd8e29eae91e392d",1,"qwen3_8b_post",0
"1e34b9f6d2cad5dbaa82",1,"qwen3_8b_post",0
"f0f72d2fccd033f199c6",1,"qwen3_8b_post",0
"5bac106f9377bdaf8261",1,"qwen3_8b_post",0
"3f307360aa07bda1276c",1,"qwen3_8b_post",0
"7bfc6b8be39abe027871",1,"qwen3_8b_post",0
"7d9e4aabb4f704ddae98",1,"qwen3_8b_post",0
"7381084ed460c1bb6b12",1,"qwen3_8b_post",0
"a1d95bb7fbfde1907f2b",1,"qwen3_8b_post",0
"e9b998019fc36ae7100a",1,"qwen3_8b_post",0
"0eccd4e7d47fd8f05dc3",1,"qwen3_8b_post",0
"a9ba469767b2861e91db",1,"qwen3_8b_post",0
"e75d42f640c26cf11141",1,"qwen3_8b_post",0
"0b79e695b34323a55ba5",1,"qwen3_8b_post",0
"79eeb10545f0524f4ffe",1,"qwen3_8b_post",0
"f4157e39a5b4bebbee33",1,"qwen3_8b_post",0
"5e44784f47d05ad20b35",1,"qwen3_8b_post",0
"b9c89ebc46c50a080398",1,"qwen3_8b_post",0
"911c19d71848d3461437",1,"qwen3_8b_post",0
"9bb019cb3b7653f0c4bc",1,"qwen3_8b_post",0
"40fb8d3098c83552ff1e",1,"qwen3_8b_post",0
"33d7d2e9822dfbdb5f37",1,"qwen3_8b_post",0
"69f6e925157d9b57f241",1,"qwen3_8b_post",0
"e37c54882d4dbe228de1",1,"qwen3_8b_post",0
"1ce217a3cb408647c3da",1,"qwen3_8b_post",0
"f07a18d47250f34e16c2",1,"qwen3_8b_post",0
"78554a477e1d9bd87b83",1,"qwen3_8b_post",0
"9fe7f0335fc43a72cee9",1,"qwen3_8b_post",0
"b716b6a698d355773f0a",1,"qwen3_8b_post",0
"16513f03d22d98f36e8b",1,"qwen3_8b_post",0
"6ae6c5d6c9677072d11d",1,"qwen3_8b_post",0
"01d06158eb8428f6d47d",1,"qwen3_8b_post",0
"0d2bca3a6c7dd4be6c56",1,"qwen3_8b_post",0
"2ed69bee3ea7a125b3c1",1,"qwen3_8b_post",0
"d52b7da2ebe765ce80cf",1,"qwen3_8b_post",0
"184975d409d2f7b30a4a",1,"qwen3_8b_post",0
"7a2b549fd518c5c0299a",1,"qwen3_8b_post",0
"80ac27401ceb2b6c8df2",1,"qwen3_8b_post",0
"1cdc98ff4700fae40558",1,"qwen3_8b_post",0
"ac04f636c7ee84db4fd2",1,"qwen3_8b_post",0
"ef07c39836beac744317",1,"qwen3_8b_post",0
"6cc18e6e049220b7518b",1,"qwen3_8b_post",0
"de3e32f77374bbd56ad8",1,"qwen3_8b_post",0
"8f3905dea51bd9d225ff",1,"qwen3_8b_post",0
"b55a9376d12355385174",1,"qwen3_8b_post",0
"25e09f22f3ab674c4601",1,"qwen3_8b_post",0
"891e4ee716dd0f965dad",1,"qwen3_8b_post",0
"7784ba64804b043d1258",1,"qwen3_8b_post",0
"5ffb672b30e7153c9bab",1,"qwen3_8b_post",0
"df2747e67c59c38ebaf5",1,"qwen3_8b_post",0
"7e68c893964d80e5b04d",1,"qwen3_8b_post",0
"70bfc184659217144153",1,"qwen3_8b_post",0
"c8ba1b0be1a6a72ebbe9",1,"qwen3_8b_post",0
"a8251006e974f852af7b",1,"qwen3_8b_post",0
"4457ba19be780db9ff1e",1,"qwen3_8b_post",0
"6c29bbb39444100ca230",1,"qwen3_8b_post",0
"036b7d93e2bec0d81400",1,"qwen3_8b_post",0
"4502910eb892d6d07790",1,"qwen3_8b_post",0
"79d7a2db4c7c122e9a68",1,"qwen3_8b_post",0
"876a9baebcba979d5b7b",1,"qwen3_8b_post",0
"7d9302f8ac6d58ca744e",1,"qwen3_8b_post",0
"522fb32f2d235b2eaf58",1,"qwen3_8b_post",0
"6460a5c4e560300abd0e",1,"qwen3_8b_post",0
"b28339c51f10c62076e3",1,"qwen3_8b_post",0
"959ac8406064af89c119",1,"qwen3_8b_post",0
"fdf70de890e76258b189",1,"qwen3_8b_post",0
"6a8f74223ac75298117c",1,"qwen3_8b_post",0
"98bddaddfc2657ee7693",1,"qwen3_8b_post",0
"d560046e16527690a2e7",1,"qwen3_8b_post",0
"093382fdba9e50d369e4",1,"qwen3_8b_post",0
"e1b3388ce22f4c1d52df",1,"qwen3_8b_post",0
"23664232c32bfac47728",1,"qwen3_8b_post",0
"4c00ab83534832a8be97",1,"qwen3_8b_post",0
"9cd2541dccd1410d3bba",1,"qwen3_8b_post",0
"ea8a71a35d0fd9505d0d",1,"qwen3_8b_post",0
"10f15afd01fc2fd83ab0",1,"qwen3_8b_post",0
"5ba5ffcd9620b2f7dee1",1,"qwen3_8b_post",0
"4d3a57a458f52c75121a",1,"qwen3_8b_post",0
"38c6422009dd18b6d83e",1,"qwen3_8b_post",0
"27f55e5ed577941a0cd4",1,"qwen3_8b_post",0
"337ff5f8f619039e8755",1,"qwen3_8b_post",0
"c1a0bd3158e73077c0e4",1,"qwen3_8b_post",0
"8f2ffba173e873056cf5",1,"qwen3_8b_post",0
"4efdeb6a6015c52eefa2",1,"qwen3_8b_post",0
"2f4e39553852be851a2d",1,"qwen3_8b_post",0
"920910e4b4442248678a",1,"qwen3_8b_post",0
"6a784226e2f1edfb92e6",1,"qwen3_8b_post",0
"60327a5ba67f74f82eff",1,"qwen3_8b_post",0
"99d69efcaa6f75085d8c",1,"qwen3_8b_post",0
"a694caf7bcc776046f50",1,"qwen3_8b_post",0
"abe73b97f09947db9e97",1,"qwen3_8b_post",0
"46513302f7617fa248ce",1,"qwen3_8b_post",0
"98954fc6b71ea6bd9cbd",1,"qwen3_8b_post",0
"b66457b0978ae6a62c05",1,"qwen3_8b_post",0
"0c22b1ed24330d8691a2",1,"qwen3_8b_post",0
"fd5565f0c898f612960e",1,"qwen3_8b_post",0
"8282126b1b3a80e3ba51",1,"qwen3_8b_post",0
"ec09ed2bc67f65c895bb",1,"qwen3_8b_post",0
"086acc5219aae3ea1c79",1,"qwen3_8b_post",0
"40b91ce751e75f077a09",1,"qwen3_8b_post",0
"b7de12cd3b983acd055d",1,"qwen3_8b_post",0
"7a516c72f8c43c62264a",1,"qwen3_8b_post",0
"693d29534c19fa323dff",1,"qwen3_8b_post",0
"fd811507757a33bfcfb4",1,"qwen3_8b_post",0
"3c40829102258d2d8b30",1,"qwen3_8b_post",0
"a8baa233c7afefc8596c",1,"qwen3_8b_post",0
"2ff4d92d5e0c4fe8ab3d",1,"qwen3_8b_post",0
"07017e3e71bf4dac0fbb",1,"qwen3_8b_post",0
"50d1b50a49b725ac02ea",1,"qwen3_8b_post",0
"7129f53c4d832df9c26f",1,"qwen3_8b_post",0
"765d4e06574910124255",1,"qwen3_8b_post",0
"ceb0e6eddd1ffc0a072e",1,"qwen3_8b_post",0
"b419e02dd23da32ec9f5",1,"qwen3_8b_post",0
"d44aeedcca82be69c879",1,"qwen3_8b_post",0
"49d27f5996a684973fc3",1,"qwen3_8b_post",0
"7bd4e4150762904ac2d6",1,"qwen3_8b_post",0
"9572d02d96361ecec045",1,"qwen3_8b_post",0
"0bfe23f302ea4bfb43b8",1,"qwen3_8b_post",0
"8b67991493afcb98bcbc",1,"qwen3_8b_post",0
"109b4f28dd6e21273718",1,"qwen3_8b_post",0
"af31ce68ff650bc75ea9",1,"qwen3_8b_post",0
"d3e86274dd9d3f20b033",1,"qwen3_8b_post",0
"225e0e84cad16bed3b30",1,"qwen3_8b_post",0
"3eefc0f66df03dc45975",1,"qwen3_8b_post",0
"2eba00ceb65400d170a8",1,"qwen3_8b_post",0
"93062440ca5beca305d7",1,"qwen3_8b_post",0
"639fdc048c77166a8338",1,"qwen3_8b_post",0
"b24b26ab32db58c42eda",1,"qwen3_8b_post",0
"130a58ac55c525aeddef",1,"qwen3_8b_post",0
"06f24ac0a580c3bff002",1,"qwen3_8b_post",0
"675e73abbda6ef5cdb51",1,"qwen3_8b_post",0
"8aa8e3478d38c8023986",1,"qwen3_8b_post",0
"63ffeee6786807e30984",1,"qwen3_8b_post",0
"a3d8d5a2a826f31fd157",1,"qwen3_8b_post",0
"e480bb7a4f152cd9bee1",1,"qwen3_8b_post",0
"d230a5fc0ba88b1d0085",1,"qwen3_8b_post",0
"4deae7915fe7595b6f7c",1,"qwen3_8b_post",0
"fcc6cd8258277c3cd927",1,"qwen3_8b_post",0
"63958896fb0d5fc41285",1,"qwen3_8b_post",0
"b6796ade4ff4c2654196",1,"qwen3_8b_post",0
"8a12e492abb679c53166",1,"qwen3_8b_post",0
"d300c3c5460ca0662207",1,"qwen3_8b_post",0
"4185ce502710b7295290",1,"qwen3_8b_post",0
"98df3eaf62d95a4e641f",1,"qwen3_8b_post",0
"a272aea8d31d761d2af1",1,"qwen3_8b_post",0
"341bec7804613974f0fd",1,"qwen3_8b_post",0
"a6f17d3e727dc8cecfe6",1,"qwen3_8b_post",0
"31b1f9497702b7895d2f",1,"qwen3_8b_post",0
"a6c1d14cade2163ac56b",1,"qwen3_8b_post",0
"9c8f25333f97820b3883",1,"qwen3_8b_post",0
"c181fe2c9aeeeaec5d96",1,"qwen3_8b_post",0
"5cb2715b72ea46ba3a42",1,"qwen3_8b_post",0
"ce2c028faf8ce314c4ef",1,"qwen3_8b_post",0
"6a308dfa9faaadc32534",1,"qwen3_8b_post",0
"37b267b8e95cc75d25fd",1,"qwen3_8b_post",0
"7364ef2e36cae76b9ed9",1,"qwen3_8b_post",0
"13c5f84bc566af85234d",1,"qwen3_8b_post",0
"ff7c73f87cfc099f153e",1,"qwen3_8b_post",0
"37cfcf83d7aded32f572",1,"qwen3_8b_post",0
"13c11d2f8e6e313db5a6",1,"qwen3_8b_post",0
"b0464371a368c8fca0ae",1,"qwen3_8b_post",0
"218fc4a2564562c9db6d",1,"qwen3_8b_post",0
"5bfe54ad240aa787897a",1,"qwen3_8b_post",0
"4fbe4a9127c0e6efa4a0",1,"qwen3_8b_post",0
"c067c966ab46d9c3579f",1,"qwen3_8b_post",0
"9ef9c8e594731a5a8b02",1,"qwen3_8b_post",0
"630c66e13b2e036b39f9",1,"qwen3_8b_post",0
"bc9682b9edf3a73562a3",1,"qwen3_8b_post",0
"b4f5806bf8cc91175c7a",1,"qwen3_8b_post",0
"8b60aaf644cc7669d66e",1,"qwen3_8b_post",0
"e8d9ca896c1b1942f586",1,"qwen3_8b_post",0
"2dd041f143b640e7463e",1,"qwen3_8b_post",0
"db0b5eb8335f440b85ed",1,"qwen3_8b_post",0
"d729c182c20fd0065cae",1,"qwen3_8b_post",0
"ef342094b56a0578e36b",1,"qwen3_8b_post",0
"31a98605cbfc3323eb69",1,"qwen3_8b_post",0
"6e6e73b6f6ada8f6f4a4",1,"qwen3_8b_post",0
"9dfc1711bbb7f8d4a567",1,"qwen3_8b_post",0
"c23285dedead8e33bf66",1,"qwen3_8b_post",0
"2d5502731e5902e71f81",1,"qwen3_8b_post",0
"1ace1b53bcb09c59661c",1,"qwen3_8b_post",0
"c160edf511a7a8bbb073",1,"qwen3_8b_post",0
"6fbf1ee726279f2b216c",1,"qwen3_8b_post",0
"841e6187ab8f2ef15bff",1,"qwen3_8b_post",0
"4c533cf920dbbca0628f",1,"qwen3_8b_post",0
"772d1d26c1119cb7a7fc",1,"qwen3_8b_post",0
"2df8f40a5a235d5bb6c1",1,"qwen3_8b_post",0
"b4980f6d3402d09e5a98",1,"qwen3_8b_post",0
"9d69104c373b28868b34",1,"qwen3_8b_post",0
"0a9acca3557696d02e25",1,"qwen3_8b_post",0
"57d3b427204de9db620b",1,"qwen3_8b_post",0
"5e791bd09cc204c5bc29",1,"qwen3_8b_post",0
"987455a05419c99c4e86",1,"qwen3_8b_post",0
"edcb265436d43a3893b7",1,"qwen3_8b_post",0
"0df18bb65390eaef390d",1,"qwen3_8b_post",0
"b618dfedb586b719ea8f",1,"qwen3_8b_post",0
"2cc5b47921fa3482abe4",1,"qwen3_8b_post",0
"5d2df4cf8fdb98e07b08",1,"qwen3_8b_post",0
"08ce295a0ec608265aaa",1,"qwen3_8b_post",0
"79c93d0001a0b115c2e0",1,"qwen3_8b_post",0
"b663254cfc5090981ee4",1,"qwen3_8b_post",0
"14aabd462f3487e0a39e",1,"qwen3_8b_post",0
"dbd16d35a8069da7ac22",1,"qwen3_8b_post",0
"5dace3d0321db1a33fe5",1,"qwen3_8b_post",0
"25c8d3a9cdbff9c7b6ec",1,"qwen3_8b_post",0
"9b748f6c572cff36e7b8",1,"qwen3_8b_post",0
"7e9f78f2907ae556ab70",1,"qwen3_8b_post",0
"0d46dd40f4cf10b69f08",1,"qwen3_8b_post",0
"a779f245989778d5cad7",1,"qwen3_8b_post",0
"21a3c29a50162175e8aa",1,"qwen3_8b_post",0
"35b628c602e14fd2c076",1,"qwen3_8b_post",0
"65db2486e99b821fc120",1,"qwen3_8b_post",0
"91bf66895dbf3dfa98b2",1,"qwen3_8b_post",0
"8dc8bfcba359b04fb962",1,"qwen3_8b_post",0
"911399dd1be63a034267",1,"qwen3_8b_post",0
"1ad3420e4a6b4720929f",1,"qwen3_8b_post",0
"c364bc8bbe93c81fc42d",1,"qwen3_8b_post",0
"9549a290068df552a77b",1,"qwen3_8b_post",0
"a0ce3b9e3212894b2b7b",1,"qwen3_8b_post",0
"ccb925ed4885a2312e4a",1,"qwen3_8b_post",0
"f3ff7728e0928649e92d",1,"qwen3_8b_post",0
"84bd17f0260d74429f37",1,"qwen3_8b_post",0
"a87015cd6c30e4042a89",1,"qwen3_8b_post",0
"094bb93afdb743f64628",1,"qwen3_8b_post",0
"9f26ee9a7ae173e4e7f7",1,"qwen3_8b_post",0
"18df13ca8df28bf4d3e8",1,"qwen3_8b_post",0
"53d015422b6d9c835996",1,"qwen3_8b_post",0
"751f9820205ea755915a",1,"qwen3_8b_post",0
"7bce8387d399bed5b0fa",1,"qwen3_8b_post",0
"01cf7939da202ed833fe",1,"qwen3_8b_post",0
"206c9fccb8da069123ed",1,"qwen3_8b_post",0
"d5ebb5c6cd0a0598bc03",1,"qwen3_8b_post",0
"0c5ebaf4522095d8fcd1",1,"qwen3_8b_post",0
"3c373184a6284bdbf4d6",1,"qwen3_8b_post",0
"447489a6e1b8ed64aa6b",1,"qwen3_8b_post",0
"01c92dc0cd347f142f4c",1,"qwen3_8b_post",0
"b7fa9b23ad8001ae7785",1,"qwen3_8b_post",0
"22fa2b87d603e5a221f5",1,"qwen3_8b_post",0
"ea82f8cafa4a80481ad2",1,"qwen3_8b_post",0
"e833fd5b410b4c8e91f7",1,"qwen3_8b_post",0
"30250b0154fdebffd054",1,"qwen3_8b_post",0
"6370ea40f9ed2b459710",1,"qwen3_8b_post",0
"59d58e61b4af5e434818",1,"qwen3_8b_post",0
"8ba9f171d6c8e5178102",1,"qwen3_8b_post",0
"57533b699d4c3d67e974",1,"qwen3_8b_post",0
"02cae37a910d9e636f1f",1,"qwen3_8b_post",0
"791909bd829408f80d8a",1,"qwen3_8b_post",0
"36d01cc74d6a55e7a8ce",1,"qwen3_8b_post",0
"cd85098caa76d0e832eb",1,"qwen3_8b_post",0
"dac6f708a6d0e59ce4bd",1,"qwen3_8b_post",0
"6f6cec0fb3a0b498a8dd",1,"qwen3_8b_post",0
"e1967ac871c6895b2ae2",1,"qwen3_8b_post",0
"2c33a3750195ddbd46a5",1,"qwen3_8b_post",0
"136e1c0aba7b64c7f13f",1,"qwen3_8b_post",0
"335e4d2bfab2f2cb15a5",1,"qwen3_8b_post",0
"e9a0ce8f7073cc262922",1,"qwen3_8b_post",0
"b1bee33e0cb5811314c7",1,"qwen3_8b_post",0
"b0af15b2879aad64a7ba",1,"qwen3_8b_post",0
"e9a52797cab24e3cd8fd",1,"qwen3_8b_post",0
"8b3902919a26408ab94c",1,"qwen3_8b_post",0
"c5553eaf09850cfb6003",1,"qwen3_8b_post",0
"83cd8796fa2563259245",1,"qwen3_8b_post",0
"9accf21b05c199d0390d",1,"qwen3_8b_post",0
"2f903f4d851e2ffd934f",1,"qwen3_8b_post",0
"ed2fcbb9b7a839e49d9b",1,"qwen3_8b_post",0
"34c4affa2edfb8e9ce36",1,"qwen3_8b_post",0
"b8deae297e067666f70c",1,"qwen3_8b_post",0
"202ebbed94e97ecc0135",1,"qwen3_8b_post",0
"54761545d500e594e5ba",1,"qwen3_8b_post",0
"0661494f290d1c09bb4e",1,"qwen3_8b_post",0
"1c6b452ed69c98d15f9f",1,"qwen3_8b_post",0
"4c29c74ad554fd07a892",1,"qwen3_8b_post",0
"a89fea815027a76c0888",1,"qwen3_8b_post",0
"15bbd2a018cf345e9cf0",1,"qwen3_8b_post",0
"043cdeaa5fdfbb235292",1,"qwen3_8b_post",0
"c4ce8c15d8e6192883f9",1,"qwen3_8b_post",0
"d4fa0075e91a82be582c",1,"qwen3_8b_post",0
"cbffe16f2241215f4cb4",1,"qwen3_8b_post",0
"882f1bf57258f7abc561",1,"qwen3_8b_post",0
"9065f9c73a7596b3520b",1,"qwen3_8b_post",0
"5870f75a86286f1a560a",1,"qwen3_8b_post",0
"97e664af5638c42ab504",1,"qwen3_8b_post",0
"3dcff6900f383aee281e",1,"qwen3_8b_post",0
"843a0a354ee95d10fafe",1,"qwen3_8b_post",0
"fa11e5d9ea879c43238e",1,"qwen3_8b_post",0
"8f00eb4b295c193624a9",1,"qwen3_8b_post",0
"4eb2d7f5228acebbc066",1,"qwen3_8b_post",0
"f752de63e3b952f169e0",1,"qwen3_8b_post",0
"fccc0ac03add8438ea36",1,"qwen3_8b_post",0
"1077a5b73b54e59f3cff",1,"qwen3_8b_post",0
"36f5082cbe9a3d717c09",1,"qwen3_8b_post",0
"8d4c67e530fe03922eec",1,"qwen3_8b_post",0
"05dbe680cf02ce734d96",1,"qwen3_8b_post",0
"957a3b27f9c5fb26f3e6",1,"qwen3_8b_post",0
"83bc43369f75a0726906",1,"qwen3_8b_post",0
"48e37860e3e0921acba1",1,"qwen3_8b_post",0
"db1863c7e5198296a567",1,"qwen3_8b_post",0
"3efd95b3d138ad5d26c6",1,"qwen3_8b_post",0
"f8e163e21dcf339315df",1,"qwen3_8b_post",0
"69d61124ef7c960813f4",1,"qwen3_8b_post",0
"cac2b82efb4deccbeefd",1,"qwen3_8b_post",0
"922c933abbb590988532",1,"qwen3_8b_post",0
"bbd54c1591b248f5a7b1",1,"qwen3_8b_post",0
"c14d6a8331441f2c03f3",1,"qwen3_8b_post",0
"343d546f86511fd2b602",1,"qwen3_8b_post",0
"6bbf9f8d95fb159efdd4",1,"qwen3_8b_post",0
"b15364620f77dc28407e",1,"qwen3_8b_post",0
"b9c128f771d44b5eff08",1,"qwen3_8b_post",0
"462cdbb8633b0fb437c4",1,"qwen3_8b_post",0
"0290b0ce4a37af077889",1,"qwen3_8b_post",0
"27ea35c6f26e0a2a0ee6",1,"qwen3_8b_post",0
"f63820ceef762e5665af",1,"qwen3_8b_post",0
"8bdcc2108974f97f200f",1,"qwen3_8b_post",0
"17931f46cdd36c73814e",1,"qwen3_8b_post",0
"10ac161274cb99320963",1,"qwen3_8b_post",0
"42d29a309be985ac3897",1,"qwen3_8b_post",0
"d5ca7a74c8356ab3a5e2",1,"qwen3_8b_post",0
"d96919814d2a1197ab46",1,"qwen3_8b_post",0
"d6f08074d0bf2907378e",1,"qwen3_8b_post",0
"0e2b2c01815df2b5d048",1,"qwen3_8b_post",0
"25049a6fb951ff0c6055",1,"qwen3_8b_post",0
"2d49e909e194384e7b60",1,"qwen3_8b_post",0
"cc927e6f3e97b0f0046d",1,"qwen3_8b_post",0
"f85f58b59f789a5ce17c",1,"qwen3_8b_post",0
"0db70bfc337810eb1b5c",1,"qwen3_8b_post",0
"ca519918b61a0616f0d9",1,"qwen3_8b_post",0
"3e184c682b2e9021dbe1",1,"qwen3_8b_post",0
"b96c66fdf5acf56906be",1,"qwen3_8b_post",0
"e68cca5f54d7a8bbdc32",1,"qwen3_8b_post",0
"a0d6b8954710536ba7ec",1,"qwen3_8b_post",0
"d219e1e9f415a2a05450",1,"qwen3_8b_post",0
"27a6b168cf149e3761ee",1,"qwen3_8b_post",0
"4ba8b64725b24ff56a76",1,"qwen3_8b_post",0
"57933fb958fcf1c913c4",1,"qwen3_8b_post",0
"22ffcdf2a52f62ed3fc1",1,"qwen3_8b_post",0
"73da499c8e7ae8270a6f",1,"qwen3_8b_post",0
"1840e43227386afe47b2",1,"qwen3_8b_post",0
"3660fa361c29453f7ad1",1,"qwen3_8b_post",0
"96c8ddc10011e6c05258",1,"qwen3_8b_post",0
"0832937bcdfbb19ffe9a",1,"qwen3_8b_post",0
"a3a11c219107c867e3ec",1,"qwen3_8b_post",0
"8d9b5166125457f88a60",1,"qwen3_8b_post",0
"9c26acf79b398be2db01",1,"qwen3_8b_post",0
"c06e9e6c980ee98882e0",1,"qwen3_8b_post",0
"8bb0d2ef569b56f0bddd",1,"qwen3_8b_post",0
"bb9819627b02d7f85606",1,"qwen3_8b_post",0
"595410b26a5130a910db",1,"qwen3_8b_post",0
"14a493d32e3e055ef934",1,"qwen3_8b_post",0
"05e66e77ed8657f9039d",1,"qwen3_8b_post",0
"e5601c0403944f3c4cd0",1,"qwen3_8b_post",0
"a009c98ad5e028130b05",1,"qwen3_8b_post",0
"f58999e1c5e2fe57bdf9",1,"qwen3_8b_post",0
"f4108c425aaeba62197b",1,"qwen3_8b_post",0
"66249e852e21f832479e",1,"qwen3_8b_post",0
"bebaaaa092ce10af4263",1,"qwen3_8b_post",0
"71b13f3bbfd44c813680",1,"qwen3_8b_post",0
"502d69fa364ca89e5f78",1,"qwen3_8b_post",0
"ad1ca9ec25e892a2a1a5",1,"qwen3_8b_post",0
"2bc45a4c02bba19d4cda",1,"qwen3_8b_post",0
"a21fd2274b26bd3fa21f",1,"qwen3_8b_post",0
"7576d0dabb35e924f11e",1,"qwen3_8b_post",0
"25e56e24a24c4858600b",1,"qwen3_8b_post",0
"ff756390beaa2ea5ccd1",1,"qwen3_8b_post",0
"d2f897ca50161dfbaa80",1,"qwen3_8b_post",0
"b70479f0c4a9b6293544",1,"qwen3_8b_post",0
"cfbf1d7a636a4d8e9b39",1,"qwen3_8b_post",0
"0ccbbf671178db8a6a87",1,"qwen3_8b_post",0
"9eef6b70a47c3349ff13",1,"qwen3_8b_post",0
"dffff86b19c6dd578cf2",1,"qwen3_8b_post",0
"d6924769ae0e1b992b3f",1,"qwen3_8b_post",0
"605ff9e3a6f9d49dc11a",1,"qwen3_8b_post",0
"0425d955024449bdc6dc",1,"qwen3_8b_post",0
"0c99d9ba43e828d65515",1,"qwen3_8b_post",0
"d34921b345277b657036",1,"qwen3_8b_post",0
"2e6079bb7d4bd2d3da0c",1,"qwen3_8b_post",0
"2f9f3d4f8f1364e615b8",1,"qwen3_8b_post",0
"c8ef19c2dfaf38830b09",1,"qwen3_8b_post",0
"7c22f5611d8daee6bf76",1,"qwen3_8b_post",0
"c9318b82395f4b20f40c",1,"qwen3_8b_post",0
"3fff4a1018875ec648ab",1,"qwen3_8b_post",0
"c8fae48c1e589a882c4f",1,"qwen3_8b_post",0
"9e609090fade4f1aa0b2",1,"qwen3_8b_post",0
"3877820d646cbaeadaa7",1,"qwen3_8b_post",0
"f91d1af0ce09c594e0b4",1,"qwen3_8b_post",0
"0da8b85f298b02344be5",1,"qwen3_8b_post",0
"234602ff393bd1bd1f4a",1,"qwen3_8b_post",0
"6fe66dccfd655c1aa89f",1,"qwen3_8b_post",0
"74811bb16e82308ff9e2",1,"qwen3_8b_post",0
"63911077f859a35d98d8",1,"qwen3_8b_post",0
"4fbdd7844359e250cdda",1,"qwen3_8b_post",0
"731a2588fbaaec79f820",1,"qwen3_8b_post",0
"74f33bd070dd4f201670",1,"qwen3_8b_post",0
"43d7599d04efdb9f7b4c",1,"qwen3_8b_post",0
"0daafa3b4112975047c6",1,"qwen3_8b_post",0
"142b1a9e691bfd47c99d",1,"qwen3_8b_post",0
"81c2d4b1efdb811cf057",1,"qwen3_8b_post",0
"665d8a7e797a1942cea6",1,"qwen3_8b_post",0
"8cda940966723c30210c",1,"qwen3_8b_post",0
"237f357304bf7c4ea9e7",1,"qwen3_8b_post",0
"777ae7fda7031eee1104",1,"qwen3_8b_post",0
"b0c3017dfa2839afc50a",1,"qwen3_8b_post",0
"98344f1ed8a453d30009",1,"qwen3_8b_post",0
"168a99b7b4adf49be268",1,"qwen3_8b_post",0
"188f46694bf695166122",1,"qwen3_8b_post",0
"e881315503d8e8b610e2",1,"qwen3_8b_post",0
"8ff2f64cd2ffe823d239",1,"qwen3_8b_post",0
"a9c1be27f52064a25b35",1,"qwen3_8b_post",0
"4590c7b176ce2248335b",1,"qwen3_8b_post",0
"91f46908dca6761456c7",1,"qwen3_8b_post",0
"1ee46bc82f898e466f84",1,"qwen3_8b_post",0
"3fd3bd9b20e18c0c756a",1,"qwen3_8b_post",0
"32350b491cd080f79385",1,"qwen3_8b_post",0
"34f73c015ea009886901",1,"qwen3_8b_post",0
"bf57a0c59afdd28a2315",1,"qwen3_8b_post",0
"842bbfdcdcfed8a5edbd",1,"qwen3_8b_post",0
"d14bcb87117831bf7f37",1,"qwen3_8b_post",0
"86e43f749264d6fe4a71",1,"qwen3_8b_post",0
"04cf6179041af22df0ac",1,"qwen3_8b_post",0
"63e4c858637155052b03",1,"qwen3_8b_post",0
"bacf909b4a4559eb65c6",1,"qwen3_8b_post",0
"7ae238d3714f59ad9383",1,"qwen3_8b_post",0
"b7678e47f4aee98315eb",1,"qwen3_8b_post",0
"b45b0513e5fb49a85ad8",1,"qwen3_8b_post",0
"9e6b838e830552ea31bc",1,"qwen3_8b_post",0
"61b4cac248ff3a1002df",1,"qwen3_8b_post",0
"d6345b9e991339882d06",1,"qwen3_8b_post",0
"0179a3333f0d165a024f",1,"qwen3_8b_post",0
"291eccc6ab15c71da4a0",1,"qwen3_8b_post",0
"269f39d438c757e17238",1,"qwen3_8b_post",0
"db4d84b331ac03a05156",1,"qwen3_8b_post",0
"3d2037a0950187da4c19",1,"qwen3_8b_post",0
"e248512f7b363599847a",1,"qwen3_8b_post",0
"aea9c6b53671848396dd",1,"qwen3_8b_post",0
"bf9bcfc77255ea3e1faf",1,"qwen3_8b_post",0
"4681fa6b20a842888345",1,"qwen3_8b_post",0
"4fa4ea46e7caf1bb1cfe",1,"qwen3_8b_post",0
"ba23e82559d7fb5a8633",1,"qwen3_8b_post",0
"923182172742f05fa46d",1,"qwen3_8b_post",0
"4c1004f6e570392fc31e",1,"qwen3_8b_post",0
"faa3bd5b4d4de37d1506",1,"qwen3_8b_post",0
"5d55b22f2f086b11f1d5",1,"qwen3_8b_post",0
"1ec0bb2bd2cbfa7ef2cb",1,"qwen3_8b_post",0
"a8161ad954056ed6223d",1,"qwen3_8b_post",0
"cd56fa3e35c0de0a41c4",1,"qwen3_8b_post",0
"456dc7b7d4e1f76f512a",1,"qwen3_8b_post",0
"ca2ce9d5e872082fef31",1,"qwen3_8b_post",0
"131c0528f2f65f621007",1,"qwen3_8b_post",0
"e704f887a85db0e9fa47",1,"qwen3_8b_post",0
"292f3e10758565caa608",1,"qwen3_8b_post",0
"cdb849da649a575f8355",1,"qwen3_8b_post",0
"04057aa1cf95c9721df1",1,"qwen3_8b_post",0
"252491ef69084fca0c3d",1,"qwen3_8b_post",0
"581ae6babb5566da7ae0",1,"qwen3_8b_post",0
"9e4424556765f0e0c555",1,"qwen3_8b_post",0
"84c72690f77d890e2280",1,"qwen3_8b_post",0
"78b5bfedc243ff595daf",1,"qwen3_8b_post",0
"e50b43a6c8f8f5f75449",1,"qwen3_8b_post",0
"900c7c1519ba04efe7ef",1,"qwen3_8b_post",0
"950ba7773ec52788e5e9",1,"qwen3_8b_post",0
