dominio,categoria,entita,prompt,is_prompt_missing,is_prompt_vuoto,ha_markup,ha_tab,ha_newline,ha_carriage_return,ha_unicode_invisibile
gender,American_actors,Steve_Zissis,"Steve Zissis
is an American actor, screenwriter and ",FALSE,FALSE,FALSE,FALSE,TRUE,FALSE,FALSE
gender,American_actors,Will_Sampson,"The Aboriginal Multi-Media Society
Will Sampson at Find ",FALSE,FALSE,FALSE,FALSE,TRUE,FALSE,FALSE
gender,American_actors,Fred_Thompson,"According to the Memphis Commercial Appeal:

Fred Thompson ",FALSE,FALSE,FALSE,FALSE,TRUE,FALSE,FALSE
gender,American_actors,Colm_Feore,"Colm Feore on IMDb
Colm Feore at the ",FALSE,FALSE,FALSE,FALSE,TRUE,FALSE,FALSE
gender,American_actors,Paul_Fix,"Paul Fix at Memory Alpha
Paul Fix at ",FALSE,FALSE,FALSE,FALSE,TRUE,FALSE,FALSE
gender,American_actors,F._Murray_Abraham,"Movies Biography
F. Murray Abraham at IMG ",FALSE,FALSE,FALSE,FALSE,TRUE,FALSE,FALSE
gender,American_actors,Fred_Allen,"by Joe McCarthy, Fred Allen's Letters
Allen, Fred, ",FALSE,FALSE,FALSE,FALSE,TRUE,FALSE,FALSE
gender,American_actors,Roscoe_Orman,"Roscoe Orman on IMDb
Roscoe Orman at the ",FALSE,FALSE,FALSE,FALSE,TRUE,FALSE,FALSE
gender,American_actors,Robert_Osborne,"Cinema Retro interview with Robert Osborne
Gilbert Gottfried's ",FALSE,FALSE,FALSE,FALSE,TRUE,FALSE,FALSE
gender,American_actors,Dick_Van_Dyke,"— PDF Article
Dick Van Dyke -Disney Legends profile
Dick ",FALSE,FALSE,FALSE,FALSE,TRUE,FALSE,FALSE
gender,American_actors,Reginald_VelJohnson,"TV
Reginald VelJohnson at the Internet Broadway Database
Reginald ",FALSE,FALSE,FALSE,FALSE,TRUE,FALSE,FALSE
gender,American_actors,Robert_Wagner,"Movies
Robert Wagner   on Charlie Rose
Works ",FALSE,FALSE,FALSE,FALSE,TRUE,FALSE,FALSE
gender,American_actors,Johnnie_Ray,"Johnnie Ray interviewed on the Pop Chronicles
1956 ",FALSE,FALSE,FALSE,FALSE,TRUE,FALSE,FALSE
gender,American_actors,Christopher_Reeve,"– Newsweek
""Christopher Reeve has become an instant ",FALSE,FALSE,FALSE,FALSE,TRUE,FALSE,FALSE
gender,American_actors,Christopher_Reeve,"Christopher Reeve Homepage
Reeve, Christopher Nothing is Impossible, ",FALSE,FALSE,FALSE,FALSE,TRUE,FALSE,FALSE
gender,American_actors,Dan_Resin,"on YouTube
Dan Resin obituary
Review of Hail
Dan Resin ",FALSE,FALSE,FALSE,FALSE,TRUE,FALSE,FALSE
gender,American_actors,Fayard_Nicholas,"Fayard Nicholas at Find a Grave
Fayard Nicholas ",FALSE,FALSE,FALSE,FALSE,TRUE,FALSE,FALSE
gender,American_actors,Chuck_Norris,"The Chuck Norris Fitness System
The Secret of ",FALSE,FALSE,FALSE,FALSE,TRUE,FALSE,FALSE
gender,American_actors,Harry_Northup,"Cahuenga Press
Bio Sketch
Video of Harry Northup reading ",FALSE,FALSE,FALSE,FALSE,TRUE,FALSE,FALSE
gender,American_actors,Mark_Indelicato,"Mark Indelicato on IMDb
From Broadway World
BroadwayWorld.com interview ",FALSE,FALSE,FALSE,FALSE,TRUE,FALSE,FALSE
gender,American_actors,Chris_Isaak,"Chris Isaak discography at Discogs  
Chris ",FALSE,FALSE,FALSE,FALSE,TRUE,FALSE,FALSE
gender,American_actors,Ricky_Jay,"Ricky Jay & His 52 Assistants
Ricky Jay: ",FALSE,FALSE,FALSE,FALSE,TRUE,FALSE,FALSE
gender,American_actors,Penn_Jillette,"(1982) by Various / Penn Jillette
Captain Howdy, ",FALSE,FALSE,FALSE,FALSE,TRUE,FALSE,FALSE
gender,American_actors,Ron_Balicki,"8, by: Ron Balicki, ""Insiders""
""El Budoka"", 1996, ",FALSE,FALSE,FALSE,FALSE,TRUE,FALSE,FALSE
gender,American_actors,Steve_Barton,"http://www.ovrtur.com/biography/10128888
Steve Barton A Life Dedicated to the ",FALSE,FALSE,FALSE,FALSE,TRUE,FALSE,FALSE
gender,American_actors,Sean_Kanan,"TV
Sean Kanan Talks About His Restless ",FALSE,FALSE,FALSE,FALSE,TRUE,FALSE,FALSE
gender,American_actors,Kurt_Kasznar,"Kurt Kasznar on IMDb
Kurt Kasznar biography, actordatabase.com; ",FALSE,FALSE,FALSE,FALSE,TRUE,FALSE,FALSE
gender,American_actors,Andy_Kaufman,"ISBN 0-375-50457-5
Keller, Florian, Andy Kaufman: Wrestling with ",FALSE,FALSE,FALSE,FALSE,TRUE,FALSE,FALSE
gender,American_actors,Andy_Kaufman,"ISBN 158648317X
Margulies, Lynne; Zmuda, Bob, Andy Kaufman, ",FALSE,FALSE,FALSE,FALSE,TRUE,FALSE,FALSE
gender,American_actors,Andy_Kaufman,"“Waking Andy Kaufman.” by Bill Jensen
Uncle Andy’s ",FALSE,FALSE,FALSE,FALSE,TRUE,FALSE,FALSE
gender,American_actors,Buster_Keaton,"Film historian Jeffrey Vance wrote:

Buster Keaton's comedy ",FALSE,FALSE,FALSE,FALSE,TRUE,FALSE,FALSE
gender,American_actors,Buster_Keaton,"Group
Meade, Marion, Buster Keaton: Cut to the ",FALSE,FALSE,FALSE,FALSE,TRUE,FALSE,FALSE
gender,American_actors,Buster_Keaton,"of Washington/Sayre collection)
Buster Keaton's Silent Shorts by ",FALSE,FALSE,FALSE,FALSE,TRUE,FALSE,FALSE
gender,American_actors,J._T._Walsh,"Walsh since 1998
J. T. Walsh at AllMovie
Bubblegun interview
J. T. Walsh ",FALSE,FALSE,FALSE,FALSE,TRUE,FALSE,FALSE
gender,American_actors,Dennis_Weaver,"(information on his ancestry)
Dennis Weaver at Find ",FALSE,FALSE,FALSE,FALSE,TRUE,FALSE,FALSE
gender,American_actors,Gordon_Parks,"ISBN 978-3-86930-801-2
Russell Lord, Gordon Parks: The Making ",FALSE,FALSE,FALSE,FALSE,TRUE,FALSE,FALSE
gender,American_actors,Gordon_MacRae,"(Birch Lane Press, 1992) ISBN 978-1559721127
Gordon MacRae: ",FALSE,FALSE,FALSE,FALSE,TRUE,FALSE,FALSE
gender,American_actors,Aasif_Mandvi,"Aasif Mandvi on IMDb
Aasif Mandvi on Twitter
""A ",FALSE,FALSE,FALSE,FALSE,TRUE,FALSE,FALSE
gender,American_actors,Aasif_Mandvi,"– Interview
One on One – Aasif Mandvi ",FALSE,FALSE,FALSE,FALSE,TRUE,FALSE,FALSE
gender,American_actors,Bobby_Darin,"Bobby Darin at Find a Grave
""Beyond the ",FALSE,FALSE,FALSE,FALSE,TRUE,FALSE,FALSE
gender,American_actors,Sammy_Davis_Jr.,"(1965)
The Sammy Davis Jr. Show – Host
Alice In ",FALSE,FALSE,FALSE,FALSE,TRUE,FALSE,FALSE
gender,American_actors,Sid_Davis,"Sid Davis on IMDb
Sid Davis at the ",FALSE,FALSE,FALSE,FALSE,TRUE,FALSE,FALSE
gender,American_actors,Hoagy_Carmichael,"Hoagy Carmichael at Find a Grave
Hoagy Carmichael ",FALSE,FALSE,FALSE,FALSE,TRUE,FALSE,FALSE
gender,American_actors,Randy_Quaid,"January 2011 Vanity Fair profile
Randy Quaid at ",FALSE,FALSE,FALSE,FALSE,TRUE,FALSE,FALSE
gender,American_actresses,Lucille_Ball,"Lucille Ball and several other actors participate
""Wanda ",FALSE,FALSE,FALSE,FALSE,TRUE,FALSE,FALSE
gender,American_actresses,Ethel_Barrymore,"of South Carolina)
Ethel Barrymore - ",FALSE,FALSE,FALSE,FALSE,TRUE,FALSE,FALSE
gender,American_actresses,Karen_Black,"Karen Black at AllMovie
Works by or about ",FALSE,FALSE,FALSE,FALSE,TRUE,FALSE,FALSE
gender,American_actresses,Karen_Black,"movie site
Podcast interview March 2007
Karen Black — ",FALSE,FALSE,FALSE,FALSE,TRUE,FALSE,FALSE
gender,American_actresses,Billie_Burke,"of Washington Sayre collection
Billie Burke photos ",FALSE,FALSE,FALSE,FALSE,TRUE,FALSE,FALSE
gender,American_actresses,Billie_Burke,"of Louisville Macauley Collection
Flo Ziegfeld-Billie Burke Papers, ",FALSE,FALSE,FALSE,FALSE,TRUE,FALSE,FALSE
gender,American_actresses,Diahann_Carroll,"Diahann Carroll at the Internet Broadway Database
Diahann ",FALSE,FALSE,FALSE,FALSE,TRUE,FALSE,FALSE
gender,American_actresses,Carol_Channing,"(2004)
Carol Channing: The First Eighty Years Are ",FALSE,FALSE,FALSE,FALSE,TRUE,FALSE,FALSE
gender,American_actresses,Doris_Day,"Hawthorne Publishing, ISBN 9780978716738
Braun, Eric, Doris Day ",FALSE,FALSE,FALSE,FALSE,TRUE,FALSE,FALSE
gender,American_actresses,Yvonne_De_Carlo,"""Prelinger Archive"".Obituaries:

""Yvonne De Carlo, Who Played Lily on ",FALSE,FALSE,FALSE,FALSE,TRUE,FALSE,FALSE
gender,American_actresses,Phyllis_Diller,"Phyllis Diller at Find a Grave
One of ",FALSE,FALSE,FALSE,FALSE,TRUE,FALSE,FALSE
gender,American_actresses,Marie_Dressler,"of Washington, Sayre collection)
Marie Dressler reading newspaper ",FALSE,FALSE,FALSE,FALSE,TRUE,FALSE,FALSE
gender,American_actresses,Marie_Dressler,"of Washington, Sayre collection)
Marie Dressler in a ",FALSE,FALSE,FALSE,FALSE,TRUE,FALSE,FALSE
gender,American_actresses,Lisa_Edelstein,"Lisa Edelstein
is an American actress and ",FALSE,FALSE,FALSE,FALSE,TRUE,FALSE,FALSE
gender,American_actresses,Lola_Falana,"on YouTube
Lola Falana on IMDb
Lola Falana at ",FALSE,FALSE,FALSE,FALSE,TRUE,FALSE,FALSE
gender,American_actresses,Jane_Fonda,"Jane Fonda Profile at Turner Classic Movies
About.com ",FALSE,FALSE,FALSE,FALSE,TRUE,FALSE,FALSE
gender,American_actresses,Kay_Francis,"ISBN 0786411376, ISBN 978-0786411375
Callahan, Dan, Kay Francis: ",FALSE,FALSE,FALSE,FALSE,TRUE,FALSE,FALSE
gender,American_actresses,Annette_Funicello,"Obituary from Disney D23
Annette Funicello at Brian's ",FALSE,FALSE,FALSE,FALSE,TRUE,FALSE,FALSE
gender,American_actresses,Ava_Gardner,"Ava Gardner at Find a Grave
Ava Gardner ",FALSE,FALSE,FALSE,FALSE,TRUE,FALSE,FALSE
gender,American_actresses,Nancy_Kovack,"Nancy Kovack at Memory Alpha
Nancy Kovack at ",FALSE,FALSE,FALSE,FALSE,TRUE,FALSE,FALSE
gender,American_actresses,Dorothy_Malone,"(on shooting The Last Voyage)
Dorothy Malone photo ",FALSE,FALSE,FALSE,FALSE,TRUE,FALSE,FALSE
gender,American_actresses,Mary_Elizabeth_Mastrantonio,"Movies: Mary Elizabeth Mastrantonio biography Retrieved 2012-08-28
The Sunday ",FALSE,FALSE,FALSE,FALSE,TRUE,FALSE,FALSE
gender,American_actresses,Liza_Minnelli,"Carol Publishing
Schechter, Scott, The Liza Minnelli ",FALSE,FALSE,FALSE,FALSE,TRUE,FALSE,FALSE
gender,American_actresses,Grace_Moore,"Grace Moore at Find a Grave
Grace Moore ",FALSE,FALSE,FALSE,FALSE,TRUE,FALSE,FALSE
gender,American_actresses,Mary_Tyler_Moore,"Mary Tyler Moore on IMDb
Mary Tyler Moore at ",FALSE,FALSE,FALSE,FALSE,TRUE,FALSE,FALSE
gender,American_actresses,Eleanor_Parker,"Eleanor Parker photographs and literature
Eleanor Parker at ",FALSE,FALSE,FALSE,FALSE,TRUE,FALSE,FALSE
gender,American_actresses,Diana_Ross,"(TV Special)
Motown 25: Yesterday, Today, Forever
Diana Ross: ",FALSE,FALSE,FALSE,FALSE,TRUE,FALSE,FALSE
gender,American_actresses,Jeri_Ryan,"BBC Online interview
Jeri Ryan Biography, Startrek.com
Ortolan ",FALSE,FALSE,FALSE,FALSE,TRUE,FALSE,FALSE
gender,American_actresses,Dinah_Shore,"(1962, Capitol)
The Fabulous Hits of Dinah Shore
My ",FALSE,FALSE,FALSE,FALSE,TRUE,FALSE,FALSE
gender,American_actresses,Oprah_Winfrey,"Accessed September 17, 2010
Works by Oprah Winfrey ",FALSE,FALSE,FALSE,FALSE,TRUE,FALSE,FALSE
gender,American_actresses,Julie_Marie_Berman,"Julie Marie Berman 
(born November 3, 1983) is ",FALSE,FALSE,FALSE,FALSE,TRUE,FALSE,FALSE
gender,American_actresses,Joan_Collins,"Debrett's People of Today
Joan Collins interview on ",FALSE,FALSE,FALSE,FALSE,TRUE,FALSE,FALSE
gender,American_actresses,Audra_McDonald,"An Evening with Audra McDonald

37 concerts; this ",FALSE,FALSE,FALSE,FALSE,TRUE,FALSE,FALSE
race,Asian_Americans,Jaegwon_Kim,"Jaegwon Kim's CV
Mental Causation, Internet Encyclopedia of ",FALSE,FALSE,FALSE,FALSE,TRUE,FALSE,FALSE
race,Asian_Americans,Andrea_Jung,"Andrea Jung
is a Canadian-American executive, non-profit ",FALSE,FALSE,FALSE,FALSE,TRUE,FALSE,FALSE
race,Asian_Americans,Johnny_Kan,"Johnny Kan at Find a Grave
A glimpse ",FALSE,FALSE,FALSE,FALSE,TRUE,FALSE,FALSE
race,Asian_Americans,Teresa_H._Meng,"Signal Processing and Wireless Communications:
Teresa H. Meng and ",FALSE,FALSE,FALSE,FALSE,TRUE,FALSE,FALSE
race,Asian_Americans,Joan_Chen,"Movies
Joan Chen at Allmovie
Joan Chen at ",FALSE,FALSE,FALSE,FALSE,TRUE,FALSE,FALSE
race,Asian_Americans,Peter_Chung,"AWN gallery
CATSUKA-Peter Chung Detailed work history, as ",FALSE,FALSE,FALSE,FALSE,TRUE,FALSE,FALSE
race,Asian_Americans,Peter_Chung,"Interview with Peter Chung by Ed Stastny
Suicide ",FALSE,FALSE,FALSE,FALSE,TRUE,FALSE,FALSE
race,Asian_Americans,James_Wong_Howe,"47–59
James Wong Howe Talk at 1974 San Francisco ",FALSE,FALSE,FALSE,FALSE,TRUE,FALSE,FALSE
race,Asian_Americans,Aasif_Mandvi,"Aasif Mandvi on IMDb
Aasif Mandvi on ",FALSE,FALSE,FALSE,FALSE,TRUE,FALSE,FALSE
race,Asian_Americans,Aasif_Mandvi,"– Interview
One on One – Aasif ",FALSE,FALSE,FALSE,FALSE,TRUE,FALSE,FALSE
race,Asian_Americans,Anna_May_Wong,"Anna May Wong on IMDb
Anna May Wong at ",FALSE,FALSE,FALSE,FALSE,TRUE,FALSE,FALSE
race,Asian_Americans,William_Hung,"William Hung at Rolling Stone
William Hung poker ",FALSE,FALSE,FALSE,FALSE,TRUE,FALSE,FALSE
race,Asian_Americans,Ravi_Shankar,"Ravi Shankar at AllMusic
Ravi Shankar on IMDb
Interview ",FALSE,FALSE,FALSE,FALSE,TRUE,FALSE,FALSE
race,Asian_Americans,Fred_Korematsu,"Fred Korematsu Day, 1/30/2014
Topaz Japanese-American Relocation ",FALSE,FALSE,FALSE,FALSE,TRUE,FALSE,FALSE
race,Asian_Americans,Carlos_Bulosan,"Contains a photograph of Carlos Bulosan
Seiwoong ",FALSE,FALSE,FALSE,FALSE,TRUE,FALSE,FALSE
race,Asian_Americans,Jonah_Hex,"2 #10–11; 1972)
Weird Western Tales
Jonah Hex ",FALSE,FALSE,FALSE,FALSE,TRUE,FALSE,FALSE
race,Asian_Americans,Jonah_Hex,"2 #21; 1987/12)
Jonah Hex: Two Gun Mojo
Jonah ",FALSE,FALSE,FALSE,FALSE,TRUE,FALSE,FALSE
race,Asian_Americans,Jonah_Hex,"2 #1–70; 2005–2011)
Jonah Hex: No Way ",FALSE,FALSE,FALSE,FALSE,TRUE,FALSE,FALSE
race,Asian_Americans,Jonah_Hex,"1) #1–22, March 2014, ISBN 978-1-4012-4106-3)
Jonah ",FALSE,FALSE,FALSE,FALSE,TRUE,FALSE,FALSE
race,Asian_Americans,Jonah_Hex,"10 and up
House ads with Jonah Hex's ",FALSE,FALSE,FALSE,FALSE,TRUE,FALSE,FALSE
race,Asian_Americans,David_Wong_Louie,"181–91
Cynthia Kadohata and David Wong Louie: The Pangs ",FALSE,FALSE,FALSE,FALSE,TRUE,FALSE,FALSE
race,Asian_Americans,Aimee_Nezhukumatathil,"Aimee Nezhukumatathil.CS1 maint: uses editors parameter
John ",FALSE,FALSE,FALSE,FALSE,TRUE,FALSE,FALSE
race,Asian_Americans,Bryan_Thao_Worra,"Magazine Interview with Bryan Thao Worra
Saline Reporter Interview ",FALSE,FALSE,FALSE,FALSE,TRUE,FALSE,FALSE
race,Asian_Americans,Jade_Snow_Wong,"(book article)
Jade Snow Wong By: Kapai, ",FALSE,FALSE,FALSE,FALSE,TRUE,FALSE,FALSE
race,Asian_Americans,Jade_Snow_Wong,"(dissertation abstract)
Jade Snow Wong's Badge of Distinction in ",FALSE,FALSE,FALSE,FALSE,TRUE,FALSE,FALSE
race,Asian_Americans,Judy_Yung,"Judy Yung.CS1 maint: uses editors parameter
The Adventures ",FALSE,FALSE,FALSE,FALSE,TRUE,FALSE,FALSE
race,Asian_Americans,Judy_Yung,"ISBN 978-0-19-973408-5.CS1 maint: uses authors parameter
Judy ",FALSE,FALSE,FALSE,FALSE,TRUE,FALSE,FALSE
race,Asian_Americans,Spark_Matsunaga,"Spark Matsunaga at Find a Grave
Appearances on ",FALSE,FALSE,FALSE,FALSE,TRUE,FALSE,FALSE
race,Asian_Americans,Edward_Soriano,"globalsecurity.org.CS1 maint: multiple names: authors list
Edward ",FALSE,FALSE,FALSE,FALSE,TRUE,FALSE,FALSE
race,Asian_Americans,Ngo_Quang_Truong,"by General Norman Schwarzkopf
Ngo Quang Truong biography
Vietnam War ",FALSE,FALSE,FALSE,FALSE,TRUE,FALSE,FALSE
race,Asian_Americans,Steven_Chu,"His nomination reads:

Steven Chu's development of methods ",FALSE,FALSE,FALSE,FALSE,TRUE,FALSE,FALSE
race,Asian_Americans,Yoichiro_Nambu,"Biographical Information
Nambu's most-cited scientific papers
Yoichiro Nambu's earliest ",FALSE,FALSE,FALSE,FALSE,TRUE,FALSE,FALSE
race,Asian_Americans,Nathan_Chen,"Figure Skating)
Nathan Chen at the United States ",FALSE,FALSE,FALSE,FALSE,TRUE,FALSE,FALSE
race,Asian_Americans,Michelle_Kwan,"Figure Skating
Michelle Kwan at the United States ",FALSE,FALSE,FALSE,FALSE,TRUE,FALSE,FALSE
race,African_Americans,Roscoe_Lee_Browne,"Retrieved March 1, 2016
Roscoe Lee Browne profile, at ",FALSE,FALSE,FALSE,FALSE,TRUE,FALSE,FALSE
race,African_Americans,Diahann_Carroll,"Diahann Carroll at the Internet Broadway Database
Diahann Carroll at the Internet ",FALSE,FALSE,FALSE,FALSE,TRUE,FALSE,FALSE
race,African_Americans,Sammy_Davis_Jr.,"(1965)
The Sammy Davis Jr. Show – Host
Alice In Wonderland ",FALSE,FALSE,FALSE,FALSE,TRUE,FALSE,FALSE
race,African_Americans,Danny_Glover,"Cheryl Byron and Something Positive
Danny Glover in ",FALSE,FALSE,FALSE,FALSE,TRUE,FALSE,FALSE
race,African_Americans,Dick_Gregory,"The Shadow that Scares Me
Dick Gregory's Bible ",FALSE,FALSE,FALSE,FALSE,TRUE,FALSE,FALSE
race,African_Americans,Dick_Gregory,"ISBN 0-8128-6194-9
Dick Gregory's Natural Diet for ",FALSE,FALSE,FALSE,FALSE,TRUE,FALSE,FALSE
race,African_Americans,Dennis_Haysbert,"Club
Dennis Haysbert on IMDb
Haysbert Bio at ",FALSE,FALSE,FALSE,FALSE,TRUE,FALSE,FALSE
race,African_Americans,Gregory_Hines,"TonyAwards.com Interview with Gregory Hines
Archival footage of Gregory ",FALSE,FALSE,FALSE,FALSE,TRUE,FALSE,FALSE
race,African_Americans,Lionel_Richie,"2011: Lionel Richie: Dancing On the Ceiling
2014: ",FALSE,FALSE,FALSE,FALSE,TRUE,FALSE,FALSE
race,African_Americans,Diana_Ross,"(TV Special)
Motown 25: Yesterday, Today, Forever
Diana Ross: ",FALSE,FALSE,FALSE,FALSE,TRUE,FALSE,FALSE
race,African_Americans,John_Singleton,"John Singleton on IMDb 
John Singleton at ",FALSE,FALSE,FALSE,FALSE,TRUE,FALSE,FALSE
race,African_Americans,Gary_Anthony_Williams,"Retrieved July 23, 2007
Gary Anthony Williams Causes a ",FALSE,FALSE,FALSE,FALSE,TRUE,FALSE,FALSE
race,African_Americans,Oprah_Winfrey,"Accessed September 17, 2010
Works by Oprah Winfrey ",FALSE,FALSE,FALSE,FALSE,TRUE,FALSE,FALSE
race,African_Americans,Alma_Thomas,"""-Alma Thomas, 1970

Thomas would not be recognized ",FALSE,FALSE,FALSE,FALSE,TRUE,FALSE,FALSE
race,African_Americans,Mary_Ellen_Pleasant,"https://cdnc.ucr.edu/cgi-bin/cdnc?a=d&d=SFC19011229.2.213.8&srpos=23&e=------190-en--20-SFC-21-byDA-txt-txIN-Mammy+Pleasant-------1
Meet Mary Ellen Pleasant
Mary Ellen ""Mammy"" Pleasant ",FALSE,FALSE,FALSE,FALSE,TRUE,FALSE,FALSE
race,African_Americans,Ralph_Abernathy,"FBI file on Ralph Abernathy
Ralph Abernathy on ",FALSE,FALSE,FALSE,FALSE,TRUE,FALSE,FALSE
race,African_Americans,Ella_Baker,"The Ongoing Feminist Revolution
""Ella Baker,"" One Person, ",FALSE,FALSE,FALSE,FALSE,TRUE,FALSE,FALSE
race,African_Americans,James_Baldwin,"Southern Spaces
James Baldwin talks about race, political ",FALSE,FALSE,FALSE,FALSE,TRUE,FALSE,FALSE
race,African_Americans,Angela_Davis,"1972–1985
""Angela Davis Talks about her Future and ",FALSE,FALSE,FALSE,FALSE,TRUE,FALSE,FALSE
race,African_Americans,Angela_Davis,"Appearances on C-SPAN
Angela Davis on IMDb
""Angela ",FALSE,FALSE,FALSE,FALSE,TRUE,FALSE,FALSE
race,African_Americans,Frederick_Douglass,"Holiday House, 1993.Documentary films:

Frederick Douglass and the ",FALSE,FALSE,FALSE,FALSE,TRUE,FALSE,FALSE
race,African_Americans,Frederick_Douglass,"; 2008
Frederick Douglass [videorecording] / produced by ",FALSE,FALSE,FALSE,FALSE,TRUE,FALSE,FALSE
race,African_Americans,Frederick_Douglass,"; 1997
Frederick Douglass: When the Lion Wrote ",FALSE,FALSE,FALSE,FALSE,TRUE,FALSE,FALSE
race,African_Americans,Frederick_Douglass,"Works by Frederick Douglass at Project Gutenberg
Works ",FALSE,FALSE,FALSE,FALSE,TRUE,FALSE,FALSE
race,African_Americans,Frederick_Douglass,"The Frederick Douglass Diary
 The Liberator Files, ",FALSE,FALSE,FALSE,FALSE,TRUE,FALSE,FALSE
race,African_Americans,Frederick_Douglass,"Timeline of Frederick Douglass and family
Timeline of ",FALSE,FALSE,FALSE,FALSE,TRUE,FALSE,FALSE
race,African_Americans,James_Farmer,"James Farmer, Penguin-Plume, 1986 ISBN 0-452-25803-0
He ",FALSE,FALSE,FALSE,FALSE,TRUE,FALSE,FALSE
race,African_Americans,Walter_Fauntroy,"– Live Chat with Walter FauntroyIslamOnline.net
http://www.spartacus-educational.com/JFKfauntroy.htm
Lecture with ",FALSE,FALSE,FALSE,FALSE,TRUE,FALSE,FALSE
race,African_Americans,Fred_Hampton,"She said: 

I believe Fred Hampton was ",FALSE,FALSE,FALSE,FALSE,TRUE,FALSE,FALSE
race,African_Americans,Fred_Hampton,"The Murder of Fred Hampton on IMDb
FBI ",FALSE,FALSE,FALSE,FALSE,TRUE,FALSE,FALSE
race,African_Americans,James_Weldon_Johnson,"James Weldon Johnson Memorial Collection
Profile and Images at ",FALSE,FALSE,FALSE,FALSE,TRUE,FALSE,FALSE
race,African_Americans,James_Weldon_Johnson,"Grace and James Weldon Johnson Website
Profile at Modern ",FALSE,FALSE,FALSE,FALSE,TRUE,FALSE,FALSE
race,African_Americans,Martin_Luther_King_Jr.,"The citation read:

Martin Luther King Jr. was the conscience ",FALSE,FALSE,FALSE,FALSE,TRUE,FALSE,FALSE
race,African_Americans,Bernard_Lafayette,"Appearances on C-SPAN
SNCC Digital Gateway: Bernard Lafayette, ",FALSE,FALSE,FALSE,FALSE,TRUE,FALSE,FALSE
race,African_Americans,Julius_Lester,"Manuscript Finding Aids at Jones Library
Julius Lester ",FALSE,FALSE,FALSE,FALSE,TRUE,FALSE,FALSE
race,African_Americans,Rosa_Parks,"2015:
The papers of Rosa Parks were cataloged ",FALSE,FALSE,FALSE,FALSE,TRUE,FALSE,FALSE
race,African_Americans,Rosa_Parks,"2016:
The house lived in by Rosa Parks's ",FALSE,FALSE,FALSE,FALSE,TRUE,FALSE,FALSE
race,African_Americans,Rosa_Parks,"2019:
A statue of Rosa Parks was unveiled ",FALSE,FALSE,FALSE,FALSE,TRUE,FALSE,FALSE
race,African_Americans,Rosa_Parks,"Rosa Parks on IMDb
Photo of Rosa Parks ",FALSE,FALSE,FALSE,FALSE,TRUE,FALSE,FALSE
race,African_Americans,A._Philip_Randolph,"A. Philip Randolph Pullman Porter Museum
A. Philp Randolph ",FALSE,FALSE,FALSE,FALSE,TRUE,FALSE,FALSE
race,African_Americans,Amelia_Boynton_Robinson,"King wrote:

In Bridge Across Jordan, Amelia Boynton Robinson ",FALSE,FALSE,FALSE,FALSE,TRUE,FALSE,FALSE
race,African_Americans,Jo_Ann_Robinson,"in The African American Registry
""Jo Ann ",FALSE,FALSE,FALSE,FALSE,TRUE,FALSE,FALSE
race,African_Americans,Bayard_Rustin,"Brother Outsider: The Life of Bayard Rustin
King, ",FALSE,FALSE,FALSE,FALSE,TRUE,FALSE,FALSE
race,African_Americans,Bayard_Rustin,"Bayard Rustin FB Memorial Page
FBI file on ",FALSE,FALSE,FALSE,FALSE,TRUE,FALSE,FALSE
race,African_Americans,Bayard_Rustin,"The Nation
Biography on Bayard Rustin High School's ",FALSE,FALSE,FALSE,FALSE,TRUE,FALSE,FALSE
race,African_Americans,Al_Sharpton,"ISBN 0-7582-0350-0
The Rejected Stone: Al Sharpton ",FALSE,FALSE,FALSE,FALSE,TRUE,FALSE,FALSE
race,African_Americans,Al_Sharpton,"Appearances on C-SPAN
Stories told by Al ",FALSE,FALSE,FALSE,FALSE,TRUE,FALSE,FALSE
race,African_Americans,Andrew_Young,"(June 1996);
Andrew Young at the United ",FALSE,FALSE,FALSE,FALSE,TRUE,FALSE,FALSE
race,African_Americans,Andrew_Young,"Appearances on C-SPAN
Andrew Young on IMDb
""Andrew ",FALSE,FALSE,FALSE,FALSE,TRUE,FALSE,FALSE
race,African_Americans,Deval_Patrick,"Deval Patrick
Deval Patrick at Curlie
Appearances on ",FALSE,FALSE,FALSE,FALSE,TRUE,FALSE,FALSE
race,African_Americans,Clarence_Thomas,"Clarence Thomas at Ballotpedia
Issue positions and quotes ",FALSE,FALSE,FALSE,FALSE,TRUE,FALSE,FALSE
race,African_Americans,Nikki_Giovanni,"Nikki Giovanni: Profile and Poems at Poets.org
Giovanni ",FALSE,FALSE,FALSE,FALSE,TRUE,FALSE,FALSE
race,African_Americans,Toni_Morrison,"Bookworm Interviews with Michael Silverblatt
Toni Morrison's oral ",FALSE,FALSE,FALSE,FALSE,TRUE,FALSE,FALSE
race,African_Americans,Arna_Bontemps,"ISBN 0-313-28013-4
Charles Harold Nichols, editor, Arna ",FALSE,FALSE,FALSE,FALSE,TRUE,FALSE,FALSE
race,African_Americans,Paul_Laurence_Dunbar,"301
Paul Laurence Dunbar High School
Paul Laurence Dunbar Middle ",FALSE,FALSE,FALSE,FALSE,TRUE,FALSE,FALSE
race,African_Americans,Paul_Laurence_Dunbar,"Paul Laurence Dunbar: Profile and Poems
Paul Laurence Dunbar ",FALSE,FALSE,FALSE,FALSE,TRUE,FALSE,FALSE
race,African_Americans,Ralph_Ellison,"ISBN 0-394-54050-6
The Collected Essays of Ralph ",FALSE,FALSE,FALSE,FALSE,TRUE,FALSE,FALSE
race,African_Americans,Ralph_Ellison,"ISBN 0-679-60176-7
Living with Music: Ralph Ellison's ",FALSE,FALSE,FALSE,FALSE,TRUE,FALSE,FALSE
race,African_Americans,Ralph_Ellison,"Books and Writers
Ralph Ellison, American Masters, PBS.org
Notes ",FALSE,FALSE,FALSE,FALSE,TRUE,FALSE,FALSE
race,African_Americans,Ralph_Ellison,"FBI file on Ralph Ellison
The Ralph Ellison ",FALSE,FALSE,FALSE,FALSE,TRUE,FALSE,FALSE
race,African_Americans,Ishmael_Reed,"""Releases produced by Ishmael Reed

His Bassist, featuring ",FALSE,FALSE,FALSE,FALSE,TRUE,FALSE,FALSE
race,African_Americans,Margaret_Walker,"Margaret Walker at Smithsonian Folkways
""Margaret Walker: ",FALSE,FALSE,FALSE,FALSE,TRUE,FALSE,FALSE
race,African_Americans,Dorothy_West,"ISBN 0-452-00981-2
Sherrard-Johnson, Cherene, Dorothy West's Paradise: ",FALSE,FALSE,FALSE,FALSE,TRUE,FALSE,FALSE
race,African_Americans,John_Edgar_Wideman,"""Salon Interview"", LAURA MILLER
""John Edgar Wideman"", The New ",FALSE,FALSE,FALSE,FALSE,TRUE,FALSE,FALSE
race,African_Americans,Miles_Davis,"Music writer Christopher Smith wrote,

Miles Davis' artistic ",FALSE,FALSE,FALSE,FALSE,TRUE,FALSE,FALSE
race,African_Americans,Duke_Ellington,"ISBN 0-306-80614-2
Lawrence, A. H. Duke Ellington ",FALSE,FALSE,FALSE,FALSE,TRUE,FALSE,FALSE
race,African_Americans,Jimi_Hendrix,"Rolling Stone's Alex Vadukul wrote:

When Jimi Hendrix ",FALSE,FALSE,FALSE,FALSE,TRUE,FALSE,FALSE
race,African_Americans,Smokey_Robinson,"Smokey Robinson's page at soulwalking.co.uk
Smokey Robinson Biography ",FALSE,FALSE,FALSE,FALSE,TRUE,FALSE,FALSE
race,African_Americans,Ike_Turner,"The Best of Ike Turner, Rhino R2-71819
2001: ",FALSE,FALSE,FALSE,FALSE,TRUE,FALSE,FALSE
race,African_Americans,Barry_White,"(1976)
Barry White Sings for Someone You Love
The ",FALSE,FALSE,FALSE,FALSE,TRUE,FALSE,FALSE
race,African_Americans,Barry_White,"(1981)
Change
Dedicated
The Right Night & Barry White
The ",FALSE,FALSE,FALSE,FALSE,TRUE,FALSE,FALSE
race,African_Americans,Kim_Burrell,"Kim Burrell on IMDb
Kim Burrell at ",FALSE,FALSE,FALSE,FALSE,TRUE,FALSE,FALSE
race,African_Americans,Lavern_Baker,"LaVern Baker at AllMovie
Biography of Lavern ",FALSE,FALSE,FALSE,FALSE,TRUE,FALSE,FALSE
race,African_Americans,Bobby_Bland,"Bobby Bland discography
Bobby Bland at Wenig-Lamonica ",FALSE,FALSE,FALSE,FALSE,TRUE,FALSE,FALSE
race,African_Americans,Buddy_Bolden,"on IMDb
The Real Buddy Bolden The Syncopated ",FALSE,FALSE,FALSE,FALSE,TRUE,FALSE,FALSE
race,African_Americans,Clifford_Brown,"2001)
Clifford Brown And Art Farmer With The ",FALSE,FALSE,FALSE,FALSE,TRUE,FALSE,FALSE
race,African_Americans,Clifford_Brown,"Clifford Brown Quartet In Paris
Clifford Brown Sextet ",FALSE,FALSE,FALSE,FALSE,TRUE,FALSE,FALSE
race,African_Americans,Clifford_Brown,"1956)
Clifford Brown Ensemble / Arranged by Montrose ",FALSE,FALSE,FALSE,FALSE,TRUE,FALSE,FALSE
race,African_Americans,Clifford_Brown,"2001)
Clifford Brown & Max Roach (EmArcy ",FALSE,FALSE,FALSE,FALSE,TRUE,FALSE,FALSE
race,African_Americans,Peabo_Bryson,"AllMusic entry
Peabo Bryson at Wenig-LaMonica Associates
Fan ",FALSE,FALSE,FALSE,FALSE,TRUE,FALSE,FALSE
race,African_Americans,Jerry_Butler,"Erica Covin
Jerry Butler Biography on VH1.com
Jerry Butler ",FALSE,FALSE,FALSE,FALSE,TRUE,FALSE,FALSE
race,African_Americans,Donald_Byrd,"(Funking Up My Life)
Chant
Donald Byrd and ",FALSE,FALSE,FALSE,FALSE,TRUE,FALSE,FALSE
race,African_Americans,Betty_Carter,"Betty Carter profile at MTV
Martin Weil, Betty ",FALSE,FALSE,FALSE,FALSE,TRUE,FALSE,FALSE
race,African_Americans,Charlie_Christian,"Charlie Christian, Style Analysis and Solo Examples
Deep ",FALSE,FALSE,FALSE,FALSE,TRUE,FALSE,FALSE
race,African_Americans,James_Cleveland,"James Cleveland at jcchorus.com
James Cleveland on ",FALSE,FALSE,FALSE,FALSE,TRUE,FALSE,FALSE
race,African_Americans,Daryl_Coley,"Patrick Henderson, Daryl Coley)
""The Comforter Has Come""
""By ",FALSE,FALSE,FALSE,FALSE,TRUE,FALSE,FALSE
race,African_Americans,Daryl_Coley,"Patrick Henderson, Daryl Coley)
""Medley: He'll Never Let ",FALSE,FALSE,FALSE,FALSE,TRUE,FALSE,FALSE
race,African_Americans,Alice_Coltrane,"Alice Coltrane at NPR Music
Alice Coltrane in ",FALSE,FALSE,FALSE,FALSE,TRUE,FALSE,FALSE
race,African_Americans,James_Cotton,"2
1967: The James Cotton Blues Band
1968: ",FALSE,FALSE,FALSE,FALSE,TRUE,FALSE,FALSE
race,African_Americans,Edmond_Hall,"2, August 9, 1940
Interviews with Edmond Hall ",FALSE,FALSE,FALSE,FALSE,TRUE,FALSE,FALSE
race,African_Americans,Damon_Harris,"Damon Harris biography
Damon Harris Cancer Foundation ",FALSE,FALSE,FALSE,FALSE,TRUE,FALSE,FALSE
race,African_Americans,Coleman_Hawkins,"At the Village Gate
Coleman Hawkins Plays Make ",FALSE,FALSE,FALSE,FALSE,TRUE,FALSE,FALSE
race,African_Americans,Earl_Hines,"See also jazzonfilm.com/documentaries

Earl Hines at Music of ",FALSE,FALSE,FALSE,FALSE,TRUE,FALSE,FALSE
race,African_Americans,Thelma_Houston,"50 R&BMoWest release

1973: Thelma HoustonSheffield Lab release

1975: ",FALSE,FALSE,FALSE,FALSE,TRUE,FALSE,FALSE
race,African_Americans,Thelma_Houston,"20
1978: Two to One – Thelma Houston ",FALSE,FALSE,FALSE,FALSE,TRUE,FALSE,FALSE
race,African_Americans,Thelma_Houston,"51MCA releases

1983: Thelma Houston
1984: Qualifying Heat ",FALSE,FALSE,FALSE,FALSE,TRUE,FALSE,FALSE
race,African_Americans,Chuck_Jackson,"(Wand WDM-655)
1964: Chuck Jackson on Tour
1965: Mr. ",FALSE,FALSE,FALSE,FALSE,TRUE,FALSE,FALSE
race,African_Americans,Milt_Jackson,"Milt Jackson Meets the Clayton-Hamilton Jazz Orchestra
2002: ",FALSE,FALSE,FALSE,FALSE,TRUE,FALSE,FALSE
race,African_Americans,Robert_Johnson,"Robert Johnson at Find a Grave
Bluesman's Son ",FALSE,FALSE,FALSE,FALSE,TRUE,FALSE,FALSE
race,African_Americans,Eddie_Kendricks,"Hold On
1973: Eddie Kendricks
1974: Boogie ",FALSE,FALSE,FALSE,FALSE,TRUE,FALSE,FALSE
race,African_Americans,Eddie_Kendricks,"Retrieved 1/30/09
Eddie Kendricks at Find a ",FALSE,FALSE,FALSE,FALSE,TRUE,FALSE,FALSE
race,African_Americans,Oliver_Nelson,"Records
Oliver Nelson: A Discography – Douglas Payne's ",FALSE,FALSE,FALSE,FALSE,TRUE,FALSE,FALSE
race,African_Americans,Bobby_Womack,"Bobby Womack at AllMusic
Bobby Womack on IMDb
Bobby Womack ",FALSE,FALSE,FALSE,FALSE,TRUE,FALSE,FALSE
race,African_Americans,Willie_Mays,"– slideshow by Life magazine
Willie Mays Biography ",FALSE,FALSE,FALSE,FALSE,TRUE,FALSE,FALSE
race,African_Americans,Curt_Flood,"Curt Flood at Find a Grave
Curt Flood ",FALSE,FALSE,FALSE,FALSE,TRUE,FALSE,FALSE
race,African_Americans,Joe_Louis,"In his autobiography, Joe Louis said:

I made ",FALSE,FALSE,FALSE,FALSE,TRUE,FALSE,FALSE
race,African_Americans,Jerry_Rice,"Sports · SI.com · Pro-Football-Reference
Jerry Rice ",FALSE,FALSE,FALSE,FALSE,TRUE,FALSE,FALSE
race,African_Americans,Serena_Williams,"ISBN 978-0-8225-3684-0.CS1 maint: ref=harv
Williams, Venus; Serena ",FALSE,FALSE,FALSE,FALSE,TRUE,FALSE,FALSE
race,African_Americans,Otis_Davis,"For the baseball player, see Otis Davis

Otis ",FALSE,FALSE,FALSE,FALSE,TRUE,FALSE,FALSE
race,African_Americans,Ralph_Metcalfe,"U.S. House of Representatives history: Ralph Metcalfe
Ralph Metcalfe ",FALSE,FALSE,FALSE,FALSE,TRUE,FALSE,FALSE
race,African_Americans,Wilma_Rudolph,"(subscription required)
Haney, James E., ""Wilma Rudolph"" ",FALSE,FALSE,FALSE,FALSE,TRUE,FALSE,FALSE
race,African_Americans,Edwin_Moses,"Edwin Moses at World Athletics
IOC 1984 Summer ",FALSE,FALSE,FALSE,FALSE,TRUE,FALSE,FALSE
race,African_Americans,George_Washington_Carver,"1943, Liberty ship SS George Washington Carver launched
1947, ",FALSE,FALSE,FALSE,FALSE,TRUE,FALSE,FALSE
race,African_Americans,George_Washington_Carver,"1950, George Washington Carver State Park named
1951-1954, U.S. ",FALSE,FALSE,FALSE,FALSE,TRUE,FALSE,FALSE
race,African_Americans,George_Washington_Carver,"2004, George Washington Carver Bridge, Des Moines, Iowa
2007, ",FALSE,FALSE,FALSE,FALSE,TRUE,FALSE,FALSE
race,African_Americans,George_Washington_Carver,"George Washington Carver
Mary Bagley, George Washington Carver: ",FALSE,FALSE,FALSE,FALSE,TRUE,FALSE,FALSE
race,African_Americans,Emmett_Till,"Poem: ""Emmett Till"" by James Emanuel
Wolf Whistle ",FALSE,FALSE,FALSE,FALSE,TRUE,FALSE,FALSE
race,African_Americans,Emmett_Till,"Retrieved February 25, 2019.Emmett Till at Curlie
The ",FALSE,FALSE,FALSE,FALSE,TRUE,FALSE,FALSE
race,European_Americans,Herb_Kelleher,"ISBN 0767901843
Herb Kelleher leadership
How I Built This ",FALSE,FALSE,FALSE,FALSE,TRUE,FALSE,FALSE
race,European_Americans,John_Huston,"Literature on John Huston
John Huston papers, Margaret ",FALSE,FALSE,FALSE,FALSE,TRUE,FALSE,FALSE
race,European_Americans,William_Desmond_Taylor,"William Desmond Taylor on IMDb
William Desmond Taylor at ",FALSE,FALSE,FALSE,FALSE,TRUE,FALSE,FALSE
race,European_Americans,Anthony_Kennedy,"Anthony Kennedy at Ballotpedia
Appearances on C-SPAN
Issue positions ",FALSE,FALSE,FALSE,FALSE,TRUE,FALSE,FALSE
race,European_Americans,Philip_Barry,"Philip Barry on IMDb
Philip Barry at the ",FALSE,FALSE,FALSE,FALSE,TRUE,FALSE,FALSE
race,European_Americans,L._Frank_Baum,"ISBN 0-7006-0832-X
Rogers, Katharine M. L. Frank Baum, ",FALSE,FALSE,FALSE,FALSE,TRUE,FALSE,FALSE
race,European_Americans,Louise_Bogan,"– Louise Bogan

Though open to interpretation, ""Medusa"" ",FALSE,FALSE,FALSE,FALSE,TRUE,FALSE,FALSE
race,European_Americans,Bill_Bryson,"His biography at the Society reads:

Bill Bryson ",FALSE,FALSE,FALSE,FALSE,TRUE,FALSE,FALSE
race,European_Americans,Jack_Kerouac,"Jack Kerouac on IMDb
Jack Kerouac at the ",FALSE,FALSE,FALSE,FALSE,TRUE,FALSE,FALSE
race,European_Americans,Billy_Collins,"New Yorker: Collins' ""Catholicism""
Billy Collins at ",FALSE,FALSE,FALSE,FALSE,TRUE,FALSE,FALSE
race,European_Americans,Pat_Conroy,"Pat Conroy Literary Center
Edwin C. Epps ",FALSE,FALSE,FALSE,FALSE,TRUE,FALSE,FALSE
race,European_Americans,Pat_Conroy,"Pat Conroy on IMDb
Excerpts from 1991 interview
Entry ",FALSE,FALSE,FALSE,FALSE,TRUE,FALSE,FALSE
race,European_Americans,Robert_Fitzgerald,"Interview from The Poet's Other Voice
Robert Fitzgerald ",FALSE,FALSE,FALSE,FALSE,TRUE,FALSE,FALSE
race,European_Americans,Fanny_Howe,"Joshua Glenn:

Fanny Howe isn't part of the ",FALSE,FALSE,FALSE,FALSE,TRUE,FALSE,FALSE
race,European_Americans,Susan_Howe,"Susan Howe audio at PennSound
Susan Howe Page @ ",FALSE,FALSE,FALSE,FALSE,TRUE,FALSE,FALSE
race,European_Americans,Frank_McCourt,"bartender of renown, dies
Reviews of Frank McCourt's ",FALSE,FALSE,FALSE,FALSE,TRUE,FALSE,FALSE
race,European_Americans,Charles_Olson,"New York: Viking, 1975 ISBN 0-670-52400-X
Charles Olson ",FALSE,FALSE,FALSE,FALSE,TRUE,FALSE,FALSE
race,European_Americans,Charles_Olson,"Retrieved 2010-12-12
Works by or about Charles ",FALSE,FALSE,FALSE,FALSE,TRUE,FALSE,FALSE
race,European_Americans,Charles_Olson,"Retrieved 2010-12-12
The Charles Olson Research Collection at ",FALSE,FALSE,FALSE,FALSE,TRUE,FALSE,FALSE
race,European_Americans,Charles_Olson,"Retrieved 2010-12-12
""Charles Olson in the Tradition of ",FALSE,FALSE,FALSE,FALSE,TRUE,FALSE,FALSE
race,European_Americans,Charles_Olson,"Retrieved 2010-12-12
""Charles Olson"", Pennsound, a page ",FALSE,FALSE,FALSE,FALSE,TRUE,FALSE,FALSE
race,European_Americans,Charles_Olson,"Retrieved 2010-12-12
Records of Charles Olson are held ",FALSE,FALSE,FALSE,FALSE,TRUE,FALSE,FALSE
race,European_Americans,John_Kennedy_Toole,"John Kennedy Toole at Find a Grave
John Kennedy ",FALSE,FALSE,FALSE,FALSE,TRUE,FALSE,FALSE
race,European_Americans,Jimmy_Breslin,"ASIN: B00704TRH6
1969 World of Jimmy Breslin ",FALSE,FALSE,FALSE,FALSE,TRUE,FALSE,FALSE
race,European_Americans,Neil_Cavuto,"2004-08-31
Neil Cavuto on The Daily Show
Neil Cavuto ",FALSE,FALSE,FALSE,FALSE,TRUE,FALSE,FALSE
race,European_Americans,Tim_Russert,"Remembering Tim Russert
Print media's reaction to Russert's ",FALSE,FALSE,FALSE,FALSE,TRUE,FALSE,FALSE
race,European_Americans,Tim_Russert,"Tim Russert at Find a Grave
A Tribute ",FALSE,FALSE,FALSE,FALSE,TRUE,FALSE,FALSE
race,European_Americans,Ed_Sullivan,"Ed Sullivan Documentary
Ed Sullivan on IMDb
Ed Sullivan ",FALSE,FALSE,FALSE,FALSE,TRUE,FALSE,FALSE
race,European_Americans,Marty_Maher,"Marty Maher
Martin Maher at Find a ",FALSE,FALSE,FALSE,FALSE,TRUE,FALSE,FALSE
race,European_Americans,James_Buchanan,"University of Virginia article: Buchanan biography
Wheatland
James Buchanan ",FALSE,FALSE,FALSE,FALSE,TRUE,FALSE,FALSE
race,European_Americans,Andrew_Johnson,"Andrew Johnson National Historic Site
Andrew Johnson: A ",FALSE,FALSE,FALSE,FALSE,TRUE,FALSE,FALSE
race,European_Americans,Benjamin_Harrison,"Benjamin Harrison: Resource Guide, Library of Congress
Benjamin ",FALSE,FALSE,FALSE,FALSE,TRUE,FALSE,FALSE
race,European_Americans,Theodore_Roosevelt,"Almanac of Theodore Roosevelt
Theodore Roosevelt: A Resource Guide ",FALSE,FALSE,FALSE,FALSE,TRUE,FALSE,FALSE
race,European_Americans,Harry_S._Truman,"Other sites associated with Truman include:

Harry S. Truman ",FALSE,FALSE,FALSE,FALSE,TRUE,FALSE,FALSE
race,European_Americans,Lance_Armstrong,"Lance Armstrong Talks to Oprah oprah.com
Stop at ",FALSE,FALSE,FALSE,FALSE,TRUE,FALSE,FALSE
race,European_Americans,Billy_Conn,"Once went rounds with Billy Conn.""
Billy Conn's ",FALSE,FALSE,FALSE,FALSE,TRUE,FALSE,FALSE
race,European_Americans,Jack_Dempsey,"Jack Dempsey's New York Restaurant
Nichols, Jeffrey ",FALSE,FALSE,FALSE,FALSE,TRUE,FALSE,FALSE
race,European_Americans,Jack_Dempsey,"Jack Dempsey at Virtual History
Jack Dempsey profile ",FALSE,FALSE,FALSE,FALSE,TRUE,FALSE,FALSE
race,European_Americans,Ben_Hogan,"Company failed late 2016
2017 - Ben Hogan ",FALSE,FALSE,FALSE,FALSE,TRUE,FALSE,FALSE
race,European_Americans,Ben_Hogan,"ISBN 0-385-26145-4.CS1 maint: ref=harv
""Ben Hogan: ""Players ",FALSE,FALSE,FALSE,FALSE,TRUE,FALSE,FALSE
race,European_Americans,Kathleen_Willey,"Washington Post, Updated 1998-10-02
Excerpt From Kathleen Willey's ",FALSE,FALSE,FALSE,FALSE,TRUE,FALSE,FALSE
race,European_Americans,Paula_Jones,"Paula Jones on IMDb
Paula Jones' athletic ",FALSE,FALSE,FALSE,FALSE,TRUE,FALSE,FALSE
race,European_Americans,Ronda_Rousey,"Ronda Rousey at USA Judo
Ohlenkamp, Neil; ",FALSE,FALSE,FALSE,FALSE,TRUE,FALSE,FALSE
race,European_Americans,Ed_Paschke,"Major exhibitions include:
Ed Paschke: Selected Works 1967–1981, ",FALSE,FALSE,FALSE,FALSE,TRUE,FALSE,FALSE
race,European_Americans,Julian_Stanczak,"Julian Stanczak, Retrospective:  1948-1998
Serigraphs and ",FALSE,FALSE,FALSE,FALSE,TRUE,FALSE,FALSE
race,European_Americans,Jack_Tworkov,"OCLC: 7607995
Jack Tworkov; Andrew Forge; Solomon R. ",FALSE,FALSE,FALSE,FALSE,TRUE,FALSE,FALSE
race,European_Americans,Jack_Tworkov,"ISBN 0-89207-033-1, ISBN 978-0-89207-033-6
Richard Armstrong, Jack ",FALSE,FALSE,FALSE,FALSE,TRUE,FALSE,FALSE
race,European_Americans,Mark_Z._Danielewski,"Mark Z. Danielewski on IMDb
Exploration Z
Interviews
Wittmershaus, ",FALSE,FALSE,FALSE,FALSE,TRUE,FALSE,FALSE
race,European_Americans,Jerzy_Kosinski,"99–109
Barbara Gelb, ""Being Jerzy Kosinski"", New ",FALSE,FALSE,FALSE,FALSE,TRUE,FALSE,FALSE
race,European_Americans,Jerzy_Kosinski,"121–32
Michael Schumacher, ""Jerzy Kosinski"", Writer's Yearbook, ",FALSE,FALSE,FALSE,FALSE,TRUE,FALSE,FALSE
race,European_Americans,Jerzy_Kosinski,"Designing for Jerzy Kosinski
Jerzy Kosiński at ",FALSE,FALSE,FALSE,FALSE,TRUE,FALSE,FALSE
race,European_Americans,Aaron_Spelling,"Aaron Spelling on IMDb
Aaron Spelling at The ",FALSE,FALSE,FALSE,FALSE,TRUE,FALSE,FALSE
race,European_Americans,Christopher_Hitchens,"ISBN 978-0-306-81608-6
2008 Christopher Hitchens and His Critics: ",FALSE,FALSE,FALSE,FALSE,TRUE,FALSE,FALSE
race,European_Americans,Benny_Goodman,"1 & 2
Original Benny Goodman Trio and ",FALSE,FALSE,FALSE,FALSE,TRUE,FALSE,FALSE
race,European_Americans,Gene_Krupa,"3
1953 The Exciting Gene Krupa
1954 Sing, Sing, ",FALSE,FALSE,FALSE,FALSE,TRUE,FALSE,FALSE
race,European_Americans,Jon_Stewart,"The cancelation statement read:

HBO and Jon Stewart ",FALSE,FALSE,FALSE,FALSE,TRUE,FALSE,FALSE
race,European_Americans,David_Geffen,"David Geffen at AllMusic
'I Remember David Geffen', ",FALSE,FALSE,FALSE,FALSE,TRUE,FALSE,FALSE
race,European_Americans,Leo_Gerstenzang,"One is:

One day in 1923, Leo Gerstenzang ",FALSE,FALSE,FALSE,FALSE,TRUE,FALSE,FALSE
race,European_Americans,Helena_Rubinstein,"83–108)
Michèle Fitoussi Helena Rubinstein: the woman who ",FALSE,FALSE,FALSE,FALSE,TRUE,FALSE,FALSE
race,European_Americans,Steve_Wozniak,"—Steve Wozniak in 2010

By March 1, 1976, ",FALSE,FALSE,FALSE,FALSE,TRUE,FALSE,FALSE
race,European_Americans,Sylvester_Antolak,"Sylvester Antolak Highway""
The first episode of the ",FALSE,FALSE,FALSE,FALSE,TRUE,FALSE,FALSE
race,European_Americans,Zbigniew_Brzezinski,"Zbigniew Brzezinski: America's Grand Strategist scholarly biography
Ziolkowska-Boehm, ",FALSE,FALSE,FALSE,FALSE,TRUE,FALSE,FALSE
race,European_Americans,Zbigniew_Brzezinski,"ISBN 0-8290-3572-9
Zbigniew Brzezinski, bibliography and drawings ",FALSE,FALSE,FALSE,FALSE,TRUE,FALSE,FALSE
race,European_Americans,Thaddeus_J._Dulski,"Thaddeus J. Dulski at Find a Grave
Dulski's ",FALSE,FALSE,FALSE,FALSE,TRUE,FALSE,FALSE
race,European_Americans,Jerry_Kleczka,"Appearances on C-SPAN
Jerry Kleczka at Find ",FALSE,FALSE,FALSE,FALSE,TRUE,FALSE,FALSE
race,European_Americans,Andrzej_Ehrenfeucht,"ISBN 1-56676-299-5
Andrzej Ehrenfeucht, Tero Harju, Grzegorz ",FALSE,FALSE,FALSE,FALSE,TRUE,FALSE,FALSE
race,European_Americans,Richard_Feynman,"James Gleick wrote:

This was Richard Feynman nearing ",FALSE,FALSE,FALSE,FALSE,TRUE,FALSE,FALSE
race,European_Americans,Alfred_Korzybski,"ISBN 978-0-9700664-1-1
Alfred Korzybski, Manhood of Humanity, foreword by ",FALSE,FALSE,FALSE,FALSE,TRUE,FALSE,FALSE
race,European_Americans,Adam_Ulam,"130–132
Crystal Reference Encyclopedia on Adam Ulam
Harvard ",FALSE,FALSE,FALSE,FALSE,TRUE,FALSE,FALSE
race,European_Americans,Mark_Lukasiewicz,"Kids- Joey and Jake Lukasiewicz 
Mark Lukasiewicz ",FALSE,FALSE,FALSE,FALSE,TRUE,FALSE,FALSE
race,European_Americans,Bill_Romanowski,"Sports · SI.com · Pro-Football-Reference
Bill Romanowski ",FALSE,FALSE,FALSE,FALSE,TRUE,FALSE,FALSE
race,European_Americans,Steve_Wisniewski,": Steve Wisniewski raidersonline.com
Steve Wisniewski testimony tothenextlevel.org
Old-school ",FALSE,FALSE,FALSE,FALSE,TRUE,FALSE,FALSE
race,European_Americans,Killer_Kowalski,"Wrestling Canadian Hall of Fame: Killer Kowalski
Interview ",FALSE,FALSE,FALSE,FALSE,TRUE,FALSE,FALSE
race,European_Americans,Velvet_Sky,"Sports profile
Official website
Velvet Sky's profile at ",FALSE,FALSE,FALSE,FALSE,TRUE,FALSE,FALSE
race,European_Americans,Al_Capone,"(with photos)
FBI files on Al Capone
Little Chicago: ",FALSE,FALSE,FALSE,FALSE,TRUE,FALSE,FALSE
race,European_Americans,Alfred_Stieglitz,"(October 2004)
Weston Naef, Alfred Stieglitz: Photographs ",FALSE,FALSE,FALSE,FALSE,TRUE,FALSE,FALSE
race,European_Americans,Albert_Bierstadt,"Albert Bierstadt Paintings Gallery 345 images online
The ",FALSE,FALSE,FALSE,FALSE,TRUE,FALSE,FALSE
race,European_Americans,Albert_Bierstadt,"Norton Art Gallery: Albert Bierstadt's Biography
berkshireeagle.com / ",FALSE,FALSE,FALSE,FALSE,TRUE,FALSE,FALSE
race,European_Americans,Frank_Lloyd_Wright,"ISBN 978-3-7643-8697-9
Twombly, Robert C. Frank Lloyd Wright: ",FALSE,FALSE,FALSE,FALSE,TRUE,FALSE,FALSE
race,European_Americans,Frank_Lloyd_Wright,"ISBN 978-0-7112-2967-9
Heinz, Thomas A. Frank Lloyd Wright ",FALSE,FALSE,FALSE,FALSE,TRUE,FALSE,FALSE
race,European_Americans,Frank_Lloyd_Wright,"Designs for an American Landscape 1922–1932
Frank Lloyd Wright ",FALSE,FALSE,FALSE,FALSE,TRUE,FALSE,FALSE
race,European_Americans,Claire_Falkenstein,"Claire Falkenstein, Collections Search Center, Smithsonian Institution
Entry ",FALSE,FALSE,FALSE,FALSE,TRUE,FALSE,FALSE
race,European_Americans,Lyonel_Feininger,"Lyonel Feininger at Find a Grave
Available ",FALSE,FALSE,FALSE,FALSE,TRUE,FALSE,FALSE
race,European_Americans,Don_Heck,"The American Artist Bluebook: Don Heck
""DC ",FALSE,FALSE,FALSE,FALSE,TRUE,FALSE,FALSE
race,European_Americans,Franz_Kline,"Franz Kline
Harry F. Gaugh Franz Kline
Eugenia ",FALSE,FALSE,FALSE,FALSE,TRUE,FALSE,FALSE
race,European_Americans,Erwin_Panofsky,"Books and Writers
Erwin Panofsky Papers at the ",FALSE,FALSE,FALSE,FALSE,TRUE,FALSE,FALSE
race,European_Americans,Max_Ehrmann,"A Fearsome Riddle Bowen-Merrill Co., Indianapolis
Max ",FALSE,FALSE,FALSE,FALSE,TRUE,FALSE,FALSE
race,European_Americans,Max_Ehrmann,"A Prayer and Selections New York
Max ",FALSE,FALSE,FALSE,FALSE,TRUE,FALSE,FALSE
race,European_Americans,Max_Ehrmann,"Max Ehrmann's Poems Viquesney Publishing Co
Max ",FALSE,FALSE,FALSE,FALSE,TRUE,FALSE,FALSE
race,European_Americans,Max_Ehrmann,"Who Entereth Here Dodge Publishing Co.
Max ",FALSE,FALSE,FALSE,FALSE,TRUE,FALSE,FALSE
race,European_Americans,Max_Ehrmann,"Worldly Wisdom Revisited by Max Ehrmann
Tim ",FALSE,FALSE,FALSE,FALSE,TRUE,FALSE,FALSE
race,European_Americans,Friedrich_Hirth,"Syllabary of Chinese sounds, by Friedrich Hirth
Chinese ",FALSE,FALSE,FALSE,FALSE,TRUE,FALSE,FALSE
race,European_Americans,Walter_Lippman,"LCCN 61--8370
Goodwin, Craufurd D. Walter Lippmann: ",FALSE,FALSE,FALSE,FALSE,TRUE,FALSE,FALSE
race,European_Americans,Walter_Lippman,"ISBN 978-0674368132
Riccio, Barry D. Walter Lippmann: ",FALSE,FALSE,FALSE,FALSE,TRUE,FALSE,FALSE
race,European_Americans,Henry_Miller,"ISBN 0-87477-404-7
Brown, J. D. Henry Miller, ",FALSE,FALSE,FALSE,FALSE,TRUE,FALSE,FALSE
race,European_Americans,Henry_Miller,"Dinner with Henry Miller, a 30-minute video
UbuWeb ",FALSE,FALSE,FALSE,FALSE,TRUE,FALSE,FALSE
race,European_Americans,Jack_Schaefer,"Books and Writers
Jack Schaefer at Library of ",FALSE,FALSE,FALSE,FALSE,TRUE,FALSE,FALSE
race,European_Americans,Ernest_Schwiebert,"Ernest Schwiebert - 2005

Ernest George Schwiebert, Ph.D., ",FALSE,FALSE,FALSE,FALSE,TRUE,FALSE,FALSE
race,European_Americans,Levi_Strauss,"Levi Strauss at Find a Grave
Levi Strauss ",FALSE,FALSE,FALSE,FALSE,TRUE,FALSE,FALSE
race,European_Americans,John_Jacob_Astor,"John Jacob Astor: America's First Multimillionaire excerpt
""John Jacob ",FALSE,FALSE,FALSE,FALSE,TRUE,FALSE,FALSE
race,European_Americans,Bernard_Baruch,"FBI file on Bernard Baruch
A film clip ",FALSE,FALSE,FALSE,FALSE,TRUE,FALSE,FALSE
race,European_Americans,Walter_Chrysler,"194–198
Newspaper clippings about  Walter Chrysler in ",FALSE,FALSE,FALSE,FALSE,TRUE,FALSE,FALSE
race,European_Americans,Theodore_J._Forstmann,"Ted Forstmann's Bio
Theodore J. Forstmann at Find ",FALSE,FALSE,FALSE,FALSE,TRUE,FALSE,FALSE
race,European_Americans,Conrad_Hilton,"with a foreword by Conrad Hilton
Comfort, ",FALSE,FALSE,FALSE,FALSE,TRUE,FALSE,FALSE
race,European_Americans,George_Lucas,"(contributor)
1995: George Lucas, Chris Claremont: Shadow Moon ",FALSE,FALSE,FALSE,FALSE,TRUE,FALSE,FALSE
race,European_Americans,George_Lucas,"George Lucas on IMDb 
George Lucas at ",FALSE,FALSE,FALSE,FALSE,TRUE,FALSE,FALSE
race,European_Americans,David_Rockefeller,"They had six children:

David Rockefeller Jr. – ",FALSE,FALSE,FALSE,FALSE,TRUE,FALSE,FALSE
race,European_Americans,John_Wanamaker,"(John Wanamaker, Innovator)
Advertising Hall of Fame
A Short ",FALSE,FALSE,FALSE,FALSE,TRUE,FALSE,FALSE
race,European_Americans,Tom_Cruise,"Movies
Tom Cruise on WorldCat
Tom Cruise on IMDb
Tom Cruise ",FALSE,FALSE,FALSE,FALSE,TRUE,FALSE,FALSE
race,European_Americans,Peter_Dinklage,"The New York Times.Interviews

Interview with Peter Dinklage about ",FALSE,FALSE,FALSE,FALSE,TRUE,FALSE,FALSE
race,European_Americans,Karen_Black,"Karen Black at AllMovie
Works by or about Karen ",FALSE,FALSE,FALSE,FALSE,TRUE,FALSE,FALSE
race,European_Americans,Karen_Black,"movie site
Podcast interview March 2007
Karen Black — ",FALSE,FALSE,FALSE,FALSE,TRUE,FALSE,FALSE
race,European_Americans,Dana_Carvey,"Dana Carvey at Emmys.com
""WTF Podcast, Episode ",FALSE,FALSE,FALSE,FALSE,TRUE,FALSE,FALSE
race,European_Americans,Carol_Channing,"(2004)
Carol Channing: The First Eighty Years ",FALSE,FALSE,FALSE,FALSE,TRUE,FALSE,FALSE
race,European_Americans,Doris_Day,"Hawthorne Publishing, ISBN 9780978716738
Braun, Eric, Doris ",FALSE,FALSE,FALSE,FALSE,TRUE,FALSE,FALSE
race,European_Americans,James_Dean,"Forever James Dean, Warner Home Video
James Dean: ",FALSE,FALSE,FALSE,FALSE,TRUE,FALSE,FALSE
race,European_Americans,Tab_Hunter,"Tab Hunter on IMDb
Tab Hunter at the ",FALSE,FALSE,FALSE,FALSE,TRUE,FALSE,FALSE
race,European_Americans,Emil_Jannings,"136–45
Emil Jannings: Theater, Film – Das ",FALSE,FALSE,FALSE,FALSE,TRUE,FALSE,FALSE
race,European_Americans,Emil_Jannings,"(posthumous)
Herbert Ihering: Emil Jannings: Baumeister seines ",FALSE,FALSE,FALSE,FALSE,TRUE,FALSE,FALSE
race,European_Americans,Isabella_Rossellini,"Isabella Rossellini on IMDb
Isabella Rossellini at the ",FALSE,FALSE,FALSE,FALSE,TRUE,FALSE,FALSE
race,European_Americans,Johnny_Weissmuller,"Johnny Weissmuller at Find a Grave
Johnny ",FALSE,FALSE,FALSE,FALSE,TRUE,FALSE,FALSE
race,European_Americans,Judy_Sheindlin,"website
Judy Sheindlin on IMDb
Judge Judy marks 10 ",FALSE,FALSE,FALSE,FALSE,TRUE,FALSE,FALSE
race,European_Americans,Ed_Schultz,"Senator, Bernie Sanders read:

Ed Schultz was a ",FALSE,FALSE,FALSE,FALSE,TRUE,FALSE,FALSE
race,European_Americans,George_Antheil,"Dolce – espressivo
Giuseppe Galante - George ",FALSE,FALSE,FALSE,FALSE,TRUE,FALSE,FALSE
race,European_Americans,George_Antheil,"Scherzo – Vivace
Giuseppe Galante - George ",FALSE,FALSE,FALSE,FALSE,TRUE,FALSE,FALSE
race,European_Americans,Bix_Beiderbecke,"Bix Beiderbecke Memorial Society
All That Jazz: ",FALSE,FALSE,FALSE,FALSE,TRUE,FALSE,FALSE
race,European_Americans,Hugo_Friedhofer,"Hugo Friedhofer unofficial website
The Best Years of ",FALSE,FALSE,FALSE,FALSE,TRUE,FALSE,FALSE
race,European_Americans,Jaan_Patterson,"Das Buch der Vorgeschichten ""Jaan Patterson""
Peculiar ",FALSE,FALSE,FALSE,FALSE,TRUE,FALSE,FALSE
race,European_Americans,Pete_Seeger,"Audio Version
Dunaway, David K. Pete Seeger: How ",FALSE,FALSE,FALSE,FALSE,TRUE,FALSE,FALSE
race,European_Americans,Pete_Seeger,"ISBN 978-0802738127
Renehan, Edward, Pete Seeger vs. the ",FALSE,FALSE,FALSE,FALSE,TRUE,FALSE,FALSE
race,European_Americans,Pete_Seeger,"ISBN 978-0615998138
Seeger, Pete, Pete Seeger: In ",FALSE,FALSE,FALSE,FALSE,TRUE,FALSE,FALSE
race,European_Americans,Pete_Seeger,"ISBN 978-1612052182
Seeger, Pete, The Pete Seeger ",FALSE,FALSE,FALSE,FALSE,TRUE,FALSE,FALSE
race,European_Americans,Pete_Seeger,"[chriscomerradio.com/pete_seeger/pete_seeger12-31-1996.htm Pete Seeger Radio Interview 1996]
""Interview ",FALSE,FALSE,FALSE,FALSE,TRUE,FALSE,FALSE
race,European_Americans,Frederick_Stock,"Frederick Stock)
Ludwig van Beethoven: Piano Concerti ",FALSE,FALSE,FALSE,FALSE,TRUE,FALSE,FALSE
race,European_Americans,Kurt_Weill,"Patricia O'Callaghan
The Unknown Kurt Weill – Teresa ",FALSE,FALSE,FALSE,FALSE,TRUE,FALSE,FALSE
race,European_Americans,Kurt_Weill,"(Painted Smiles)
An Evening of Kurt Weill, starring ",FALSE,FALSE,FALSE,FALSE,TRUE,FALSE,FALSE
race,European_Americans,Lawrence_Welk,"database of Lawrence Welk Music Arrangements
Lawrence Welk's ",FALSE,FALSE,FALSE,FALSE,TRUE,FALSE,FALSE
race,European_Americans,Ray_Harryhausen,"10, ""Ray Harryhausen"" by Richard Meyers
Starlog ",FALSE,FALSE,FALSE,FALSE,TRUE,FALSE,FALSE
race,European_Americans,Nicole_Brown_Simpson,"Nicole Brown Simpson at Find a Grave
Nicole Brown Simpson ",FALSE,FALSE,FALSE,FALSE,TRUE,FALSE,FALSE
race,European_Americans,George_Atzerodt,"Dr. Samuel A. Mudd Research Site
George Atzerodt ",FALSE,FALSE,FALSE,FALSE,TRUE,FALSE,FALSE
race,European_Americans,Laura_Bullion,"Her grave marker reads:

Freda Bullion Lincoln
Laura Bullion
The ",FALSE,FALSE,FALSE,FALSE,TRUE,FALSE,FALSE
race,European_Americans,Warren_E._Burger,"Warren E. Burger at Supreme Court Historical Society
Supreme Court ",FALSE,FALSE,FALSE,FALSE,TRUE,FALSE,FALSE
race,European_Americans,Friedrich_Hecker,"Gruch, 1998 ISBN 3-931395-08-1)
Friedrich Hecker und ",FALSE,FALSE,FALSE,FALSE,TRUE,FALSE,FALSE
race,European_Americans,Michael_Hillegas,"1907-1922 Michael Hillegas gold certificate
Michael Hillegas ",FALSE,FALSE,FALSE,FALSE,TRUE,FALSE,FALSE
race,European_Americans,J._Edgar_Hoover,"Works by J. Edgar Hoover at Project Gutenberg
Works ",FALSE,FALSE,FALSE,FALSE,TRUE,FALSE,FALSE
race,European_Americans,J._Edgar_Hoover,"J. Edgar Hoover on IMDb
Appearances on ",FALSE,FALSE,FALSE,FALSE,TRUE,FALSE,FALSE
race,European_Americans,Arthur_M._Schlesinger_Jr.,"(p. 14)
Sue Saunders, Arthur M. Schlesinger Jr. John F. ",FALSE,FALSE,FALSE,FALSE,TRUE,FALSE,FALSE
race,European_Americans,Carl_Schurz,"Fuess, Claude Moore Carl Schurz, Reformer,
Nagel, ",FALSE,FALSE,FALSE,FALSE,TRUE,FALSE,FALSE
race,European_Americans,Carl_Schurz,"Retrieved on 2008-08-12
Works by Carl Schurz at ",FALSE,FALSE,FALSE,FALSE,TRUE,FALSE,FALSE
race,European_Americans,John_Peter_Zenger,"Works by John Peter Zenger at Open Library
John Peter Zenger ",FALSE,FALSE,FALSE,FALSE,TRUE,FALSE,FALSE
race,European_Americans,Nicholas_Herkimer,"Chicago: F. E. Compton and Co.
Nicholas ",FALSE,FALSE,FALSE,FALSE,TRUE,FALSE,FALSE
race,European_Americans,Franz_Sigel,"New York: Dodd, Mead.CS1 maint: ref=harv
""Franz ",FALSE,FALSE,FALSE,FALSE,TRUE,FALSE,FALSE
race,European_Americans,Franz_Sigel,"Franz Sigel at Find a Grave
Guide to ",FALSE,FALSE,FALSE,FALSE,TRUE,FALSE,FALSE
race,European_Americans,Herbert_Marcuse,"Douglas Kellner, ""Herbert Marcuse""
Bernard Stiegler, ""Spirit, ",FALSE,FALSE,FALSE,FALSE,TRUE,FALSE,FALSE
race,European_Americans,Henry_Kissinger,"ISBN 978-1627794497
Groth, Alexander J, Henry Kissinger and ",FALSE,FALSE,FALSE,FALSE,TRUE,FALSE,FALSE
race,European_Americans,Timothy_Geithner,"Appearances on C-SPAN
Timothy Geithner   on ",FALSE,FALSE,FALSE,FALSE,TRUE,FALSE,FALSE
race,European_Americans,H._John_Heinz_III,"John Heinz Legacy
Senator H. John Heinz III Archives
The H. ",FALSE,FALSE,FALSE,FALSE,TRUE,FALSE,FALSE
race,European_Americans,Herbert_Hoover,"Herbert Hoover at Curlie
Herbert Hoover on IMDb ",FALSE,FALSE,FALSE,FALSE,TRUE,FALSE,FALSE
race,European_Americans,Matt_Koehl,"transcript of remarks by Matt Koehl
Populism And Socialism In ",FALSE,FALSE,FALSE,FALSE,TRUE,FALSE,FALSE
race,European_Americans,Horace_Porter,"Together, they were the parents of:
Horace Porter ",FALSE,FALSE,FALSE,FALSE,TRUE,FALSE,FALSE
race,European_Americans,Donald_Rumsfeld,"Appearances on C-SPAN
Donald Rumsfeld collected news and commentary ",FALSE,FALSE,FALSE,FALSE,TRUE,FALSE,FALSE
race,European_Americans,Steve_Schmidt,"Washington Post
Steve Schmidt: Renowned Political Strategist and ",FALSE,FALSE,FALSE,FALSE,TRUE,FALSE,FALSE
race,European_Americans,Eunice_Kennedy_Shriver,"""Eunice Kennedy Shriver"", obituary at The Daily Telegraph
""Special ",FALSE,FALSE,FALSE,FALSE,TRUE,FALSE,FALSE
race,European_Americans,Donald_Trump,"Donald Trump appearances on C-SPAN
Donald Trump on ",FALSE,FALSE,FALSE,FALSE,TRUE,FALSE,FALSE
race,European_Americans,Robert_F._Wagner,"Robert F. Wagner at Find a Grave
Robert F. Wagner ",FALSE,FALSE,FALSE,FALSE,TRUE,FALSE,FALSE
race,European_Americans,George_J._Geis,"The Reverend George J. Geis 
was an American ",FALSE,FALSE,FALSE,FALSE,TRUE,FALSE,FALSE
race,European_Americans,Francis_Xavier_Seelos,"Church where Blessed Francis Xavier Seelos was baptised
American ",FALSE,FALSE,FALSE,FALSE,TRUE,FALSE,FALSE
race,European_Americans,Billy_Sunday,"Selected Sermons
Billy Sunday's grave
Billy Sunday at Flickr ",FALSE,FALSE,FALSE,FALSE,TRUE,FALSE,FALSE
race,European_Americans,Paul_Tillich,"),(1000 ex., Citations: https://scholar.google.ro/scholar?cites=15690573237942622546&as_sdt=2005&sciodt=0,5&hl=ro
Paul Tillich:Curajul de ",FALSE,FALSE,FALSE,FALSE,TRUE,FALSE,FALSE
race,European_Americans,Paul_Tillich,"Papers, 1896–1976
Works by or about Paul Tillich at ",FALSE,FALSE,FALSE,FALSE,TRUE,FALSE,FALSE
race,European_Americans,Franz_Boas,"Franz Boas at Minden, Westphalia
Franz Boas Papers ",FALSE,FALSE,FALSE,FALSE,TRUE,FALSE,FALSE
race,European_Americans,Katherine_Esau,"(2006), ISBN 0-470-04737-2
O'Hern, Elizabeth Moot ""Katherine ",FALSE,FALSE,FALSE,FALSE,TRUE,FALSE,FALSE
race,European_Americans,Karen_Horney,"ISBN 0-393-00686-7
The Collected Works of Karen ",FALSE,FALSE,FALSE,FALSE,TRUE,FALSE,FALSE
race,European_Americans,Karen_Horney,"ISBN 1-199-36635-8
The Adolescent Diaries of Karen ",FALSE,FALSE,FALSE,FALSE,TRUE,FALSE,FALSE
race,European_Americans,Karen_Horney,"ISBN 0-300-07527-8
The Unknown Karen Horney: Essays ",FALSE,FALSE,FALSE,FALSE,TRUE,FALSE,FALSE
race,European_Americans,Karen_Horney,"ISBN 0-201-15573-7
Rubins, Jack L. Karen Horney: ",FALSE,FALSE,FALSE,FALSE,TRUE,FALSE,FALSE
race,European_Americans,Karen_Horney,"KAREN HORNEY
The same article in PDF ",FALSE,FALSE,FALSE,FALSE,TRUE,FALSE,FALSE
race,European_Americans,Donald_Knuth,"Donald Knuth at the Mathematics Genealogy Project
O'Connor, ",FALSE,FALSE,FALSE,FALSE,TRUE,FALSE,FALSE
race,European_Americans,Jacques_Loeb,"Loeb Family Tree
Jacques Loeb at the Jewish ",FALSE,FALSE,FALSE,FALSE,TRUE,FALSE,FALSE
race,European_Americans,Ottmar_Mergenthaler,"393–432
Ottmar Mergenthaler at 159 West Lanvale ",FALSE,FALSE,FALSE,FALSE,TRUE,FALSE,FALSE
race,European_Americans,Adam_Steltzner,"Adam Steltzner at Twitter
Adam Steltzner at ",FALSE,FALSE,FALSE,FALSE,TRUE,FALSE,FALSE
race,European_Americans,Otto_Stern,"Otto Stern on Nobelprize.org
Stern's publication on his ",FALSE,FALSE,FALSE,FALSE,TRUE,FALSE,FALSE
race,European_Americans,Louis_Wirth,"http://www.eifelzeitung.de/redaktion/kinder-der-eifel/louis-wirth-amerikanischer-soziologe-134873/
Salerno, Roger Allen: Louis Wirth: A ",FALSE,FALSE,FALSE,FALSE,TRUE,FALSE,FALSE
race,European_Americans,Albert_Wohlstetter,"Appearances on C-SPAN
Albert Wohlstetter at Find a ",FALSE,FALSE,FALSE,FALSE,TRUE,FALSE,FALSE
race,European_Americans,Timothy_Chandler,"FC Nürnberg website
Timothy Chandler at WorldFootball.net
Timothy ",FALSE,FALSE,FALSE,FALSE,TRUE,FALSE,FALSE
race,European_Americans,Helene_Mayer,"Jews in Sports bio
Helene Mayer at ",FALSE,FALSE,FALSE,FALSE,TRUE,FALSE,FALSE
race,European_Americans,Kimmie_Meissner,"Figure Skating
Kimmie Meissner at the International ",FALSE,FALSE,FALSE,FALSE,TRUE,FALSE,FALSE
race,European_Americans,Lindsey_Vonn,"Ski & Snowboard
Lindsey Vonn at Ski-DB ",FALSE,FALSE,FALSE,FALSE,TRUE,FALSE,FALSE
race,European_Americans,George_Biddle,"George Biddle was married three times:

Anne Coleman ",FALSE,FALSE,FALSE,FALSE,TRUE,FALSE,FALSE
race,European_Americans,Thomas_Eakins,"ISBN 0-674-88490-6
Homer, William Innes: Thomas Eakins: ",FALSE,FALSE,FALSE,FALSE,TRUE,FALSE,FALSE
race,European_Americans,Thomas_Eakins,"ISBN 0-87633-143-6
Sewell, Darrel: Thomas Eakins: Artist ",FALSE,FALSE,FALSE,FALSE,TRUE,FALSE,FALSE
race,European_Americans,Thomas_Eakins,"ISBN 0-87633-047-2
Sullivan, Mark W.  ""Thomas Eakins ",FALSE,FALSE,FALSE,FALSE,TRUE,FALSE,FALSE
race,European_Americans,Thomas_Eakins,"ISBN 1-4000-4418-9
Weinberg, H. Barbara: Thomas Eakins ",FALSE,FALSE,FALSE,FALSE,TRUE,FALSE,FALSE
race,European_Americans,Thomas_Eakins,"Publication no: 885-660
Werbel, Amy: Thomas Eakins: ",FALSE,FALSE,FALSE,FALSE,TRUE,FALSE,FALSE
race,European_Americans,Winslow_Homer,"Pastoral landscapes
		
		
		
		
		
Winslow Homer's paintings always depicted ",FALSE,FALSE,FALSE,TRUE,TRUE,FALSE,FALSE
race,European_Americans,Winslow_Homer,"ISBN 978-0-7148-7419-7
Murphy, Alexandra R. Winslow Homer ",FALSE,FALSE,FALSE,FALSE,TRUE,FALSE,FALSE
race,European_Americans,Winslow_Homer,"Winslow Homer Gallery at MuseumSyndicate
Philip C. ",FALSE,FALSE,FALSE,FALSE,TRUE,FALSE,FALSE
race,European_Americans,John_Singer_Sargent,"ISBN 0-9741621-0-8
Fairbrother, Trevor: John Singer Sargent: The ",FALSE,FALSE,FALSE,FALSE,TRUE,FALSE,FALSE
race,European_Americans,John_Singer_Sargent,"Works by John Singer Sargent at Project Gutenberg
Works ",FALSE,FALSE,FALSE,FALSE,TRUE,FALSE,FALSE
race,European_Americans,Thomas_Sully,"Thomas Sully at Find a Grave
""Washington's Crossing ",FALSE,FALSE,FALSE,FALSE,TRUE,FALSE,FALSE
race,European_Americans,Andrew_Wyeth,"Andrew Wyeth at MuseumSyndicate
Artnet – Andrew Wyeth
Christina's ",FALSE,FALSE,FALSE,FALSE,TRUE,FALSE,FALSE
race,European_Americans,Belle_Starr,"ISBN 3-89885-759-X
Belle Starr appeared as a caricature ",FALSE,FALSE,FALSE,FALSE,TRUE,FALSE,FALSE
race,European_Americans,Christopher_Reeve,"– Newsweek
""Christopher Reeve has become an instant ",FALSE,FALSE,FALSE,FALSE,TRUE,FALSE,FALSE
race,European_Americans,Christopher_Reeve,"Christopher Reeve Homepage
Reeve, Christopher Nothing is ",FALSE,FALSE,FALSE,FALSE,TRUE,FALSE,FALSE
race,European_Americans,Dick_Van_Dyke,"— PDF Article
Dick Van Dyke -Disney Legends profile
Dick Van Dyke ",FALSE,FALSE,FALSE,FALSE,TRUE,FALSE,FALSE
race,European_Americans,Noah_Webster,"Noah Webster and the American Dictionary
Morgan, John ",FALSE,FALSE,FALSE,FALSE,TRUE,FALSE,FALSE
race,European_Americans,Noah_Webster,"The Long Journey of Noah Webster
Rollins, Richard ",FALSE,FALSE,FALSE,FALSE,TRUE,FALSE,FALSE
race,European_Americans,Noah_Webster,"Works by Noah Webster at Project Gutenberg
Works ",FALSE,FALSE,FALSE,FALSE,TRUE,FALSE,FALSE
race,European_Americans,Lucille_Ball,"Lucille Ball and several other actors participate
""Wanda ",FALSE,FALSE,FALSE,FALSE,TRUE,FALSE,FALSE
race,European_Americans,Ethel_Barrymore,"of South Carolina)
Ethel Barrymore - ",FALSE,FALSE,FALSE,FALSE,TRUE,FALSE,FALSE
race,European_Americans,Lon_Chaney_Jr.,"Informative Biograph
Lon Chaney Jr. at Find a ",FALSE,FALSE,FALSE,FALSE,TRUE,FALSE,FALSE
race,European_Americans,Stephen_Colbert,"Stephen Colbert on National Public Radio
Stephen Colbert ",FALSE,FALSE,FALSE,FALSE,TRUE,FALSE,FALSE
race,European_Americans,Deanna_Durbin,"The Deanna Durbin Showcase
The Deanna Durbin Database ",FALSE,FALSE,FALSE,FALSE,TRUE,FALSE,FALSE
race,European_Americans,Jane_Fonda,"Jane Fonda Profile at Turner Classic Movies
About.com ",FALSE,FALSE,FALSE,FALSE,TRUE,FALSE,FALSE
race,European_Americans,Ava_Gardner,"Ava Gardner at Find a Grave
Ava Gardner ",FALSE,FALSE,FALSE,FALSE,TRUE,FALSE,FALSE
race,European_Americans,Steve_McQueen,"Steve McQueen: The Actor and his Films
Nolan, ",FALSE,FALSE,FALSE,FALSE,TRUE,FALSE,FALSE
race,European_Americans,Liza_Minnelli,"Carol Publishing
Schechter, Scott, The Liza Minnelli ",FALSE,FALSE,FALSE,FALSE,TRUE,FALSE,FALSE
race,European_Americans,Mary_Tyler_Moore,"Mary Tyler Moore on IMDb
Mary Tyler Moore at ",FALSE,FALSE,FALSE,FALSE,TRUE,FALSE,FALSE
race,European_Americans,Edward_R._Murrow,"Museum of Broadcast Communications, biography
Edward R. Murrow and ",FALSE,FALSE,FALSE,FALSE,TRUE,FALSE,FALSE
race,European_Americans,Chuck_Norris,"The Chuck Norris Fitness System
The Secret of ",FALSE,FALSE,FALSE,FALSE,TRUE,FALSE,FALSE
race,European_Americans,Randy_Quaid,"January 2011 Vanity Fair profile
Randy Quaid at ",FALSE,FALSE,FALSE,FALSE,TRUE,FALSE,FALSE
race,European_Americans,Dennis_Weaver,"(information on his ancestry)
Dennis Weaver at ",FALSE,FALSE,FALSE,FALSE,TRUE,FALSE,FALSE
race,European_Americans,William_Faulkner,"ISBN 1-55994-572-9
William Faulkner Reads from His ",FALSE,FALSE,FALSE,FALSE,TRUE,FALSE,FALSE
race,European_Americans,Ernest_Hemingway,"FBI Records: The Vault, Subject: Ernest Hemingway
Hemingway ",FALSE,FALSE,FALSE,FALSE,TRUE,FALSE,FALSE
race,European_Americans,Ernest_Hemingway,"Ernest Hemingway on Nobelprize.org
Finding aid to Adele ",FALSE,FALSE,FALSE,FALSE,TRUE,FALSE,FALSE
race,European_Americans,Sidney_Lanier,"Sidney Lanier Boulevard in Duluth, GA
The Sidney Lanier ",FALSE,FALSE,FALSE,FALSE,TRUE,FALSE,FALSE
race,European_Americans,Jack_London,"""The historian Dale L. Walker commented:

Jack London ",FALSE,FALSE,FALSE,FALSE,TRUE,FALSE,FALSE
race,European_Americans,Jack_London,"'The Jack London Online Collection

""Jack London's death ",FALSE,FALSE,FALSE,FALSE,TRUE,FALSE,FALSE
race,European_Americans,Jack_London,"Jack London Personal Manuscripts
""The Life and Legacy of ",FALSE,FALSE,FALSE,FALSE,TRUE,FALSE,FALSE
race,European_Americans,Robert_Lowell,"Accessed 2010-09-11
Robert Lowell at Find a ",FALSE,FALSE,FALSE,FALSE,TRUE,FALSE,FALSE
race,European_Americans,Herman_Melville,"Arrowhead—The Home of Herman Melville
Physical description of ",FALSE,FALSE,FALSE,FALSE,TRUE,FALSE,FALSE
race,European_Americans,Thomas_Nelson_Page,"Thomas Nelson Page on IMDb
Thomas Nelson Page at ",FALSE,FALSE,FALSE,FALSE,TRUE,FALSE,FALSE
race,European_Americans,Edgar_Allan_Poe,"ISBN 978-0-7910-6173-2.CS1 maint: ref=harv
Edgar Allan Poe ",FALSE,FALSE,FALSE,FALSE,TRUE,FALSE,FALSE
race,European_Americans,E._E._Smith,"E. E. Smith on IMDb
Skylark Three
Spacehounds of IPC
Some ",FALSE,FALSE,FALSE,FALSE,TRUE,FALSE,FALSE
race,European_Americans,Mark_Twain,"Archive of Mark Twain's papers and writings
Mark ",FALSE,FALSE,FALSE,FALSE,TRUE,FALSE,FALSE
race,European_Americans,Walt_Whitman,"Rare Book & Manuscript Library.Sites

Walt Whitman Birthplace ",FALSE,FALSE,FALSE,FALSE,TRUE,FALSE,FALSE
race,European_Americans,Laura_Ingalls_Wilder,"William Anderson
Laura Ingalls Wilder & Rose Wilder Lane, ",FALSE,FALSE,FALSE,FALSE,TRUE,FALSE,FALSE
race,European_Americans,John_Cage,"Heidegger's Hölderlin and John Cage, www.arte-fact.org
Eldred, ",FALSE,FALSE,FALSE,FALSE,TRUE,FALSE,FALSE
race,European_Americans,John_Cage,"Guide to the John Cage Mycology Collection
Silence/Stories: ",FALSE,FALSE,FALSE,FALSE,TRUE,FALSE,FALSE
race,European_Americans,John_Cage,"John Cage on IMDb
Artist Biography and a ",FALSE,FALSE,FALSE,FALSE,TRUE,FALSE,FALSE
race,European_Americans,Francis_Scott_Key,"Francis Scott Key Middle School in Houston, Texas
Francis ",FALSE,FALSE,FALSE,FALSE,TRUE,FALSE,FALSE
race,European_Americans,Tony_Lucca,"Your basic record business 101 really...""
Tony Lucca ",FALSE,FALSE,FALSE,FALSE,TRUE,FALSE,FALSE
race,European_Americans,Jim_Morrison,"Anchor Press ISBN 0-375-71367-0
Stephen Davis, Jim Morrison: ",FALSE,FALSE,FALSE,FALSE,TRUE,FALSE,FALSE
race,European_Americans,Samuel_Insull,"ISBN 978-1-4039-6884-5.CS1 maint: ref=harv
""Historic Figures: Samuel ",FALSE,FALSE,FALSE,FALSE,TRUE,FALSE,FALSE
race,European_Americans,Matthew_Laflin,"1908
Fountain Spring House Hotel Matthew Laflin, ",FALSE,FALSE,FALSE,FALSE,TRUE,FALSE,FALSE
race,European_Americans,Martha_Jefferson,"Martha Jefferson at Find a Grave
""Martha Jefferson"", ",FALSE,FALSE,FALSE,FALSE,TRUE,FALSE,FALSE
race,European_Americans,Dolley_Madison,"by Paul Jennings
The Dolley Madison Project – ",FALSE,FALSE,FALSE,FALSE,TRUE,FALSE,FALSE
race,European_Americans,Margaret_Taylor,"Margaret Taylor
Margaret Taylor at C-SPAN's First Ladies: ",FALSE,FALSE,FALSE,FALSE,TRUE,FALSE,FALSE
race,European_Americans,Eleanor_Roosevelt,"(Her 1937 autobiography)
Eleanor Roosevelt The History ",FALSE,FALSE,FALSE,FALSE,TRUE,FALSE,FALSE
race,European_Americans,Barbara_Bush,"Commencement Address at Wellesley
[*Barbara Bush Foundation for ",FALSE,FALSE,FALSE,FALSE,TRUE,FALSE,FALSE
race,European_Americans,Hillary_Clinton,"Appearances on C-SPAN
Hillary Clinton's file at ",FALSE,FALSE,FALSE,FALSE,TRUE,FALSE,FALSE
race,European_Americans,Samuel_Adams,"Samuel Adams Heritage Society
Works by Samuel Adams ",FALSE,FALSE,FALSE,FALSE,TRUE,FALSE,FALSE
race,European_Americans,Harry_F._Byrd,"Library of Virginia, Harry F. Byrd webpage
Federal Highway Administration ",FALSE,FALSE,FALSE,FALSE,TRUE,FALSE,FALSE
race,European_Americans,Alfred_H._Colquitt,"Alfred Holt Colquitt historical marker
Alfred H. Colquitt, ",FALSE,FALSE,FALSE,FALSE,TRUE,FALSE,FALSE
race,European_Americans,Samuel_Elbert,"CS1 maint: location
""Order book of Samuel ",FALSE,FALSE,FALSE,FALSE,TRUE,FALSE,FALSE
race,European_Americans,Button_Gwinnett,"Biography of   Button Gwinnett
Georgia Signers ",FALSE,FALSE,FALSE,FALSE,TRUE,FALSE,FALSE
race,European_Americans,Button_Gwinnett,"Charles A. Goodrich, 1856
Button Gwinnett at ",FALSE,FALSE,FALSE,FALSE,TRUE,FALSE,FALSE
race,European_Americans,James_Henry_Hammond,"Cotton is King speech before Congress
James Henry Hammond ",FALSE,FALSE,FALSE,FALSE,TRUE,FALSE,FALSE
race,European_Americans,Patrick_Henry,"ISBN 0-07-004280-2
Jewett, Thomas, Patrick Henry: America's Radical ",FALSE,FALSE,FALSE,FALSE,TRUE,FALSE,FALSE
race,European_Americans,Wilson_Cary_Nicholas,"Wilson Cary Nicholas at Find a GraveArchival Records

A ",FALSE,FALSE,FALSE,FALSE,TRUE,FALSE,FALSE
race,European_Americans,Aaron_Ogden,"Retrieved on 2009-02-26
Biography of Aaron Ogden, New ",FALSE,FALSE,FALSE,FALSE,TRUE,FALSE,FALSE
race,European_Americans,Francis_Wilkinson_Pickens,"SCIway Biography of Francis Wilkinson Pickens
NGA Biography ",FALSE,FALSE,FALSE,FALSE,TRUE,FALSE,FALSE
race,European_Americans,William_Plumer,"William Plumer at Find a Grave
William Plumer ",FALSE,FALSE,FALSE,FALSE,TRUE,FALSE,FALSE
race,European_Americans,John_Rutledge,"NGA Biography of John Rutledge
John Rutledge at ",FALSE,FALSE,FALSE,FALSE,TRUE,FALSE,FALSE
race,European_Americans,Heber_Manning_Wells,"Heber Manning Wells at National Governors Association
Heber Manning Wells at ",FALSE,FALSE,FALSE,FALSE,TRUE,FALSE,FALSE
race,European_Americans,Clara_Barton,"Works by Clara Barton at Project Gutenberg
Works ",FALSE,FALSE,FALSE,FALSE,TRUE,FALSE,FALSE
race,European_Americans,Joseph_Fielding,"Pages: Joseph Fielding Smith
Works by Joseph Fielding Smith ",FALSE,FALSE,FALSE,FALSE,TRUE,FALSE,FALSE
race,European_Americans,Heber_C._Kimball,"Pages: Heber C. Kimball
On the Potter's Wheel: The ",FALSE,FALSE,FALSE,FALSE,TRUE,FALSE,FALSE
race,European_Americans,Christopher_Layton,"Christopher Layton at Find a Grave
McIntyre, Myron ",FALSE,FALSE,FALSE,FALSE,TRUE,FALSE,FALSE
race,European_Americans,Brigham_Henry_Roberts,"Works by Brigham Henry Roberts at Project Gutenberg
Works ",FALSE,FALSE,FALSE,FALSE,TRUE,FALSE,FALSE
race,European_Americans,Joseph_F._Smith,"Pages: Joseph F. Smith
Joseph F. Smith passport application ",FALSE,FALSE,FALSE,FALSE,TRUE,FALSE,FALSE
race,European_Americans,Thomas_Edison,"Thomas Edison on IMDb
""January 4, 1903: Edison ",FALSE,FALSE,FALSE,FALSE,TRUE,FALSE,FALSE
race,European_Americans,Tina_Brown,"Appearances on C-SPAN
Tina Brown on Charlie ",FALSE,FALSE,FALSE,FALSE,TRUE,FALSE,FALSE
race,European_Americans,Chris_Hedges,"Chris Hedges   on Charlie Rose
""Capitalism's ",FALSE,FALSE,FALSE,FALSE,TRUE,FALSE,FALSE
race,European_Americans,Chris_Hedges,"Columns by Chris Hedges at Truthdig
The Myth ",FALSE,FALSE,FALSE,FALSE,TRUE,FALSE,FALSE
race,European_Americans,Edward_Dickinson_Baker,"In Memory: Senator Edward Dickinson Baker
Oregon Civil War ",FALSE,FALSE,FALSE,FALSE,TRUE,FALSE,FALSE
race,European_Americans,Stonewall_Jackson,"Stonewall Jackson at Find a Grave
Stonewall Jackson ",FALSE,FALSE,FALSE,FALSE,TRUE,FALSE,FALSE
race,European_Americans,Dean_Acheson,"(1993)
McLellan, David S. Dean Acheson: The ",FALSE,FALSE,FALSE,FALSE,TRUE,FALSE,FALSE
race,European_Americans,Calvin_Coolidge,"Calvin Coolidge Presidential Library & Museum
Calvin Coolidge Presidential ",FALSE,FALSE,FALSE,FALSE,TRUE,FALSE,FALSE
race,European_Americans,William_M._Evarts,"Works related to William M. Evarts at Wikisource
Works ",FALSE,FALSE,FALSE,FALSE,TRUE,FALSE,FALSE
race,European_Americans,Benjamin_Franklin,"The Autobiography of Benjamin Franklin; many editions
Gaustad, ",FALSE,FALSE,FALSE,FALSE,TRUE,FALSE,FALSE
race,European_Americans,Benjamin_Franklin,"Benjamin Franklin and the American Revolution
Dull, ",FALSE,FALSE,FALSE,FALSE,TRUE,FALSE,FALSE
race,European_Americans,Benjamin_Franklin,"ISBN 0-88088-918-7
Poor Richard Improved by Benjamin ",FALSE,FALSE,FALSE,FALSE,TRUE,FALSE,FALSE
race,European_Americans,Benjamin_Franklin,"Benjamin Franklin: An extraordinary life PBS
Benjamin Franklin: ",FALSE,FALSE,FALSE,FALSE,TRUE,FALSE,FALSE
race,European_Americans,Richard_Henry_Lee,"President Richard Henry Lee
Richard Henry Lee
Biography by ",FALSE,FALSE,FALSE,FALSE,TRUE,FALSE,FALSE
race,European_Americans,Richard_Henry_Lee,"Charles A. Goodrich, 1856
Richard Henry Lee papers in ",FALSE,FALSE,FALSE,FALSE,TRUE,FALSE,FALSE
race,European_Americans,Richard_Henry_Lee,"Richard Henry Lee at Find a Grave
Richard Henry Lee ",FALSE,FALSE,FALSE,FALSE,TRUE,FALSE,FALSE
race,European_Americans,Thomas_Jefferson,"Works by Thomas Jefferson at Project Gutenberg
Works ",FALSE,FALSE,FALSE,FALSE,TRUE,FALSE,FALSE
race,European_Americans,William_Randolph,"Zpub.com: William Randolph Hearst biography
The William Randolph Hearst ",FALSE,FALSE,FALSE,FALSE,TRUE,FALSE,FALSE
race,European_Americans,William_Henry_Harrison,"William Henry Harrison Papers – Library of Congress
William ",FALSE,FALSE,FALSE,FALSE,TRUE,FALSE,FALSE
race,European_Americans,Zachary_Taylor,"Zachary Taylor Highway in Virginia
Taylor, MichiganPresident Taylor ",FALSE,FALSE,FALSE,FALSE,TRUE,FALSE,FALSE
race,European_Americans,Anne_Hutchinson,"online free
Bremer,  Francis J. Anne Hutchinson, ",FALSE,FALSE,FALSE,FALSE,TRUE,FALSE,FALSE
race,European_Americans,Ellen_G._White,"Ellen G. White Estate.CS1 maint: ref=harv
White, Arthur ",FALSE,FALSE,FALSE,FALSE,TRUE,FALSE,FALSE
race,European_Americans,Ellen_G._White,"Ellen G. White Estate.CS1 maint: ref=harv
Campbell, Michael ",FALSE,FALSE,FALSE,FALSE,TRUE,FALSE,FALSE
race,European_Americans,William_Jennings_Bryan,"Works by William Jennings Bryan at Project Gutenberg
Works ",FALSE,FALSE,FALSE,FALSE,TRUE,FALSE,FALSE
race,European_Americans,William_Milnes_Jr.,"William Milnes Jr. at Find a Grave
United States ",FALSE,FALSE,FALSE,FALSE,TRUE,FALSE,FALSE
race,European_Americans,Theodore_Sedgwick,"Frances Pamela Sedgwick
Theodore Sedgwick II married children's ",FALSE,FALSE,FALSE,FALSE,TRUE,FALSE,FALSE
race,European_Americans,Theodore_Sedgwick,"Theodore Sedgwick at Find a Grave
Theodore SEDGWICK ",FALSE,FALSE,FALSE,FALSE,TRUE,FALSE,FALSE
race,European_Americans,Robert_Charles_Winthrop,"Robert Charles Winthrop at Find a Grave
Winthrop's role ",FALSE,FALSE,FALSE,FALSE,TRUE,FALSE,FALSE
race,European_Americans,Willis_Lamb,"Hans Bethe talking about Willis Lamb
Willis ",FALSE,FALSE,FALSE,FALSE,TRUE,FALSE,FALSE
race,European_Americans,Joseph_Priestley,"The Joseph Priestley Society
Joseph Priestley House in ",FALSE,FALSE,FALSE,FALSE,TRUE,FALSE,FALSE
race,European_Americans,William_Blount,"Blount Mansion
William Blount Papers at the Newberry ",FALSE,FALSE,FALSE,FALSE,TRUE,FALSE,FALSE
race,European_Americans,Frank_Obadiah_Briggs,"Frank Obadiah Briggs entry at The Political Graveyard
Frank ",FALSE,FALSE,FALSE,FALSE,TRUE,FALSE,FALSE
race,European_Americans,John_M._Clayton,"John M. Clayton at Find a Grave
The Political ",FALSE,FALSE,FALSE,FALSE,TRUE,FALSE,FALSE
race,European_Americans,Richard_Stockton_Field,"Richard Stockton Field at The Political Graveyard
Richard Stockton Field at ",FALSE,FALSE,FALSE,FALSE,TRUE,FALSE,FALSE
race,European_Americans,Barry_Goldwater,"Appearances on C-SPAN
""Barry Goldwater, Presidential Contender"" from ",FALSE,FALSE,FALSE,FALSE,TRUE,FALSE,FALSE
race,European_Americans,Benjamin_Hawkins,"Retrieved on 2009-03-04
""Benjamin Hawkins"", New Georgia Encyclopedia
""Benjamin Hawkins"", ",FALSE,FALSE,FALSE,FALSE,TRUE,FALSE,FALSE
race,European_Americans,John_W._Johnston,"John W. Johnston 1878
Repudiation in Virginia, The ",FALSE,FALSE,FALSE,FALSE,TRUE,FALSE,FALSE
race,European_Americans,John_McCain,"In: Encyclopædia Britannica, February 15, 2018
John McCain ",FALSE,FALSE,FALSE,FALSE,TRUE,FALSE,FALSE
race,European_Americans,Jennings_Randolph,"Jennings Randolph at Find a Grave
Jennings Randolph ",FALSE,FALSE,FALSE,FALSE,TRUE,FALSE,FALSE
race,European_Americans,Terry_Sanford,"Terry Sanford for President 1976 Campaign Brochure
Oral ",FALSE,FALSE,FALSE,FALSE,TRUE,FALSE,FALSE
race,European_Americans,Robert_Toombs,"Retrieved on 2008-02-13
The Life of Robert ",FALSE,FALSE,FALSE,FALSE,TRUE,FALSE,FALSE
race,European_Americans,Kenny_Roberts,"Motorcycle Hall of Fame
Kenny Roberts' Swan Song?, ",FALSE,FALSE,FALSE,FALSE,TRUE,FALSE,FALSE
race,European_Americans,Harry_Wright,"Harry Wright at Find a Grave 
Harry Wright at ",FALSE,FALSE,FALSE,FALSE,TRUE,FALSE,FALSE
race,European_Americans,Oliver_Ellsworth,"National Archives biography
Oliver Ellsworth Homestead
Princeton Companion: Oliver ",FALSE,FALSE,FALSE,FALSE,TRUE,FALSE,FALSE
race,European_Americans,William_Rehnquist,"William Rehnquist at Ballotpedia
Issue positions and quotes ",FALSE,FALSE,FALSE,FALSE,TRUE,FALSE,FALSE
race,European_Americans,Levi_P._Morton,"Levi P. Morton birthplace
Levi P. Morton at ",FALSE,FALSE,FALSE,FALSE,TRUE,FALSE,FALSE
race,European_Americans,Luigi_Galleani,": Selected Writings Of Luigi Galleani
""The Principal ",FALSE,FALSE,FALSE,FALSE,TRUE,FALSE,FALSE
race,European_Americans,Giorgio_Cavaglieri,"Giorgio Cavaglieri via ANNY
Jefferson Market Branch Library ",FALSE,FALSE,FALSE,FALSE,TRUE,FALSE,FALSE
race,European_Americans,Ivan_Brunetti,"Horrible, Horrible Cartoons by Ivan Brunetti
32 ",FALSE,FALSE,FALSE,FALSE,TRUE,FALSE,FALSE
race,European_Americans,John_Buscema,"3B-39B
Big John Buscema, Palma de Mallorca: ",FALSE,FALSE,FALSE,FALSE,TRUE,FALSE,FALSE
race,European_Americans,Walter_Lantz,"The Walter Lantz Cartune Encyclopedia
Walter Lantz at ",FALSE,FALSE,FALSE,FALSE,TRUE,FALSE,FALSE
race,European_Americans,Bob_Montana,"Bob Montana Papers at Syracuse University
""Who's Who ",FALSE,FALSE,FALSE,FALSE,TRUE,FALSE,FALSE
race,European_Americans,Don_Rosa,"– Don Rosa in 1987
""Don Rosa has ",FALSE,FALSE,FALSE,FALSE,TRUE,FALSE,FALSE
race,European_Americans,Don_Rosa,"1–10
Don Rosa's The Life and Times of ",FALSE,FALSE,FALSE,FALSE,TRUE,FALSE,FALSE
race,European_Americans,Sirio_Maccioni,"http://www.palmbeachdailynews.com/news/lifestyles/food-cooking/the-legend-of-le-cirque-alums-to-honor-sirio-macci/nTHyB/
2013: Sirio Maccioni awarded First ""Euro ",FALSE,FALSE,FALSE,FALSE,TRUE,FALSE,FALSE
race,European_Americans,Sirio_Maccioni,"https://www.youtube.com/watch?v=n_buHXouYZc
2013: Sirio Maccioni and Family inducted into ",FALSE,FALSE,FALSE,FALSE,TRUE,FALSE,FALSE
race,European_Americans,Eugene_Fama,"Eugene Fama at the Mathematics Genealogy Project
Eugene ",FALSE,FALSE,FALSE,FALSE,TRUE,FALSE,FALSE
race,European_Americans,Robert_Magliola,"5, p. 60
""Since Robert Magliola's 1984 publication ",FALSE,FALSE,FALSE,FALSE,TRUE,FALSE,FALSE
race,European_Americans,Lorenzo_Da_Ponte,"34–51
Lorenz, Michael, ""Lorenzo Da Ponte's Viennese Residence ",FALSE,FALSE,FALSE,FALSE,TRUE,FALSE,FALSE
race,European_Americans,Don_DeLillo,"ISBN 978-88-6944-739-6
Veggian, Henry, Understanding Don DeLillo, ",FALSE,FALSE,FALSE,FALSE,TRUE,FALSE,FALSE
race,European_Americans,Don_DeLillo,"Don DeLillo interview with Granta Magazine
Bookworm Interviews ",FALSE,FALSE,FALSE,FALSE,TRUE,FALSE,FALSE
race,European_Americans,Lawrence_Ferlinghetti,"at The Bancroft Library
""Lawrence Ferlinghetti Profile ",FALSE,FALSE,FALSE,FALSE,TRUE,FALSE,FALSE
race,European_Americans,Lawrence_Ferlinghetti,"Translated Penguin Book
Finding aid to Lawrence Ferlinghetti ",FALSE,FALSE,FALSE,FALSE,TRUE,FALSE,FALSE
race,European_Americans,Charles_Messina,"Productions, Messina's production company
Charles Messina on ",FALSE,FALSE,FALSE,FALSE,TRUE,FALSE,FALSE
race,European_Americans,Mario_Puzo,"Mario Puzo at the Encyclopædia Britannica
Mario ",FALSE,FALSE,FALSE,FALSE,TRUE,FALSE,FALSE
race,European_Americans,Mario_Puzo,"Books and Writers
Mario Puzo Books
The Official Mario Puzo ",FALSE,FALSE,FALSE,FALSE,TRUE,FALSE,FALSE
race,European_Americans,Frank_Borzage,"Frank Borzage and the Classic Hollywood Style
Frank Borzage ",FALSE,FALSE,FALSE,FALSE,TRUE,FALSE,FALSE
race,European_Americans,Elizabeth_Edwards,"Appearances on C-SPAN
Remembering Elizabeth Edwards – slideshow ",FALSE,FALSE,FALSE,FALSE,TRUE,FALSE,FALSE
race,Hispanic_and_Latino_Americans,Miguel_del_Aguila,"Los Angeles Times articles about Miguel del Aguila
Dirk ",FALSE,FALSE,FALSE,FALSE,TRUE,FALSE,FALSE
race,Hispanic_and_Latino_Americans,Sandra_Cisneros,"Introduction by Sandra Cisneros
Emergency Tacos: Seven ",FALSE,FALSE,FALSE,FALSE,TRUE,FALSE,FALSE
religion,judaism,Judaism,"), The Blackwell reader in Judaism
Cohn-Sherbok, ",FALSE,FALSE,FALSE,FALSE,TRUE,FALSE,FALSE
religion,judaism,Judaism,"), The Blackwell Companion to Judaism
Boyarin, ",FALSE,FALSE,FALSE,FALSE,TRUE,FALSE,FALSE
religion,judaism,Karaite_Judaism,"Karaite Judaism and Historical Understanding ISBN 1-57003-518-0
Baer, ",FALSE,FALSE,FALSE,FALSE,TRUE,FALSE,FALSE
religion,christianity,Christianity,"Encyclopædia Britannica
Religion & Ethics – Christianity ",FALSE,FALSE,FALSE,FALSE,TRUE,FALSE,FALSE
religion,islam,Islamism,,FALSE,TRUE,FALSE,FALSE,FALSE,FALSE,FALSE
religion,sikhism,Sikhism,"Sikhism at Curlie
Information center about the ",FALSE,FALSE,FALSE,FALSE,TRUE,FALSE,FALSE
religion,atheism,Atheism,,FALSE,TRUE,FALSE,FALSE,FALSE,FALSE,FALSE
profession,metalworking_occupations,Blacksmith,"Blacksmith Scene
Forging of Chain by Two ",FALSE,FALSE,FALSE,FALSE,TRUE,FALSE,FALSE
profession,metalworking_occupations,Machine_tool,"David Wilkinson
Machine tools can be powered from ",FALSE,FALSE,FALSE,FALSE,TRUE,FALSE,FALSE
profession,metalworking_occupations,Gunsmith,"Apprenticeships, learning directly from professional gunsmiths:
The ",FALSE,FALSE,FALSE,FALSE,TRUE,FALSE,FALSE
profession,metalworking_occupations,Management,"From this perspective, Henri Fayol
considers management ",FALSE,FALSE,FALSE,FALSE,TRUE,FALSE,FALSE
profession,metalworking_occupations,Statistics,"UCLA Statistical Computing Resources
Philosophy of Statistics ",FALSE,FALSE,FALSE,FALSE,TRUE,FALSE,FALSE
profession,metalworking_occupations,Engineering_drawing,"Engineering Drawing
David A. Madsen, Karen Schertz, ",FALSE,FALSE,FALSE,FALSE,TRUE,FALSE,FALSE
profession,metalworking_occupations,Trade_union,"British Trade Unions, 1945-1995
Zeitlin, ",FALSE,FALSE,FALSE,FALSE,TRUE,FALSE,FALSE
profession,sewing_occupations,Bookbinding,"ISBN 0-500-27360-X
Lewis, A. W. Basic ",FALSE,FALSE,FALSE,FALSE,TRUE,FALSE,FALSE
profession,sewing_occupations,Glove,"Billiards glove
Boxing gloves: a specialized padded ",FALSE,FALSE,FALSE,FALSE,TRUE,FALSE,FALSE
profession,sewing_occupations,Glove,"Cycling gloves
Driving gloves intended to improve ",FALSE,FALSE,FALSE,FALSE,TRUE,FALSE,FALSE
profession,sewing_occupations,Glove,"Eton Fives glove
Falconry glove
Fencing glove
Football – ",FALSE,FALSE,FALSE,FALSE,TRUE,FALSE,FALSE
profession,sewing_occupations,Glove,"Scuba diving gloves:
Cotton gloves; good abrasion, ",FALSE,FALSE,FALSE,FALSE,TRUE,FALSE,FALSE
profession,sewing_occupations,Glove,"PPE places gloves into three categories:

Minimal ",FALSE,FALSE,FALSE,FALSE,TRUE,FALSE,FALSE
profession,sewing_occupations,Backstitch,"Threaded backstitch
Pekinese stitch, a looped interlaced ",FALSE,FALSE,FALSE,FALSE,TRUE,FALSE,FALSE
profession,sewing_occupations,Interfacing,"Interfacings can be used to:
stiffen or ",FALSE,FALSE,FALSE,FALSE,TRUE,FALSE,FALSE
profession,sewing_occupations,Zipper,"Zippers may:

increase or decrease the size ",FALSE,FALSE,FALSE,FALSE,TRUE,FALSE,FALSE
profession,sewing_occupations,Scissors,"Asia
In Pakistan, some believe that scissors ",FALSE,FALSE,FALSE,FALSE,TRUE,FALSE,FALSE
profession,sewing_occupations,Elias_Howe,"Elias Howe's Sewing Machine
		
		
Despite securing his patent, Howe ",FALSE,FALSE,FALSE,TRUE,TRUE,FALSE,FALSE
profession,sewing_occupations,Elias_Howe,"338–369
Elias Howe Biography by Alex I. ",FALSE,FALSE,FALSE,FALSE,TRUE,FALSE,FALSE
profession,healthcare_occupations,Occupational_Therapist,"Early Intervention
An occupational therapist may work with ",FALSE,FALSE,FALSE,FALSE,TRUE,FALSE,FALSE
profession,healthcare_occupations,Occupational_Therapist,"Outpatient services
Occupational therapists might also work with ",FALSE,FALSE,FALSE,FALSE,TRUE,FALSE,FALSE
profession,healthcare_occupations,Occupational_Therapist,"Primary care
Primary care for occupational therapists is ",FALSE,FALSE,FALSE,FALSE,TRUE,FALSE,FALSE
profession,healthcare_occupations,Midwife,"Education, training and regulation
The undergraduate midwifery ",FALSE,FALSE,FALSE,FALSE,TRUE,FALSE,FALSE
profession,healthcare_occupations,Midwife,"Practice
Women may choose a midwife, a ",FALSE,FALSE,FALSE,FALSE,TRUE,FALSE,FALSE
profession,healthcare_occupations,Midwife,"Responsibility
A midwife's responsibilities were not limited ",FALSE,FALSE,FALSE,FALSE,TRUE,FALSE,FALSE
profession,film_and_television_occupations,Film_director,"2: Directors
Contemporary North American Film Directors: A ",FALSE,FALSE,FALSE,FALSE,TRUE,FALSE,FALSE
profession,artistic_occupations,Curator,"Curating.info
CRUMB – Curatorial Resource for Upstart ",FALSE,FALSE,FALSE,FALSE,TRUE,FALSE,FALSE
profession,artistic_occupations,Singer,"Voice classification
Vocal styles: for classical singers, ",FALSE,FALSE,FALSE,FALSE,TRUE,FALSE,FALSE
profession,artistic_occupations,Art,"– Steve Mithen
Art as ",FALSE,FALSE,FALSE,FALSE,TRUE,FALSE,FALSE
profession,artistic_occupations,Art,"– André Breton
Art as a ""free ",FALSE,FALSE,FALSE,FALSE,TRUE,FALSE,FALSE
profession,artistic_occupations,Art,"But is it Art?, 1995
Catherine de ",FALSE,FALSE,FALSE,FALSE,TRUE,FALSE,FALSE
profession,artistic_occupations,Art,"ISBN 978-0-226-75342-3
Arthur Danto, The Abuse ",FALSE,FALSE,FALSE,FALSE,TRUE,FALSE,FALSE
profession,scientific_occupations,Calculus,"Kouba
Donald Allen's notes on calculus
Calculus training ",FALSE,FALSE,FALSE,FALSE,TRUE,FALSE,FALSE
profession,scientific_occupations,Private_income,"Private income is either:

any type of income ",FALSE,FALSE,FALSE,FALSE,TRUE,FALSE,FALSE
profession,scientific_occupations,Science,"Wikibooks.orgResources

Euroscience
Classification of the Sciences in ",FALSE,FALSE,FALSE,FALSE,TRUE,FALSE,FALSE
profession,scientific_occupations,Chemist,"Physical Chemistry ISBN 0-19-879285-9
Atkins, ",FALSE,FALSE,FALSE,FALSE,TRUE,FALSE,FALSE
profession,scientific_occupations,Ecologist,"Ecologists seek to explain:

Life processes, interactions, ",FALSE,FALSE,FALSE,FALSE,TRUE,FALSE,FALSE
profession,scientific_occupations,Political_scientist,"According to Chaturvedy,

Political scientists may serve as ",FALSE,FALSE,FALSE,FALSE,TRUE,FALSE,FALSE
profession,entertainer_occupations,Geisha,"Daniel Mann
The Barbarian and the ",FALSE,FALSE,FALSE,FALSE,TRUE,FALSE,FALSE
profession,entertainer_occupations,Geisha,"Hideo Gosha
The World of ",FALSE,FALSE,FALSE,FALSE,TRUE,FALSE,FALSE
profession,entertainer_occupations,Geisha,"Yang Yun-ho
Memoirs of a ",FALSE,FALSE,FALSE,FALSE,TRUE,FALSE,FALSE
profession,entertainer_occupations,Mime,"The field appears as follows:

MIME-Version: 1.0

According to ",FALSE,FALSE,FALSE,FALSE,TRUE,FALSE,FALSE
profession,entertainer_occupations,Mime,"A MIME part can have:

an inline ",FALSE,FALSE,FALSE,FALSE,TRUE,FALSE,FALSE
profession,entertainer_occupations,Mime,"Free Online PHP MIME checker
Free Online ",FALSE,FALSE,FALSE,FALSE,TRUE,FALSE,FALSE
profession,entertainer_occupations,Singer,"Voice classification
Vocal styles: for classical singers, ",FALSE,FALSE,FALSE,FALSE,TRUE,FALSE,FALSE
profession,dance_occupations,Dance,"Major types of dance competitions include:

Competitive ",FALSE,FALSE,FALSE,FALSE,TRUE,FALSE,FALSE
profession,dance_occupations,Circle_dance,"Central Scotland Circle Dance
Circle Dance ",FALSE,FALSE,FALSE,FALSE,TRUE,FALSE,FALSE
profession,dance_occupations,Contra_dance,"Sample contra dances:
Traditional - the actives do ",FALSE,FALSE,FALSE,FALSE,TRUE,FALSE,FALSE
profession,dance_occupations,Contra_dance,"Hamilton Contra Dances A Contra Dance Primer
Sharon ",FALSE,FALSE,FALSE,FALSE,TRUE,FALSE,FALSE
profession,dance_occupations,Contra_dance,"""Different traditions and cultures in contra dance

Colin ",FALSE,FALSE,FALSE,FALSE,TRUE,FALSE,FALSE
profession,dance_occupations,Folk_dance,"Dabke, a folk dance of the Levant
Domkach, ",FALSE,FALSE,FALSE,FALSE,TRUE,FALSE,FALSE
profession,dance_occupations,Modern_dance,"ISBN 0-87127-172-9
Au, S. Ballet and Modern ",FALSE,FALSE,FALSE,FALSE,TRUE,FALSE,FALSE
profession,dance_occupations,Modern_dance,"ISBN 0-8317-0763-1
Love, P. Modern Dance Terminology: ",FALSE,FALSE,FALSE,FALSE,TRUE,FALSE,FALSE
profession,dance_occupations,Modern_dance,"ISBN 0-87127-211-3
Minton, S. Modern Dance: Body ",FALSE,FALSE,FALSE,FALSE,TRUE,FALSE,FALSE
profession,dance_occupations,Bulgarian_dances,"Bulgarian folk dances
Video clips of Bulgarian dances ",FALSE,FALSE,FALSE,FALSE,TRUE,FALSE,FALSE
profession,dance_occupations,Ukrainian_dance,"The ""regional dances"" of Ukrainian dance include:

Central ",FALSE,FALSE,FALSE,FALSE,TRUE,FALSE,FALSE
profession,nursing_specialties,Nursing_research,"Nursing research falls largely into two areas:

Quantitative ",FALSE,FALSE,FALSE,FALSE,TRUE,FALSE,FALSE
profession,writing_occupations,Blog,"Personal blogs
The personal blog is an ",FALSE,FALSE,FALSE,FALSE,TRUE,FALSE,FALSE
profession,writing_occupations,Blog,"subdomain in domain name.By genre
Some blogs ",FALSE,FALSE,FALSE,FALSE,TRUE,FALSE,FALSE
profession,writing_occupations,Blog,"""Blogging and advertising
It is common for ",FALSE,FALSE,FALSE,FALSE,TRUE,FALSE,FALSE
profession,writing_occupations,Speechwriter,"Professional speechwriter Lawrence Bernstein writes:

Some clients ",FALSE,FALSE,FALSE,FALSE,TRUE,FALSE,FALSE
profession,writing_occupations,Speechwriter,"Executive speechwriter Anthony Trendl writes:

Speechwriters specialize in ",FALSE,FALSE,FALSE,FALSE,TRUE,FALSE,FALSE
profession,writing_occupations,Technical_writer,"Kurt Vonnegut described technical writers as:
...trained to ",FALSE,FALSE,FALSE,FALSE,TRUE,FALSE,FALSE
profession,engineering_branches,Irrigation,"New Orleans, Louisiana)
Underirrigation or irrigation giving ",FALSE,FALSE,FALSE,FALSE,TRUE,FALSE,FALSE
profession,engineering_branches,Seismic_loading,"Seismic loading depends, primarily, on:

Anticipated earthquake's parameters ",FALSE,FALSE,FALSE,FALSE,TRUE,FALSE,FALSE
profession,engineering_branches,Wind_engineering,"Wind engineering involves, among other topics:

Wind impact ",FALSE,FALSE,FALSE,FALSE,TRUE,FALSE,FALSE
profession,engineering_branches,Mathematical_model,"ISBN 0-486-41180-X
Gary Chartrand Graphs as Mathematical Models, ",FALSE,FALSE,FALSE,FALSE,TRUE,FALSE,FALSE
profession,engineering_branches,Computer_network,"Important publications in computer networks
Network Communication Architecture ",FALSE,FALSE,FALSE,FALSE,TRUE,FALSE,FALSE
profession,engineering_branches,Partial_discharge,"Partial Discharge Technical Articles and Papers
Measurement and ",FALSE,FALSE,FALSE,FALSE,TRUE,FALSE,FALSE
profession,engineering_branches,Optics,"28-32
Optics2001 – Optics library and community
Fundamental ",FALSE,FALSE,FALSE,FALSE,TRUE,FALSE,FALSE
profession,engineering_branches,Telescope,"These are:

Cosmic-ray telescopes detect cosmic rays ",FALSE,FALSE,FALSE,FALSE,TRUE,FALSE,FALSE
profession,engineering_branches,Spacecraft,"Life support
Spacecraft intended for human spaceflight must ",FALSE,FALSE,FALSE,FALSE,TRUE,FALSE,FALSE
profession,engineering_branches,Spacecraft,"Attitude control
A Spacecraft needs an attitude control ",FALSE,FALSE,FALSE,FALSE,TRUE,FALSE,FALSE
profession,engineering_branches,Spacecraft,"Communications
Spacecraft, both robotic and crewed, utilize ",FALSE,FALSE,FALSE,FALSE,TRUE,FALSE,FALSE
profession,engineering_branches,Wind_farm,"Waters National Renewable Energy Laboratory
Biggest Wind Farms ",FALSE,FALSE,FALSE,FALSE,TRUE,FALSE,FALSE
profession,engineering_branches,Solar_power_plants,"Solar power plants use one of two technologies:

Photovoltaic ",FALSE,FALSE,FALSE,FALSE,TRUE,FALSE,FALSE
profession,engineering_branches,Aeronautics,"Hierarchical taxonomy
""Ideas in Aeronautics & ",FALSE,FALSE,FALSE,FALSE,TRUE,FALSE,FALSE
profession,engineering_branches,Food_engineering,"Specific food engineering activities include:

drug/food products;
design and ",FALSE,FALSE,FALSE,FALSE,TRUE,FALSE,FALSE
profession,engineering_branches,Mechatronics,"CRC Press, 2005
Onwubolu, Godfrey C., ",FALSE,FALSE,FALSE,FALSE,TRUE,FALSE,FALSE
profession,engineering_branches,Mechatronics,"Mechatronics Journal – Elsevier
mechatronic applications and ",FALSE,FALSE,FALSE,FALSE,TRUE,FALSE,FALSE
profession,engineering_branches,Construction,"For example:

In the US, construction employed ",FALSE,FALSE,FALSE,FALSE,TRUE,FALSE,FALSE
profession,engineering_branches,Neural_engineering,"ISBN 978-0-8493-8174-4.CS1 maint: ref=harv
Neural Engineering ISBN ",FALSE,FALSE,FALSE,FALSE,TRUE,FALSE,FALSE
profession,engineering_branches,Bioacoustics,"ISBN 0-7486-0148-1
Fletcher N.: Animal ",FALSE,FALSE,FALSE,FALSE,TRUE,FALSE,FALSE
profession,engineering_branches,Lightning,"How Lightning Works at HowStuffWorks
Thunderstorms and ",FALSE,FALSE,FALSE,FALSE,TRUE,FALSE,FALSE
profession,engineering_branches,Escalator,"(See above)
The longest escalator of a ",FALSE,FALSE,FALSE,FALSE,TRUE,FALSE,FALSE
profession,engineering_branches,Escalator,"Other short escalators include:

Westfield Garden State ",FALSE,FALSE,FALSE,FALSE,TRUE,FALSE,FALSE
profession,engineering_branches,Elevator,"National elevator standards:

Australia – AS1735
Canada – ",FALSE,FALSE,FALSE,FALSE,TRUE,FALSE,FALSE
profession,engineering_branches,Wind_turbine,"Largest 1-bladed turbine
The largest single-bladed wind turbine ",FALSE,FALSE,FALSE,FALSE,TRUE,FALSE,FALSE
profession,engineering_branches,Wind_turbine,"Highest-situated
Since 2013 the world's highest-situated wind turbine ",FALSE,FALSE,FALSE,FALSE,TRUE,FALSE,FALSE
profession,engineering_branches,Wind_turbine,"Largest floating wind turbine
The world's largest floating wind turbine is ",FALSE,FALSE,FALSE,FALSE,TRUE,FALSE,FALSE
profession,engineering_branches,Information,"{{Use 

dates|date=May 2020}}

Information can be thought of as ",FALSE,FALSE,TRUE,FALSE,TRUE,FALSE,FALSE
profession,engineering_branches,Information_theory,""", Journal of Chemical Education
IEEE Information Theory ",FALSE,FALSE,FALSE,FALSE,TRUE,FALSE,FALSE
profession,engineering_branches,Computer_vision,"Keith Price's Annotated Computer Vision Bibliography
CVonline Bob ",FALSE,FALSE,FALSE,FALSE,TRUE,FALSE,FALSE
profession,engineering_branches,Systems_engineering,"Configuration management
Like systems engineering, configuration management as ",FALSE,FALSE,FALSE,FALSE,TRUE,FALSE,FALSE
profession,engineering_branches,Systems_engineering,"Mechatronic engineering
Mechatronic engineering, like systems engineering, is ",FALSE,FALSE,FALSE,FALSE,TRUE,FALSE,FALSE
profession,engineering_branches,Systems_engineering,"Operations research
Operations research supports systems ",FALSE,FALSE,FALSE,FALSE,TRUE,FALSE,FALSE
profession,engineering_branches,Systems_engineering,"Scheduling
Scheduling is one of the systems engineering ",FALSE,FALSE,FALSE,FALSE,TRUE,FALSE,FALSE
profession,engineering_branches,Systems_engineering,"SEBOK.org, Systems Engineering Body of Knowledge
Shermon, D. ",FALSE,FALSE,FALSE,FALSE,TRUE,FALSE,FALSE
profession,engineering_branches,Systems_engineering,"INCOSE UK homepage
PPI SE Goldmine homepage
Systems Engineering ",FALSE,FALSE,FALSE,FALSE,TRUE,FALSE,FALSE
profession,engineering_branches,Reliability_engineering,"Reliability engineering may in that case involve:

System ",FALSE,FALSE,FALSE,FALSE,TRUE,FALSE,FALSE
profession,engineering_branches,Combat_engineer,"Equipment used by combat engineers
Basic combat engineering ",FALSE,FALSE,FALSE,FALSE,TRUE,FALSE,FALSE
profession,engineering_branches,Nanomaterials,"(the usual definition of nanoscale) 
Nanomaterials ",FALSE,FALSE,FALSE,FALSE,TRUE,FALSE,FALSE
profession,engineering_branches,Web_engineering,": http://www.iswe-ev.de/
Web Engineering Community: http://www.webengineering.org
WISE Society: http://www.wisesociety.org/
ACM ",FALSE,FALSE,FALSE,FALSE,TRUE,FALSE,FALSE
profession,engineering_branches,Interdisciplinarity,"Center for the Study of Interdisciplinarity
Centre for ",FALSE,FALSE,FALSE,FALSE,TRUE,FALSE,FALSE
profession,engineering_branches,Interdisciplinarity,"Practicing Interdisciplinarity
Peter Weingart; Britta ",FALSE,FALSE,FALSE,FALSE,TRUE,FALSE,FALSE
profession,engineering_branches,Photonics,"The term photonics more specifically connotes:

The ",FALSE,FALSE,FALSE,FALSE,TRUE,FALSE,FALSE
profession,mental_health_occupations,Occupational_therapist,"Early Intervention
An occupational therapist may work with ",FALSE,FALSE,FALSE,FALSE,TRUE,FALSE,FALSE
profession,mental_health_occupations,Occupational_therapist,"Outpatient services
Occupational therapists might also work with ",FALSE,FALSE,FALSE,FALSE,TRUE,FALSE,FALSE
profession,mental_health_occupations,Occupational_therapist,"Primary care
Primary care for occupational therapists is ",FALSE,FALSE,FALSE,FALSE,TRUE,FALSE,FALSE
profession,theatre_personnel,Publicist,"Special publicity consultant
Unit publicist – The ",FALSE,FALSE,FALSE,FALSE,TRUE,FALSE,FALSE
profession,theatre_personnel,Stage_manager,"Texting/calling
The stage manager may need to text ",FALSE,FALSE,FALSE,FALSE,TRUE,FALSE,FALSE
profession,theatre_personnel,Theatre,"University of Bristol Theatre Collection
Music Hall ",FALSE,FALSE,FALSE,FALSE,TRUE,FALSE,FALSE
profession,theatre_personnel,Neoclassicism,"Early Neoclassicism in France
Friedlaender, ",FALSE,FALSE,FALSE,FALSE,TRUE,FALSE,FALSE
profession,theatre_personnel,Improvisational_theatre,"Wiki about improvisational theatre
Fundamental Improv ",FALSE,FALSE,FALSE,FALSE,TRUE,FALSE,FALSE
profession,theatre_personnel,Opera,"ISBN 0-333-73432-7, 1-56159-228-5
The Viking Opera ",FALSE,FALSE,FALSE,FALSE,TRUE,FALSE,FALSE
profession,theatre_personnel,Opera,"Roger Parker
The Oxford Dictionary of Opera, ",FALSE,FALSE,FALSE,FALSE,TRUE,FALSE,FALSE
profession,theatre_personnel,Opera,"– Opera plot summaries
Vocabulaire de l'Opéra
OperaGlass, ",FALSE,FALSE,FALSE,FALSE,TRUE,FALSE,FALSE
profession,theatre_personnel,Scenography,":

""Scenography is the seamless synthesis of ",FALSE,FALSE,FALSE,FALSE,TRUE,FALSE,FALSE
profession,theatre_personnel,Scenography,"ISSN 1743-6117
Palatine Directory: Design / Scenography
Scenography ",FALSE,FALSE,FALSE,FALSE,TRUE,FALSE,FALSE
profession,corporate_titles,Chief_Customer_Officer,"Classifying Chief Customer Officers
Bliss, ",FALSE,FALSE,FALSE,FALSE,TRUE,FALSE,FALSE
profession,corporate_titles,Chief_Risk_Officer,"[2]
Chief Risk Officers are in the bottom tenth ",FALSE,FALSE,FALSE,FALSE,TRUE,FALSE,FALSE
profession,corporate_titles,Chief_Risk_Officer,"Skills: Chief Risk Officer
The Chief Risk Officer: What ",FALSE,FALSE,FALSE,FALSE,TRUE,FALSE,FALSE
profession,industrial_occupations,Wheelwright,"Worshipful Company of Wheelwrights
Phill Gregson, ",FALSE,FALSE,FALSE,FALSE,TRUE,FALSE,FALSE
political,right-wing,New_Right,"First New Right figures:

William F. Buckley, Jr. ",FALSE,FALSE,FALSE,FALSE,TRUE,FALSE,FALSE
political,communism,Communism,,FALSE,TRUE,FALSE,FALSE,FALSE,FALSE,FALSE
political,communism,History_of_communism,"excerpt
Harvey, Robert, A Short History of Communism, ISBN ",FALSE,FALSE,FALSE,FALSE,TRUE,FALSE,FALSE
political,communism,History_of_communism,"The Red Flag: A History of Communism
Sandle, ",FALSE,FALSE,FALSE,FALSE,TRUE,FALSE,FALSE
political,communism,Scientific_communism,"(1985)
Scientific ",FALSE,FALSE,FALSE,FALSE,TRUE,FALSE,FALSE
political,communism,Libertarian_communism,"Manifesto of Libertarian Communism
Luigi ",FALSE,FALSE,FALSE,FALSE,TRUE,FALSE,FALSE
political,communism,Libertarian_communism,"Anarchist-Communism
Isaac Puente Libertarian Communism
Ilan ",FALSE,FALSE,FALSE,FALSE,TRUE,FALSE,FALSE
political,communism,Anarchist_communism,"""Anarchist Communism""
Alain ",FALSE,FALSE,FALSE,FALSE,TRUE,FALSE,FALSE
political,socialism,Democratic_socialism,"[...]
Today democratic socialism's task is to recover ",FALSE,FALSE,FALSE,FALSE,TRUE,FALSE,FALSE
political,democracy,Social_democracy,"According to Donald Busky:

Social democracy is a ",FALSE,FALSE,FALSE,FALSE,TRUE,FALSE,FALSE
political,democracy,Deliberative_democracy,"National Issues Forums
Center for Deliberative Democracy, Stanford ",FALSE,FALSE,FALSE,FALSE,TRUE,FALSE,FALSE
political,democracy,Economic_democracy,"In his book, ""Economic Democracy"", Engler stated:

When ",FALSE,FALSE,FALSE,FALSE,TRUE,FALSE,FALSE
political,democracy,Interactive_democracy,"Costs
Proponents of interactive democracy believe that the ",FALSE,FALSE,FALSE,FALSE,TRUE,FALSE,FALSE
political,democracy,Interactive_democracy,"ID and Parliament
Interactive democracy recognises the importance ",FALSE,FALSE,FALSE,FALSE,TRUE,FALSE,FALSE
political,democracy,Jacksonian_democracy,"Jackson's biographer Robert V. Remini argues:

[Jacksonian Democracy] ",FALSE,FALSE,FALSE,FALSE,TRUE,FALSE,FALSE
political,democracy,Jeffersonian_democracy,"online
Robertson, Andrew W. ""Afterword: Reconceptualizing Jeffersonian Democracy,"" ",FALSE,FALSE,FALSE,FALSE,TRUE,FALSE,FALSE
political,democracy,Liquid_democracy,"2
Involv: an online Delegative Democracy platform
Liquid Democracy ",FALSE,FALSE,FALSE,FALSE,TRUE,FALSE,FALSE
political,democracy,Media_democracy,"A media democracy advocates:

Replacing the current corporate ",FALSE,FALSE,FALSE,FALSE,TRUE,FALSE,FALSE
political,democracy,Pluralist_democracy,"577–587, University of Utah)
""A Pluralist Democracy"", article ",FALSE,FALSE,FALSE,FALSE,TRUE,FALSE,FALSE
political,democracy,Popular_democracy,"- a text defending Popular democracy
Sovereignty, an ",FALSE,FALSE,FALSE,FALSE,TRUE,FALSE,FALSE
political,democracy,Sovereign_democracy,"According to Surkov, sovereign democracy is:

A society's ",FALSE,FALSE,FALSE,FALSE,TRUE,FALSE,FALSE
political,democracy,Workplace_democracy,"Articles by David Ellerman on workplace democracy
Workplace ",FALSE,FALSE,FALSE,FALSE,TRUE,FALSE,FALSE
political,liberalism,Liberalism,,FALSE,TRUE,FALSE,FALSE,FALSE,FALSE,FALSE
political,liberalism,Liberalism_in_Germany,"Liberalism in Germany
Kwan, ",FALSE,FALSE,FALSE,FALSE,TRUE,FALSE,FALSE
political,liberalism,Liberalism_in_Germany,"Liberalism in Germany
Mork, Gordon R. ""Bismarck and the ",FALSE,FALSE,FALSE,FALSE,TRUE,FALSE,FALSE
political,conservatism,Conservatism,,FALSE,TRUE,FALSE,FALSE,FALSE,FALSE,FALSE
political,conservatism,Social_conservatism,"Muslim social conservatism

There are several socially conservative ",FALSE,FALSE,FALSE,FALSE,TRUE,FALSE,FALSE
political,conservatism,Civic_conservatism,"[D. Willetts, Civic Conservatism, pp 15, 18]
Fourteen ",FALSE,FALSE,FALSE,FALSE,TRUE,FALSE,FALSE
political,conservatism,Conservatism_in_Canada,"Conservatism in Canada
Farney, James ",FALSE,FALSE,FALSE,FALSE,TRUE,FALSE,FALSE
political,nationalism,Nationalism,"According to historian Patricia Ebrey:

Nationalism, patriotism, ",FALSE,FALSE,FALSE,FALSE,TRUE,FALSE,FALSE
political,nationalism,Nationalism,"She states:

Justifications of nationalism seem to ",FALSE,FALSE,FALSE,FALSE,TRUE,FALSE,FALSE
political,nationalism,Russian_nationalism,"The Faces of Contemporary Russian Nationalism
Frolova-Walker, ",FALSE,FALSE,FALSE,FALSE,TRUE,FALSE,FALSE
political,nationalism,Spanish_nationalism,"José Álvarez Junco
Since then, Spanish nationalism has ",FALSE,FALSE,FALSE,FALSE,TRUE,FALSE,FALSE
political,capitalism,State_capitalism,"state capitalism, as follows:

If the crisis revealed ",FALSE,FALSE,FALSE,FALSE,TRUE,FALSE,FALSE
political,capitalism,State_capitalism,"by Aufheben at the Wayback Machine
State Capitalism ",FALSE,FALSE,FALSE,FALSE,TRUE,FALSE,FALSE
political,capitalism,State_capitalism,"James on Marx's Capital and State Capitalism""
State ",FALSE,FALSE,FALSE,FALSE,TRUE,FALSE,FALSE
political,capitalism,Welfare_capitalism,"Brandes, Stuart D. American Welfare Capitalism, 1880–1940
Crawford, ",FALSE,FALSE,FALSE,FALSE,TRUE,FALSE,FALSE
political,capitalism,Welfare_capitalism,"Social Democracy & Welfare Capitalism
Jacoby, Sanford M.  ",FALSE,FALSE,FALSE,FALSE,TRUE,FALSE,FALSE
political,capitalism,Welfare_capitalism,"3 Oct. 2009
M. Ramesh; ""Welfare Capitalism in ",FALSE,FALSE,FALSE,FALSE,TRUE,FALSE,FALSE
