id_riga_originale,dominio,categoria,entita,tipo_newline,n_newline,posizioni_newline,prompt,prompt_visibile,prompt_candidato_whitespace
15,gender,American_actors,Steve_Zissis,interno_singolo,1,13,"Steve Zissis
is an American actor, screenwriter and ","Steve Zissis\\nis an American actor, screenwriter and ","Steve Zissis is an American actor, screenwriter and"
45,gender,American_actors,Will_Sampson,interno_singolo,1,35,"The Aboriginal Multi-Media Society
Will Sampson at Find ",The Aboriginal Multi-Media Society\\nWill Sampson at Find ,The Aboriginal Multi-Media Society Will Sampson at Find
263,gender,American_actors,Colm_Feore,interno_singolo,1,19,"Colm Feore on IMDb
Colm Feore at the ",Colm Feore on IMDb\\nColm Feore at the ,Colm Feore on IMDb Colm Feore at the
298,gender,American_actors,Paul_Fix,interno_singolo,1,25,"Paul Fix at Memory Alpha
Paul Fix at ",Paul Fix at Memory Alpha\\nPaul Fix at ,Paul Fix at Memory Alpha Paul Fix at
305,gender,American_actors,F._Murray_Abraham,interno_singolo,1,17,"Movies Biography
F. Murray Abraham at IMG ",Movies Biography\\nF. Murray Abraham at IMG ,Movies Biography F. Murray Abraham at IMG
371,gender,American_actors,Fred_Allen,interno_singolo,1,38,"by Joe McCarthy, Fred Allen's Letters
Allen, Fred, ","by Joe McCarthy, Fred Allen's Letters\\nAllen, Fred, ","by Joe McCarthy, Fred Allen's Letters Allen, Fred,"
508,gender,American_actors,Roscoe_Orman,interno_singolo,1,21,"Roscoe Orman on IMDb
Roscoe Orman at the ",Roscoe Orman on IMDb\\nRoscoe Orman at the ,Roscoe Orman on IMDb Roscoe Orman at the
520,gender,American_actors,Robert_Osborne,interno_singolo,1,43,"Cinema Retro interview with Robert Osborne
Gilbert Gottfried's ",Cinema Retro interview with Robert Osborne\\nGilbert Gottfried's ,Cinema Retro interview with Robert Osborne Gilbert Gottfried's
696,gender,American_actors,Johnnie_Ray,interno_singolo,1,46,"Johnnie Ray interviewed on the Pop Chronicles
1956 ",Johnnie Ray interviewed on the Pop Chronicles\\n1956 ,Johnnie Ray interviewed on the Pop Chronicles 1956
717,gender,American_actors,Christopher_Reeve,interno_singolo,1,11,"– Newsweek
""Christopher Reeve has become an instant ","– Newsweek\\n""Christopher Reeve has become an instant ","– Newsweek ""Christopher Reeve has become an instant"
720,gender,American_actors,Christopher_Reeve,interno_singolo,1,27,"Christopher Reeve Homepage
Reeve, Christopher Nothing is Impossible, ","Christopher Reeve Homepage\\nReeve, Christopher Nothing is Impossible, ","Christopher Reeve Homepage Reeve, Christopher Nothing is Impossible,"
811,gender,American_actors,Fayard_Nicholas,interno_singolo,1,32,"Fayard Nicholas at Find a Grave
Fayard Nicholas ",Fayard Nicholas at Find a Grave\\nFayard Nicholas ,Fayard Nicholas at Find a Grave Fayard Nicholas
841,gender,American_actors,Chuck_Norris,interno_singolo,1,32,"The Chuck Norris Fitness System
The Secret of ",The Chuck Norris Fitness System\\nThe Secret of ,The Chuck Norris Fitness System The Secret of
887,gender,American_actors,Chris_Isaak,interno_singolo,1,37,"Chris Isaak discography at Discogs  
Chris ",Chris Isaak discography at Discogs  \\nChris ,Chris Isaak discography at Discogs Chris
924,gender,American_actors,Ricky_Jay,interno_singolo,1,30,"Ricky Jay & His 52 Assistants
Ricky Jay: ",Ricky Jay & His 52 Assistants\\nRicky Jay: ,Ricky Jay & His 52 Assistants Ricky Jay:
946,gender,American_actors,Penn_Jillette,interno_singolo,1,34,"(1982) by Various / Penn Jillette
Captain Howdy, ","(1982) by Various / Penn Jillette\\nCaptain Howdy, ","(1982) by Various / Penn Jillette Captain Howdy,"
1083,gender,American_actors,Ron_Balicki,interno_singolo,1,31,"8, by: Ron Balicki, ""Insiders""
""El Budoka"", 1996, ","8, by: Ron Balicki, ""Insiders""\\n""El Budoka"", 1996, ","8, by: Ron Balicki, ""Insiders"" ""El Budoka"", 1996,"
1146,gender,American_actors,Steve_Barton,interno_singolo,1,41,"http://www.ovrtur.com/biography/10128888
Steve Barton A Life Dedicated to the ",http://www.ovrtur.com/biography/10128888\\nSteve Barton A Life Dedicated to the ,http://www.ovrtur.com/biography/10128888 Steve Barton A Life Dedicated to the
1350,gender,American_actors,Sean_Kanan,interno_singolo,1,3,"TV
Sean Kanan Talks About His Restless ",TV\\nSean Kanan Talks About His Restless ,TV Sean Kanan Talks About His Restless
1380,gender,American_actors,Kurt_Kasznar,interno_singolo,1,21,"Kurt Kasznar on IMDb
Kurt Kasznar biography, actordatabase.com; ","Kurt Kasznar on IMDb\\nKurt Kasznar biography, actordatabase.com; ","Kurt Kasznar on IMDb Kurt Kasznar biography, actordatabase.com;"
1387,gender,American_actors,Andy_Kaufman,interno_singolo,1,19,"ISBN 0-375-50457-5
Keller, Florian, Andy Kaufman: Wrestling with ","ISBN 0-375-50457-5\\nKeller, Florian, Andy Kaufman: Wrestling with ","ISBN 0-375-50457-5 Keller, Florian, Andy Kaufman: Wrestling with"
1388,gender,American_actors,Andy_Kaufman,interno_singolo,1,16,"ISBN 158648317X
Margulies, Lynne; Zmuda, Bob, Andy Kaufman, ","ISBN 158648317X\\nMargulies, Lynne; Zmuda, Bob, Andy Kaufman, ","ISBN 158648317X Margulies, Lynne; Zmuda, Bob, Andy Kaufman,"
1390,gender,American_actors,Andy_Kaufman,interno_singolo,1,38,"“Waking Andy Kaufman.” by Bill Jensen
Uncle Andy’s ",“Waking Andy Kaufman.” by Bill Jensen\\nUncle Andy’s ,“Waking Andy Kaufman.” by Bill Jensen Uncle Andy’s
1414,gender,American_actors,Buster_Keaton,interno_singolo,1,6,"Group
Meade, Marion, Buster Keaton: Cut to the ","Group\\nMeade, Marion, Buster Keaton: Cut to the ","Group Meade, Marion, Buster Keaton: Cut to the"
1415,gender,American_actors,Buster_Keaton,interno_singolo,1,32,"of Washington/Sayre collection)
Buster Keaton's Silent Shorts by ",of Washington/Sayre collection)\\nBuster Keaton's Silent Shorts by ,of Washington/Sayre collection) Buster Keaton's Silent Shorts by
1577,gender,American_actors,Dennis_Weaver,interno_singolo,1,30,"(information on his ancestry)
Dennis Weaver at Find ",(information on his ancestry)\\nDennis Weaver at Find ,(information on his ancestry) Dennis Weaver at Find
1634,gender,American_actors,Gordon_Parks,interno_singolo,1,23,"ISBN 978-3-86930-801-2
Russell Lord, Gordon Parks: The Making ","ISBN 978-3-86930-801-2\\nRussell Lord, Gordon Parks: The Making ","ISBN 978-3-86930-801-2 Russell Lord, Gordon Parks: The Making"
1759,gender,American_actors,Gordon_MacRae,interno_singolo,1,45,"(Birch Lane Press, 1992) ISBN 978-1559721127
Gordon MacRae: ","(Birch Lane Press, 1992) ISBN 978-1559721127\\nGordon MacRae: ","(Birch Lane Press, 1992) ISBN 978-1559721127 Gordon MacRae:"
1797,gender,American_actors,Aasif_Mandvi,interno_singolo,1,12,"– Interview
One on One – Aasif Mandvi ",– Interview\\nOne on One – Aasif Mandvi ,– Interview One on One – Aasif Mandvi
1864,gender,American_actors,Bobby_Darin,interno_singolo,1,28,"Bobby Darin at Find a Grave
""Beyond the ","Bobby Darin at Find a Grave\\n""Beyond the ","Bobby Darin at Find a Grave ""Beyond the"
1903,gender,American_actors,Sid_Davis,interno_singolo,1,18,"Sid Davis on IMDb
Sid Davis at the ",Sid Davis on IMDb\\nSid Davis at the ,Sid Davis on IMDb Sid Davis at the
1981,gender,American_actors,Hoagy_Carmichael,interno_singolo,1,33,"Hoagy Carmichael at Find a Grave
Hoagy Carmichael ",Hoagy Carmichael at Find a Grave\\nHoagy Carmichael ,Hoagy Carmichael at Find a Grave Hoagy Carmichael
2038,gender,American_actors,Randy_Quaid,interno_singolo,1,33,"January 2011 Vanity Fair profile
Randy Quaid at ",January 2011 Vanity Fair profile\\nRandy Quaid at ,January 2011 Vanity Fair profile Randy Quaid at
2100,gender,American_actresses,Lucille_Ball,interno_singolo,1,50,"Lucille Ball and several other actors participate
""Wanda ","Lucille Ball and several other actors participate\\n""Wanda ","Lucille Ball and several other actors participate ""Wanda"
2113,gender,American_actresses,Ethel_Barrymore,interno_singolo,1,19,"of South Carolina)
Ethel Barrymore - ",of South Carolina)\\nEthel Barrymore - ,of South Carolina) Ethel Barrymore -
2134,gender,American_actresses,Karen_Black,interno_singolo,1,24,"Karen Black at AllMovie
Works by or about ",Karen Black at AllMovie\\nWorks by or about ,Karen Black at AllMovie Works by or about
2165,gender,American_actresses,Billie_Burke,interno_singolo,1,31,"of Washington Sayre collection
Billie Burke photos ",of Washington Sayre collection\\nBillie Burke photos ,of Washington Sayre collection Billie Burke photos
2166,gender,American_actresses,Billie_Burke,interno_singolo,1,34,"of Louisville Macauley Collection
Flo Ziegfeld-Billie Burke Papers, ","of Louisville Macauley Collection\\nFlo Ziegfeld-Billie Burke Papers, ","of Louisville Macauley Collection Flo Ziegfeld-Billie Burke Papers,"
2196,gender,American_actresses,Diahann_Carroll,interno_singolo,1,50,"Diahann Carroll at the Internet Broadway Database
Diahann ",Diahann Carroll at the Internet Broadway Database\\nDiahann ,Diahann Carroll at the Internet Broadway Database Diahann
2205,gender,American_actresses,Carol_Channing,interno_singolo,1,7,"(2004)
Carol Channing: The First Eighty Years Are ",(2004)\\nCarol Channing: The First Eighty Years Are ,(2004) Carol Channing: The First Eighty Years Are
2271,gender,American_actresses,Doris_Day,interno_singolo,1,41,"Hawthorne Publishing, ISBN 9780978716738
Braun, Eric, Doris Day ","Hawthorne Publishing, ISBN 9780978716738\\nBraun, Eric, Doris Day ","Hawthorne Publishing, ISBN 9780978716738 Braun, Eric, Doris Day"
2298,gender,American_actresses,Phyllis_Diller,interno_singolo,1,31,"Phyllis Diller at Find a Grave
One of ",Phyllis Diller at Find a Grave\\nOne of ,Phyllis Diller at Find a Grave One of
2312,gender,American_actresses,Marie_Dressler,interno_singolo,1,33,"of Washington, Sayre collection)
Marie Dressler reading newspaper ","of Washington, Sayre collection)\\nMarie Dressler reading newspaper ","of Washington, Sayre collection) Marie Dressler reading newspaper"
2313,gender,American_actresses,Marie_Dressler,interno_singolo,1,33,"of Washington, Sayre collection)
Marie Dressler in a ","of Washington, Sayre collection)\\nMarie Dressler in a ","of Washington, Sayre collection) Marie Dressler in a"
2330,gender,American_actresses,Lisa_Edelstein,interno_singolo,1,15,"Lisa Edelstein
is an American actress and ",Lisa Edelstein\\nis an American actress and ,Lisa Edelstein is an American actress and
2379,gender,American_actresses,Jane_Fonda,interno_singolo,1,44,"Jane Fonda Profile at Turner Classic Movies
About.com ",Jane Fonda Profile at Turner Classic Movies\\nAbout.com ,Jane Fonda Profile at Turner Classic Movies About.com
2392,gender,American_actresses,Kay_Francis,interno_singolo,1,37,"ISBN 0786411376, ISBN 978-0786411375
Callahan, Dan, Kay Francis: ","ISBN 0786411376, ISBN 978-0786411375\\nCallahan, Dan, Kay Francis: ","ISBN 0786411376, ISBN 978-0786411375 Callahan, Dan, Kay Francis:"
2401,gender,American_actresses,Annette_Funicello,interno_singolo,1,25,"Obituary from Disney D23
Annette Funicello at Brian's ",Obituary from Disney D23\\nAnnette Funicello at Brian's ,Obituary from Disney D23 Annette Funicello at Brian's
2413,gender,American_actresses,Ava_Gardner,interno_singolo,1,28,"Ava Gardner at Find a Grave
Ava Gardner ",Ava Gardner at Find a Grave\\nAva Gardner ,Ava Gardner at Find a Grave Ava Gardner
2622,gender,American_actresses,Nancy_Kovack,interno_singolo,1,29,"Nancy Kovack at Memory Alpha
Nancy Kovack at ",Nancy Kovack at Memory Alpha\\nNancy Kovack at ,Nancy Kovack at Memory Alpha Nancy Kovack at
2712,gender,American_actresses,Dorothy_Malone,interno_singolo,1,30,"(on shooting The Last Voyage)
Dorothy Malone photo ",(on shooting The Last Voyage)\\nDorothy Malone photo ,(on shooting The Last Voyage) Dorothy Malone photo
2736,gender,American_actresses,Mary_Elizabeth_Mastrantonio,interno_singolo,1,67,"Movies: Mary Elizabeth Mastrantonio biography Retrieved 2012-08-28
The Sunday ",Movies: Mary Elizabeth Mastrantonio biography Retrieved 2012-08-28\\nThe Sunday ,Movies: Mary Elizabeth Mastrantonio biography Retrieved 2012-08-28 The Sunday
2771,gender,American_actresses,Liza_Minnelli,interno_singolo,1,17,"Carol Publishing
Schechter, Scott, The Liza Minnelli ","Carol Publishing\\nSchechter, Scott, The Liza Minnelli ","Carol Publishing Schechter, Scott, The Liza Minnelli"
2781,gender,American_actresses,Grace_Moore,interno_singolo,1,28,"Grace Moore at Find a Grave
Grace Moore ",Grace Moore at Find a Grave\\nGrace Moore ,Grace Moore at Find a Grave Grace Moore
2790,gender,American_actresses,Mary_Tyler_Moore,interno_singolo,1,25,"Mary Tyler Moore on IMDb
Mary Tyler Moore at ",Mary Tyler Moore on IMDb\\nMary Tyler Moore at ,Mary Tyler Moore on IMDb Mary Tyler Moore at
2828,gender,American_actresses,Eleanor_Parker,interno_singolo,1,42,"Eleanor Parker photographs and literature
Eleanor Parker at ",Eleanor Parker photographs and literature\\nEleanor Parker at ,Eleanor Parker photographs and literature Eleanor Parker at
3077,gender,American_actresses,Oprah_Winfrey,interno_singolo,1,28,"Accessed September 17, 2010
Works by Oprah Winfrey ","Accessed September 17, 2010\\nWorks by Oprah Winfrey ","Accessed September 17, 2010 Works by Oprah Winfrey"
3111,gender,American_actresses,Julie_Marie_Berman,interno_singolo,1,20,"Julie Marie Berman 
(born November 3, 1983) is ","Julie Marie Berman \\n(born November 3, 1983) is ","Julie Marie Berman (born November 3, 1983) is"
3126,gender,American_actresses,Joan_Collins,interno_singolo,1,26,"Debrett's People of Today
Joan Collins interview on ",Debrett's People of Today\\nJoan Collins interview on ,Debrett's People of Today Joan Collins interview on
23517,political,capitalism,State_capitalism,interno_singolo,1,35,"by Aufheben at the Wayback Machine
State Capitalism ",by Aufheben at the Wayback Machine\\nState Capitalism ,by Aufheben at the Wayback Machine State Capitalism
23519,political,capitalism,State_capitalism,interno_singolo,1,46,"James on Marx's Capital and State Capitalism""
State ","James on Marx's Capital and State Capitalism""\\nState ","James on Marx's Capital and State Capitalism"" State"
23554,political,capitalism,Welfare_capitalism,interno_singolo,1,58,"Brandes, Stuart D. American Welfare Capitalism, 1880–1940
Crawford, ","Brandes, Stuart D. American Welfare Capitalism, 1880–1940\\nCrawford, ","Brandes, Stuart D. American Welfare Capitalism, 1880–1940 Crawford,"
23555,political,capitalism,Welfare_capitalism,interno_singolo,1,38,"Social Democracy & Welfare Capitalism
Jacoby, Sanford M.  ","Social Democracy & Welfare Capitalism\\nJacoby, Sanford M.  ","Social Democracy & Welfare Capitalism Jacoby, Sanford M."
23557,political,capitalism,Welfare_capitalism,interno_singolo,1,12,"3 Oct. 2009
M. Ramesh; ""Welfare Capitalism in ","3 Oct. 2009\\nM. Ramesh; ""Welfare Capitalism in ","3 Oct. 2009 M. Ramesh; ""Welfare Capitalism in"
21942,political,communism,History_of_communism,interno_singolo,1,8,"excerpt
Harvey, Robert, A Short History of Communism, ISBN ","excerpt\\nHarvey, Robert, A Short History of Communism, ISBN ","excerpt Harvey, Robert, A Short History of Communism, ISBN"
21943,political,communism,History_of_communism,interno_singolo,1,37,"The Red Flag: A History of Communism
Sandle, ","The Red Flag: A History of Communism\\nSandle, ","The Red Flag: A History of Communism Sandle,"
21975,political,communism,Scientific_communism,interno_singolo,1,7,"(1985)
Scientific ",(1985)\\nScientific ,(1985) Scientific
21984,political,communism,Libertarian_communism,interno_singolo,1,35,"Manifesto of Libertarian Communism
Luigi ",Manifesto of Libertarian Communism\\nLuigi ,Manifesto of Libertarian Communism Luigi
22021,political,communism,Anarchist_communism,interno_singolo,1,22,"""Anarchist Communism""
Alain ","""Anarchist Communism""\\nAlain ","""Anarchist Communism"" Alain"
22807,political,conservatism,Civic_conservatism,interno_singolo,1,45,"[D. Willetts, Civic Conservatism, pp 15, 18]
Fourteen ","[D. Willetts, Civic Conservatism, pp 15, 18]\\nFourteen ","[D. Willetts, Civic Conservatism, pp 15, 18] Fourteen"
22850,political,conservatism,Conservatism_in_Canada,interno_singolo,1,23,"Conservatism in Canada
Farney, James ","Conservatism in Canada\\nFarney, James ","Conservatism in Canada Farney, James"
22435,political,democracy,Deliberative_democracy,interno_singolo,1,23,"National Issues Forums
Center for Deliberative Democracy, Stanford ","National Issues Forums\\nCenter for Deliberative Democracy, Stanford ","National Issues Forums Center for Deliberative Democracy, Stanford"
22485,political,democracy,Interactive_democracy,interno_singolo,1,6,"Costs
Proponents of interactive democracy believe that the ",Costs\\nProponents of interactive democracy believe that the ,Costs Proponents of interactive democracy believe that the
22486,political,democracy,Interactive_democracy,interno_singolo,1,18,"ID and Parliament
Interactive democracy recognises the importance ",ID and Parliament\\nInteractive democracy recognises the importance ,ID and Parliament Interactive democracy recognises the importance
22496,political,democracy,Jeffersonian_democracy,interno_singolo,1,7,"online
Robertson, Andrew W. ""Afterword: Reconceptualizing Jeffersonian Democracy,"" ","online\\nRobertson, Andrew W. ""Afterword: Reconceptualizing Jeffersonian Democracy,"" ","online Robertson, Andrew W. ""Afterword: Reconceptualizing Jeffersonian Democracy,"""
22526,political,democracy,Pluralist_democracy,interno_singolo,1,29,"577–587, University of Utah)
""A Pluralist Democracy"", article ","577–587, University of Utah)\\n""A Pluralist Democracy"", article ","577–587, University of Utah) ""A Pluralist Democracy"", article"
22528,political,democracy,Popular_democracy,interno_singolo,1,37,"- a text defending Popular democracy
Sovereignty, an ","- a text defending Popular democracy\\nSovereignty, an ","- a text defending Popular democracy Sovereignty, an"
22563,political,democracy,Workplace_democracy,interno_singolo,1,50,"Articles by David Ellerman on workplace democracy
Workplace ",Articles by David Ellerman on workplace democracy\\nWorkplace ,Articles by David Ellerman on workplace democracy Workplace
22693,political,liberalism,Liberalism_in_Germany,interno_singolo,1,22,"Liberalism in Germany
Kwan, ","Liberalism in Germany\\nKwan, ","Liberalism in Germany Kwan,"
22694,political,liberalism,Liberalism_in_Germany,interno_singolo,1,22,"Liberalism in Germany
Mork, Gordon R. ""Bismarck and the ","Liberalism in Germany\\nMork, Gordon R. ""Bismarck and the ","Liberalism in Germany Mork, Gordon R. ""Bismarck and the"
23236,political,nationalism,Russian_nationalism,interno_singolo,1,46,"The Faces of Contemporary Russian Nationalism
Frolova-Walker, ","The Faces of Contemporary Russian Nationalism\\nFrolova-Walker, ","The Faces of Contemporary Russian Nationalism Frolova-Walker,"
23243,political,nationalism,Spanish_nationalism,interno_singolo,1,19,"José Álvarez Junco
Since then, Spanish nationalism has ","José Álvarez Junco\\nSince then, Spanish nationalism has ","José Álvarez Junco Since then, Spanish nationalism has"
22155,political,socialism,Democratic_socialism,interno_singolo,1,6,"[...]
Today democratic socialism's task is to recover ",[...]\\nToday democratic socialism's task is to recover ,[...] Today democratic socialism's task is to recover
14046,profession,artistic_occupations,Curator,interno_singolo,1,14,"Curating.info
CRUMB – Curatorial Resource for Upstart ",Curating.info\\nCRUMB – Curatorial Resource for Upstart ,Curating.info CRUMB – Curatorial Resource for Upstart
14202,profession,artistic_occupations,Singer,interno_singolo,1,21,"Voice classification
Vocal styles: for classical singers, ","Voice classification\\nVocal styles: for classical singers, ","Voice classification Vocal styles: for classical singers,"
14326,profession,artistic_occupations,Art,interno_singolo,1,15,"– Steve Mithen
Art as ",– Steve Mithen\\nArt as ,– Steve Mithen Art as
14329,profession,artistic_occupations,Art,interno_singolo,1,15,"– André Breton
Art as a ""free ","– André Breton\\nArt as a ""free ","– André Breton Art as a ""free"
14366,profession,artistic_occupations,Art,interno_singolo,1,21,"But is it Art?, 1995
Catherine de ","But is it Art?, 1995\\nCatherine de ","But is it Art?, 1995 Catherine de"
14369,profession,artistic_occupations,Art,interno_singolo,1,23,"ISBN 978-0-226-75342-3
Arthur Danto, The Abuse ","ISBN 978-0-226-75342-3\\nArthur Danto, The Abuse ","ISBN 978-0-226-75342-3 Arthur Danto, The Abuse"
21378,profession,corporate_titles,Chief_Customer_Officer,interno_singolo,1,36,"Classifying Chief Customer Officers
Bliss, ","Classifying Chief Customer Officers\\nBliss, ","Classifying Chief Customer Officers Bliss,"
21431,profession,corporate_titles,Chief_Risk_Officer,interno_singolo,1,4,"[2]
Chief Risk Officers are in the bottom tenth ",[2]\\nChief Risk Officers are in the bottom tenth ,[2] Chief Risk Officers are in the bottom tenth
21433,profession,corporate_titles,Chief_Risk_Officer,interno_singolo,1,27,"Skills: Chief Risk Officer
The Chief Risk Officer: What ",Skills: Chief Risk Officer\\nThe Chief Risk Officer: What ,Skills: Chief Risk Officer The Chief Risk Officer: What
15831,profession,dance_occupations,Circle_dance,interno_singolo,1,30,"Central Scotland Circle Dance
Circle Dance ",Central Scotland Circle Dance\\nCircle Dance ,Central Scotland Circle Dance Circle Dance
15847,profession,dance_occupations,Contra_dance,interno_singolo,1,22,"Sample contra dances:
Traditional - the actives do ",Sample contra dances:\\nTraditional - the actives do ,Sample contra dances: Traditional - the actives do
15851,profession,dance_occupations,Contra_dance,interno_singolo,1,45,"Hamilton Contra Dances A Contra Dance Primer
Sharon ",Hamilton Contra Dances A Contra Dance Primer\\nSharon ,Hamilton Contra Dances A Contra Dance Primer Sharon
15935,profession,dance_occupations,Folk_dance,interno_singolo,1,34,"Dabke, a folk dance of the Levant
Domkach, ","Dabke, a folk dance of the Levant\\nDomkach, ","Dabke, a folk dance of the Levant Domkach,"
16100,profession,dance_occupations,Modern_dance,interno_singolo,1,19,"ISBN 0-87127-172-9
Au, S. Ballet and Modern ","ISBN 0-87127-172-9\\nAu, S. Ballet and Modern ","ISBN 0-87127-172-9 Au, S. Ballet and Modern"
16103,profession,dance_occupations,Modern_dance,interno_singolo,1,19,"ISBN 0-8317-0763-1
Love, P. Modern Dance Terminology: ","ISBN 0-8317-0763-1\\nLove, P. Modern Dance Terminology: ","ISBN 0-8317-0763-1 Love, P. Modern Dance Terminology:"
16104,profession,dance_occupations,Modern_dance,interno_singolo,1,19,"ISBN 0-87127-211-3
Minton, S. Modern Dance: Body ","ISBN 0-87127-211-3\\nMinton, S. Modern Dance: Body ","ISBN 0-87127-211-3 Minton, S. Modern Dance: Body"
16168,profession,dance_occupations,Bulgarian_dances,interno_singolo,1,22,"Bulgarian folk dances
Video clips of Bulgarian dances ",Bulgarian folk dances\\nVideo clips of Bulgarian dances ,Bulgarian folk dances Video clips of Bulgarian dances
17524,profession,engineering_branches,Irrigation,interno_singolo,1,24,"New Orleans, Louisiana)
Underirrigation or irrigation giving ","New Orleans, Louisiana)\\nUnderirrigation or irrigation giving ","New Orleans, Louisiana) Underirrigation or irrigation giving"
17917,profession,engineering_branches,Mathematical_model,interno_singolo,1,19,"ISBN 0-486-41180-X
Gary Chartrand Graphs as Mathematical Models, ","ISBN 0-486-41180-X\\nGary Chartrand Graphs as Mathematical Models, ","ISBN 0-486-41180-X Gary Chartrand Graphs as Mathematical Models,"
17989,profession,engineering_branches,Computer_network,interno_singolo,1,44,"Important publications in computer networks
Network Communication Architecture ",Important publications in computer networks\\nNetwork Communication Architecture ,Important publications in computer networks Network Communication Architecture
18016,profession,engineering_branches,Partial_discharge,interno_singolo,1,48,"Partial Discharge Technical Articles and Papers
Measurement and ",Partial Discharge Technical Articles and Papers\\nMeasurement and ,Partial Discharge Technical Articles and Papers Measurement and
18412,profession,engineering_branches,Spacecraft,interno_singolo,1,13,"Life support
Spacecraft intended for human spaceflight must ",Life support\\nSpacecraft intended for human spaceflight must ,Life support Spacecraft intended for human spaceflight must
18413,profession,engineering_branches,Spacecraft,interno_singolo,1,17,"Attitude control
A Spacecraft needs an attitude control ",Attitude control\\nA Spacecraft needs an attitude control ,Attitude control A Spacecraft needs an attitude control
18415,profession,engineering_branches,Spacecraft,interno_singolo,1,15,"Communications
Spacecraft, both robotic and crewed, utilize ","Communications\\nSpacecraft, both robotic and crewed, utilize ","Communications Spacecraft, both robotic and crewed, utilize"
18452,profession,engineering_branches,Wind_farm,interno_singolo,1,44,"Waters National Renewable Energy Laboratory
Biggest Wind Farms ",Waters National Renewable Energy Laboratory\\nBiggest Wind Farms ,Waters National Renewable Energy Laboratory Biggest Wind Farms
18465,profession,engineering_branches,Aeronautics,interno_singolo,1,22,"Hierarchical taxonomy
""Ideas in Aeronautics & ","Hierarchical taxonomy\\n""Ideas in Aeronautics & ","Hierarchical taxonomy ""Ideas in Aeronautics &"
18544,profession,engineering_branches,Mechatronics,interno_singolo,1,16,"CRC Press, 2005
Onwubolu, Godfrey C., ","CRC Press, 2005\\nOnwubolu, Godfrey C., ","CRC Press, 2005 Onwubolu, Godfrey C.,"
18545,profession,engineering_branches,Mechatronics,interno_singolo,1,32,"Mechatronics Journal – Elsevier
mechatronic applications and ",Mechatronics Journal – Elsevier\\nmechatronic applications and ,Mechatronics Journal – Elsevier mechatronic applications and
18806,profession,engineering_branches,Neural_engineering,interno_singolo,1,43,"ISBN 978-0-8493-8174-4.CS1 maint: ref=harv
Neural Engineering ISBN ",ISBN 978-0-8493-8174-4.CS1 maint: ref=harv\\nNeural Engineering ISBN ,ISBN 978-0-8493-8174-4.CS1 maint: ref=harv Neural Engineering ISBN
18838,profession,engineering_branches,Bioacoustics,interno_singolo,1,19,"ISBN 0-7486-0148-1
Fletcher N.: Animal ",ISBN 0-7486-0148-1\\nFletcher N.: Animal ,ISBN 0-7486-0148-1 Fletcher N.: Animal
19011,profession,engineering_branches,Lightning,interno_singolo,1,37,"How Lightning Works at HowStuffWorks
Thunderstorms and ",How Lightning Works at HowStuffWorks\\nThunderstorms and ,How Lightning Works at HowStuffWorks Thunderstorms and
19067,profession,engineering_branches,Escalator,interno_singolo,1,12,"(See above)
The longest escalator of a ",(See above)\\nThe longest escalator of a ,(See above) The longest escalator of a
19379,profession,engineering_branches,Wind_turbine,interno_singolo,1,25,"Largest 1-bladed turbine
The largest single-bladed wind turbine ",Largest 1-bladed turbine\\nThe largest single-bladed wind turbine ,Largest 1-bladed turbine The largest single-bladed wind turbine
19381,profession,engineering_branches,Wind_turbine,interno_singolo,1,17,"Highest-situated
Since 2013 the world's highest-situated wind turbine ",Highest-situated\\nSince 2013 the world's highest-situated wind turbine ,Highest-situated Since 2013 the world's highest-situated wind turbine
19382,profession,engineering_branches,Wind_turbine,interno_singolo,1,30,"Largest floating wind turbine
The world's largest floating wind turbine is ",Largest floating wind turbine\\nThe world's largest floating wind turbine is ,Largest floating wind turbine The world's largest floating wind turbine is
19567,profession,engineering_branches,Information_theory,interno_singolo,1,33,""", Journal of Chemical Education
IEEE Information Theory ",""", Journal of Chemical Education\\nIEEE Information Theory ",""", Journal of Chemical Education IEEE Information Theory"
19604,profession,engineering_branches,Computer_vision,interno_singolo,1,53,"Keith Price's Annotated Computer Vision Bibliography
CVonline Bob ",Keith Price's Annotated Computer Vision Bibliography\\nCVonline Bob ,Keith Price's Annotated Computer Vision Bibliography CVonline Bob
19653,profession,engineering_branches,Systems_engineering,interno_singolo,1,25,"Configuration management
Like systems engineering, configuration management as ","Configuration management\\nLike systems engineering, configuration management as ","Configuration management Like systems engineering, configuration management as"
19655,profession,engineering_branches,Systems_engineering,interno_singolo,1,24,"Mechatronic engineering
Mechatronic engineering, like systems engineering, is ","Mechatronic engineering\\nMechatronic engineering, like systems engineering, is ","Mechatronic engineering Mechatronic engineering, like systems engineering, is"
19656,profession,engineering_branches,Systems_engineering,interno_singolo,1,20,"Operations research
Operations research supports systems ",Operations research\\nOperations research supports systems ,Operations research Operations research supports systems
19659,profession,engineering_branches,Systems_engineering,interno_singolo,1,11,"Scheduling
Scheduling is one of the systems engineering ",Scheduling\\nScheduling is one of the systems engineering ,Scheduling Scheduling is one of the systems engineering
19663,profession,engineering_branches,Systems_engineering,interno_singolo,1,49,"SEBOK.org, Systems Engineering Body of Knowledge
Shermon, D. ","SEBOK.org, Systems Engineering Body of Knowledge\\nShermon, D. ","SEBOK.org, Systems Engineering Body of Knowledge Shermon, D."
19734,profession,engineering_branches,Combat_engineer,interno_singolo,1,35,"Equipment used by combat engineers
Basic combat engineering ",Equipment used by combat engineers\\nBasic combat engineering ,Equipment used by combat engineers Basic combat engineering
19741,profession,engineering_branches,Nanomaterials,interno_singolo,1,37,"(the usual definition of nanoscale) 
Nanomaterials ",(the usual definition of nanoscale) \\nNanomaterials ,(the usual definition of nanoscale) Nanomaterials
20062,profession,engineering_branches,Interdisciplinarity,interno_singolo,1,44,"Center for the Study of Interdisciplinarity
Centre for ",Center for the Study of Interdisciplinarity\\nCentre for ,Center for the Study of Interdisciplinarity Centre for
20068,profession,engineering_branches,Interdisciplinarity,interno_singolo,1,31,"Practicing Interdisciplinarity
Peter Weingart; Britta ",Practicing Interdisciplinarity\\nPeter Weingart; Britta ,Practicing Interdisciplinarity Peter Weingart; Britta
15420,profession,entertainer_occupations,Geisha,interno_singolo,1,12,"Daniel Mann
The Barbarian and the ",Daniel Mann\\nThe Barbarian and the ,Daniel Mann The Barbarian and the
15421,profession,entertainer_occupations,Geisha,interno_singolo,1,12,"Hideo Gosha
The World of ",Hideo Gosha\\nThe World of ,Hideo Gosha The World of
15422,profession,entertainer_occupations,Geisha,interno_singolo,1,12,"Yang Yun-ho
Memoirs of a ",Yang Yun-ho\\nMemoirs of a ,Yang Yun-ho Memoirs of a
15469,profession,entertainer_occupations,Mime,interno_singolo,1,29,"Free Online PHP MIME checker
Free Online ",Free Online PHP MIME checker\\nFree Online ,Free Online PHP MIME checker Free Online
15552,profession,entertainer_occupations,Singer,interno_singolo,1,21,"Voice classification
Vocal styles: for classical singers, ","Voice classification\\nVocal styles: for classical singers, ","Voice classification Vocal styles: for classical singers,"
13846,profession,film_and_television_occupations,Film_director,interno_singolo,1,13,"2: Directors
Contemporary North American Film Directors: A ",2: Directors\\nContemporary North American Film Directors: A ,2: Directors Contemporary North American Film Directors: A
13311,profession,healthcare_occupations,Occupational_Therapist,interno_singolo,1,19,"Early Intervention
An occupational therapist may work with ",Early Intervention\\nAn occupational therapist may work with ,Early Intervention An occupational therapist may work with
13315,profession,healthcare_occupations,Occupational_Therapist,interno_singolo,1,20,"Outpatient services
Occupational therapists might also work with ",Outpatient services\\nOccupational therapists might also work with ,Outpatient services Occupational therapists might also work with
13317,profession,healthcare_occupations,Occupational_Therapist,interno_singolo,1,13,"Primary care
Primary care for occupational therapists is ",Primary care\\nPrimary care for occupational therapists is ,Primary care Primary care for occupational therapists is
13444,profession,healthcare_occupations,Midwife,interno_singolo,1,35,"Education, training and regulation
The undergraduate midwifery ","Education, training and regulation\\nThe undergraduate midwifery ","Education, training and regulation The undergraduate midwifery"
13447,profession,healthcare_occupations,Midwife,interno_singolo,1,9,"Practice
Women may choose a midwife, a ","Practice\\nWomen may choose a midwife, a ","Practice Women may choose a midwife, a"
13466,profession,healthcare_occupations,Midwife,interno_singolo,1,15,"Responsibility
A midwife's responsibilities were not limited ",Responsibility\\nA midwife's responsibilities were not limited ,Responsibility A midwife's responsibilities were not limited
21532,profession,industrial_occupations,Wheelwright,interno_singolo,1,35,"Worshipful Company of Wheelwrights
Phill Gregson, ","Worshipful Company of Wheelwrights\\nPhill Gregson, ","Worshipful Company of Wheelwrights Phill Gregson,"
20250,profession,mental_health_occupations,Occupational_therapist,interno_singolo,1,19,"Early Intervention
An occupational therapist may work with ",Early Intervention\\nAn occupational therapist may work with ,Early Intervention An occupational therapist may work with
20254,profession,mental_health_occupations,Occupational_therapist,interno_singolo,1,20,"Outpatient services
Occupational therapists might also work with ",Outpatient services\\nOccupational therapists might also work with ,Outpatient services Occupational therapists might also work with
20256,profession,mental_health_occupations,Occupational_therapist,interno_singolo,1,13,"Primary care
Primary care for occupational therapists is ",Primary care\\nPrimary care for occupational therapists is ,Primary care Primary care for occupational therapists is
11527,profession,metalworking_occupations,Blacksmith,interno_singolo,1,17,"Blacksmith Scene
Forging of Chain by Two ",Blacksmith Scene\\nForging of Chain by Two ,Blacksmith Scene Forging of Chain by Two
11630,profession,metalworking_occupations,Machine_tool,interno_singolo,1,16,"David Wilkinson
Machine tools can be powered from ",David Wilkinson\\nMachine tools can be powered from ,David Wilkinson Machine tools can be powered from
11685,profession,metalworking_occupations,Gunsmith,interno_singolo,1,64,"Apprenticeships, learning directly from professional gunsmiths:
The ","Apprenticeships, learning directly from professional gunsmiths:\\nThe ","Apprenticeships, learning directly from professional gunsmiths: The"
11812,profession,metalworking_occupations,Management,interno_singolo,1,35,"From this perspective, Henri Fayol
considers management ","From this perspective, Henri Fayol\\nconsiders management ","From this perspective, Henri Fayol considers management"
11904,profession,metalworking_occupations,Statistics,interno_singolo,1,37,"UCLA Statistical Computing Resources
Philosophy of Statistics ",UCLA Statistical Computing Resources\\nPhilosophy of Statistics ,UCLA Statistical Computing Resources Philosophy of Statistics
12007,profession,metalworking_occupations,Engineering_drawing,interno_singolo,1,20,"Engineering Drawing
David A. Madsen, Karen Schertz, ","Engineering Drawing\\nDavid A. Madsen, Karen Schertz, ","Engineering Drawing David A. Madsen, Karen Schertz,"
12072,profession,metalworking_occupations,Trade_union,interno_singolo,1,32,"British Trade Unions, 1945-1995
Zeitlin, ","British Trade Unions, 1945-1995\\nZeitlin, ","British Trade Unions, 1945-1995 Zeitlin,"
15022,profession,scientific_occupations,Chemist,interno_singolo,1,38,"Physical Chemistry ISBN 0-19-879285-9
Atkins, ","Physical Chemistry ISBN 0-19-879285-9\\nAtkins, ","Physical Chemistry ISBN 0-19-879285-9 Atkins,"
12156,profession,sewing_occupations,Bookbinding,interno_singolo,1,19,"ISBN 0-500-27360-X
Lewis, A. W. Basic ","ISBN 0-500-27360-X\\nLewis, A. W. Basic ","ISBN 0-500-27360-X Lewis, A. W. Basic"
12271,profession,sewing_occupations,Glove,interno_singolo,1,16,"Billiards glove
Boxing gloves: a specialized padded ",Billiards glove\\nBoxing gloves: a specialized padded ,Billiards glove Boxing gloves: a specialized padded
12272,profession,sewing_occupations,Glove,interno_singolo,1,15,"Cycling gloves
Driving gloves intended to improve ",Cycling gloves\\nDriving gloves intended to improve ,Cycling gloves Driving gloves intended to improve
12275,profession,sewing_occupations,Glove,interno_singolo,1,21,"Scuba diving gloves:
Cotton gloves; good abrasion, ","Scuba diving gloves:\\nCotton gloves; good abrasion, ","Scuba diving gloves: Cotton gloves; good abrasion,"
12433,profession,sewing_occupations,Backstitch,interno_singolo,1,20,"Threaded backstitch
Pekinese stitch, a looped interlaced ","Threaded backstitch\\nPekinese stitch, a looped interlaced ","Threaded backstitch Pekinese stitch, a looped interlaced"
12570,profession,sewing_occupations,Interfacing,interno_singolo,1,29,"Interfacings can be used to:
stiffen or ",Interfacings can be used to:\\nstiffen or ,Interfacings can be used to: stiffen or
12830,profession,sewing_occupations,Scissors,interno_singolo,1,5,"Asia
In Pakistan, some believe that scissors ","Asia\\nIn Pakistan, some believe that scissors ","Asia In Pakistan, some believe that scissors"
12925,profession,sewing_occupations,Elias_Howe,interno_singolo,1,8,"338–369
Elias Howe Biography by Alex I. ",338–369\\nElias Howe Biography by Alex I. ,338–369 Elias Howe Biography by Alex I.
20722,profession,theatre_personnel,Publicist,interno_singolo,1,29,"Special publicity consultant
Unit publicist – The ",Special publicity consultant\\nUnit publicist – The ,Special publicity consultant Unit publicist – The
20746,profession,theatre_personnel,Stage_manager,interno_singolo,1,16,"Texting/calling
The stage manager may need to text ",Texting/calling\\nThe stage manager may need to text ,Texting/calling The stage manager may need to text
20860,profession,theatre_personnel,Theatre,interno_singolo,1,41,"University of Bristol Theatre Collection
Music Hall ",University of Bristol Theatre Collection\\nMusic Hall ,University of Bristol Theatre Collection Music Hall
20881,profession,theatre_personnel,Neoclassicism,interno_singolo,1,30,"Early Neoclassicism in France
Friedlaender, ","Early Neoclassicism in France\\nFriedlaender, ","Early Neoclassicism in France Friedlaender,"
21042,profession,theatre_personnel,Improvisational_theatre,interno_singolo,1,35,"Wiki about improvisational theatre
Fundamental Improv ",Wiki about improvisational theatre\\nFundamental Improv ,Wiki about improvisational theatre Fundamental Improv
21135,profession,theatre_personnel,Opera,interno_singolo,1,34,"ISBN 0-333-73432-7, 1-56159-228-5
The Viking Opera ","ISBN 0-333-73432-7, 1-56159-228-5\\nThe Viking Opera ","ISBN 0-333-73432-7, 1-56159-228-5 The Viking Opera"
21136,profession,theatre_personnel,Opera,interno_singolo,1,13,"Roger Parker
The Oxford Dictionary of Opera, ","Roger Parker\\nThe Oxford Dictionary of Opera, ","Roger Parker The Oxford Dictionary of Opera,"
16612,profession,writing_occupations,Blog,interno_singolo,1,15,"Personal blogs
The personal blog is an ",Personal blogs\\nThe personal blog is an ,Personal blogs The personal blog is an
16622,profession,writing_occupations,Blog,interno_singolo,1,34,"subdomain in domain name.By genre
Some blogs ",subdomain in domain name.By genre\\nSome blogs ,subdomain in domain name.By genre Some blogs
16639,profession,writing_occupations,Blog,interno_singolo,1,26,"""Blogging and advertising
It is common for ","""Blogging and advertising\\nIt is common for ","""Blogging and advertising It is common for"
16897,profession,writing_occupations,Technical_writer,interno_singolo,1,46,"Kurt Vonnegut described technical writers as:
...trained to ",Kurt Vonnegut described technical writers as:\\n...trained to ,Kurt Vonnegut described technical writers as: ...trained to
4088,race,African_Americans,Roscoe_Lee_Browne,interno_singolo,1,24,"Retrieved March 1, 2016
Roscoe Lee Browne profile, at ","Retrieved March 1, 2016\\nRoscoe Lee Browne profile, at ","Retrieved March 1, 2016 Roscoe Lee Browne profile, at"
4121,race,African_Americans,Diahann_Carroll,interno_singolo,1,50,"Diahann Carroll at the Internet Broadway Database
Diahann Carroll at the Internet ",Diahann Carroll at the Internet Broadway Database\\nDiahann Carroll at the Internet ,Diahann Carroll at the Internet Broadway Database Diahann Carroll at the Internet
4231,race,African_Americans,Danny_Glover,interno_singolo,1,36,"Cheryl Byron and Something Positive
Danny Glover in ",Cheryl Byron and Something Positive\\nDanny Glover in ,Cheryl Byron and Something Positive Danny Glover in
4240,race,African_Americans,Dick_Gregory,interno_singolo,1,26,"The Shadow that Scares Me
Dick Gregory's Bible ",The Shadow that Scares Me\\nDick Gregory's Bible ,The Shadow that Scares Me Dick Gregory's Bible
4241,race,African_Americans,Dick_Gregory,interno_singolo,1,19,"ISBN 0-8128-6194-9
Dick Gregory's Natural Diet for ",ISBN 0-8128-6194-9\\nDick Gregory's Natural Diet for ,ISBN 0-8128-6194-9 Dick Gregory's Natural Diet for
4273,race,African_Americans,Gregory_Hines,interno_singolo,1,44,"TonyAwards.com Interview with Gregory Hines
Archival footage of Gregory ",TonyAwards.com Interview with Gregory Hines\\nArchival footage of Gregory ,TonyAwards.com Interview with Gregory Hines Archival footage of Gregory
4360,race,African_Americans,Lionel_Richie,interno_singolo,1,44,"2011: Lionel Richie: Dancing On the Ceiling
2014: ",2011: Lionel Richie: Dancing On the Ceiling\\n2014: ,2011: Lionel Richie: Dancing On the Ceiling 2014:
4377,race,African_Americans,John_Singleton,interno_singolo,1,24,"John Singleton on IMDb 
John Singleton at ",John Singleton on IMDb \\nJohn Singleton at ,John Singleton on IMDb John Singleton at
4411,race,African_Americans,Gary_Anthony_Williams,interno_singolo,1,24,"Retrieved July 23, 2007
Gary Anthony Williams Causes a ","Retrieved July 23, 2007\\nGary Anthony Williams Causes a ","Retrieved July 23, 2007 Gary Anthony Williams Causes a"
4423,race,African_Americans,Oprah_Winfrey,interno_singolo,1,28,"Accessed September 17, 2010
Works by Oprah Winfrey ","Accessed September 17, 2010\\nWorks by Oprah Winfrey ","Accessed September 17, 2010 Works by Oprah Winfrey"
4503,race,African_Americans,Ralph_Abernathy,interno_singolo,1,28,"FBI file on Ralph Abernathy
Ralph Abernathy on ",FBI file on Ralph Abernathy\\nRalph Abernathy on ,FBI file on Ralph Abernathy Ralph Abernathy on
4520,race,African_Americans,Ella_Baker,interno_singolo,1,32,"The Ongoing Feminist Revolution
""Ella Baker,"" One Person, ","The Ongoing Feminist Revolution\\n""Ella Baker,"" One Person, ","The Ongoing Feminist Revolution ""Ella Baker,"" One Person,"
4523,race,African_Americans,James_Baldwin,interno_singolo,1,16,"Southern Spaces
James Baldwin talks about race, political ","Southern Spaces\\nJames Baldwin talks about race, political ","Southern Spaces James Baldwin talks about race, political"
4553,race,African_Americans,Angela_Davis,interno_singolo,1,10,"1972–1985
""Angela Davis Talks about her Future and ","1972–1985\\n""Angela Davis Talks about her Future and ","1972–1985 ""Angela Davis Talks about her Future and"
4582,race,African_Americans,Frederick_Douglass,interno_singolo,1,7,"; 2008
Frederick Douglass [videorecording] / produced by ",; 2008\\nFrederick Douglass [videorecording] / produced by ,; 2008 Frederick Douglass [videorecording] / produced by
4583,race,African_Americans,Frederick_Douglass,interno_singolo,1,7,"; 1997
Frederick Douglass: When the Lion Wrote ",; 1997\\nFrederick Douglass: When the Lion Wrote ,; 1997 Frederick Douglass: When the Lion Wrote
4585,race,African_Americans,Frederick_Douglass,interno_singolo,1,49,"Works by Frederick Douglass at Project Gutenberg
Works ",Works by Frederick Douglass at Project Gutenberg\\nWorks ,Works by Frederick Douglass at Project Gutenberg Works
4588,race,African_Americans,Frederick_Douglass,interno_singolo,1,29,"The Frederick Douglass Diary
 The Liberator Files, ","The Frederick Douglass Diary\\n The Liberator Files, ","The Frederick Douglass Diary The Liberator Files,"
4591,race,African_Americans,Frederick_Douglass,interno_singolo,1,42,"Timeline of Frederick Douglass and family
Timeline of ",Timeline of Frederick Douglass and family\\nTimeline of ,Timeline of Frederick Douglass and family Timeline of
4594,race,African_Americans,James_Farmer,interno_singolo,1,53,"James Farmer, Penguin-Plume, 1986 ISBN 0-452-25803-0
He ","James Farmer, Penguin-Plume, 1986 ISBN 0-452-25803-0\\nHe ","James Farmer, Penguin-Plume, 1986 ISBN 0-452-25803-0 He"
4628,race,African_Americans,Fred_Hampton,interno_singolo,1,35,"The Murder of Fred Hampton on IMDb
FBI ",The Murder of Fred Hampton on IMDb\\nFBI ,The Murder of Fred Hampton on IMDb FBI
4654,race,African_Americans,James_Weldon_Johnson,interno_singolo,1,41,"James Weldon Johnson Memorial Collection
Profile and Images at ",James Weldon Johnson Memorial Collection\\nProfile and Images at ,James Weldon Johnson Memorial Collection Profile and Images at
4655,race,African_Americans,James_Weldon_Johnson,interno_singolo,1,39,"Grace and James Weldon Johnson Website
Profile at Modern ",Grace and James Weldon Johnson Website\\nProfile at Modern ,Grace and James Weldon Johnson Website Profile at Modern
4675,race,African_Americans,Bernard_Lafayette,interno_singolo,1,22,"Appearances on C-SPAN
SNCC Digital Gateway: Bernard Lafayette, ","Appearances on C-SPAN\\nSNCC Digital Gateway: Bernard Lafayette, ","Appearances on C-SPAN SNCC Digital Gateway: Bernard Lafayette,"
4676,race,African_Americans,Julius_Lester,interno_singolo,1,41,"Manuscript Finding Aids at Jones Library
Julius Lester ",Manuscript Finding Aids at Jones Library\\nJulius Lester ,Manuscript Finding Aids at Jones Library Julius Lester
4707,race,African_Americans,Rosa_Parks,interno_singolo,1,6,"2015:
The papers of Rosa Parks were cataloged ",2015:\\nThe papers of Rosa Parks were cataloged ,2015: The papers of Rosa Parks were cataloged
4709,race,African_Americans,Rosa_Parks,interno_singolo,1,6,"2016:
The house lived in by Rosa Parks's ",2016:\\nThe house lived in by Rosa Parks's ,2016: The house lived in by Rosa Parks's
4710,race,African_Americans,Rosa_Parks,interno_singolo,1,6,"2019:
A statue of Rosa Parks was unveiled ",2019:\\nA statue of Rosa Parks was unveiled ,2019: A statue of Rosa Parks was unveiled
4712,race,African_Americans,Rosa_Parks,interno_singolo,1,19,"Rosa Parks on IMDb
Photo of Rosa Parks ",Rosa Parks on IMDb\\nPhoto of Rosa Parks ,Rosa Parks on IMDb Photo of Rosa Parks
4725,race,African_Americans,A._Philip_Randolph,interno_singolo,1,41,"A. Philip Randolph Pullman Porter Museum
A. Philp Randolph ",A. Philip Randolph Pullman Porter Museum\\nA. Philp Randolph ,A. Philip Randolph Pullman Porter Museum A. Philp Randolph
4744,race,African_Americans,Jo_Ann_Robinson,interno_singolo,1,33,"in The African American Registry
""Jo Ann ","in The African American Registry\\n""Jo Ann ","in The African American Registry ""Jo Ann"
4750,race,African_Americans,Bayard_Rustin,interno_singolo,1,44,"Brother Outsider: The Life of Bayard Rustin
King, ","Brother Outsider: The Life of Bayard Rustin\\nKing, ","Brother Outsider: The Life of Bayard Rustin King,"
4752,race,African_Americans,Bayard_Rustin,interno_singolo,1,31,"Bayard Rustin FB Memorial Page
FBI file on ",Bayard Rustin FB Memorial Page\\nFBI file on ,Bayard Rustin FB Memorial Page FBI file on
4753,race,African_Americans,Bayard_Rustin,interno_singolo,1,11,"The Nation
Biography on Bayard Rustin High School's ",The Nation\\nBiography on Bayard Rustin High School's ,The Nation Biography on Bayard Rustin High School's
4763,race,African_Americans,Al_Sharpton,interno_singolo,1,19,"ISBN 0-7582-0350-0
The Rejected Stone: Al Sharpton ",ISBN 0-7582-0350-0\\nThe Rejected Stone: Al Sharpton ,ISBN 0-7582-0350-0 The Rejected Stone: Al Sharpton
4764,race,African_Americans,Al_Sharpton,interno_singolo,1,22,"Appearances on C-SPAN
Stories told by Al ",Appearances on C-SPAN\\nStories told by Al ,Appearances on C-SPAN Stories told by Al
4804,race,African_Americans,Andrew_Young,interno_singolo,1,13,"(June 1996);
Andrew Young at the United ",(June 1996);\\nAndrew Young at the United ,(June 1996); Andrew Young at the United
4842,race,African_Americans,Clarence_Thomas,interno_singolo,1,31,"Clarence Thomas at Ballotpedia
Issue positions and quotes ",Clarence Thomas at Ballotpedia\\nIssue positions and quotes ,Clarence Thomas at Ballotpedia Issue positions and quotes
4889,race,African_Americans,Nikki_Giovanni,interno_singolo,1,47,"Nikki Giovanni: Profile and Poems at Poets.org
Giovanni ",Nikki Giovanni: Profile and Poems at Poets.org\\nGiovanni ,Nikki Giovanni: Profile and Poems at Poets.org Giovanni
4895,race,African_Americans,Toni_Morrison,interno_singolo,1,45,"Bookworm Interviews with Michael Silverblatt
Toni Morrison's oral ",Bookworm Interviews with Michael Silverblatt\\nToni Morrison's oral ,Bookworm Interviews with Michael Silverblatt Toni Morrison's oral
4899,race,African_Americans,Arna_Bontemps,interno_singolo,1,19,"ISBN 0-313-28013-4
Charles Harold Nichols, editor, Arna ","ISBN 0-313-28013-4\\nCharles Harold Nichols, editor, Arna ","ISBN 0-313-28013-4 Charles Harold Nichols, editor, Arna"
4910,race,African_Americans,Paul_Laurence_Dunbar,interno_singolo,1,40,"Paul Laurence Dunbar: Profile and Poems
Paul Laurence Dunbar ",Paul Laurence Dunbar: Profile and Poems\\nPaul Laurence Dunbar ,Paul Laurence Dunbar: Profile and Poems Paul Laurence Dunbar
4911,race,African_Americans,Ralph_Ellison,interno_singolo,1,19,"ISBN 0-394-54050-6
The Collected Essays of Ralph ",ISBN 0-394-54050-6\\nThe Collected Essays of Ralph ,ISBN 0-394-54050-6 The Collected Essays of Ralph
4912,race,African_Americans,Ralph_Ellison,interno_singolo,1,19,"ISBN 0-679-60176-7
Living with Music: Ralph Ellison's ",ISBN 0-679-60176-7\\nLiving with Music: Ralph Ellison's ,ISBN 0-679-60176-7 Living with Music: Ralph Ellison's
4914,race,African_Americans,Ralph_Ellison,interno_singolo,1,26,"FBI file on Ralph Ellison
The Ralph Ellison ",FBI file on Ralph Ellison\\nThe Ralph Ellison ,FBI file on Ralph Ellison The Ralph Ellison
4968,race,African_Americans,Margaret_Walker,interno_singolo,1,40,"Margaret Walker at Smithsonian Folkways
""Margaret Walker: ","Margaret Walker at Smithsonian Folkways\\n""Margaret Walker: ","Margaret Walker at Smithsonian Folkways ""Margaret Walker:"
4970,race,African_Americans,Dorothy_West,interno_singolo,1,19,"ISBN 0-452-00981-2
Sherrard-Johnson, Cherene, Dorothy West's Paradise: ","ISBN 0-452-00981-2\\nSherrard-Johnson, Cherene, Dorothy West's Paradise: ","ISBN 0-452-00981-2 Sherrard-Johnson, Cherene, Dorothy West's Paradise:"
4981,race,African_Americans,John_Edgar_Wideman,interno_singolo,1,32,"""Salon Interview"", LAURA MILLER
""John Edgar Wideman"", The New ","""Salon Interview"", LAURA MILLER\\n""John Edgar Wideman"", The New ","""Salon Interview"", LAURA MILLER ""John Edgar Wideman"", The New"
5020,race,African_Americans,Duke_Ellington,interno_singolo,1,19,"ISBN 0-306-80614-2
Lawrence, A. H. Duke Ellington ","ISBN 0-306-80614-2\\nLawrence, A. H. Duke Ellington ","ISBN 0-306-80614-2 Lawrence, A. H. Duke Ellington"
5053,race,African_Americans,Smokey_Robinson,interno_singolo,1,44,"Smokey Robinson's page at soulwalking.co.uk
Smokey Robinson Biography ",Smokey Robinson's page at soulwalking.co.uk\\nSmokey Robinson Biography ,Smokey Robinson's page at soulwalking.co.uk Smokey Robinson Biography
5069,race,African_Americans,Ike_Turner,interno_singolo,1,39,"The Best of Ike Turner, Rhino R2-71819
2001: ","The Best of Ike Turner, Rhino R2-71819\\n2001: ","The Best of Ike Turner, Rhino R2-71819 2001:"
5088,race,African_Americans,Kim_Burrell,interno_singolo,1,20,"Kim Burrell on IMDb
Kim Burrell at ",Kim Burrell on IMDb\\nKim Burrell at ,Kim Burrell on IMDb Kim Burrell at
5096,race,African_Americans,Lavern_Baker,interno_singolo,1,25,"LaVern Baker at AllMovie
Biography of Lavern ",LaVern Baker at AllMovie\\nBiography of Lavern ,LaVern Baker at AllMovie Biography of Lavern
5106,race,African_Americans,Bobby_Bland,interno_singolo,1,24,"Bobby Bland discography
Bobby Bland at Wenig-Lamonica ",Bobby Bland discography\\nBobby Bland at Wenig-Lamonica ,Bobby Bland discography Bobby Bland at Wenig-Lamonica
5116,race,African_Americans,Buddy_Bolden,interno_singolo,1,8,"on IMDb
The Real Buddy Bolden The Syncopated ",on IMDb\\nThe Real Buddy Bolden The Syncopated ,on IMDb The Real Buddy Bolden The Syncopated
5129,race,African_Americans,Clifford_Brown,interno_singolo,1,6,"2001)
Clifford Brown And Art Farmer With The ",2001)\\nClifford Brown And Art Farmer With The ,2001) Clifford Brown And Art Farmer With The
5130,race,African_Americans,Clifford_Brown,interno_singolo,1,32,"Clifford Brown Quartet In Paris
Clifford Brown Sextet ",Clifford Brown Quartet In Paris\\nClifford Brown Sextet ,Clifford Brown Quartet In Paris Clifford Brown Sextet
5131,race,African_Americans,Clifford_Brown,interno_singolo,1,6,"1956)
Clifford Brown Ensemble / Arranged by Montrose ",1956)\\nClifford Brown Ensemble / Arranged by Montrose ,1956) Clifford Brown Ensemble / Arranged by Montrose
5132,race,African_Americans,Clifford_Brown,interno_singolo,1,6,"2001)
Clifford Brown & Max Roach (EmArcy ",2001)\\nClifford Brown & Max Roach (EmArcy ,2001) Clifford Brown & Max Roach (EmArcy
5151,race,African_Americans,Betty_Carter,interno_singolo,1,28,"Betty Carter profile at MTV
Martin Weil, Betty ","Betty Carter profile at MTV\\nMartin Weil, Betty ","Betty Carter profile at MTV Martin Weil, Betty"
5163,race,African_Americans,Charlie_Christian,interno_singolo,1,52,"Charlie Christian, Style Analysis and Solo Examples
Deep ","Charlie Christian, Style Analysis and Solo Examples\\nDeep ","Charlie Christian, Style Analysis and Solo Examples Deep"
5167,race,African_Americans,James_Cleveland,interno_singolo,1,32,"James Cleveland at jcchorus.com
James Cleveland on ",James Cleveland at jcchorus.com\\nJames Cleveland on ,James Cleveland at jcchorus.com James Cleveland on
5172,race,African_Americans,Daryl_Coley,interno_singolo,1,32,"Patrick Henderson, Daryl Coley)
""Medley: He'll Never Let ","Patrick Henderson, Daryl Coley)\\n""Medley: He'll Never Let ","Patrick Henderson, Daryl Coley) ""Medley: He'll Never Let"
5180,race,African_Americans,Alice_Coltrane,interno_singolo,1,28,"Alice Coltrane at NPR Music
Alice Coltrane in ",Alice Coltrane at NPR Music\\nAlice Coltrane in ,Alice Coltrane at NPR Music Alice Coltrane in
5322,race,African_Americans,Edmond_Hall,interno_singolo,1,18,"2, August 9, 1940
Interviews with Edmond Hall ","2, August 9, 1940\\nInterviews with Edmond Hall ","2, August 9, 1940 Interviews with Edmond Hall"
5330,race,African_Americans,Damon_Harris,interno_singolo,1,23,"Damon Harris biography
Damon Harris Cancer Foundation ",Damon Harris biography\\nDamon Harris Cancer Foundation ,Damon Harris biography Damon Harris Cancer Foundation
5331,race,African_Americans,Coleman_Hawkins,interno_singolo,1,20,"At the Village Gate
Coleman Hawkins Plays Make ",At the Village Gate\\nColeman Hawkins Plays Make ,At the Village Gate Coleman Hawkins Plays Make
5352,race,African_Americans,Thelma_Houston,interno_singolo,1,3,"20
1978: Two to One – Thelma Houston ",20\\n1978: Two to One – Thelma Houston ,20 1978: Two to One – Thelma Houston
5384,race,African_Americans,Milt_Jackson,interno_singolo,1,55,"Milt Jackson Meets the Clayton-Hamilton Jazz Orchestra
2002: ",Milt Jackson Meets the Clayton-Hamilton Jazz Orchestra\\n2002: ,Milt Jackson Meets the Clayton-Hamilton Jazz Orchestra 2002:
5393,race,African_Americans,Robert_Johnson,interno_singolo,1,31,"Robert Johnson at Find a Grave
Bluesman's Son ",Robert Johnson at Find a Grave\\nBluesman's Son ,Robert Johnson at Find a Grave Bluesman's Son
5401,race,African_Americans,Eddie_Kendricks,interno_singolo,1,18,"Retrieved 1/30/09
Eddie Kendricks at Find a ",Retrieved 1/30/09\\nEddie Kendricks at Find a ,Retrieved 1/30/09 Eddie Kendricks at Find a
5426,race,African_Americans,Oliver_Nelson,interno_singolo,1,8,"Records
Oliver Nelson: A Discography – Douglas Payne's ",Records\\nOliver Nelson: A Discography – Douglas Payne's ,Records Oliver Nelson: A Discography – Douglas Payne's
5565,race,African_Americans,Willie_Mays,interno_singolo,1,29,"– slideshow by Life magazine
Willie Mays Biography ",– slideshow by Life magazine\\nWillie Mays Biography ,– slideshow by Life magazine Willie Mays Biography
5599,race,African_Americans,Curt_Flood,interno_singolo,1,27,"Curt Flood at Find a Grave
Curt Flood ",Curt Flood at Find a Grave\\nCurt Flood ,Curt Flood at Find a Grave Curt Flood
5742,race,African_Americans,Jerry_Rice,interno_singolo,1,41,"Sports · SI.com · Pro-Football-Reference
Jerry Rice ",Sports · SI.com · Pro-Football-Reference\\nJerry Rice ,Sports · SI.com · Pro-Football-Reference Jerry Rice
5787,race,African_Americans,Serena_Williams,interno_singolo,1,43,"ISBN 978-0-8225-3684-0.CS1 maint: ref=harv
Williams, Venus; Serena ","ISBN 978-0-8225-3684-0.CS1 maint: ref=harv\\nWilliams, Venus; Serena ","ISBN 978-0-8225-3684-0.CS1 maint: ref=harv Williams, Venus; Serena"
5797,race,African_Americans,Ralph_Metcalfe,interno_singolo,1,54,"U.S. House of Representatives history: Ralph Metcalfe
Ralph Metcalfe ",U.S. House of Representatives history: Ralph Metcalfe\\nRalph Metcalfe ,U.S. House of Representatives history: Ralph Metcalfe Ralph Metcalfe
5806,race,African_Americans,Wilma_Rudolph,interno_singolo,1,24,"(subscription required)
Haney, James E., ""Wilma Rudolph"" ","(subscription required)\\nHaney, James E., ""Wilma Rudolph"" ","(subscription required) Haney, James E., ""Wilma Rudolph"""
5835,race,African_Americans,Edwin_Moses,interno_singolo,1,31,"Edwin Moses at World Athletics
IOC 1984 Summer ",Edwin Moses at World Athletics\\nIOC 1984 Summer ,Edwin Moses at World Athletics IOC 1984 Summer
5876,race,African_Americans,George_Washington_Carver,interno_singolo,1,56,"1943, Liberty ship SS George Washington Carver launched
1947, ","1943, Liberty ship SS George Washington Carver launched\\n1947, ","1943, Liberty ship SS George Washington Carver launched 1947,"
5877,race,African_Americans,George_Washington_Carver,interno_singolo,1,48,"1950, George Washington Carver State Park named
1951-1954, U.S. ","1950, George Washington Carver State Park named\\n1951-1954, U.S. ","1950, George Washington Carver State Park named 1951-1954, U.S."
5878,race,African_Americans,George_Washington_Carver,interno_singolo,1,56,"2004, George Washington Carver Bridge, Des Moines, Iowa
2007, ","2004, George Washington Carver Bridge, Des Moines, Iowa\\n2007, ","2004, George Washington Carver Bridge, Des Moines, Iowa 2007,"
5887,race,African_Americans,George_Washington_Carver,interno_singolo,1,25,"George Washington Carver
Mary Bagley, George Washington Carver: ","George Washington Carver\\nMary Bagley, George Washington Carver: ","George Washington Carver Mary Bagley, George Washington Carver:"
5900,race,African_Americans,Emmett_Till,interno_singolo,1,37,"Poem: ""Emmett Till"" by James Emanuel
Wolf Whistle ","Poem: ""Emmett Till"" by James Emanuel\\nWolf Whistle ","Poem: ""Emmett Till"" by James Emanuel Wolf Whistle"
5903,race,African_Americans,Emmett_Till,interno_singolo,1,50,"Retrieved February 25, 2019.Emmett Till at Curlie
The ","Retrieved February 25, 2019.Emmett Till at Curlie\\nThe ","Retrieved February 25, 2019.Emmett Till at Curlie The"
3206,race,Asian_Americans,Jaegwon_Kim,interno_singolo,1,17,"Jaegwon Kim's CV
Mental Causation, Internet Encyclopedia of ","Jaegwon Kim's CV\\nMental Causation, Internet Encyclopedia of ","Jaegwon Kim's CV Mental Causation, Internet Encyclopedia of"
3329,race,Asian_Americans,Andrea_Jung,interno_singolo,1,12,"Andrea Jung
is a Canadian-American executive, non-profit ","Andrea Jung\\nis a Canadian-American executive, non-profit ","Andrea Jung is a Canadian-American executive, non-profit"
3336,race,Asian_Americans,Johnny_Kan,interno_singolo,1,27,"Johnny Kan at Find a Grave
A glimpse ",Johnny Kan at Find a Grave\\nA glimpse ,Johnny Kan at Find a Grave A glimpse
3343,race,Asian_Americans,Teresa_H._Meng,interno_singolo,1,47,"Signal Processing and Wireless Communications:
Teresa H. Meng and ",Signal Processing and Wireless Communications:\\nTeresa H. Meng and ,Signal Processing and Wireless Communications: Teresa H. Meng and
3444,race,Asian_Americans,Peter_Chung,interno_singolo,1,12,"AWN gallery
CATSUKA-Peter Chung Detailed work history, as ","AWN gallery\\nCATSUKA-Peter Chung Detailed work history, as ","AWN gallery CATSUKA-Peter Chung Detailed work history, as"
3445,race,Asian_Americans,Peter_Chung,interno_singolo,1,41,"Interview with Peter Chung by Ed Stastny
Suicide ",Interview with Peter Chung by Ed Stastny\\nSuicide ,Interview with Peter Chung by Ed Stastny Suicide
3465,race,Asian_Americans,James_Wong_Howe,interno_singolo,1,6,"47–59
James Wong Howe Talk at 1974 San Francisco ",47–59\\nJames Wong Howe Talk at 1974 San Francisco ,47–59 James Wong Howe Talk at 1974 San Francisco
3512,race,Asian_Americans,Aasif_Mandvi,interno_singolo,1,21,"Aasif Mandvi on IMDb
Aasif Mandvi on ",Aasif Mandvi on IMDb\\nAasif Mandvi on ,Aasif Mandvi on IMDb Aasif Mandvi on
3513,race,Asian_Americans,Aasif_Mandvi,interno_singolo,1,12,"– Interview
One on One – Aasif ",– Interview\\nOne on One – Aasif ,– Interview One on One – Aasif
3574,race,Asian_Americans,Anna_May_Wong,interno_singolo,1,22,"Anna May Wong on IMDb
Anna May Wong at ",Anna May Wong on IMDb\\nAnna May Wong at ,Anna May Wong on IMDb Anna May Wong at
3596,race,Asian_Americans,William_Hung,interno_singolo,1,30,"William Hung at Rolling Stone
William Hung poker ",William Hung at Rolling Stone\\nWilliam Hung poker ,William Hung at Rolling Stone William Hung poker
3771,race,Asian_Americans,Fred_Korematsu,interno_singolo,1,30,"Fred Korematsu Day, 1/30/2014
Topaz Japanese-American Relocation ","Fred Korematsu Day, 1/30/2014\\nTopaz Japanese-American Relocation ","Fred Korematsu Day, 1/30/2014 Topaz Japanese-American Relocation"
3789,race,Asian_Americans,Carlos_Bulosan,interno_singolo,1,40,"Contains a photograph of Carlos Bulosan
Seiwoong ",Contains a photograph of Carlos Bulosan\\nSeiwoong ,Contains a photograph of Carlos Bulosan Seiwoong
3808,race,Asian_Americans,Jonah_Hex,interno_singolo,1,20,"2 #1–70; 2005–2011)
Jonah Hex: No Way ",2 #1–70; 2005–2011)\\nJonah Hex: No Way ,2 #1–70; 2005–2011) Jonah Hex: No Way
3809,race,Asian_Americans,Jonah_Hex,interno_singolo,1,46,"1) #1–22, March 2014, ISBN 978-1-4012-4106-3)
Jonah ","1) #1–22, March 2014, ISBN 978-1-4012-4106-3)\\nJonah ","1) #1–22, March 2014, ISBN 978-1-4012-4106-3) Jonah"
3815,race,Asian_Americans,Jonah_Hex,interno_singolo,1,10,"10 and up
House ads with Jonah Hex's ",10 and up\\nHouse ads with Jonah Hex's ,10 and up House ads with Jonah Hex's
3832,race,Asian_Americans,David_Wong_Louie,interno_singolo,1,7,"181–91
Cynthia Kadohata and David Wong Louie: The Pangs ",181–91\\nCynthia Kadohata and David Wong Louie: The Pangs ,181–91 Cynthia Kadohata and David Wong Louie: The Pangs
3836,race,Asian_Americans,Aimee_Nezhukumatathil,interno_singolo,1,56,"Aimee Nezhukumatathil.CS1 maint: uses editors parameter
John ",Aimee Nezhukumatathil.CS1 maint: uses editors parameter\\nJohn ,Aimee Nezhukumatathil.CS1 maint: uses editors parameter John
3851,race,Asian_Americans,Bryan_Thao_Worra,interno_singolo,1,41,"Magazine Interview with Bryan Thao Worra
Saline Reporter Interview ",Magazine Interview with Bryan Thao Worra\\nSaline Reporter Interview ,Magazine Interview with Bryan Thao Worra Saline Reporter Interview
3855,race,Asian_Americans,Jade_Snow_Wong,interno_singolo,1,15,"(book article)
Jade Snow Wong By: Kapai, ","(book article)\\nJade Snow Wong By: Kapai, ","(book article) Jade Snow Wong By: Kapai,"
3856,race,Asian_Americans,Jade_Snow_Wong,interno_singolo,1,24,"(dissertation abstract)
Jade Snow Wong's Badge of Distinction in ",(dissertation abstract)\\nJade Snow Wong's Badge of Distinction in ,(dissertation abstract) Jade Snow Wong's Badge of Distinction in
3860,race,Asian_Americans,Judy_Yung,interno_singolo,1,44,"Judy Yung.CS1 maint: uses editors parameter
The Adventures ",Judy Yung.CS1 maint: uses editors parameter\\nThe Adventures ,Judy Yung.CS1 maint: uses editors parameter The Adventures
3861,race,Asian_Americans,Judy_Yung,interno_singolo,1,57,"ISBN 978-0-19-973408-5.CS1 maint: uses authors parameter
Judy ",ISBN 978-0-19-973408-5.CS1 maint: uses authors parameter\\nJudy ,ISBN 978-0-19-973408-5.CS1 maint: uses authors parameter Judy
3889,race,Asian_Americans,Spark_Matsunaga,interno_singolo,1,32,"Spark Matsunaga at Find a Grave
Appearances on ",Spark Matsunaga at Find a Grave\\nAppearances on ,Spark Matsunaga at Find a Grave Appearances on
3907,race,Asian_Americans,Edward_Soriano,interno_singolo,1,59,"globalsecurity.org.CS1 maint: multiple names: authors list
Edward ",globalsecurity.org.CS1 maint: multiple names: authors list\\nEdward ,globalsecurity.org.CS1 maint: multiple names: authors list Edward
4029,race,Asian_Americans,Nathan_Chen,interno_singolo,1,16,"Figure Skating)
Nathan Chen at the United States ",Figure Skating)\\nNathan Chen at the United States ,Figure Skating) Nathan Chen at the United States
4049,race,Asian_Americans,Michelle_Kwan,interno_singolo,1,15,"Figure Skating
Michelle Kwan at the United States ",Figure Skating\\nMichelle Kwan at the United States ,Figure Skating Michelle Kwan at the United States
5980,race,European_Americans,John_Huston,interno_singolo,1,26,"Literature on John Huston
John Huston papers, Margaret ","Literature on John Huston\\nJohn Huston papers, Margaret ","Literature on John Huston John Huston papers, Margaret"
5989,race,European_Americans,William_Desmond_Taylor,interno_singolo,1,31,"William Desmond Taylor on IMDb
William Desmond Taylor at ",William Desmond Taylor on IMDb\\nWilliam Desmond Taylor at ,William Desmond Taylor on IMDb William Desmond Taylor at
6002,race,European_Americans,Philip_Barry,interno_singolo,1,21,"Philip Barry on IMDb
Philip Barry at the ",Philip Barry on IMDb\\nPhilip Barry at the ,Philip Barry on IMDb Philip Barry at the
6003,race,European_Americans,L._Frank_Baum,interno_singolo,1,19,"ISBN 0-7006-0832-X
Rogers, Katharine M. L. Frank Baum, ","ISBN 0-7006-0832-X\\nRogers, Katharine M. L. Frank Baum, ","ISBN 0-7006-0832-X Rogers, Katharine M. L. Frank Baum,"
6016,race,European_Americans,Jack_Kerouac,interno_singolo,1,21,"Jack Kerouac on IMDb
Jack Kerouac at the ",Jack Kerouac on IMDb\\nJack Kerouac at the ,Jack Kerouac on IMDb Jack Kerouac at the
6036,race,European_Americans,Billy_Collins,interno_singolo,1,35,"New Yorker: Collins' ""Catholicism""
Billy Collins at ","New Yorker: Collins' ""Catholicism""\\nBilly Collins at ","New Yorker: Collins' ""Catholicism"" Billy Collins at"
6040,race,European_Americans,Pat_Conroy,interno_singolo,1,27,"Pat Conroy Literary Center
Edwin C. Epps ",Pat Conroy Literary Center\\nEdwin C. Epps ,Pat Conroy Literary Center Edwin C. Epps
6050,race,European_Americans,Robert_Fitzgerald,interno_singolo,1,38,"Interview from The Poet's Other Voice
Robert Fitzgerald ",Interview from The Poet's Other Voice\\nRobert Fitzgerald ,Interview from The Poet's Other Voice Robert Fitzgerald
6072,race,European_Americans,Susan_Howe,interno_singolo,1,30,"Susan Howe audio at PennSound
Susan Howe Page @ ",Susan Howe audio at PennSound\\nSusan Howe Page @ ,Susan Howe audio at PennSound Susan Howe Page @
6114,race,European_Americans,Frank_McCourt,interno_singolo,1,26,"bartender of renown, dies
Reviews of Frank McCourt's ","bartender of renown, dies\\nReviews of Frank McCourt's ","bartender of renown, dies Reviews of Frank McCourt's"
6133,race,European_Americans,Charles_Olson,interno_singolo,1,42,"New York: Viking, 1975 ISBN 0-670-52400-X
Charles Olson ","New York: Viking, 1975 ISBN 0-670-52400-X\\nCharles Olson ","New York: Viking, 1975 ISBN 0-670-52400-X Charles Olson"
6137,race,European_Americans,Charles_Olson,interno_singolo,1,21,"Retrieved 2010-12-12
Works by or about Charles ",Retrieved 2010-12-12\\nWorks by or about Charles ,Retrieved 2010-12-12 Works by or about Charles
6138,race,European_Americans,Charles_Olson,interno_singolo,1,21,"Retrieved 2010-12-12
The Charles Olson Research Collection at ",Retrieved 2010-12-12\\nThe Charles Olson Research Collection at ,Retrieved 2010-12-12 The Charles Olson Research Collection at
6139,race,European_Americans,Charles_Olson,interno_singolo,1,21,"Retrieved 2010-12-12
""Charles Olson in the Tradition of ","Retrieved 2010-12-12\\n""Charles Olson in the Tradition of ","Retrieved 2010-12-12 ""Charles Olson in the Tradition of"
6140,race,European_Americans,Charles_Olson,interno_singolo,1,21,"Retrieved 2010-12-12
""Charles Olson"", Pennsound, a page ","Retrieved 2010-12-12\\n""Charles Olson"", Pennsound, a page ","Retrieved 2010-12-12 ""Charles Olson"", Pennsound, a page"
6141,race,European_Americans,Charles_Olson,interno_singolo,1,21,"Retrieved 2010-12-12
Records of Charles Olson are held ",Retrieved 2010-12-12\\nRecords of Charles Olson are held ,Retrieved 2010-12-12 Records of Charles Olson are held
6163,race,European_Americans,John_Kennedy_Toole,interno_singolo,1,35,"John Kennedy Toole at Find a Grave
John Kennedy ",John Kennedy Toole at Find a Grave\\nJohn Kennedy ,John Kennedy Toole at Find a Grave John Kennedy
6185,race,European_Americans,Jimmy_Breslin,interno_singolo,1,17,"ASIN: B00704TRH6
1969 World of Jimmy Breslin ",ASIN: B00704TRH6\\n1969 World of Jimmy Breslin ,ASIN: B00704TRH6 1969 World of Jimmy Breslin
6198,race,European_Americans,Tim_Russert,interno_singolo,1,24,"Remembering Tim Russert
Print media's reaction to Russert's ",Remembering Tim Russert\\nPrint media's reaction to Russert's ,Remembering Tim Russert Print media's reaction to Russert's
6199,race,European_Americans,Tim_Russert,interno_singolo,1,28,"Tim Russert at Find a Grave
A Tribute ",Tim Russert at Find a Grave\\nA Tribute ,Tim Russert at Find a Grave A Tribute
6218,race,European_Americans,Marty_Maher,interno_singolo,1,12,"Marty Maher
Martin Maher at Find a ",Marty Maher\\nMartin Maher at Find a ,Marty Maher Martin Maher at Find a
6251,race,European_Americans,Andrew_Johnson,interno_singolo,1,38,"Andrew Johnson National Historic Site
Andrew Johnson: A ",Andrew Johnson National Historic Site\\nAndrew Johnson: A ,Andrew Johnson National Historic Site Andrew Johnson: A
6262,race,European_Americans,Benjamin_Harrison,interno_singolo,1,55,"Benjamin Harrison: Resource Guide, Library of Congress
Benjamin ","Benjamin Harrison: Resource Guide, Library of Congress\\nBenjamin ","Benjamin Harrison: Resource Guide, Library of Congress Benjamin"
6270,race,European_Americans,Theodore_Roosevelt,interno_singolo,1,30,"Almanac of Theodore Roosevelt
Theodore Roosevelt: A Resource Guide ",Almanac of Theodore Roosevelt\\nTheodore Roosevelt: A Resource Guide ,Almanac of Theodore Roosevelt Theodore Roosevelt: A Resource Guide
6324,race,European_Americans,Lance_Armstrong,interno_singolo,1,41,"Lance Armstrong Talks to Oprah oprah.com
Stop at ",Lance Armstrong Talks to Oprah oprah.com\\nStop at ,Lance Armstrong Talks to Oprah oprah.com Stop at
6327,race,European_Americans,Billy_Conn,interno_singolo,1,35,"Once went rounds with Billy Conn.""
Billy Conn's ","Once went rounds with Billy Conn.""\\nBilly Conn's ","Once went rounds with Billy Conn."" Billy Conn's"
6335,race,European_Americans,Jack_Dempsey,interno_singolo,1,35,"Jack Dempsey's New York Restaurant
Nichols, Jeffrey ","Jack Dempsey's New York Restaurant\\nNichols, Jeffrey ","Jack Dempsey's New York Restaurant Nichols, Jeffrey"
6337,race,European_Americans,Jack_Dempsey,interno_singolo,1,32,"Jack Dempsey at Virtual History
Jack Dempsey profile ",Jack Dempsey at Virtual History\\nJack Dempsey profile ,Jack Dempsey at Virtual History Jack Dempsey profile
6352,race,European_Americans,Ben_Hogan,interno_singolo,1,25,"Company failed late 2016
2017 - Ben Hogan ",Company failed late 2016\\n2017 - Ben Hogan ,Company failed late 2016 2017 - Ben Hogan
6353,race,European_Americans,Ben_Hogan,interno_singolo,1,39,"ISBN 0-385-26145-4.CS1 maint: ref=harv
""Ben Hogan: ""Players ","ISBN 0-385-26145-4.CS1 maint: ref=harv\\n""Ben Hogan: ""Players ","ISBN 0-385-26145-4.CS1 maint: ref=harv ""Ben Hogan: ""Players"
6386,race,European_Americans,Kathleen_Willey,interno_singolo,1,36,"Washington Post, Updated 1998-10-02
Excerpt From Kathleen Willey's ","Washington Post, Updated 1998-10-02\\nExcerpt From Kathleen Willey's ","Washington Post, Updated 1998-10-02 Excerpt From Kathleen Willey's"
6388,race,European_Americans,Paula_Jones,interno_singolo,1,20,"Paula Jones on IMDb
Paula Jones' athletic ",Paula Jones on IMDb\\nPaula Jones' athletic ,Paula Jones on IMDb Paula Jones' athletic
6459,race,European_Americans,Ronda_Rousey,interno_singolo,1,25,"Ronda Rousey at USA Judo
Ohlenkamp, Neil; ","Ronda Rousey at USA Judo\\nOhlenkamp, Neil; ","Ronda Rousey at USA Judo Ohlenkamp, Neil;"
6493,race,European_Americans,Ed_Paschke,interno_singolo,1,27,"Major exhibitions include:
Ed Paschke: Selected Works 1967–1981, ","Major exhibitions include:\\nEd Paschke: Selected Works 1967–1981, ","Major exhibitions include: Ed Paschke: Selected Works 1967–1981,"
6498,race,European_Americans,Julian_Stanczak,interno_singolo,1,43,"Julian Stanczak, Retrospective:  1948-1998
Serigraphs and ","Julian Stanczak, Retrospective:  1948-1998\\nSerigraphs and ","Julian Stanczak, Retrospective: 1948-1998 Serigraphs and"
6514,race,European_Americans,Jack_Tworkov,interno_singolo,1,14,"OCLC: 7607995
Jack Tworkov; Andrew Forge; Solomon R. ",OCLC: 7607995\\nJack Tworkov; Andrew Forge; Solomon R. ,OCLC: 7607995 Jack Tworkov; Andrew Forge; Solomon R.
6515,race,European_Americans,Jack_Tworkov,interno_singolo,1,43,"ISBN 0-89207-033-1, ISBN 978-0-89207-033-6
Richard Armstrong, Jack ","ISBN 0-89207-033-1, ISBN 978-0-89207-033-6\\nRichard Armstrong, Jack ","ISBN 0-89207-033-1, ISBN 978-0-89207-033-6 Richard Armstrong, Jack"
6561,race,European_Americans,Jerzy_Kosinski,interno_singolo,1,7,"99–109
Barbara Gelb, ""Being Jerzy Kosinski"", New ","99–109\\nBarbara Gelb, ""Being Jerzy Kosinski"", New ","99–109 Barbara Gelb, ""Being Jerzy Kosinski"", New"
6562,race,European_Americans,Jerzy_Kosinski,interno_singolo,1,7,"121–32
Michael Schumacher, ""Jerzy Kosinski"", Writer's Yearbook, ","121–32\\nMichael Schumacher, ""Jerzy Kosinski"", Writer's Yearbook, ","121–32 Michael Schumacher, ""Jerzy Kosinski"", Writer's Yearbook,"
6563,race,European_Americans,Jerzy_Kosinski,interno_singolo,1,29,"Designing for Jerzy Kosinski
Jerzy Kosiński at ",Designing for Jerzy Kosinski\\nJerzy Kosiński at ,Designing for Jerzy Kosinski Jerzy Kosiński at
6621,race,European_Americans,Aaron_Spelling,interno_singolo,1,23,"Aaron Spelling on IMDb
Aaron Spelling at The ",Aaron Spelling on IMDb\\nAaron Spelling at The ,Aaron Spelling on IMDb Aaron Spelling at The
6642,race,European_Americans,Christopher_Hitchens,interno_singolo,1,23,"ISBN 978-0-306-81608-6
2008 Christopher Hitchens and His Critics: ",ISBN 978-0-306-81608-6\\n2008 Christopher Hitchens and His Critics: ,ISBN 978-0-306-81608-6 2008 Christopher Hitchens and His Critics:
6682,race,European_Americans,Benny_Goodman,interno_singolo,1,6,"1 & 2
Original Benny Goodman Trio and ",1 & 2\\nOriginal Benny Goodman Trio and ,1 & 2 Original Benny Goodman Trio and
6760,race,European_Americans,David_Geffen,interno_singolo,1,25,"David Geffen at AllMusic
'I Remember David Geffen', ","David Geffen at AllMusic\\n'I Remember David Geffen', ","David Geffen at AllMusic 'I Remember David Geffen',"
6790,race,European_Americans,Helena_Rubinstein,interno_singolo,1,8,"83–108)
Michèle Fitoussi Helena Rubinstein: the woman who ",83–108)\\nMichèle Fitoussi Helena Rubinstein: the woman who ,83–108) Michèle Fitoussi Helena Rubinstein: the woman who
6816,race,European_Americans,Sylvester_Antolak,interno_singolo,1,27,"Sylvester Antolak Highway""
The first episode of the ","Sylvester Antolak Highway""\\nThe first episode of the ","Sylvester Antolak Highway"" The first episode of the"
6843,race,European_Americans,Zbigniew_Brzezinski,interno_singolo,1,68,"Zbigniew Brzezinski: America's Grand Strategist scholarly biography
Ziolkowska-Boehm, ","Zbigniew Brzezinski: America's Grand Strategist scholarly biography\\nZiolkowska-Boehm, ","Zbigniew Brzezinski: America's Grand Strategist scholarly biography Ziolkowska-Boehm,"
6844,race,European_Americans,Zbigniew_Brzezinski,interno_singolo,1,19,"ISBN 0-8290-3572-9
Zbigniew Brzezinski, bibliography and drawings ","ISBN 0-8290-3572-9\\nZbigniew Brzezinski, bibliography and drawings ","ISBN 0-8290-3572-9 Zbigniew Brzezinski, bibliography and drawings"
6851,race,European_Americans,Thaddeus_J._Dulski,interno_singolo,1,35,"Thaddeus J. Dulski at Find a Grave
Dulski's ",Thaddeus J. Dulski at Find a Grave\\nDulski's ,Thaddeus J. Dulski at Find a Grave Dulski's
6857,race,European_Americans,Jerry_Kleczka,interno_singolo,1,22,"Appearances on C-SPAN
Jerry Kleczka at Find ",Appearances on C-SPAN\\nJerry Kleczka at Find ,Appearances on C-SPAN Jerry Kleczka at Find
6886,race,European_Americans,Andrzej_Ehrenfeucht,interno_singolo,1,19,"ISBN 1-56676-299-5
Andrzej Ehrenfeucht, Tero Harju, Grzegorz ","ISBN 1-56676-299-5\\nAndrzej Ehrenfeucht, Tero Harju, Grzegorz ","ISBN 1-56676-299-5 Andrzej Ehrenfeucht, Tero Harju, Grzegorz"
6909,race,European_Americans,Alfred_Korzybski,interno_singolo,1,23,"ISBN 978-0-9700664-1-1
Alfred Korzybski, Manhood of Humanity, foreword by ","ISBN 978-0-9700664-1-1\\nAlfred Korzybski, Manhood of Humanity, foreword by ","ISBN 978-0-9700664-1-1 Alfred Korzybski, Manhood of Humanity, foreword by"
6943,race,European_Americans,Mark_Lukasiewicz,interno_singolo,1,33,"Kids- Joey and Jake Lukasiewicz 
Mark Lukasiewicz ",Kids- Joey and Jake Lukasiewicz \\nMark Lukasiewicz ,Kids- Joey and Jake Lukasiewicz Mark Lukasiewicz
6990,race,European_Americans,Bill_Romanowski,interno_singolo,1,41,"Sports · SI.com · Pro-Football-Reference
Bill Romanowski ",Sports · SI.com · Pro-Football-Reference\\nBill Romanowski ,Sports · SI.com · Pro-Football-Reference Bill Romanowski
7004,race,European_Americans,Killer_Kowalski,interno_singolo,1,49,"Wrestling Canadian Hall of Fame: Killer Kowalski
Interview ",Wrestling Canadian Hall of Fame: Killer Kowalski\\nInterview ,Wrestling Canadian Hall of Fame: Killer Kowalski Interview
7063,race,European_Americans,Alfred_Stieglitz,interno_singolo,1,15,"(October 2004)
Weston Naef, Alfred Stieglitz: Photographs ","(October 2004)\\nWeston Naef, Alfred Stieglitz: Photographs ","(October 2004) Weston Naef, Alfred Stieglitz: Photographs"
7069,race,European_Americans,Albert_Bierstadt,interno_singolo,1,53,"Albert Bierstadt Paintings Gallery 345 images online
The ",Albert Bierstadt Paintings Gallery 345 images online\\nThe ,Albert Bierstadt Paintings Gallery 345 images online The
7070,race,European_Americans,Albert_Bierstadt,interno_singolo,1,49,"Norton Art Gallery: Albert Bierstadt's Biography
berkshireeagle.com / ",Norton Art Gallery: Albert Bierstadt's Biography\\nberkshireeagle.com / ,Norton Art Gallery: Albert Bierstadt's Biography berkshireeagle.com /
7085,race,European_Americans,Frank_Lloyd_Wright,interno_singolo,1,23,"ISBN 978-3-7643-8697-9
Twombly, Robert C. Frank Lloyd Wright: ","ISBN 978-3-7643-8697-9\\nTwombly, Robert C. Frank Lloyd Wright: ","ISBN 978-3-7643-8697-9 Twombly, Robert C. Frank Lloyd Wright:"
7086,race,European_Americans,Frank_Lloyd_Wright,interno_singolo,1,23,"ISBN 978-0-7112-2967-9
Heinz, Thomas A. Frank Lloyd Wright ","ISBN 978-0-7112-2967-9\\nHeinz, Thomas A. Frank Lloyd Wright ","ISBN 978-0-7112-2967-9 Heinz, Thomas A. Frank Lloyd Wright"
7090,race,European_Americans,Frank_Lloyd_Wright,interno_singolo,1,44,"Designs for an American Landscape 1922–1932
Frank Lloyd Wright ",Designs for an American Landscape 1922–1932\\nFrank Lloyd Wright ,Designs for an American Landscape 1922–1932 Frank Lloyd Wright
7104,race,European_Americans,Claire_Falkenstein,interno_singolo,1,71,"Claire Falkenstein, Collections Search Center, Smithsonian Institution
Entry ","Claire Falkenstein, Collections Search Center, Smithsonian Institution\\nEntry ","Claire Falkenstein, Collections Search Center, Smithsonian Institution Entry"
7107,race,European_Americans,Lyonel_Feininger,interno_singolo,1,33,"Lyonel Feininger at Find a Grave
Available ",Lyonel Feininger at Find a Grave\\nAvailable ,Lyonel Feininger at Find a Grave Available
7111,race,European_Americans,Don_Heck,interno_singolo,1,39,"The American Artist Bluebook: Don Heck
""DC ","The American Artist Bluebook: Don Heck\\n""DC ","The American Artist Bluebook: Don Heck ""DC"
7125,race,European_Americans,Erwin_Panofsky,interno_singolo,1,18,"Books and Writers
Erwin Panofsky Papers at the ",Books and Writers\\nErwin Panofsky Papers at the ,Books and Writers Erwin Panofsky Papers at the
7164,race,European_Americans,Max_Ehrmann,interno_singolo,1,50,"A Fearsome Riddle Bowen-Merrill Co., Indianapolis
Max ","A Fearsome Riddle Bowen-Merrill Co., Indianapolis\\nMax ","A Fearsome Riddle Bowen-Merrill Co., Indianapolis Max"
7165,race,European_Americans,Max_Ehrmann,interno_singolo,1,33,"A Prayer and Selections New York
Max ",A Prayer and Selections New York\\nMax ,A Prayer and Selections New York Max
7166,race,European_Americans,Max_Ehrmann,interno_singolo,1,44,"Max Ehrmann's Poems Viquesney Publishing Co
Max ",Max Ehrmann's Poems Viquesney Publishing Co\\nMax ,Max Ehrmann's Poems Viquesney Publishing Co Max
7167,race,European_Americans,Max_Ehrmann,interno_singolo,1,39,"Who Entereth Here Dodge Publishing Co.
Max ",Who Entereth Here Dodge Publishing Co.\\nMax ,Who Entereth Here Dodge Publishing Co. Max
7172,race,European_Americans,Max_Ehrmann,interno_singolo,1,40,"Worldly Wisdom Revisited by Max Ehrmann
Tim ",Worldly Wisdom Revisited by Max Ehrmann\\nTim ,Worldly Wisdom Revisited by Max Ehrmann Tim
7201,race,European_Americans,Friedrich_Hirth,interno_singolo,1,48,"Syllabary of Chinese sounds, by Friedrich Hirth
Chinese ","Syllabary of Chinese sounds, by Friedrich Hirth\\nChinese ","Syllabary of Chinese sounds, by Friedrich Hirth Chinese"
7214,race,European_Americans,Walter_Lippman,interno_singolo,1,14,"LCCN 61--8370
Goodwin, Craufurd D. Walter Lippmann: ","LCCN 61--8370\\nGoodwin, Craufurd D. Walter Lippmann: ","LCCN 61--8370 Goodwin, Craufurd D. Walter Lippmann:"
7215,race,European_Americans,Walter_Lippman,interno_singolo,1,20,"ISBN 978-0674368132
Riccio, Barry D. Walter Lippmann: ","ISBN 978-0674368132\\nRiccio, Barry D. Walter Lippmann: ","ISBN 978-0674368132 Riccio, Barry D. Walter Lippmann:"
7231,race,European_Americans,Henry_Miller,interno_singolo,1,19,"ISBN 0-87477-404-7
Brown, J. D. Henry Miller, ","ISBN 0-87477-404-7\\nBrown, J. D. Henry Miller, ","ISBN 0-87477-404-7 Brown, J. D. Henry Miller,"
7245,race,European_Americans,Henry_Miller,interno_singolo,1,44,"Dinner with Henry Miller, a 30-minute video
UbuWeb ","Dinner with Henry Miller, a 30-minute video\\nUbuWeb ","Dinner with Henry Miller, a 30-minute video UbuWeb"
7251,race,European_Americans,Jack_Schaefer,interno_singolo,1,18,"Books and Writers
Jack Schaefer at Library of ",Books and Writers\\nJack Schaefer at Library of ,Books and Writers Jack Schaefer at Library of
7268,race,European_Americans,Levi_Strauss,interno_singolo,1,29,"Levi Strauss at Find a Grave
Levi Strauss ",Levi Strauss at Find a Grave\\nLevi Strauss ,Levi Strauss at Find a Grave Levi Strauss
7276,race,European_Americans,John_Jacob_Astor,interno_singolo,1,59,"John Jacob Astor: America's First Multimillionaire excerpt
""John Jacob ","John Jacob Astor: America's First Multimillionaire excerpt\\n""John Jacob ","John Jacob Astor: America's First Multimillionaire excerpt ""John Jacob"
7281,race,European_Americans,Bernard_Baruch,interno_singolo,1,27,"FBI file on Bernard Baruch
A film clip ",FBI file on Bernard Baruch\\nA film clip ,FBI file on Bernard Baruch A film clip
7287,race,European_Americans,Walter_Chrysler,interno_singolo,1,8,"194–198
Newspaper clippings about  Walter Chrysler in ",194–198\\nNewspaper clippings about  Walter Chrysler in ,194–198 Newspaper clippings about Walter Chrysler in
7295,race,European_Americans,Theodore_J._Forstmann,interno_singolo,1,20,"Ted Forstmann's Bio
Theodore J. Forstmann at Find ",Ted Forstmann's Bio\\nTheodore J. Forstmann at Find ,Ted Forstmann's Bio Theodore J. Forstmann at Find
7310,race,European_Americans,Conrad_Hilton,interno_singolo,1,33,"with a foreword by Conrad Hilton
Comfort, ","with a foreword by Conrad Hilton\\nComfort, ","with a foreword by Conrad Hilton Comfort,"
7338,race,European_Americans,George_Lucas,interno_singolo,1,14,"(contributor)
1995: George Lucas, Chris Claremont: Shadow Moon ","(contributor)\\n1995: George Lucas, Chris Claremont: Shadow Moon ","(contributor) 1995: George Lucas, Chris Claremont: Shadow Moon"
7339,race,European_Americans,George_Lucas,interno_singolo,1,22,"George Lucas on IMDb 
George Lucas at ",George Lucas on IMDb \\nGeorge Lucas at ,George Lucas on IMDb George Lucas at
7459,race,European_Americans,Karen_Black,interno_singolo,1,24,"Karen Black at AllMovie
Works by or about Karen ",Karen Black at AllMovie\\nWorks by or about Karen ,Karen Black at AllMovie Works by or about Karen
7474,race,European_Americans,Dana_Carvey,interno_singolo,1,25,"Dana Carvey at Emmys.com
""WTF Podcast, Episode ","Dana Carvey at Emmys.com\\n""WTF Podcast, Episode ","Dana Carvey at Emmys.com ""WTF Podcast, Episode"
7477,race,European_Americans,Carol_Channing,interno_singolo,1,7,"(2004)
Carol Channing: The First Eighty Years ",(2004)\\nCarol Channing: The First Eighty Years ,(2004) Carol Channing: The First Eighty Years
7483,race,European_Americans,Doris_Day,interno_singolo,1,41,"Hawthorne Publishing, ISBN 9780978716738
Braun, Eric, Doris ","Hawthorne Publishing, ISBN 9780978716738\\nBraun, Eric, Doris ","Hawthorne Publishing, ISBN 9780978716738 Braun, Eric, Doris"
7486,race,European_Americans,James_Dean,interno_singolo,1,38,"Forever James Dean, Warner Home Video
James Dean: ","Forever James Dean, Warner Home Video\\nJames Dean: ","Forever James Dean, Warner Home Video James Dean:"
7524,race,European_Americans,Tab_Hunter,interno_singolo,1,19,"Tab Hunter on IMDb
Tab Hunter at the ",Tab Hunter on IMDb\\nTab Hunter at the ,Tab Hunter on IMDb Tab Hunter at the
7526,race,European_Americans,Emil_Jannings,interno_singolo,1,7,"136–45
Emil Jannings: Theater, Film – Das ","136–45\\nEmil Jannings: Theater, Film – Das ","136–45 Emil Jannings: Theater, Film – Das"
7527,race,European_Americans,Emil_Jannings,interno_singolo,1,13,"(posthumous)
Herbert Ihering: Emil Jannings: Baumeister seines ",(posthumous)\\nHerbert Ihering: Emil Jannings: Baumeister seines ,(posthumous) Herbert Ihering: Emil Jannings: Baumeister seines
7578,race,European_Americans,Isabella_Rossellini,interno_singolo,1,28,"Isabella Rossellini on IMDb
Isabella Rossellini at the ",Isabella Rossellini on IMDb\\nIsabella Rossellini at the ,Isabella Rossellini on IMDb Isabella Rossellini at the
7603,race,European_Americans,Johnny_Weissmuller,interno_singolo,1,35,"Johnny Weissmuller at Find a Grave
Johnny ",Johnny Weissmuller at Find a Grave\\nJohnny ,Johnny Weissmuller at Find a Grave Johnny
7672,race,European_Americans,George_Antheil,interno_singolo,1,19,"Dolce – espressivo
Giuseppe Galante - George ",Dolce – espressivo\\nGiuseppe Galante - George ,Dolce – espressivo Giuseppe Galante - George
7673,race,European_Americans,George_Antheil,interno_singolo,1,17,"Scherzo – Vivace
Giuseppe Galante - George ",Scherzo – Vivace\\nGiuseppe Galante - George ,Scherzo – Vivace Giuseppe Galante - George
7677,race,European_Americans,Bix_Beiderbecke,interno_singolo,1,33,"Bix Beiderbecke Memorial Society
All That Jazz: ",Bix Beiderbecke Memorial Society\\nAll That Jazz: ,Bix Beiderbecke Memorial Society All That Jazz:
7687,race,European_Americans,Hugo_Friedhofer,interno_singolo,1,35,"Hugo Friedhofer unofficial website
The Best Years of ",Hugo Friedhofer unofficial website\\nThe Best Years of ,Hugo Friedhofer unofficial website The Best Years of
7772,race,European_Americans,Jaan_Patterson,interno_singolo,1,45,"Das Buch der Vorgeschichten ""Jaan Patterson""
Peculiar ","Das Buch der Vorgeschichten ""Jaan Patterson""\\nPeculiar ","Das Buch der Vorgeschichten ""Jaan Patterson"" Peculiar"
7796,race,European_Americans,Pete_Seeger,interno_singolo,1,14,"Audio Version
Dunaway, David K. Pete Seeger: How ","Audio Version\\nDunaway, David K. Pete Seeger: How ","Audio Version Dunaway, David K. Pete Seeger: How"
7800,race,European_Americans,Pete_Seeger,interno_singolo,1,20,"ISBN 978-0802738127
Renehan, Edward, Pete Seeger vs. the ","ISBN 978-0802738127\\nRenehan, Edward, Pete Seeger vs. the ","ISBN 978-0802738127 Renehan, Edward, Pete Seeger vs. the"
7801,race,European_Americans,Pete_Seeger,interno_singolo,1,20,"ISBN 978-0615998138
Seeger, Pete, Pete Seeger: In ","ISBN 978-0615998138\\nSeeger, Pete, Pete Seeger: In ","ISBN 978-0615998138 Seeger, Pete, Pete Seeger: In"
7802,race,European_Americans,Pete_Seeger,interno_singolo,1,20,"ISBN 978-1612052182
Seeger, Pete, The Pete Seeger ","ISBN 978-1612052182\\nSeeger, Pete, The Pete Seeger ","ISBN 978-1612052182 Seeger, Pete, The Pete Seeger"
7805,race,European_Americans,Pete_Seeger,interno_singolo,1,93,"[chriscomerradio.com/pete_seeger/pete_seeger12-31-1996.htm Pete Seeger Radio Interview 1996]
""Interview ","[chriscomerradio.com/pete_seeger/pete_seeger12-31-1996.htm Pete Seeger Radio Interview 1996]\\n""Interview ","[chriscomerradio.com/pete_seeger/pete_seeger12-31-1996.htm Pete Seeger Radio Interview 1996] ""Interview"
7808,race,European_Americans,Frederick_Stock,interno_singolo,1,17,"Frederick Stock)
Ludwig van Beethoven: Piano Concerti ",Frederick Stock)\\nLudwig van Beethoven: Piano Concerti ,Frederick Stock) Ludwig van Beethoven: Piano Concerti
7810,race,European_Americans,Kurt_Weill,interno_singolo,1,21,"Patricia O'Callaghan
The Unknown Kurt Weill – Teresa ",Patricia O'Callaghan\\nThe Unknown Kurt Weill – Teresa ,Patricia O'Callaghan The Unknown Kurt Weill – Teresa
7812,race,European_Americans,Kurt_Weill,interno_singolo,1,17,"(Painted Smiles)
An Evening of Kurt Weill, starring ","(Painted Smiles)\\nAn Evening of Kurt Weill, starring ","(Painted Smiles) An Evening of Kurt Weill, starring"
7825,race,European_Americans,Lawrence_Welk,interno_singolo,1,45,"database of Lawrence Welk Music Arrangements
Lawrence Welk's ",database of Lawrence Welk Music Arrangements\\nLawrence Welk's ,database of Lawrence Welk Music Arrangements Lawrence Welk's
7833,race,European_Americans,Ray_Harryhausen,interno_singolo,1,40,"10, ""Ray Harryhausen"" by Richard Meyers
Starlog ","10, ""Ray Harryhausen"" by Richard Meyers\\nStarlog ","10, ""Ray Harryhausen"" by Richard Meyers Starlog"
7871,race,European_Americans,Nicole_Brown_Simpson,interno_singolo,1,37,"Nicole Brown Simpson at Find a Grave
Nicole Brown Simpson ",Nicole Brown Simpson at Find a Grave\\nNicole Brown Simpson ,Nicole Brown Simpson at Find a Grave Nicole Brown Simpson
7893,race,European_Americans,George_Atzerodt,interno_singolo,1,33,"Dr. Samuel A. Mudd Research Site
George Atzerodt ",Dr. Samuel A. Mudd Research Site\\nGeorge Atzerodt ,Dr. Samuel A. Mudd Research Site George Atzerodt
7902,race,European_Americans,Warren_E._Burger,interno_singolo,1,53,"Warren E. Burger at Supreme Court Historical Society
Supreme Court ",Warren E. Burger at Supreme Court Historical Society\\nSupreme Court ,Warren E. Burger at Supreme Court Historical Society Supreme Court
7915,race,European_Americans,Friedrich_Hecker,interno_singolo,1,32,"Gruch, 1998 ISBN 3-931395-08-1)
Friedrich Hecker und ","Gruch, 1998 ISBN 3-931395-08-1)\\nFriedrich Hecker und ","Gruch, 1998 ISBN 3-931395-08-1) Friedrich Hecker und"
7917,race,European_Americans,Michael_Hillegas,interno_singolo,1,44,"1907-1922 Michael Hillegas gold certificate
Michael Hillegas ",1907-1922 Michael Hillegas gold certificate\\nMichael Hillegas ,1907-1922 Michael Hillegas gold certificate Michael Hillegas
7922,race,European_Americans,J._Edgar_Hoover,interno_singolo,1,46,"Works by J. Edgar Hoover at Project Gutenberg
Works ",Works by J. Edgar Hoover at Project Gutenberg\\nWorks ,Works by J. Edgar Hoover at Project Gutenberg Works
7923,race,European_Americans,J._Edgar_Hoover,interno_singolo,1,24,"J. Edgar Hoover on IMDb
Appearances on ",J. Edgar Hoover on IMDb\\nAppearances on ,J. Edgar Hoover on IMDb Appearances on
7939,race,European_Americans,Arthur_M._Schlesinger_Jr.,interno_singolo,1,8,"(p. 14)
Sue Saunders, Arthur M. Schlesinger Jr. John F. ","(p. 14)\\nSue Saunders, Arthur M. Schlesinger Jr. John F. ","(p. 14) Sue Saunders, Arthur M. Schlesinger Jr. John F."
7946,race,European_Americans,Carl_Schurz,interno_singolo,1,43,"Fuess, Claude Moore Carl Schurz, Reformer,
Nagel, ","Fuess, Claude Moore Carl Schurz, Reformer,\\nNagel, ","Fuess, Claude Moore Carl Schurz, Reformer, Nagel,"
7950,race,European_Americans,Carl_Schurz,interno_singolo,1,24,"Retrieved on 2008-08-12
Works by Carl Schurz at ",Retrieved on 2008-08-12\\nWorks by Carl Schurz at ,Retrieved on 2008-08-12 Works by Carl Schurz at
7982,race,European_Americans,John_Peter_Zenger,interno_singolo,1,43,"Works by John Peter Zenger at Open Library
John Peter Zenger ",Works by John Peter Zenger at Open Library\\nJohn Peter Zenger ,Works by John Peter Zenger at Open Library John Peter Zenger
7999,race,European_Americans,Nicholas_Herkimer,interno_singolo,1,31,"Chicago: F. E. Compton and Co.
Nicholas ",Chicago: F. E. Compton and Co.\\nNicholas ,Chicago: F. E. Compton and Co. Nicholas
8027,race,European_Americans,Franz_Sigel,interno_singolo,1,41,"New York: Dodd, Mead.CS1 maint: ref=harv
""Franz ","New York: Dodd, Mead.CS1 maint: ref=harv\\n""Franz ","New York: Dodd, Mead.CS1 maint: ref=harv ""Franz"
8028,race,European_Americans,Franz_Sigel,interno_singolo,1,28,"Franz Sigel at Find a Grave
Guide to ",Franz Sigel at Find a Grave\\nGuide to ,Franz Sigel at Find a Grave Guide to
8065,race,European_Americans,Herbert_Marcuse,interno_singolo,1,35,"Douglas Kellner, ""Herbert Marcuse""
Bernard Stiegler, ""Spirit, ","Douglas Kellner, ""Herbert Marcuse""\\nBernard Stiegler, ""Spirit, ","Douglas Kellner, ""Herbert Marcuse"" Bernard Stiegler, ""Spirit,"
8074,race,European_Americans,Henry_Kissinger,interno_singolo,1,20,"ISBN 978-1627794497
Groth, Alexander J, Henry Kissinger and ","ISBN 978-1627794497\\nGroth, Alexander J, Henry Kissinger and ","ISBN 978-1627794497 Groth, Alexander J, Henry Kissinger and"
8102,race,European_Americans,Timothy_Geithner,interno_singolo,1,22,"Appearances on C-SPAN
Timothy Geithner   on ",Appearances on C-SPAN\\nTimothy Geithner   on ,Appearances on C-SPAN Timothy Geithner on
8116,race,European_Americans,Herbert_Hoover,interno_singolo,1,25,"Herbert Hoover at Curlie
Herbert Hoover on IMDb ",Herbert Hoover at Curlie\\nHerbert Hoover on IMDb ,Herbert Hoover at Curlie Herbert Hoover on IMDb
8123,race,European_Americans,Matt_Koehl,interno_singolo,1,36,"transcript of remarks by Matt Koehl
Populism And Socialism In ",transcript of remarks by Matt Koehl\\nPopulism And Socialism In ,transcript of remarks by Matt Koehl Populism And Socialism In
8140,race,European_Americans,Horace_Porter,interno_singolo,1,36,"Together, they were the parents of:
Horace Porter ","Together, they were the parents of:\\nHorace Porter ","Together, they were the parents of: Horace Porter"
8152,race,European_Americans,Donald_Rumsfeld,interno_singolo,1,22,"Appearances on C-SPAN
Donald Rumsfeld collected news and commentary ",Appearances on C-SPAN\\nDonald Rumsfeld collected news and commentary ,Appearances on C-SPAN Donald Rumsfeld collected news and commentary
8158,race,European_Americans,Steve_Schmidt,interno_singolo,1,16,"Washington Post
Steve Schmidt: Renowned Political Strategist and ",Washington Post\\nSteve Schmidt: Renowned Political Strategist and ,Washington Post Steve Schmidt: Renowned Political Strategist and
8162,race,European_Americans,Eunice_Kennedy_Shriver,interno_singolo,1,58,"""Eunice Kennedy Shriver"", obituary at The Daily Telegraph
""Special ","""Eunice Kennedy Shriver"", obituary at The Daily Telegraph\\n""Special ","""Eunice Kennedy Shriver"", obituary at The Daily Telegraph ""Special"
8180,race,European_Americans,Donald_Trump,interno_singolo,1,35,"Donald Trump appearances on C-SPAN
Donald Trump on ",Donald Trump appearances on C-SPAN\\nDonald Trump on ,Donald Trump appearances on C-SPAN Donald Trump on
8184,race,European_Americans,Robert_F._Wagner,interno_singolo,1,33,"Robert F. Wagner at Find a Grave
Robert F. Wagner ",Robert F. Wagner at Find a Grave\\nRobert F. Wagner ,Robert F. Wagner at Find a Grave Robert F. Wagner
8200,race,European_Americans,George_J._Geis,interno_singolo,1,29,"The Reverend George J. Geis 
was an American ",The Reverend George J. Geis \\nwas an American ,The Reverend George J. Geis was an American
8226,race,European_Americans,Francis_Xavier_Seelos,interno_singolo,1,56,"Church where Blessed Francis Xavier Seelos was baptised
American ",Church where Blessed Francis Xavier Seelos was baptised\\nAmerican ,Church where Blessed Francis Xavier Seelos was baptised American
8245,race,European_Americans,Paul_Tillich,interno_singolo,1,114,"),(1000 ex., Citations: https://scholar.google.ro/scholar?cites=15690573237942622546&as_sdt=2005&sciodt=0,5&hl=ro
Paul Tillich:Curajul de ","),(1000 ex., Citations: https://scholar.google.ro/scholar?cites=15690573237942622546&as_sdt=2005&sciodt=0,5&hl=ro\\nPaul Tillich:Curajul de ","),(1000 ex., Citations: https://scholar.google.ro/scholar?cites=15690573237942622546&as_sdt=2005&sciodt=0,5&hl=ro Paul Tillich:Curajul de"
8247,race,European_Americans,Paul_Tillich,interno_singolo,1,18,"Papers, 1896–1976
Works by or about Paul Tillich at ","Papers, 1896–1976\\nWorks by or about Paul Tillich at ","Papers, 1896–1976 Works by or about Paul Tillich at"
8269,race,European_Americans,Franz_Boas,interno_singolo,1,33,"Franz Boas at Minden, Westphalia
Franz Boas Papers ","Franz Boas at Minden, Westphalia\\nFranz Boas Papers ","Franz Boas at Minden, Westphalia Franz Boas Papers"
8301,race,European_Americans,Katherine_Esau,interno_singolo,1,27,"(2006), ISBN 0-470-04737-2
O'Hern, Elizabeth Moot ""Katherine ","(2006), ISBN 0-470-04737-2\\nO'Hern, Elizabeth Moot ""Katherine ","(2006), ISBN 0-470-04737-2 O'Hern, Elizabeth Moot ""Katherine"
8316,race,European_Americans,Karen_Horney,interno_singolo,1,19,"ISBN 0-393-00686-7
The Collected Works of Karen ",ISBN 0-393-00686-7\\nThe Collected Works of Karen ,ISBN 0-393-00686-7 The Collected Works of Karen
8317,race,European_Americans,Karen_Horney,interno_singolo,1,19,"ISBN 1-199-36635-8
The Adolescent Diaries of Karen ",ISBN 1-199-36635-8\\nThe Adolescent Diaries of Karen ,ISBN 1-199-36635-8 The Adolescent Diaries of Karen
8318,race,European_Americans,Karen_Horney,interno_singolo,1,19,"ISBN 0-300-07527-8
The Unknown Karen Horney: Essays ",ISBN 0-300-07527-8\\nThe Unknown Karen Horney: Essays ,ISBN 0-300-07527-8 The Unknown Karen Horney: Essays
8321,race,European_Americans,Karen_Horney,interno_singolo,1,19,"ISBN 0-201-15573-7
Rubins, Jack L. Karen Horney: ","ISBN 0-201-15573-7\\nRubins, Jack L. Karen Horney: ","ISBN 0-201-15573-7 Rubins, Jack L. Karen Horney:"
8323,race,European_Americans,Karen_Horney,interno_singolo,1,13,"KAREN HORNEY
The same article in PDF ",KAREN HORNEY\\nThe same article in PDF ,KAREN HORNEY The same article in PDF
8328,race,European_Americans,Donald_Knuth,interno_singolo,1,50,"Donald Knuth at the Mathematics Genealogy Project
O'Connor, ","Donald Knuth at the Mathematics Genealogy Project\\nO'Connor, ","Donald Knuth at the Mathematics Genealogy Project O'Connor,"
8337,race,European_Americans,Jacques_Loeb,interno_singolo,1,17,"Loeb Family Tree
Jacques Loeb at the Jewish ",Loeb Family Tree\\nJacques Loeb at the Jewish ,Loeb Family Tree Jacques Loeb at the Jewish
8340,race,European_Americans,Ottmar_Mergenthaler,interno_singolo,1,8,"393–432
Ottmar Mergenthaler at 159 West Lanvale ",393–432\\nOttmar Mergenthaler at 159 West Lanvale ,393–432 Ottmar Mergenthaler at 159 West Lanvale
8373,race,European_Americans,Adam_Steltzner,interno_singolo,1,26,"Adam Steltzner at Twitter
Adam Steltzner at ",Adam Steltzner at Twitter\\nAdam Steltzner at ,Adam Steltzner at Twitter Adam Steltzner at
8378,race,European_Americans,Otto_Stern,interno_singolo,1,29,"Otto Stern on Nobelprize.org
Stern's publication on his ",Otto Stern on Nobelprize.org\\nStern's publication on his ,Otto Stern on Nobelprize.org Stern's publication on his
8386,race,European_Americans,Louis_Wirth,interno_singolo,1,99,"http://www.eifelzeitung.de/redaktion/kinder-der-eifel/louis-wirth-amerikanischer-soziologe-134873/
Salerno, Roger Allen: Louis Wirth: A ","http://www.eifelzeitung.de/redaktion/kinder-der-eifel/louis-wirth-amerikanischer-soziologe-134873/\\nSalerno, Roger Allen: Louis Wirth: A ","http://www.eifelzeitung.de/redaktion/kinder-der-eifel/louis-wirth-amerikanischer-soziologe-134873/ Salerno, Roger Allen: Louis Wirth: A"
8389,race,European_Americans,Albert_Wohlstetter,interno_singolo,1,22,"Appearances on C-SPAN
Albert Wohlstetter at Find a ",Appearances on C-SPAN\\nAlbert Wohlstetter at Find a ,Appearances on C-SPAN Albert Wohlstetter at Find a
8571,race,European_Americans,Helene_Mayer,interno_singolo,1,19,"Jews in Sports bio
Helene Mayer at ",Jews in Sports bio\\nHelene Mayer at ,Jews in Sports bio Helene Mayer at
8572,race,European_Americans,Kimmie_Meissner,interno_singolo,1,15,"Figure Skating
Kimmie Meissner at the International ",Figure Skating\\nKimmie Meissner at the International ,Figure Skating Kimmie Meissner at the International
8577,race,European_Americans,Lindsey_Vonn,interno_singolo,1,16,"Ski & Snowboard
Lindsey Vonn at Ski-DB ",Ski & Snowboard\\nLindsey Vonn at Ski-DB ,Ski & Snowboard Lindsey Vonn at Ski-DB
8604,race,European_Americans,Thomas_Eakins,interno_singolo,1,19,"ISBN 0-674-88490-6
Homer, William Innes: Thomas Eakins: ","ISBN 0-674-88490-6\\nHomer, William Innes: Thomas Eakins: ","ISBN 0-674-88490-6 Homer, William Innes: Thomas Eakins:"
8605,race,European_Americans,Thomas_Eakins,interno_singolo,1,19,"ISBN 0-87633-143-6
Sewell, Darrel: Thomas Eakins: Artist ","ISBN 0-87633-143-6\\nSewell, Darrel: Thomas Eakins: Artist ","ISBN 0-87633-143-6 Sewell, Darrel: Thomas Eakins: Artist"
8606,race,European_Americans,Thomas_Eakins,interno_singolo,1,19,"ISBN 0-87633-047-2
Sullivan, Mark W.  ""Thomas Eakins ","ISBN 0-87633-047-2\\nSullivan, Mark W.  ""Thomas Eakins ","ISBN 0-87633-047-2 Sullivan, Mark W. ""Thomas Eakins"
8607,race,European_Americans,Thomas_Eakins,interno_singolo,1,19,"ISBN 1-4000-4418-9
Weinberg, H. Barbara: Thomas Eakins ","ISBN 1-4000-4418-9\\nWeinberg, H. Barbara: Thomas Eakins ","ISBN 1-4000-4418-9 Weinberg, H. Barbara: Thomas Eakins"
8608,race,European_Americans,Thomas_Eakins,interno_singolo,1,24,"Publication no: 885-660
Werbel, Amy: Thomas Eakins: ","Publication no: 885-660\\nWerbel, Amy: Thomas Eakins: ","Publication no: 885-660 Werbel, Amy: Thomas Eakins:"
8613,race,European_Americans,Winslow_Homer,interno_singolo,1,23,"ISBN 978-0-7148-7419-7
Murphy, Alexandra R. Winslow Homer ","ISBN 978-0-7148-7419-7\\nMurphy, Alexandra R. Winslow Homer ","ISBN 978-0-7148-7419-7 Murphy, Alexandra R. Winslow Homer"
8617,race,European_Americans,Winslow_Homer,interno_singolo,1,41,"Winslow Homer Gallery at MuseumSyndicate
Philip C. ",Winslow Homer Gallery at MuseumSyndicate\\nPhilip C. ,Winslow Homer Gallery at MuseumSyndicate Philip C.
8638,race,European_Americans,John_Singer_Sargent,interno_singolo,1,19,"ISBN 0-9741621-0-8
Fairbrother, Trevor: John Singer Sargent: The ","ISBN 0-9741621-0-8\\nFairbrother, Trevor: John Singer Sargent: The ","ISBN 0-9741621-0-8 Fairbrother, Trevor: John Singer Sargent: The"
8645,race,European_Americans,John_Singer_Sargent,interno_singolo,1,50,"Works by John Singer Sargent at Project Gutenberg
Works ",Works by John Singer Sargent at Project Gutenberg\\nWorks ,Works by John Singer Sargent at Project Gutenberg Works
8649,race,European_Americans,Thomas_Sully,interno_singolo,1,29,"Thomas Sully at Find a Grave
""Washington's Crossing ","Thomas Sully at Find a Grave\\n""Washington's Crossing ","Thomas Sully at Find a Grave ""Washington's Crossing"
8730,race,European_Americans,Belle_Starr,interno_singolo,1,19,"ISBN 3-89885-759-X
Belle Starr appeared as a caricature ",ISBN 3-89885-759-X\\nBelle Starr appeared as a caricature ,ISBN 3-89885-759-X Belle Starr appeared as a caricature
8793,race,European_Americans,Christopher_Reeve,interno_singolo,1,11,"– Newsweek
""Christopher Reeve has become an instant ","– Newsweek\\n""Christopher Reeve has become an instant ","– Newsweek ""Christopher Reeve has become an instant"
8796,race,European_Americans,Christopher_Reeve,interno_singolo,1,27,"Christopher Reeve Homepage
Reeve, Christopher Nothing is ","Christopher Reeve Homepage\\nReeve, Christopher Nothing is ","Christopher Reeve Homepage Reeve, Christopher Nothing is"
8806,race,European_Americans,Noah_Webster,interno_singolo,1,41,"Noah Webster and the American Dictionary
Morgan, John ","Noah Webster and the American Dictionary\\nMorgan, John ","Noah Webster and the American Dictionary Morgan, John"
8807,race,European_Americans,Noah_Webster,interno_singolo,1,33,"The Long Journey of Noah Webster
Rollins, Richard ","The Long Journey of Noah Webster\\nRollins, Richard ","The Long Journey of Noah Webster Rollins, Richard"
8809,race,European_Americans,Noah_Webster,interno_singolo,1,43,"Works by Noah Webster at Project Gutenberg
Works ",Works by Noah Webster at Project Gutenberg\\nWorks ,Works by Noah Webster at Project Gutenberg Works
8819,race,European_Americans,Lucille_Ball,interno_singolo,1,50,"Lucille Ball and several other actors participate
""Wanda ","Lucille Ball and several other actors participate\\n""Wanda ","Lucille Ball and several other actors participate ""Wanda"
8825,race,European_Americans,Ethel_Barrymore,interno_singolo,1,19,"of South Carolina)
Ethel Barrymore - ",of South Carolina)\\nEthel Barrymore - ,of South Carolina) Ethel Barrymore -
8850,race,European_Americans,Lon_Chaney_Jr.,interno_singolo,1,21,"Informative Biograph
Lon Chaney Jr. at Find a ",Informative Biograph\\nLon Chaney Jr. at Find a ,Informative Biograph Lon Chaney Jr. at Find a
8859,race,European_Americans,Stephen_Colbert,interno_singolo,1,41,"Stephen Colbert on National Public Radio
Stephen Colbert ",Stephen Colbert on National Public Radio\\nStephen Colbert ,Stephen Colbert on National Public Radio Stephen Colbert
8887,race,European_Americans,Deanna_Durbin,interno_singolo,1,27,"The Deanna Durbin Showcase
The Deanna Durbin Database ",The Deanna Durbin Showcase\\nThe Deanna Durbin Database ,The Deanna Durbin Showcase The Deanna Durbin Database
8899,race,European_Americans,Jane_Fonda,interno_singolo,1,44,"Jane Fonda Profile at Turner Classic Movies
About.com ",Jane Fonda Profile at Turner Classic Movies\\nAbout.com ,Jane Fonda Profile at Turner Classic Movies About.com
8906,race,European_Americans,Ava_Gardner,interno_singolo,1,28,"Ava Gardner at Find a Grave
Ava Gardner ",Ava Gardner at Find a Grave\\nAva Gardner ,Ava Gardner at Find a Grave Ava Gardner
8959,race,European_Americans,Steve_McQueen,interno_singolo,1,39,"Steve McQueen: The Actor and his Films
Nolan, ","Steve McQueen: The Actor and his Films\\nNolan, ","Steve McQueen: The Actor and his Films Nolan,"
8962,race,European_Americans,Liza_Minnelli,interno_singolo,1,17,"Carol Publishing
Schechter, Scott, The Liza Minnelli ","Carol Publishing\\nSchechter, Scott, The Liza Minnelli ","Carol Publishing Schechter, Scott, The Liza Minnelli"
8967,race,European_Americans,Mary_Tyler_Moore,interno_singolo,1,25,"Mary Tyler Moore on IMDb
Mary Tyler Moore at ",Mary Tyler Moore on IMDb\\nMary Tyler Moore at ,Mary Tyler Moore on IMDb Mary Tyler Moore at
8975,race,European_Americans,Edward_R._Murrow,interno_singolo,1,46,"Museum of Broadcast Communications, biography
Edward R. Murrow and ","Museum of Broadcast Communications, biography\\nEdward R. Murrow and ","Museum of Broadcast Communications, biography Edward R. Murrow and"
8987,race,European_Americans,Chuck_Norris,interno_singolo,1,32,"The Chuck Norris Fitness System
The Secret of ",The Chuck Norris Fitness System\\nThe Secret of ,The Chuck Norris Fitness System The Secret of
8997,race,European_Americans,Randy_Quaid,interno_singolo,1,33,"January 2011 Vanity Fair profile
Randy Quaid at ",January 2011 Vanity Fair profile\\nRandy Quaid at ,January 2011 Vanity Fair profile Randy Quaid at
9026,race,European_Americans,Dennis_Weaver,interno_singolo,1,30,"(information on his ancestry)
Dennis Weaver at ",(information on his ancestry)\\nDennis Weaver at ,(information on his ancestry) Dennis Weaver at
9090,race,European_Americans,William_Faulkner,interno_singolo,1,19,"ISBN 1-55994-572-9
William Faulkner Reads from His ",ISBN 1-55994-572-9\\nWilliam Faulkner Reads from His ,ISBN 1-55994-572-9 William Faulkner Reads from His
9118,race,European_Americans,Ernest_Hemingway,interno_singolo,1,50,"FBI Records: The Vault, Subject: Ernest Hemingway
Hemingway ","FBI Records: The Vault, Subject: Ernest Hemingway\\nHemingway ","FBI Records: The Vault, Subject: Ernest Hemingway Hemingway"
9119,race,European_Americans,Ernest_Hemingway,interno_singolo,1,35,"Ernest Hemingway on Nobelprize.org
Finding aid to Adele ",Ernest Hemingway on Nobelprize.org\\nFinding aid to Adele ,Ernest Hemingway on Nobelprize.org Finding aid to Adele
9150,race,European_Americans,Sidney_Lanier,interno_singolo,1,38,"Sidney Lanier Boulevard in Duluth, GA
The Sidney Lanier ","Sidney Lanier Boulevard in Duluth, GA\\nThe Sidney Lanier ","Sidney Lanier Boulevard in Duluth, GA The Sidney Lanier"
9163,race,European_Americans,Jack_London,interno_singolo,1,33,"Jack London Personal Manuscripts
""The Life and Legacy of ","Jack London Personal Manuscripts\\n""The Life and Legacy of ","Jack London Personal Manuscripts ""The Life and Legacy of"
9171,race,European_Americans,Robert_Lowell,interno_singolo,1,20,"Accessed 2010-09-11
Robert Lowell at Find a ",Accessed 2010-09-11\\nRobert Lowell at Find a ,Accessed 2010-09-11 Robert Lowell at Find a
9176,race,European_Americans,Herman_Melville,interno_singolo,1,38,"Arrowhead—The Home of Herman Melville
Physical description of ",Arrowhead—The Home of Herman Melville\\nPhysical description of ,Arrowhead—The Home of Herman Melville Physical description of
9181,race,European_Americans,Thomas_Nelson_Page,interno_singolo,1,27,"Thomas Nelson Page on IMDb
Thomas Nelson Page at ",Thomas Nelson Page on IMDb\\nThomas Nelson Page at ,Thomas Nelson Page on IMDb Thomas Nelson Page at
9184,race,European_Americans,Edgar_Allan_Poe,interno_singolo,1,43,"ISBN 978-0-7910-6173-2.CS1 maint: ref=harv
Edgar Allan Poe ",ISBN 978-0-7910-6173-2.CS1 maint: ref=harv\\nEdgar Allan Poe ,ISBN 978-0-7910-6173-2.CS1 maint: ref=harv Edgar Allan Poe
9209,race,European_Americans,Mark_Twain,interno_singolo,1,44,"Archive of Mark Twain's papers and writings
Mark ",Archive of Mark Twain's papers and writings\\nMark ,Archive of Mark Twain's papers and writings Mark
9227,race,European_Americans,Laura_Ingalls_Wilder,interno_singolo,1,17,"William Anderson
Laura Ingalls Wilder & Rose Wilder Lane, ","William Anderson\\nLaura Ingalls Wilder & Rose Wilder Lane, ","William Anderson Laura Ingalls Wilder & Rose Wilder Lane,"
9252,race,European_Americans,John_Cage,interno_singolo,1,55,"Heidegger's Hölderlin and John Cage, www.arte-fact.org
Eldred, ","Heidegger's Hölderlin and John Cage, www.arte-fact.org\\nEldred, ","Heidegger's Hölderlin and John Cage, www.arte-fact.org Eldred,"
9256,race,European_Americans,John_Cage,interno_singolo,1,43,"Guide to the John Cage Mycology Collection
Silence/Stories: ",Guide to the John Cage Mycology Collection\\nSilence/Stories: ,Guide to the John Cage Mycology Collection Silence/Stories:
9257,race,European_Americans,John_Cage,interno_singolo,1,18,"John Cage on IMDb
Artist Biography and a ",John Cage on IMDb\\nArtist Biography and a ,John Cage on IMDb Artist Biography and a
9319,race,European_Americans,Francis_Scott_Key,interno_singolo,1,50,"Francis Scott Key Middle School in Houston, Texas
Francis ","Francis Scott Key Middle School in Houston, Texas\\nFrancis ","Francis Scott Key Middle School in Houston, Texas Francis"
9332,race,European_Americans,Tony_Lucca,interno_singolo,1,42,"Your basic record business 101 really...""
Tony Lucca ","Your basic record business 101 really...""\\nTony Lucca ","Your basic record business 101 really..."" Tony Lucca"
9342,race,European_Americans,Jim_Morrison,interno_singolo,1,32,"Anchor Press ISBN 0-375-71367-0
Stephen Davis, Jim Morrison: ","Anchor Press ISBN 0-375-71367-0\\nStephen Davis, Jim Morrison: ","Anchor Press ISBN 0-375-71367-0 Stephen Davis, Jim Morrison:"
9408,race,European_Americans,Samuel_Insull,interno_singolo,1,43,"ISBN 978-1-4039-6884-5.CS1 maint: ref=harv
""Historic Figures: Samuel ","ISBN 978-1-4039-6884-5.CS1 maint: ref=harv\\n""Historic Figures: Samuel ","ISBN 978-1-4039-6884-5.CS1 maint: ref=harv ""Historic Figures: Samuel"
9416,race,European_Americans,Matthew_Laflin,interno_singolo,1,5,"1908
Fountain Spring House Hotel Matthew Laflin, ","1908\\nFountain Spring House Hotel Matthew Laflin, ","1908 Fountain Spring House Hotel Matthew Laflin,"
9452,race,European_Americans,Martha_Jefferson,interno_singolo,1,33,"Martha Jefferson at Find a Grave
""Martha Jefferson"", ","Martha Jefferson at Find a Grave\\n""Martha Jefferson"", ","Martha Jefferson at Find a Grave ""Martha Jefferson"","
9454,race,European_Americans,Dolley_Madison,interno_singolo,1,17,"by Paul Jennings
The Dolley Madison Project – ",by Paul Jennings\\nThe Dolley Madison Project – ,by Paul Jennings The Dolley Madison Project –
9473,race,European_Americans,Margaret_Taylor,interno_singolo,1,16,"Margaret Taylor
Margaret Taylor at C-SPAN's First Ladies: ",Margaret Taylor\\nMargaret Taylor at C-SPAN's First Ladies: ,Margaret Taylor Margaret Taylor at C-SPAN's First Ladies:
9509,race,European_Americans,Eleanor_Roosevelt,interno_singolo,1,25,"(Her 1937 autobiography)
Eleanor Roosevelt The History ",(Her 1937 autobiography)\\nEleanor Roosevelt The History ,(Her 1937 autobiography) Eleanor Roosevelt The History
9538,race,European_Americans,Barbara_Bush,interno_singolo,1,34,"Commencement Address at Wellesley
[*Barbara Bush Foundation for ",Commencement Address at Wellesley\\n[*Barbara Bush Foundation for ,Commencement Address at Wellesley [*Barbara Bush Foundation for
9540,race,European_Americans,Hillary_Clinton,interno_singolo,1,22,"Appearances on C-SPAN
Hillary Clinton's file at ",Appearances on C-SPAN\\nHillary Clinton's file at ,Appearances on C-SPAN Hillary Clinton's file at
9554,race,European_Americans,Samuel_Adams,interno_singolo,1,30,"Samuel Adams Heritage Society
Works by Samuel Adams ",Samuel Adams Heritage Society\\nWorks by Samuel Adams ,Samuel Adams Heritage Society Works by Samuel Adams
9569,race,European_Americans,Harry_F._Byrd,interno_singolo,1,43,"Library of Virginia, Harry F. Byrd webpage
Federal Highway Administration ","Library of Virginia, Harry F. Byrd webpage\\nFederal Highway Administration ","Library of Virginia, Harry F. Byrd webpage Federal Highway Administration"
9586,race,European_Americans,Alfred_H._Colquitt,interno_singolo,1,39,"Alfred Holt Colquitt historical marker
Alfred H. Colquitt, ","Alfred Holt Colquitt historical marker\\nAlfred H. Colquitt, ","Alfred Holt Colquitt historical marker Alfred H. Colquitt,"
9606,race,European_Americans,Samuel_Elbert,interno_singolo,1,20,"CS1 maint: location
""Order book of Samuel ","CS1 maint: location\\n""Order book of Samuel ","CS1 maint: location ""Order book of Samuel"
9625,race,European_Americans,Button_Gwinnett,interno_singolo,1,31,"Biography of   Button Gwinnett
Georgia Signers ",Biography of   Button Gwinnett\\nGeorgia Signers ,Biography of Button Gwinnett Georgia Signers
9626,race,European_Americans,Button_Gwinnett,interno_singolo,1,26,"Charles A. Goodrich, 1856
Button Gwinnett at ","Charles A. Goodrich, 1856\\nButton Gwinnett at ","Charles A. Goodrich, 1856 Button Gwinnett at"
9633,race,European_Americans,James_Henry_Hammond,interno_singolo,1,38,"Cotton is King speech before Congress
James Henry Hammond ",Cotton is King speech before Congress\\nJames Henry Hammond ,Cotton is King speech before Congress James Henry Hammond
9650,race,European_Americans,Patrick_Henry,interno_singolo,1,19,"ISBN 0-07-004280-2
Jewett, Thomas, Patrick Henry: America's Radical ","ISBN 0-07-004280-2\\nJewett, Thomas, Patrick Henry: America's Radical ","ISBN 0-07-004280-2 Jewett, Thomas, Patrick Henry: America's Radical"
9684,race,European_Americans,Aaron_Ogden,interno_singolo,1,24,"Retrieved on 2009-02-26
Biography of Aaron Ogden, New ","Retrieved on 2009-02-26\\nBiography of Aaron Ogden, New ","Retrieved on 2009-02-26 Biography of Aaron Ogden, New"
9693,race,European_Americans,Francis_Wilkinson_Pickens,interno_singolo,1,46,"SCIway Biography of Francis Wilkinson Pickens
NGA Biography ",SCIway Biography of Francis Wilkinson Pickens\\nNGA Biography ,SCIway Biography of Francis Wilkinson Pickens NGA Biography
9696,race,European_Americans,William_Plumer,interno_singolo,1,31,"William Plumer at Find a Grave
William Plumer ",William Plumer at Find a Grave\\nWilliam Plumer ,William Plumer at Find a Grave William Plumer
9711,race,European_Americans,John_Rutledge,interno_singolo,1,31,"NGA Biography of John Rutledge
John Rutledge at ",NGA Biography of John Rutledge\\nJohn Rutledge at ,NGA Biography of John Rutledge John Rutledge at
9735,race,European_Americans,Heber_Manning_Wells,interno_singolo,1,54,"Heber Manning Wells at National Governors Association
Heber Manning Wells at ",Heber Manning Wells at National Governors Association\\nHeber Manning Wells at ,Heber Manning Wells at National Governors Association Heber Manning Wells at
9762,race,European_Americans,Clara_Barton,interno_singolo,1,43,"Works by Clara Barton at Project Gutenberg
Works ",Works by Clara Barton at Project Gutenberg\\nWorks ,Works by Clara Barton at Project Gutenberg Works
9819,race,European_Americans,Joseph_Fielding,interno_singolo,1,29,"Pages: Joseph Fielding Smith
Works by Joseph Fielding Smith ",Pages: Joseph Fielding Smith\\nWorks by Joseph Fielding Smith ,Pages: Joseph Fielding Smith Works by Joseph Fielding Smith
9821,race,European_Americans,Heber_C._Kimball,interno_singolo,1,24,"Pages: Heber C. Kimball
On the Potter's Wheel: The ",Pages: Heber C. Kimball\\nOn the Potter's Wheel: The ,Pages: Heber C. Kimball On the Potter's Wheel: The
9827,race,European_Americans,Christopher_Layton,interno_singolo,1,35,"Christopher Layton at Find a Grave
McIntyre, Myron ","Christopher Layton at Find a Grave\\nMcIntyre, Myron ","Christopher Layton at Find a Grave McIntyre, Myron"
9833,race,European_Americans,Brigham_Henry_Roberts,interno_singolo,1,52,"Works by Brigham Henry Roberts at Project Gutenberg
Works ",Works by Brigham Henry Roberts at Project Gutenberg\\nWorks ,Works by Brigham Henry Roberts at Project Gutenberg Works
9838,race,European_Americans,Joseph_F._Smith,interno_singolo,1,23,"Pages: Joseph F. Smith
Joseph F. Smith passport application ",Pages: Joseph F. Smith\\nJoseph F. Smith passport application ,Pages: Joseph F. Smith Joseph F. Smith passport application
9870,race,European_Americans,Thomas_Edison,interno_singolo,1,22,"Thomas Edison on IMDb
""January 4, 1903: Edison ","Thomas Edison on IMDb\\n""January 4, 1903: Edison ","Thomas Edison on IMDb ""January 4, 1903: Edison"
9897,race,European_Americans,Tina_Brown,interno_singolo,1,22,"Appearances on C-SPAN
Tina Brown on Charlie ",Appearances on C-SPAN\\nTina Brown on Charlie ,Appearances on C-SPAN Tina Brown on Charlie
9903,race,European_Americans,Chris_Hedges,interno_singolo,1,31,"Chris Hedges   on Charlie Rose
""Capitalism's ","Chris Hedges   on Charlie Rose\\n""Capitalism's ","Chris Hedges on Charlie Rose ""Capitalism's"
9904,race,European_Americans,Chris_Hedges,interno_singolo,1,36,"Columns by Chris Hedges at Truthdig
The Myth ",Columns by Chris Hedges at Truthdig\\nThe Myth ,Columns by Chris Hedges at Truthdig The Myth
9922,race,European_Americans,Edward_Dickinson_Baker,interno_singolo,1,42,"In Memory: Senator Edward Dickinson Baker
Oregon Civil War ",In Memory: Senator Edward Dickinson Baker\\nOregon Civil War ,In Memory: Senator Edward Dickinson Baker Oregon Civil War
9950,race,European_Americans,Stonewall_Jackson,interno_singolo,1,34,"Stonewall Jackson at Find a Grave
Stonewall Jackson ",Stonewall Jackson at Find a Grave\\nStonewall Jackson ,Stonewall Jackson at Find a Grave Stonewall Jackson
10007,race,European_Americans,Dean_Acheson,interno_singolo,1,7,"(1993)
McLellan, David S. Dean Acheson: The ","(1993)\\nMcLellan, David S. Dean Acheson: The ","(1993) McLellan, David S. Dean Acheson: The"
10014,race,European_Americans,Calvin_Coolidge,interno_singolo,1,46,"Calvin Coolidge Presidential Library & Museum
Calvin Coolidge Presidential ",Calvin Coolidge Presidential Library & Museum\\nCalvin Coolidge Presidential ,Calvin Coolidge Presidential Library & Museum Calvin Coolidge Presidential
10028,race,European_Americans,William_M._Evarts,interno_singolo,1,49,"Works related to William M. Evarts at Wikisource
Works ",Works related to William M. Evarts at Wikisource\\nWorks ,Works related to William M. Evarts at Wikisource Works
10039,race,European_Americans,Benjamin_Franklin,interno_singolo,1,54,"The Autobiography of Benjamin Franklin; many editions
Gaustad, ","The Autobiography of Benjamin Franklin; many editions\\nGaustad, ","The Autobiography of Benjamin Franklin; many editions Gaustad,"
10048,race,European_Americans,Benjamin_Franklin,interno_singolo,1,46,"Benjamin Franklin and the American Revolution
Dull, ","Benjamin Franklin and the American Revolution\\nDull, ","Benjamin Franklin and the American Revolution Dull,"
10063,race,European_Americans,Benjamin_Franklin,interno_singolo,1,19,"ISBN 0-88088-918-7
Poor Richard Improved by Benjamin ",ISBN 0-88088-918-7\\nPoor Richard Improved by Benjamin ,ISBN 0-88088-918-7 Poor Richard Improved by Benjamin
10065,race,European_Americans,Benjamin_Franklin,interno_singolo,1,45,"Benjamin Franklin: An extraordinary life PBS
Benjamin Franklin: ",Benjamin Franklin: An extraordinary life PBS\\nBenjamin Franklin: ,Benjamin Franklin: An extraordinary life PBS Benjamin Franklin:
10077,race,European_Americans,Richard_Henry_Lee,interno_singolo,1,26,"Charles A. Goodrich, 1856
Richard Henry Lee papers in ","Charles A. Goodrich, 1856\\nRichard Henry Lee papers in ","Charles A. Goodrich, 1856 Richard Henry Lee papers in"
10078,race,European_Americans,Richard_Henry_Lee,interno_singolo,1,34,"Richard Henry Lee at Find a Grave
Richard Henry Lee ",Richard Henry Lee at Find a Grave\\nRichard Henry Lee ,Richard Henry Lee at Find a Grave Richard Henry Lee
10129,race,European_Americans,Thomas_Jefferson,interno_singolo,1,47,"Works by Thomas Jefferson at Project Gutenberg
Works ",Works by Thomas Jefferson at Project Gutenberg\\nWorks ,Works by Thomas Jefferson at Project Gutenberg Works
10134,race,European_Americans,William_Randolph,interno_singolo,1,44,"Zpub.com: William Randolph Hearst biography
The William Randolph Hearst ",Zpub.com: William Randolph Hearst biography\\nThe William Randolph Hearst ,Zpub.com: William Randolph Hearst biography The William Randolph Hearst
10149,race,European_Americans,William_Henry_Harrison,interno_singolo,1,52,"William Henry Harrison Papers – Library of Congress
William ",William Henry Harrison Papers – Library of Congress\\nWilliam ,William Henry Harrison Papers – Library of Congress William
10156,race,European_Americans,Zachary_Taylor,interno_singolo,1,35,"Zachary Taylor Highway in Virginia
Taylor, MichiganPresident Taylor ","Zachary Taylor Highway in Virginia\\nTaylor, MichiganPresident Taylor ","Zachary Taylor Highway in Virginia Taylor, MichiganPresident Taylor"
10182,race,European_Americans,Anne_Hutchinson,interno_singolo,1,12,"online free
Bremer,  Francis J. Anne Hutchinson, ","online free\\nBremer,  Francis J. Anne Hutchinson, ","online free Bremer, Francis J. Anne Hutchinson,"
10200,race,European_Americans,Ellen_G._White,interno_singolo,1,42,"Ellen G. White Estate.CS1 maint: ref=harv
White, Arthur ","Ellen G. White Estate.CS1 maint: ref=harv\\nWhite, Arthur ","Ellen G. White Estate.CS1 maint: ref=harv White, Arthur"
10201,race,European_Americans,Ellen_G._White,interno_singolo,1,42,"Ellen G. White Estate.CS1 maint: ref=harv
Campbell, Michael ","Ellen G. White Estate.CS1 maint: ref=harv\\nCampbell, Michael ","Ellen G. White Estate.CS1 maint: ref=harv Campbell, Michael"
10211,race,European_Americans,William_Jennings_Bryan,interno_singolo,1,53,"Works by William Jennings Bryan at Project Gutenberg
Works ",Works by William Jennings Bryan at Project Gutenberg\\nWorks ,Works by William Jennings Bryan at Project Gutenberg Works
10222,race,European_Americans,William_Milnes_Jr.,interno_singolo,1,35,"William Milnes Jr. at Find a Grave
United States ",William Milnes Jr. at Find a Grave\\nUnited States ,William Milnes Jr. at Find a Grave United States
10226,race,European_Americans,Theodore_Sedgwick,interno_singolo,1,24,"Frances Pamela Sedgwick
Theodore Sedgwick II married children's ",Frances Pamela Sedgwick\\nTheodore Sedgwick II married children's ,Frances Pamela Sedgwick Theodore Sedgwick II married children's
10229,race,European_Americans,Theodore_Sedgwick,interno_singolo,1,34,"Theodore Sedgwick at Find a Grave
Theodore SEDGWICK ",Theodore Sedgwick at Find a Grave\\nTheodore SEDGWICK ,Theodore Sedgwick at Find a Grave Theodore SEDGWICK
10236,race,European_Americans,Robert_Charles_Winthrop,interno_singolo,1,40,"Robert Charles Winthrop at Find a Grave
Winthrop's role ",Robert Charles Winthrop at Find a Grave\\nWinthrop's role ,Robert Charles Winthrop at Find a Grave Winthrop's role
10242,race,European_Americans,Willis_Lamb,interno_singolo,1,37,"Hans Bethe talking about Willis Lamb
Willis ",Hans Bethe talking about Willis Lamb\\nWillis ,Hans Bethe talking about Willis Lamb Willis
10253,race,European_Americans,Joseph_Priestley,interno_singolo,1,29,"The Joseph Priestley Society
Joseph Priestley House in ",The Joseph Priestley Society\\nJoseph Priestley House in ,The Joseph Priestley Society Joseph Priestley House in
10267,race,European_Americans,William_Blount,interno_singolo,1,15,"Blount Mansion
William Blount Papers at the Newberry ",Blount Mansion\\nWilliam Blount Papers at the Newberry ,Blount Mansion William Blount Papers at the Newberry
10270,race,European_Americans,Frank_Obadiah_Briggs,interno_singolo,1,54,"Frank Obadiah Briggs entry at The Political Graveyard
Frank ",Frank Obadiah Briggs entry at The Political Graveyard\\nFrank ,Frank Obadiah Briggs entry at The Political Graveyard Frank
10281,race,European_Americans,John_M._Clayton,interno_singolo,1,32,"John M. Clayton at Find a Grave
The Political ",John M. Clayton at Find a Grave\\nThe Political ,John M. Clayton at Find a Grave The Political
10303,race,European_Americans,Richard_Stockton_Field,interno_singolo,1,50,"Richard Stockton Field at The Political Graveyard
Richard Stockton Field at ",Richard Stockton Field at The Political Graveyard\\nRichard Stockton Field at ,Richard Stockton Field at The Political Graveyard Richard Stockton Field at
10308,race,European_Americans,Barry_Goldwater,interno_singolo,1,22,"Appearances on C-SPAN
""Barry Goldwater, Presidential Contender"" from ","Appearances on C-SPAN\\n""Barry Goldwater, Presidential Contender"" from ","Appearances on C-SPAN ""Barry Goldwater, Presidential Contender"" from"
10321,race,European_Americans,John_W._Johnston,interno_singolo,1,22,"John W. Johnston 1878
Repudiation in Virginia, The ","John W. Johnston 1878\\nRepudiation in Virginia, The ","John W. Johnston 1878 Repudiation in Virginia, The"
10327,race,European_Americans,John_McCain,interno_singolo,1,47,"In: Encyclopædia Britannica, February 15, 2018
John McCain ","In: Encyclopædia Britannica, February 15, 2018\\nJohn McCain ","In: Encyclopædia Britannica, February 15, 2018 John McCain"
10343,race,European_Americans,Jennings_Randolph,interno_singolo,1,34,"Jennings Randolph at Find a Grave
Jennings Randolph ",Jennings Randolph at Find a Grave\\nJennings Randolph ,Jennings Randolph at Find a Grave Jennings Randolph
10346,race,European_Americans,Terry_Sanford,interno_singolo,1,51,"Terry Sanford for President 1976 Campaign Brochure
Oral ",Terry Sanford for President 1976 Campaign Brochure\\nOral ,Terry Sanford for President 1976 Campaign Brochure Oral
10353,race,European_Americans,Robert_Toombs,interno_singolo,1,24,"Retrieved on 2008-02-13
The Life of Robert ",Retrieved on 2008-02-13\\nThe Life of Robert ,Retrieved on 2008-02-13 The Life of Robert
10391,race,European_Americans,Kenny_Roberts,interno_singolo,1,24,"Motorcycle Hall of Fame
Kenny Roberts' Swan Song?, ","Motorcycle Hall of Fame\\nKenny Roberts' Swan Song?, ","Motorcycle Hall of Fame Kenny Roberts' Swan Song?,"
10403,race,European_Americans,Harry_Wright,interno_singolo,1,30,"Harry Wright at Find a Grave 
Harry Wright at ",Harry Wright at Find a Grave \\nHarry Wright at ,Harry Wright at Find a Grave Harry Wright at
10420,race,European_Americans,William_Rehnquist,interno_singolo,1,33,"William Rehnquist at Ballotpedia
Issue positions and quotes ",William Rehnquist at Ballotpedia\\nIssue positions and quotes ,William Rehnquist at Ballotpedia Issue positions and quotes
10430,race,European_Americans,Levi_P._Morton,interno_singolo,1,26,"Levi P. Morton birthplace
Levi P. Morton at ",Levi P. Morton birthplace\\nLevi P. Morton at ,Levi P. Morton birthplace Levi P. Morton at
10446,race,European_Americans,Luigi_Galleani,interno_singolo,1,38,": Selected Writings Of Luigi Galleani
""The Principal ",": Selected Writings Of Luigi Galleani\\n""The Principal ",": Selected Writings Of Luigi Galleani ""The Principal"
10451,race,European_Americans,Giorgio_Cavaglieri,interno_singolo,1,28,"Giorgio Cavaglieri via ANNY
Jefferson Market Branch Library ",Giorgio Cavaglieri via ANNY\\nJefferson Market Branch Library ,Giorgio Cavaglieri via ANNY Jefferson Market Branch Library
10466,race,European_Americans,Ivan_Brunetti,interno_singolo,1,45,"Horrible, Horrible Cartoons by Ivan Brunetti
32 ","Horrible, Horrible Cartoons by Ivan Brunetti\\n32 ","Horrible, Horrible Cartoons by Ivan Brunetti 32"
10472,race,European_Americans,John_Buscema,interno_singolo,1,7,"3B-39B
Big John Buscema, Palma de Mallorca: ","3B-39B\\nBig John Buscema, Palma de Mallorca: ","3B-39B Big John Buscema, Palma de Mallorca:"
10483,race,European_Americans,Walter_Lantz,interno_singolo,1,38,"The Walter Lantz Cartune Encyclopedia
Walter Lantz at ",The Walter Lantz Cartune Encyclopedia\\nWalter Lantz at ,The Walter Lantz Cartune Encyclopedia Walter Lantz at
10485,race,European_Americans,Bob_Montana,interno_singolo,1,42,"Bob Montana Papers at Syracuse University
""Who's Who ","Bob Montana Papers at Syracuse University\\n""Who's Who ","Bob Montana Papers at Syracuse University ""Who's Who"
10490,race,European_Americans,Don_Rosa,interno_singolo,1,19,"– Don Rosa in 1987
""Don Rosa has ","– Don Rosa in 1987\\n""Don Rosa has ","– Don Rosa in 1987 ""Don Rosa has"
10493,race,European_Americans,Don_Rosa,interno_singolo,1,5,"1–10
Don Rosa's The Life and Times of ",1–10\\nDon Rosa's The Life and Times of ,1–10 Don Rosa's The Life and Times of
10523,race,European_Americans,Sirio_Maccioni,interno_singolo,1,121,"http://www.palmbeachdailynews.com/news/lifestyles/food-cooking/the-legend-of-le-cirque-alums-to-honor-sirio-macci/nTHyB/
2013: Sirio Maccioni awarded First ""Euro ","http://www.palmbeachdailynews.com/news/lifestyles/food-cooking/the-legend-of-le-cirque-alums-to-honor-sirio-macci/nTHyB/\\n2013: Sirio Maccioni awarded First ""Euro ","http://www.palmbeachdailynews.com/news/lifestyles/food-cooking/the-legend-of-le-cirque-alums-to-honor-sirio-macci/nTHyB/ 2013: Sirio Maccioni awarded First ""Euro"
10524,race,European_Americans,Sirio_Maccioni,interno_singolo,1,44,"https://www.youtube.com/watch?v=n_buHXouYZc
2013: Sirio Maccioni and Family inducted into ",https://www.youtube.com/watch?v=n_buHXouYZc\\n2013: Sirio Maccioni and Family inducted into ,https://www.youtube.com/watch?v=n_buHXouYZc 2013: Sirio Maccioni and Family inducted into
10624,race,European_Americans,Eugene_Fama,interno_singolo,1,49,"Eugene Fama at the Mathematics Genealogy Project
Eugene ",Eugene Fama at the Mathematics Genealogy Project\\nEugene ,Eugene Fama at the Mathematics Genealogy Project Eugene
10631,race,European_Americans,Robert_Magliola,interno_singolo,1,9,"5, p. 60
""Since Robert Magliola's 1984 publication ","5, p. 60\\n""Since Robert Magliola's 1984 publication ","5, p. 60 ""Since Robert Magliola's 1984 publication"
10658,race,European_Americans,Lorenzo_Da_Ponte,interno_singolo,1,6,"34–51
Lorenz, Michael, ""Lorenzo Da Ponte's Viennese Residence ","34–51\\nLorenz, Michael, ""Lorenzo Da Ponte's Viennese Residence ","34–51 Lorenz, Michael, ""Lorenzo Da Ponte's Viennese Residence"
10673,race,European_Americans,Don_DeLillo,interno_singolo,1,23,"ISBN 978-88-6944-739-6
Veggian, Henry, Understanding Don DeLillo, ","ISBN 978-88-6944-739-6\\nVeggian, Henry, Understanding Don DeLillo, ","ISBN 978-88-6944-739-6 Veggian, Henry, Understanding Don DeLillo,"
10674,race,European_Americans,Don_DeLillo,interno_singolo,1,43,"Don DeLillo interview with Granta Magazine
Bookworm Interviews ",Don DeLillo interview with Granta Magazine\\nBookworm Interviews ,Don DeLillo interview with Granta Magazine Bookworm Interviews
10680,race,European_Americans,Lawrence_Ferlinghetti,interno_singolo,1,24,"at The Bancroft Library
""Lawrence Ferlinghetti Profile ","at The Bancroft Library\\n""Lawrence Ferlinghetti Profile ","at The Bancroft Library ""Lawrence Ferlinghetti Profile"
10686,race,European_Americans,Lawrence_Ferlinghetti,interno_singolo,1,24,"Translated Penguin Book
Finding aid to Lawrence Ferlinghetti ",Translated Penguin Book\\nFinding aid to Lawrence Ferlinghetti ,Translated Penguin Book Finding aid to Lawrence Ferlinghetti
10695,race,European_Americans,Charles_Messina,interno_singolo,1,42,"Productions, Messina's production company
Charles Messina on ","Productions, Messina's production company\\nCharles Messina on ","Productions, Messina's production company Charles Messina on"
10697,race,European_Americans,Mario_Puzo,interno_singolo,1,42,"Mario Puzo at the Encyclopædia Britannica
Mario ",Mario Puzo at the Encyclopædia Britannica\\nMario ,Mario Puzo at the Encyclopædia Britannica Mario
10709,race,European_Americans,Frank_Borzage,interno_singolo,1,46,"Frank Borzage and the Classic Hollywood Style
Frank Borzage ",Frank Borzage and the Classic Hollywood Style\\nFrank Borzage ,Frank Borzage and the Classic Hollywood Style Frank Borzage
10725,race,European_Americans,Elizabeth_Edwards,interno_singolo,1,22,"Appearances on C-SPAN
Remembering Elizabeth Edwards – slideshow ",Appearances on C-SPAN\\nRemembering Elizabeth Edwards – slideshow ,Appearances on C-SPAN Remembering Elizabeth Edwards – slideshow
10816,race,Hispanic_and_Latino_Americans,Miguel_del_Aguila,interno_singolo,1,51,"Los Angeles Times articles about Miguel del Aguila
Dirk ",Los Angeles Times articles about Miguel del Aguila\\nDirk ,Los Angeles Times articles about Miguel del Aguila Dirk
10851,race,Hispanic_and_Latino_Americans,Sandra_Cisneros,interno_singolo,1,32,"Introduction by Sandra Cisneros
Emergency Tacos: Seven ",Introduction by Sandra Cisneros\\nEmergency Tacos: Seven ,Introduction by Sandra Cisneros Emergency Tacos: Seven
10976,religion,christianity,Christianity,interno_singolo,1,24,"Encyclopædia Britannica
Religion & Ethics – Christianity ",Encyclopædia Britannica\\nReligion & Ethics – Christianity ,Encyclopædia Britannica Religion & Ethics – Christianity
10898,religion,judaism,Judaism,interno_singolo,1,35,"), The Blackwell reader in Judaism
Cohn-Sherbok, ","), The Blackwell reader in Judaism\\nCohn-Sherbok, ","), The Blackwell reader in Judaism Cohn-Sherbok,"
10899,religion,judaism,Judaism,interno_singolo,1,38,"), The Blackwell Companion to Judaism
Boyarin, ","), The Blackwell Companion to Judaism\\nBoyarin, ","), The Blackwell Companion to Judaism Boyarin,"
10915,religion,judaism,Karaite_Judaism,interno_singolo,1,64,"Karaite Judaism and Historical Understanding ISBN 1-57003-518-0
Baer, ","Karaite Judaism and Historical Understanding ISBN 1-57003-518-0\\nBaer, ","Karaite Judaism and Historical Understanding ISBN 1-57003-518-0 Baer,"
11407,religion,sikhism,Sikhism,interno_singolo,1,18,"Sikhism at Curlie
Information center about the ",Sikhism at Curlie\\nInformation center about the ,Sikhism at Curlie Information center about the
